component_id,lot_id,is_defective,Value_0h_iddq_ua,Value_24h_iddq_ua,Value_96h_iddq_ua,Value_168h_iddq_ua,Value_0h_leakage_ua,Value_24h_leakage_ua,Value_96h_leakage_ua,Value_168h_leakage_ua,Value_0h_prop_delay_ns,Value_24h_prop_delay_ns,Value_96h_prop_delay_ns,Value_168h_prop_delay_ns
C_00001,LOT_000,False,22.0624,23.0609,22.8495,22.9305,10.3478,10.484,10.5903,10.9982,4.6645,4.7195,4.8892,4.9429
C_00002,LOT_000,False,22.0132,22.2097,22.3103,21.9138,10.5247,10.8687,11.8262,12.4351,5.0603,5.0291,5.1347,5.1223
C_00003,LOT_000,False,20.6044,21.0973,21.6167,21.9048,10.6571,10.7238,10.9668,11.4737,5.2269,5.1504,5.0956,5.1558
C_00004,LOT_000,True,22.3081,26.9733,33.7686,37.488,10.5836,16.263,25.2539,31.8559,4.9742,5.6383,6.9438,8.0518
C_00005,LOT_000,False,21.3244,21.2736,21.8572,22.5834,9.5413,9.3928,9.6503,10.0885,4.3446,4.3037,4.4988,4.4954
C_00006,LOT_000,False,22.4301,22.9191,23.0714,23.5133,10.1668,10.7227,11.2214,11.8329,4.3677,4.4414,4.6202,4.715
C_00007,LOT_000,False,21.1427,21.2236,21.1107,21.0178,11.6586,12.4695,12.5686,12.9426,4.7745,4.889,4.808,4.7911
C_00008,LOT_000,True,21.8678,28.5799,36.771,42.606,10.0809,20.2446,37.4311,50.1918,4.9443,6.0244,8.0073,9.4113
C_00009,LOT_000,False,24.8486,23.821,24.1787,25.0968,11.0942,10.9967,11.307,12.2361,4.8214,4.954,4.8824,4.9791
C_00010,LOT_000,False,22.3599,22.3357,22.9016,22.3956,10.1538,10.3862,10.8365,10.5198,4.717,4.6288,4.7941,4.8512
C_00011,LOT_000,False,20.8548,20.6383,21.0532,21.0397,11.1954,11.5358,11.9676,12.3433,5.0852,4.7723,4.8279,5.1437
C_00012,LOT_000,False,21.8335,22.5284,22.7373,23.1134,9.9702,9.569,9.9076,10.2544,4.7565,4.813,4.8531,4.903
C_00013,LOT_000,False,22.6258,24.1547,24.2643,23.7583,10.8949,10.7956,10.7957,10.9076,4.7386,4.7923,4.8427,4.9331
C_00014,LOT_000,False,23.9891,24.261,23.9536,24.4184,8.8213,8.8334,8.7974,9.3214,5.4124,5.3761,5.5896,5.5123
C_00015,LOT_000,False,23.7599,22.9924,24.0705,23.8094,10.3827,10.098,10.7481,10.7419,4.6863,4.7074,4.8994,4.8549
C_00016,LOT_000,False,24.2855,23.3762,25.0043,24.5829,10.0758,10.8834,11.2496,11.6395,5.2646,5.2094,5.2656,5.3144
C_00017,LOT_000,False,21.2569,21.0775,21.831,21.7729,10.4793,10.1978,10.6159,11.1191,5.1319,4.9899,5.4402,5.2908
C_00018,LOT_000,True,22.2669,26.7993,32.9346,36.9735,10.8221,13.9774,19.0153,22.6772,4.9984,5.71,7.2705,8.5196
C_00019,LOT_000,False,20.233,19.906,20.2009,20.6267,10.097,10.4638,10.1729,10.5283,5.2856,5.472,5.3973,5.3463
C_00020,LOT_000,False,19.7628,21.1516,20.8307,21.0716,9.5967,9.871,9.4468,9.9059,4.573,4.6482,4.7011,4.8292
C_00021,LOT_000,False,24.5196,25.4089,24.9994,25.9397,9.6577,9.7475,10.0152,10.3849,4.7419,4.73,4.8878,5.0039
C_00022,LOT_000,False,22.1746,22.9006,24.3226,23.4138,11.651,11.7553,12.2304,12.6808,5.321,5.349,5.3567,5.544
C_00023,LOT_000,False,18.8934,20.1927,20.233,19.7573,10.7179,11.1091,11.3156,11.8675,4.6791,4.5167,4.4549,4.568
C_00024,LOT_000,False,22.6493,24.068,23.8358,24.8958,10.3418,10.4004,10.7056,10.6124,4.7997,4.9747,4.8818,4.8996
C_00025,LOT_000,False,19.5956,19.7208,19.9431,20.213,10.5323,10.9801,10.3679,10.819,4.6439,4.6963,4.7384,4.9518
C_00026,LOT_000,False,22.2717,22.0426,22.0247,22.6884,9.9214,10.1223,10.4946,10.7344,4.9866,4.8918,5.0371,4.9038
C_00027,LOT_000,False,22.4357,23.3536,24.4954,23.5555,10.6048,11.0558,11.5228,11.5595,4.9363,4.8719,5.0134,5.1828
C_00028,LOT_000,False,21.2329,20.6009,21.8561,21.4137,10.9831,10.95,11.68,11.5169,4.8942,4.8711,5.1137,5.1019
C_00029,LOT_000,False,20.3099,22.3402,23.1163,22.1134,11.3288,11.2634,11.725,11.6637,4.3187,4.2645,4.458,4.4907
C_00030,LOT_000,False,22.0189,23.0271,22.0353,22.9427,10.7277,11.1216,11.8482,11.7721,5.1205,4.9944,4.9075,5.1149
C_00031,LOT_000,False,22.307,23.5328,23.5973,24.7264,9.8247,10.3968,10.4268,10.1911,5.1111,5.1318,5.2671,5.1469
C_00032,LOT_000,False,21.2884,22.1101,22.3534,21.8214,10.2132,10.4808,10.288,10.4483,4.7245,4.6236,4.5954,4.7211
C_00033,LOT_000,False,20.0222,20.0837,21.2519,20.9948,9.7154,9.9893,10.0273,10.2946,4.3943,4.4959,4.6018,4.864
C_00034,LOT_000,False,22.6042,21.7434,21.727,23.353,10.94,10.9653,11.2475,11.2222,5.2652,5.3816,5.5251,5.4325
C_00035,LOT_000,False,20.8541,21.4757,21.5672,21.8479,9.611,10.3796,10.5958,10.6734,5.1012,5.0727,5.0654,5.4203
C_00036,LOT_000,False,21.9243,22.8784,22.6372,22.3563,11.2137,11.4536,11.4785,12.054,4.8707,4.9978,5.0008,5.0006
C_00037,LOT_000,False,20.9282,21.4484,21.5422,21.1483,10.8203,10.9105,11.0262,10.9107,4.5207,4.5149,4.6416,4.614
C_00038,LOT_000,False,20.3663,20.4744,20.5427,21.1734,10.6171,10.4662,10.8413,11.4272,4.0257,4.1188,4.145,4.1792
C_00039,LOT_000,False,22.4276,21.993,23.0357,22.6573,11.6822,11.5802,12.477,12.4516,4.7876,4.8026,4.9061,4.9729
C_00040,LOT_000,False,20.0993,20.4051,20.0972,20.9383,10.7676,10.9058,10.9101,11.3703,4.9226,4.9205,4.9656,4.9999
C_00041,LOT_001,False,26.8509,27.967,27.3209,28.6842,9.8382,9.9702,10.138,10.3377,3.8752,4.0998,3.9378,3.8673
C_00042,LOT_001,False,29.1048,30.3851,30.4505,31.319,9.7142,9.6191,10.1635,10.3843,3.7535,3.8118,3.7807,3.816
C_00043,LOT_001,False,29.9352,30.1168,31.0258,30.8263,10.6123,11.0003,11.2225,11.9184,3.846,3.5565,3.7259,3.9074
C_00044,LOT_001,False,30.477,30.8317,30.3869,31.3156,9.4618,10.1135,9.9184,10.1839,3.7053,3.736,3.7822,3.8265
C_00045,LOT_001,False,28.5831,27.8098,29.2358,29.1836,9.356,9.992,10.4935,10.5077,3.9229,3.9074,3.8249,3.8776
C_00046,LOT_001,False,27.6392,28.5849,28.7495,28.1072,10.3331,10.3916,10.8101,11.3097,4.1489,4.1668,4.2771,4.2629
C_00047,LOT_001,False,24.7068,25.0223,24.8385,24.6985,10.7399,11.0254,10.878,11.5958,4.0927,3.9837,4.1114,4.1138
C_00048,LOT_001,False,26.1394,26.6158,28.2117,26.4583,10.7051,10.9517,11.5012,12.1199,4.2545,4.2991,4.2689,4.4197
C_00049,LOT_001,False,26.6376,27.1964,28.0426,28.7936,10.7332,11.2113,11.6849,11.5561,4.5796,4.5606,4.6346,4.6153
C_00050,LOT_001,False,29.8864,30.4262,30.1896,30.7403,10.1499,10.08,10.2247,10.5128,4.2408,4.2564,4.1482,4.3178
C_00051,LOT_001,False,27.811,28.4703,28.0274,29.0445,10.072,10.012,10.3488,10.9346,3.8864,3.893,4.0687,3.9342
C_00052,LOT_001,False,27.9482,29.185,27.2581,27.6619,8.855,9.3454,9.2813,9.7131,3.8086,3.7578,3.8808,3.8935
C_00053,LOT_001,False,23.576,23.7672,23.3378,23.6991,11.0155,11.1168,11.5031,12.1509,3.6681,3.7014,3.6797,3.6488
C_00054,LOT_001,False,25.9615,25.9753,25.6831,26.5059,9.5086,9.8682,10.2395,10.5128,4.1076,4.086,4.0099,4.1073
C_00055,LOT_001,False,28.1601,28.4294,28.6794,30.7205,11.8197,11.374,11.5608,11.9509,3.9549,3.9318,3.8011,3.9183
C_00056,LOT_001,False,26.0342,26.9285,27.2831,26.9356,8.8764,9.2254,9.2696,9.4959,3.4711,3.6541,3.6845,3.612
C_00057,LOT_001,False,28.5187,29.8097,29.3714,31.1287,10.8935,10.6372,11.6154,11.4712,4.1932,4.2156,4.3522,4.295
C_00058,LOT_001,False,26.7602,27.5874,27.9305,27.2321,10.1322,10.1463,10.6951,11.0575,3.9395,4.1286,4.0432,4.0071
C_00059,LOT_001,False,30.9161,31.3255,30.6964,32.4953,8.9439,9.0545,8.9101,9.2529,4.003,4.0302,4.1277,3.9622
C_00060,LOT_001,False,26.0807,26.5163,27.5915,26.8223,10.5213,11.1974,10.6902,11.4952,3.9273,3.9543,4.0108,3.8973
C_00061,LOT_001,True,30.3972,39.7891,52.0124,61.505,10.84,17.4241,28.3151,37.6596,3.8838,4.0384,4.2805,4.7324
C_00062,LOT_001,True,30.7239,41.6951,54.7399,63.524,9.7697,18.1273,32.4515,44.5272,4.0832,4.3311,4.4352,4.795
C_00063,LOT_001,False,29.6199,29.8008,27.8293,29.5591,10.95,10.6373,11.2031,11.4654,3.9579,3.7869,3.9084,3.8196
C_00064,LOT_001,False,28.6178,28.8571,28.8934,28.9804,10.7627,11.7542,11.7531,11.8021,4.0618,4.1217,4.0674,4.2974
C_00065,LOT_001,False,28.2501,27.8162,27.4963,28.6424,11.5403,11.5807,12.1362,12.3767,4.0933,4.0573,4.0847,4.0371
C_00066,LOT_001,False,25.6677,27.1168,27.1904,26.593,9.9643,10.6238,10.5734,11.0346,3.7533,3.7461,3.9041,3.7975
C_00067,LOT_001,False,28.692,28.9602,29.1245,30.4816,10.5255,10.562,11.2252,12.0486,4.1474,4.167,4.3764,4.0952
C_00068,LOT_001,False,29.4146,29.1205,29.6726,29.4607,11.3478,11.6454,12.1926,12.1899,3.6728,3.5784,3.7305,3.6035
C_00069,LOT_001,False,31.5218,32.0348,30.5823,31.0194,9.8439,10.2652,10.2531,11.0637,3.9243,3.8094,3.8779,3.7719
C_00070,LOT_001,False,28.1005,30.2424,28.9092,30.1489,10.398,10.2784,10.1632,10.9492,3.4869,3.5757,3.5478,3.5337
C_00071,LOT_001,False,26.5334,26.7301,27.8335,28.0572,10.2364,10.3015,10.0773,10.3864,3.8027,3.7901,3.8218,3.8563
C_00072,LOT_001,False,25.9375,24.4389,25.9179,26.4685,10.3758,10.5732,11.1346,11.4171,3.855,3.7553,3.7195,3.9874
C_00073,LOT_001,False,27.773,28.6338,29.6473,29.9544,9.9552,9.9614,10.3928,10.5758,3.6036,3.5942,3.5806,3.5798
C_00074,LOT_001,False,28.4107,29.0203,29.4968,29.1041,9.978,10.393,11.1798,10.4748,4.1961,4.263,4.0819,4.1214
C_00075,LOT_001,False,25.1514,26.0227,25.3017,26.3367,9.8979,10.689,10.9011,11.1859,3.8184,3.8535,4.0167,3.9772
C_00076,LOT_001,False,26.6247,25.889,26.6596,26.744,9.7686,10.3868,10.4571,11.0716,3.8392,3.9895,4.0301,3.9872
C_00077,LOT_001,False,29.5733,30.2752,30.3176,31.1125,10.8188,10.7986,11.3417,11.7995,3.7347,3.6911,3.8294,3.7722
C_00078,LOT_001,False,31.6578,31.1911,31.2538,30.4223,9.109,9.4258,9.3303,10.0885,4.0602,4.0198,4.0453,4.1518
C_00079,LOT_001,False,26.9098,27.2206,27.4522,27.0164,11.3359,11.271,11.241,11.1703,3.7648,3.7363,3.8301,3.8086
C_00080,LOT_001,False,28.9494,29.2457,30.5109,30.4323,10.4189,10.5843,10.9942,11.0009,4.3062,4.2312,4.3051,4.3452
C_00081,LOT_002,False,22.4784,22.3373,21.4406,22.2405,8.7848,8.7775,8.7481,8.5445,4.458,4.666,4.7796,4.5683
C_00082,LOT_002,True,21.1342,27.8034,36.6097,41.7951,8.8171,11.5456,14.8404,17.0056,4.6361,4.8043,5.4187,6.0736
C_00083,LOT_002,False,22.4505,23.5293,24.0866,24.7376,8.9851,8.9926,8.9647,8.71,4.1944,4.1162,4.2732,4.3079
C_00084,LOT_002,False,19.8948,19.5704,20.0327,20.5686,8.6871,8.8321,9.0451,9.2722,4.309,4.3131,4.2435,4.3097
C_00085,LOT_002,False,21.8869,22.3953,22.9844,22.569,8.7436,9.2455,9.2425,9.1569,4.1029,4.337,4.452,4.4363
C_00086,LOT_002,False,22.5589,21.9104,21.9468,21.6318,9.1296,8.9177,9.5385,9.4376,4.3908,4.33,4.3009,4.3648
C_00087,LOT_002,False,22.6625,21.2977,23.3828,21.6543,8.8372,9.1525,9.2922,9.2621,4.1338,4.1907,4.4071,4.1822
C_00088,LOT_002,False,20.7398,22.182,21.7178,21.4011,8.5255,8.9179,8.9719,8.5983,4.2504,4.1561,4.1008,4.2722
C_00089,LOT_002,False,21.3684,20.7425,21.46,21.5682,8.671,8.4043,8.5047,8.2148,4.4446,4.4169,4.5498,4.5453
C_00090,LOT_002,False,23.5733,23.1979,23.2076,22.9825,8.4537,8.6463,9.0637,8.6477,4.4046,4.4683,4.4116,4.4293
C_00091,LOT_002,False,21.528,21.6521,22.4079,22.5241,9.1086,9.0573,9.2379,9.3087,3.9594,4.1695,4.1579,4.0296
C_00092,LOT_002,False,22.5274,22.7049,22.4791,22.6574,9.1055,9.1762,9.1866,9.498,4.5283,4.7024,4.5529,4.6695
C_00093,LOT_002,True,22.083,35.9952,54.3287,66.6165,8.9662,12.4321,17.2212,20.4625,4.3402,4.823,5.3591,5.4189
C_00094,LOT_002,False,22.773,22.5322,23.0458,22.9053,8.288,8.2755,8.8694,8.6627,4.3086,4.3498,4.2528,4.3753
C_00095,LOT_002,False,22.575,23.3181,23.5024,23.9182,7.6608,7.4791,7.7415,7.916,4.527,4.5629,4.4538,4.3936
C_00096,LOT_002,False,20.6316,20.8385,21.2176,21.073,9.0027,8.8673,8.8871,9.2681,4.5617,4.5936,4.6757,4.6788
C_00097,LOT_002,False,23.069,23.6793,23.5207,23.9842,8.3396,8.7648,8.4196,8.6512,4.6012,4.5085,4.5284,4.831
C_00098,LOT_002,False,22.9054,23.2813,23.4202,23.083,8.511,8.3634,8.5289,8.5543,4.515,4.7385,4.7012,4.7161
C_00099,LOT_002,False,20.4446,20.6875,21.023,20.8364,10.0792,10.0934,10.1214,10.3312,4.8849,4.8349,5.0436,5.0542
C_00100,LOT_002,False,19.3278,19.2987,19.6651,19.9887,9.6027,9.7121,10.0616,10.189,4.42,4.4332,4.5519,4.596
C_00101,LOT_002,False,21.756,21.5867,22.2197,22.0216,9.4708,9.1265,9.4542,9.5681,4.1782,4.3324,4.2052,4.2447
C_00102,LOT_002,False,20.8469,22.2082,22.4749,22.321,7.889,8.1972,8.3639,8.353,4.0956,3.9336,4.03,4.1057
C_00103,LOT_002,False,21.0146,21.3648,21.5716,21.4275,9.3187,9.5376,9.5145,9.0235,3.8464,3.9971,4.0405,3.9949
C_00104,LOT_002,False,22.5171,23.508,23.2978,22.4248,7.7419,8.4379,8.4525,8.7737,4.5019,4.6775,4.7003,4.882
C_00105,LOT_002,False,21.7452,21.737,22.5246,22.678,8.3149,8.0709,8.5525,8.7486,4.8203,4.7819,4.8827,5.0829
C_00106,LOT_002,False,23.342,23.315,24.5382,24.6522,8.9533,8.6714,9.3662,8.9968,4.3633,4.405,4.4204,4.4992
C_00107,LOT_002,False,22.8096,23.2394,23.0209,22.854,7.5065,7.7052,7.7187,8.118,4.6021,4.6247,4.4278,4.509
C_00108,LOT_002,False,21.3791,20.6878,22.2196,21.8871,9.9798,10.057,10.6049,10.3699,4.5035,4.3198,4.4415,4.5712
C_00109,LOT_002,False,22.0524,22.3509,22.3805,23.0941,7.8815,7.6858,8.2339,7.948,4.2437,4.257,4.2293,4.425
C_00110,LOT_002,False,23.9137,22.7176,23.1867,24.1084,7.7247,7.2934,7.404,7.8352,4.9429,5.0562,4.8242,4.8984
C_00111,LOT_002,False,22.2378,22.8196,22.5942,23.6776,7.9502,8.0275,8.0719,8.1763,4.597,4.7517,4.8145,4.7314
C_00112,LOT_002,True,19.2726,23.4538,29.5051,33.5999,9.0311,11.4202,13.7931,15.3961,4.3066,4.8076,5.581,6.2101
C_00113,LOT_002,False,20.6478,20.8762,21.2676,21.7849,8.2909,8.4729,8.4098,8.8308,4.7204,4.8862,4.7759,4.9795
C_00114,LOT_002,False,23.1634,23.0137,23.7369,23.5275,8.881,8.802,8.7955,8.9589,4.3311,4.3066,4.2938,4.3796
C_00115,LOT_002,False,23.2309,22.7301,23.8033,23.7417,9.3439,9.0361,8.8124,9.5218,4.5808,4.4326,4.3977,4.6225
C_00116,LOT_002,False,23.6702,24.5961,24.6369,23.9688,9.1245,9.0899,9.1482,9.2741,4.6013,4.6749,4.7079,4.626
C_00117,LOT_002,False,23.1214,23.0053,23.4837,24.105,9.2497,9.6703,9.9605,9.7048,4.3211,4.137,4.3228,4.2494
C_00118,LOT_002,False,23.88,24.5978,26.0371,25.8649,9.2256,9.1774,9.4124,9.2733,4.0248,3.931,3.9875,4.0883
C_00119,LOT_002,False,21.327,21.856,21.295,22.447,7.9927,8.0115,8.5093,8.3358,4.2584,4.2119,4.2715,4.4183
C_00120,LOT_002,False,23.7381,23.3757,24.2112,24.0949,8.1397,8.3814,8.4956,8.7556,4.1519,4.317,4.1595,4.2426
C_00121,LOT_003,False,19.7971,20.0234,20.3484,20.2526,13.196,12.974,13.329,13.6373,3.6544,3.6274,3.7086,3.8231
C_00122,LOT_003,False,22.5793,21.2948,21.7298,21.9495,11.4507,11.9526,11.9467,12.0643,3.5281,3.5132,3.5138,3.5492
C_00123,LOT_003,False,18.0619,18.5648,18.5762,18.3977,13.8543,13.7319,13.8709,14.2188,3.4569,3.5341,3.4122,3.5173
C_00124,LOT_003,False,20.8688,20.15,20.5374,20.5338,11.4461,11.5455,12.0982,12.8636,3.3695,3.2393,3.3626,3.284
C_00125,LOT_003,False,21.7722,20.933,21.8839,21.8713,13.5302,13.9573,14.8004,15.1691,3.5142,3.618,3.7582,3.6814
C_00126,LOT_003,False,21.8537,21.6119,22.2688,21.8101,11.6412,12.0684,12.636,12.9652,3.8697,3.8342,3.836,3.8472
C_00127,LOT_003,False,22.9731,22.717,23.2718,24.098,12.3989,12.4065,12.7763,13.4164,3.6654,3.7991,3.5551,3.7322
C_00128,LOT_003,False,20.2483,19.5672,20.6439,21.0361,12.3266,12.4611,12.8754,12.9609,3.3803,3.4009,3.1892,3.4769
C_00129,LOT_003,False,23.9075,23.934,24.3482,23.9364,13.763,13.9492,14.7318,15.1178,3.3084,3.3349,3.282,3.4006
C_00130,LOT_003,False,21.1224,19.7415,20.0189,20.9657,13.0432,13.2755,13.4694,13.5741,3.6542,3.7627,3.7619,3.7213
C_00131,LOT_003,True,22.9517,34.7503,49.5904,59.9047,10.9539,15.238,22.1207,27.6862,3.3995,3.6008,3.9524,4.175
C_00132,LOT_003,False,21.3008,21.0359,22.1041,21.8953,12.787,12.7249,13.6225,13.4318,3.8965,4.0392,4.0397,4.0809
C_00133,LOT_003,False,22.7339,22.805,23.8903,24.275,13.23,13.5684,13.8484,14.5032,3.5649,3.8149,3.7012,3.6909
C_00134,LOT_003,False,23.1226,22.9754,22.3876,22.8629,13.8117,14.1442,14.9254,14.915,3.2749,3.4077,3.2233,3.3233
C_00135,LOT_003,False,22.9036,23.4706,23.872,23.5787,12.6495,12.3395,13.3591,13.1285,3.4429,3.5697,3.47,3.5165
C_00136,LOT_003,False,21.4171,21.7287,23.9162,23.714,12.5816,13.095,13.2916,13.8401,3.5394,3.3255,3.4501,3.4642
C_00137,LOT_003,False,23.6097,23.5028,22.6476,23.2132,14.3362,13.7964,14.1274,14.5504,3.7753,3.8086,3.8918,3.7542
C_00138,LOT_003,False,21.9783,22.8058,22.5082,22.3866,12.7603,13.4023,13.9849,14.134,3.4053,3.4249,3.4745,3.5291
C_00139,LOT_003,False,21.0314,22.1978,21.5085,21.5089,12.0401,12.0123,12.4212,12.6019,3.6204,3.4347,3.5788,3.5525
C_00140,LOT_003,False,20.9953,21.1643,21.8664,21.1925,13.464,13.3552,14.0893,15.1897,3.3678,3.2606,3.3922,3.2985
C_00141,LOT_003,False,22.8713,23.5111,23.6269,23.2584,12.4786,12.4933,12.72,13.3206,3.4125,3.3734,3.3646,3.4126
C_00142,LOT_003,False,22.3285,22.1265,22.9998,23.405,12.838,12.9693,13.3885,13.5816,3.3004,3.276,3.4582,3.4616
C_00143,LOT_003,False,23.1084,22.7556,23.1972,22.9716,14.1662,14.5735,15.1336,15.2771,3.5071,3.77,3.586,3.5196
C_00144,LOT_003,False,21.4636,21.4622,21.784,21.5312,13.005,12.9282,13.6326,13.6759,3.65,3.6943,3.6931,3.6061
C_00145,LOT_003,False,20.0786,19.6996,20.2917,20.8788,11.9842,12.3204,12.7984,13.2149,3.1769,3.1828,3.3174,3.2404
C_00146,LOT_003,False,22.1896,22.2219,21.7948,23.1384,13.2871,13.655,13.5556,13.9592,3.9477,3.8384,3.8654,4.0616
C_00147,LOT_003,False,23.5745,24.2635,24.7804,24.7899,11.8491,12.5419,12.4299,12.9821,3.6023,3.6962,3.7143,3.7444
C_00148,LOT_003,False,22.7941,24.0538,23.1476,23.5781,12.265,12.6372,12.5807,12.4335,3.6103,3.4764,3.5576,3.3519
C_00149,LOT_003,False,20.0335,20.4833,21.741,21.6155,12.5471,12.7489,12.9813,12.815,3.4268,3.2909,3.4883,3.414
C_00150,LOT_003,False,21.9874,22.8294,22.5779,22.7603,12.8443,12.7977,13.5206,13.8037,4.1772,4.0601,4.1418,4.1627
C_00151,LOT_003,False,22.917,23.3504,23.6069,23.4591,12.9566,12.9381,13.2262,14.0148,3.5784,3.6181,3.6428,3.5308
C_00152,LOT_003,False,22.1582,23.1801,23.9902,24.367,13.0407,12.82,12.9949,13.5748,3.6178,3.662,3.5671,3.6166
C_00153,LOT_003,False,20.6244,20.7497,21.3177,21.4737,12.4323,12.5482,12.2963,13.1411,3.382,3.4332,3.4094,3.5066
C_00154,LOT_003,False,21.6923,22.4123,22.4875,22.4253,12.2047,12.7532,12.431,12.8081,3.3491,3.2621,3.3233,3.2312
C_00155,LOT_003,False,23.274,24.3024,23.659,24.0175,13.4566,13.0889,13.6914,14.6261,3.5068,3.5269,3.6094,3.5708
C_00156,LOT_003,False,21.7928,23.6136,23.4257,24.048,12.6254,13.826,13.583,13.8877,3.2149,3.2089,3.3781,3.402
C_00157,LOT_003,False,22.6238,22.2248,22.7171,21.8312,12.8356,12.9917,13.6632,13.515,3.5789,3.5464,3.4614,3.4843
C_00158,LOT_003,False,20.8696,22.0433,21.3153,22.4524,12.7483,14.0898,14.7573,14.7263,3.7785,3.8051,3.8596,3.8492
C_00159,LOT_003,False,22.5885,22.9858,22.8717,23.5658,13.3735,13.3832,13.92,14.4692,3.3429,3.462,3.6027,3.5062
C_00160,LOT_003,False,21.4345,21.9592,21.6847,22.238,12.9222,13.2925,14.0307,14.0646,3.517,3.4468,3.3457,3.3423
C_00161,LOT_004,False,31.3803,31.314,30.551,31.594,10.2507,10.5727,10.7676,10.7765,4.0599,4.2956,4.216,4.2334
C_00162,LOT_004,True,32.9902,45.5306,60.7146,71.3669,10.2326,12.6761,16.6345,19.6464,4.3244,4.8629,5.3021,5.6596
C_00163,LOT_004,False,30.0157,31.1105,31.6999,31.1072,10.2346,10.5715,11.2828,10.9147,4.2506,4.1822,4.502,4.499
C_00164,LOT_004,False,29.2711,29.7037,29.3323,31.254,9.1887,8.9389,9.7687,9.8375,4.6886,4.7609,4.6926,4.684
C_00165,LOT_004,False,31.695,31.2583,32.2532,33.5083,9.6456,10.3494,10.6174,10.914,4.6104,4.4669,4.4349,4.4809
C_00166,LOT_004,False,30.8201,32.5722,31.3475,32.2755,10.7188,11.1423,11.0673,11.3221,4.4308,4.4088,4.3121,4.472
C_00167,LOT_004,False,32.7423,33.4758,33.2809,34.2678,8.9319,9.0519,8.765,8.9778,4.459,4.3469,4.5181,4.7317
C_00168,LOT_004,False,29.3589,29.1014,29.4837,29.6644,10.0185,10.6928,10.4559,10.6113,4.5912,4.5419,4.5533,4.6383
C_00169,LOT_004,False,30.7483,31.0801,30.8988,32.0956,9.61,10.0492,10.1511,10.2724,4.4815,4.4169,4.5761,4.7896
C_00170,LOT_004,False,29.9208,28.2954,27.7683,29.3685,10.2135,9.8704,10.0421,9.9168,4.1541,4.2165,4.3278,4.2681
C_00171,LOT_004,False,31.3033,31.3286,32.0208,32.1874,9.3994,9.741,10.0851,10.0752,4.3299,4.3887,4.2313,4.2454
C_00172,LOT_004,False,28.4988,27.4788,27.775,29.0896,9.4593,9.6985,10.2334,10.3866,4.2855,4.1807,4.2637,4.449
C_00173,LOT_004,False,30.1273,30.0674,30.2857,30.6986,9.7348,9.9597,9.389,9.8281,4.7196,4.8677,4.7177,4.8539
C_00174,LOT_004,False,27.5811,27.4548,28.9292,28.469,9.7774,10.1063,10.1358,10.2463,4.5363,4.4471,4.5934,4.6488
C_00175,LOT_004,False,28.4139,27.4783,28.1096,28.921,10.4596,10.142,9.8832,10.2146,4.3527,4.2131,4.487,4.2211
C_00176,LOT_004,False,27.3028,27.0962,28.1253,27.3961,10.2263,10.3512,10.4628,10.804,4.5064,4.6045,4.4483,4.5369
C_00177,LOT_004,False,31.9044,30.619,31.4694,31.8484,9.3867,9.458,9.4298,9.785,4.426,4.8101,4.4568,4.5187
C_00178,LOT_004,False,29.3503,29.5421,29.4598,29.204,8.8941,8.9222,9.0044,9.5403,4.6472,4.4651,4.4913,4.5729
C_00179,LOT_004,False,29.6234,29.819,31.3747,32.1361,10.3942,10.5183,10.9461,10.9566,4.3809,4.4098,4.3866,4.6859
C_00180,LOT_004,False,31.7244,32.3542,32.6026,32.9046,9.4778,9.9421,9.8084,9.8974,3.9945,4.1575,4.18,4.3162
C_00181,LOT_004,False,28.6854,28.5747,29.7077,30.3033,10.1901,10.344,10.4566,10.4856,4.1341,4.1238,4.2605,4.1749
C_00182,LOT_004,False,32.5328,31.9808,33.6338,33.3661,9.7692,9.9846,9.988,10.4597,4.4821,4.4819,4.6605,4.6362
C_00183,LOT_004,False,28.649,28.2304,29.1524,30.0894,9.6007,9.6926,9.9984,10.1104,4.7566,4.5727,4.5355,4.6003
C_00184,LOT_004,False,29.31,29.9125,29.7444,30.6657,9.5877,9.8781,10.0553,10.1069,4.5513,4.5147,4.5795,4.6774
C_00185,LOT_004,False,30.122,28.8718,29.4627,28.667,9.337,9.6026,9.7682,9.4876,4.3669,4.3631,4.3195,4.2979
C_00186,LOT_004,False,27.321,28.8162,29.196,29.1387,9.7667,10.0941,10.5198,10.174,4.2736,4.5262,4.3676,4.4889
C_00187,LOT_004,False,28.7939,28.0832,28.3642,28.6199,10.7397,10.9858,11.0683,11.5647,4.6611,4.6007,4.7234,4.6183
C_00188,LOT_004,False,32.3428,32.3783,35.0972,33.3408,9.3519,9.4354,9.475,9.7175,4.3068,4.4982,4.3543,4.2422
C_00189,LOT_004,True,30.7198,43.4259,56.5462,67.1993,10.5794,15.1971,21.6939,26.447,4.471,4.8118,5.2475,5.4828
C_00190,LOT_004,False,33.3285,32.14,32.8121,33.1061,9.501,9.5625,9.2067,9.5289,4.3884,4.3902,4.3924,4.2732
C_00191,LOT_004,False,30.4887,31.2643,32.5629,33.2349,8.984,9.5568,9.5251,9.4336,4.3562,4.3165,4.3439,4.4919
C_00192,LOT_004,False,29.5657,28.3842,29.6627,30.0756,10.4774,10.4991,11.3836,10.7162,4.6979,4.6559,4.6408,4.6579
C_00193,LOT_004,False,30.3805,30.013,31.6583,30.8839,10.015,10.1926,10.3186,10.4998,4.217,4.3915,4.1889,4.4553
C_00194,LOT_004,False,28.1559,27.8446,28.3272,29.4236,9.5567,9.9639,9.8725,10.0581,4.9608,4.8887,4.9103,4.8788
C_00195,LOT_004,False,28.5243,29.3021,31.0142,30.6146,8.2938,8.7831,8.5696,8.7116,4.6698,4.5212,4.5249,4.6832
C_00196,LOT_004,False,30.489,30.7496,31.0003,31.2757,9.5628,10.0417,9.8865,9.4991,4.8368,4.5137,4.6123,4.4841
C_00197,LOT_004,False,27.879,27.534,28.6402,28.6804,9.4009,9.5151,9.2114,9.9788,4.5057,4.4166,4.4039,4.4135
C_00198,LOT_004,True,27.5322,33.5014,41.6713,48.6845,9.4333,11.0283,13.2239,15.1662,4.4386,4.6812,5.4823,5.806
C_00199,LOT_004,False,25.5171,25.247,27.1408,26.4454,9.6687,9.7256,10.5192,10.506,4.4901,4.5149,4.6174,4.4302
C_00200,LOT_004,False,28.8285,28.8023,28.9416,30.4152,9.7892,9.9458,10.5077,10.673,4.3989,4.4006,4.2944,4.595
C_00201,LOT_005,False,28.321,27.8965,29.127,28.5063,10.2084,10.0554,10.6743,10.9783,4.2954,4.2056,4.3313,4.1585
C_00202,LOT_005,False,26.8516,27.583,27.5629,28.926,9.8297,10.124,10.0014,10.3912,4.2161,4.22,4.3227,4.3617
C_00203,LOT_005,False,26.8291,26.6966,26.317,27.2384,10.5919,10.6144,10.7782,11.5287,4.1896,4.1904,4.1872,4.239
C_00204,LOT_005,False,25.9293,25.2707,26.0107,25.3452,9.6653,10.0838,10.1451,10.7174,4.2431,4.0578,4.2487,4.1353
C_00205,LOT_005,False,26.4366,26.21,26.5017,26.0008,10.4048,10.3405,10.548,10.9902,3.8402,3.9295,3.777,3.8625
C_00206,LOT_005,False,27.2219,28.4396,28.9252,28.6864,9.4768,10.0343,9.8655,10.4961,3.6403,3.4542,3.7544,3.6833
C_00207,LOT_005,False,28.3556,27.968,29.0544,29.0997,10.4998,10.9334,11.1264,11.0377,4.2321,4.2866,4.2885,4.2549
C_00208,LOT_005,False,28.5676,29.5051,28.9765,29.6746,10.0943,10.0486,10.081,10.7381,4.1795,4.3133,4.4002,4.3094
C_00209,LOT_005,False,27.2482,27.7065,27.4024,28.9551,10.3527,10.7794,11.3407,11.4259,3.9657,3.794,3.7903,3.8093
C_00210,LOT_005,False,28.3131,29.6732,29.6003,29.9572,8.2744,8.0931,8.4256,8.5662,3.5754,3.6931,3.5925,3.4571
C_00211,LOT_005,False,25.9619,26.027,26.0167,27.2703,9.442,9.8643,9.9175,10.0873,4.1917,4.1399,4.2355,4.1889
C_00212,LOT_005,False,27.0773,28.8333,30.1171,30.3866,8.7566,9.4584,9.3836,9.6248,4.2281,4.1054,4.1187,4.3622
C_00213,LOT_005,False,26.4096,26.2985,27.1673,27.8031,9.3357,9.3383,9.4808,9.8702,4.2705,4.3527,4.2613,4.1608
C_00214,LOT_005,False,26.0153,27.5808,27.6901,27.4068,10.1944,10.305,10.9214,11.1569,4.089,4.1757,4.1687,4.2316
C_00215,LOT_005,False,23.2088,24.2127,24.4453,24.2323,9.585,9.7162,9.852,10.4662,4.0211,4.0273,4.0808,4.1335
C_00216,LOT_005,False,25.7261,26.2649,27.0437,28.7305,9.2638,9.3879,9.1584,9.8494,4.1985,4.1106,4.3115,4.119
C_00217,LOT_005,False,24.9299,26.0113,25.3439,26.1932,10.0861,9.9661,10.2502,10.0118,4.1116,4.284,4.1814,4.0006
C_00218,LOT_005,False,26.5353,27.3405,26.9414,26.7379,10.0896,10.5187,10.9111,10.8702,4.5735,4.6,4.5756,4.6211
C_00219,LOT_005,False,26.5368,26.2644,26.9683,27.5005,9.9117,10.1264,9.8522,10.1218,4.2375,4.3241,4.3612,4.2991
C_00220,LOT_005,False,25.8355,25.9651,25.6171,26.2485,8.7184,8.7815,8.7414,8.7774,3.8735,4.0119,4.1468,3.9447
C_00221,LOT_005,False,28.5599,27.6768,27.2896,28.2613,9.6389,9.7877,9.9807,9.8906,3.7284,3.8423,3.8271,3.8311
C_00222,LOT_005,False,30.1762,29.2601,29.8579,30.2864,9.4653,9.7632,9.878,10.1927,3.9814,3.9224,3.8812,3.766
C_00223,LOT_005,False,27.2776,26.7052,28.2155,27.815,10.0975,10.184,10.1304,10.4439,3.7406,3.6591,3.7621,3.7271
C_00224,LOT_005,False,25.5511,25.9312,27.0877,26.5751,9.0606,9.5112,9.8268,10.0651,4.2213,4.2551,4.2272,4.2877
C_00225,LOT_005,False,24.3004,23.6121,25.4328,25.0474,10.8353,11.0954,11.0061,11.4205,3.8926,3.8962,3.9766,3.9479
C_00226,LOT_005,False,26.8166,26.1738,27.2716,27.3607,9.3689,10.0206,9.6123,10.2947,3.7043,3.7255,3.7449,3.7075
C_00227,LOT_005,False,28.3681,28.6703,28.8656,29.8051,8.796,9.1478,9.5184,9.4623,4.1868,4.0937,4.1982,4.246
C_00228,LOT_005,False,28.4532,28.3507,29.0491,28.0315,8.9291,9.0883,9.5798,9.7787,3.9109,4.1741,4.1648,4.2125
C_00229,LOT_005,True,24.7906,36.8682,49.9129,58.282,10.2753,13.2209,18.4901,22.7186,4.1053,4.5366,4.8098,5.1621
C_00230,LOT_005,False,25.7432,27.6511,27.1828,28.4672,9.6835,9.6074,10.1855,10.0116,3.9544,4.0915,4.0158,4.0593
C_00231,LOT_005,False,28.528,30.7974,30.0853,30.4012,10.2062,10.4884,10.6356,10.9934,3.7457,3.8588,3.9676,3.733
C_00232,LOT_005,False,26.5183,26.7569,27.2289,27.8876,9.2944,9.6022,9.8976,10.5674,4.4804,4.4552,4.6022,4.5756
C_00233,LOT_005,False,27.3794,26.8572,27.6122,27.9438,9.93,9.8804,10.2896,10.2589,4.2348,4.1988,3.9955,4.2108
C_00234,LOT_005,False,27.4616,26.9351,27.4559,28.3553,8.7105,8.996,9.0132,9.7239,3.8239,4.0764,3.9729,3.8945
C_00235,LOT_005,False,26.7624,26.9134,25.9792,27.0079,9.1119,8.9426,8.9536,9.0134,4.165,3.8601,3.9809,4.0238
C_00236,LOT_005,False,28.8555,29.644,30.4521,31.1428,10.304,10.5571,10.7992,11.0657,3.8451,3.9695,3.8853,3.9323
C_00237,LOT_005,False,26.2723,26.8667,25.9111,28.03,8.9498,9.1475,9.6162,9.6159,4.1943,4.19,4.2712,4.2331
C_00238,LOT_005,False,25.6721,26.7401,27.1376,27.527,8.7899,8.9743,9.05,9.4142,4.1553,4.0948,4.2054,4.3629
C_00239,LOT_005,False,28.393,27.9502,28.974,28.56,10.8148,10.6891,11.0395,11.7214,3.6647,3.6983,3.5937,3.6944
C_00240,LOT_005,False,25.8077,25.4887,26.0458,27.2414,8.6713,9.2331,8.85,9.3616,4.5596,4.7704,4.5857,4.7265
C_00241,LOT_006,False,23.3245,23.709,24.7852,25.0878,9.7893,9.961,10.6902,10.8724,5.2929,5.0791,5.2008,5.2054
C_00242,LOT_006,True,24.79,49.36,91.7061,125.2435,10.1069,18.7923,32.3319,42.6243,5.1753,5.5347,6.7149,7.42
C_00243,LOT_006,False,24.8379,25.2034,26.3356,26.9407,9.7838,10.1222,10.5226,10.362,4.9029,5.1172,4.9506,5.2448
C_00244,LOT_006,False,25.3475,25.8412,25.5772,26.1176,10.0725,10.1435,10.5719,10.9553,4.8208,4.9606,4.9659,5.0871
C_00245,LOT_006,False,22.5679,22.2168,23.8155,24.7245,8.3818,8.5085,8.5892,8.7966,5.0576,5.2407,5.3003,5.3776
C_00246,LOT_006,False,26.2599,26.9738,26.8353,27.2582,9.7363,10.0524,10.2085,10.3212,4.7166,4.9319,4.8598,5.1147
C_00247,LOT_006,False,25.5925,25.609,27.2841,28.6632,8.7993,8.9417,9.0349,8.9389,5.0529,4.8103,4.89,5.0555
C_00248,LOT_006,False,24.11,24.0703,25.1846,25.2965,9.9179,9.976,10.1106,10.5279,4.7211,4.6292,4.7019,4.888
C_00249,LOT_006,True,27.3221,39.1141,58.5932,76.2947,8.5756,13.9778,21.9469,28.0654,4.6204,5.4322,6.6275,7.4122
C_00250,LOT_006,False,25.1353,24.8782,26.2785,27.1351,7.9067,7.8279,8.0246,8.0095,4.7942,4.6536,4.8601,4.895
C_00251,LOT_006,False,23.8798,24.4445,24.5731,25.3755,9.6629,9.7608,9.9001,10.1067,4.2046,4.2548,4.3253,4.2137
C_00252,LOT_006,False,25.7947,26.2166,27.0236,27.0155,10.0924,10.1058,10.8935,11.0528,4.4847,4.3662,4.481,4.6465
C_00253,LOT_006,False,26.3004,26.5521,28.3498,28.6532,8.5946,8.5137,8.5002,9.0155,4.9219,5.0345,5.0336,5.2232
C_00254,LOT_006,False,24.429,25.786,26.2631,26.4325,8.7292,8.7737,9.0,9.1387,4.923,4.9853,5.0501,5.1146
C_00255,LOT_006,False,25.0154,25.7609,25.5027,26.8315,8.8679,8.777,9.0018,9.1355,5.2923,5.0437,5.361,5.5392
C_00256,LOT_006,False,24.4706,26.3013,27.7926,28.2401,9.9405,9.5313,10.1754,10.3824,4.1223,4.2782,4.3357,4.2022
C_00257,LOT_006,False,25.5848,26.4123,26.6831,27.5565,9.0721,9.4855,9.7185,9.8769,4.7275,4.8431,4.8522,4.8543
C_00258,LOT_006,False,23.4641,25.3889,25.9132,26.0209,8.8747,9.0564,8.9258,9.4405,4.55,4.752,4.7582,4.9599
C_00259,LOT_006,False,23.5904,23.9052,24.2391,25.6452,8.845,9.2134,9.2965,9.3302,3.8076,3.9364,4.0043,4.0073
C_00260,LOT_006,False,21.7248,21.669,23.2035,24.2465,9.373,10.118,9.7885,9.9772,4.8907,4.936,4.7416,5.0574
C_00261,LOT_006,False,23.9297,24.6716,25.34,24.9018,9.832,10.0766,9.8305,10.1021,4.9353,4.5911,5.1985,5.0462
C_00262,LOT_006,False,27.2626,28.5374,28.2711,28.8987,10.0663,10.6267,10.4659,10.6664,4.8569,4.779,4.8897,5.0143
C_00263,LOT_006,True,24.4032,42.6124,72.5756,96.8662,9.932,16.0502,24.906,31.436,5.0231,5.6007,6.365,7.0662
C_00264,LOT_006,True,25.8844,38.0964,59.2462,75.8253,9.3713,12.6906,18.3037,22.6005,4.2808,4.9902,5.8686,6.6622
C_00265,LOT_006,False,25.5071,26.3204,27.1416,27.8122,8.8528,8.7674,9.0257,8.8184,5.0694,5.161,5.1472,5.1441
C_00266,LOT_006,False,27.2111,26.7679,28.9152,29.4075,9.535,9.8398,10.3492,10.4249,4.3964,4.5585,4.4428,4.6756
C_00267,LOT_006,True,26.5314,38.5242,59.5996,75.4987,9.0323,11.5005,15.754,18.6893,5.4971,6.3326,7.615,8.5046
C_00268,LOT_006,False,24.5137,25.0642,25.3397,26.7011,9.0712,9.2349,9.4126,9.5341,5.2911,5.2599,5.4071,5.444
C_00269,LOT_006,False,23.406,23.5351,23.824,24.3735,9.1424,9.6544,10.0794,9.5424,4.487,4.5535,4.6032,4.8139
C_00270,LOT_006,True,27.8091,34.5189,53.2089,65.608,9.571,11.0702,15.1882,17.1609,4.868,5.5368,6.162,7.0899
C_00271,LOT_006,False,25.1427,25.6464,26.9602,28.6302,8.6631,8.7623,8.7594,9.1318,4.7821,4.726,4.8328,5.0845
C_00272,LOT_006,False,24.2511,24.2104,24.304,24.3875,9.1733,9.2066,9.4076,9.7242,4.764,4.9692,5.0224,5.1752
C_00273,LOT_006,False,25.4754,25.9309,27.8898,27.3094,7.2666,7.5966,7.9138,7.7794,4.9676,5.1593,5.29,5.1304
C_00274,LOT_006,False,25.3013,26.1315,26.1582,27.5262,8.7568,9.3312,9.7325,9.827,5.3067,5.5717,5.5374,5.684
C_00275,LOT_006,False,25.7148,26.7913,26.6454,27.0183,9.489,9.4813,10.3171,10.0896,4.9142,4.975,5.0372,4.8973
C_00276,LOT_006,False,23.1566,23.276,25.8688,26.2879,8.5685,8.6119,8.2807,9.1667,4.5877,4.7061,4.512,4.6187
C_00277,LOT_006,False,24.5301,26.0337,25.9686,26.42,9.11,9.2094,9.0447,9.4968,4.6899,4.7886,4.889,4.9972
C_00278,LOT_006,False,26.2177,26.1595,28.3332,28.9764,9.1405,9.4854,9.8448,10.5661,5.2253,5.3293,5.1318,5.3996
C_00279,LOT_006,False,24.5543,25.0888,25.5039,28.0459,8.7799,8.8823,8.7568,9.1065,4.6294,4.8335,4.8998,4.5785
C_00280,LOT_006,False,25.6557,27.279,27.8182,26.9302,8.4373,8.7336,8.9133,9.4784,4.7668,4.6922,4.8044,4.582
C_00281,LOT_007,False,25.197,25.2839,24.9259,25.5642,8.7771,8.899,9.2311,8.9548,5.3791,5.4186,5.2904,5.6504
C_00282,LOT_007,False,25.4194,25.4096,26.6038,26.0678,9.211,9.2128,9.6807,9.7322,5.4803,5.4308,5.4443,5.5102
C_00283,LOT_007,False,24.238,24.7335,25.8609,25.4922,8.4965,8.4372,8.8938,8.6644,4.9334,4.7706,4.8697,5.1416
C_00284,LOT_007,True,24.8449,30.7731,37.048,41.5184,8.4606,13.1466,19.4268,23.4895,5.0845,5.3496,5.9589,6.4931
C_00285,LOT_007,False,22.1339,21.6463,22.6319,22.1968,8.9568,9.4635,10.1014,10.3227,5.232,5.29,5.5465,5.43
C_00286,LOT_007,False,24.5045,25.269,23.7017,24.5815,8.1185,8.3113,8.1324,8.5282,5.4631,5.3622,5.4464,5.6016
C_00287,LOT_007,False,24.2923,24.4421,25.5224,25.4041,8.835,8.5229,8.8454,8.9992,5.1926,5.2422,5.2705,5.5485
C_00288,LOT_007,False,27.2447,27.1943,27.7537,27.3567,9.1955,9.5941,9.4956,9.5825,5.5514,5.6881,5.7216,5.7995
C_00289,LOT_007,False,23.8911,24.7752,23.7821,24.207,9.2658,9.3719,9.688,10.2725,4.8254,4.8179,4.8251,4.8268
C_00290,LOT_007,True,25.9427,34.273,45.8045,52.0052,9.4545,11.5667,14.0272,16.3584,5.3806,5.8618,6.3594,7.0114
C_00291,LOT_007,False,24.4135,24.9137,26.3659,25.7846,8.5606,8.557,8.8401,9.3978,5.5897,5.2518,5.6142,5.6206
C_00292,LOT_007,False,25.5794,25.7378,26.3714,26.6638,8.899,9.5124,9.347,9.3089,5.2071,5.3585,5.2853,5.348
C_00293,LOT_007,False,25.6751,26.0041,25.996,26.8733,9.8238,9.8138,9.879,9.8705,5.4207,5.3895,5.3156,5.5704
C_00294,LOT_007,False,23.5357,23.8998,24.1904,24.1691,10.1017,10.3141,10.3902,10.4654,4.8007,4.8943,4.972,4.9568
C_00295,LOT_007,False,27.078,27.497,28.5993,27.79,9.2175,9.3421,9.0848,9.5335,5.0159,4.979,5.1461,5.0889
C_00296,LOT_007,False,25.9845,26.1178,26.3707,27.1398,8.6543,8.8168,9.0094,9.3451,4.9847,5.2319,5.2822,5.4745
C_00297,LOT_007,False,25.8622,26.4275,26.8766,28.0817,7.76,8.071,8.2837,8.2489,4.0244,4.1112,4.1523,4.1317
C_00298,LOT_007,False,25.0016,24.3378,25.1467,25.0657,8.9959,9.1179,8.9315,9.4196,4.6379,4.7423,4.8413,4.9523
C_00299,LOT_007,False,24.2405,24.8823,25.4294,26.347,7.7912,8.0038,8.2017,8.2275,5.1361,5.2108,5.2923,5.2579
C_00300,LOT_007,False,23.7708,24.7999,25.7052,26.0416,9.1999,9.3896,9.1451,9.4605,5.4539,5.6157,5.4917,5.5875
C_00301,LOT_007,False,23.9047,23.7521,24.7714,24.8807,9.4169,9.6734,9.7175,9.7986,4.9292,4.9468,4.9214,4.9294
C_00302,LOT_007,False,24.601,25.2575,24.6274,24.8836,8.4046,8.3254,8.3425,8.8547,5.5332,5.0094,5.3161,5.2747
C_00303,LOT_007,False,22.567,22.9031,23.892,24.8355,8.3252,8.5979,8.9139,8.769,5.0882,5.122,5.0058,5.2917
C_00304,LOT_007,False,23.3187,24.118,23.5516,24.907,9.5606,9.4651,10.1162,10.1184,4.5625,4.5561,4.6311,4.7829
C_00305,LOT_007,False,26.2581,26.2031,25.5131,25.2244,9.1736,9.2323,9.3357,9.5627,5.0717,5.297,4.962,5.2525
C_00306,LOT_007,False,23.2297,24.4556,24.2026,24.2478,8.6406,8.8928,8.8459,8.6341,4.8295,4.9682,4.9429,4.9226
C_00307,LOT_007,False,24.3515,24.4545,25.9791,25.2428,8.4551,9.0902,9.2266,9.233,5.7097,5.5077,5.5106,5.4385
C_00308,LOT_007,False,26.4568,27.3235,27.1942,27.8686,8.5545,8.5895,8.5303,8.4428,5.1031,5.2095,5.4415,5.237
C_00309,LOT_007,False,24.8078,24.6299,25.4766,25.417,8.0466,8.0514,8.4242,8.6179,4.9759,4.9373,5.0169,5.0598
C_00310,LOT_007,False,21.1554,21.5405,22.0877,21.3814,8.8137,8.7567,9.0184,8.5508,5.0228,5.2453,5.1418,5.3688
C_00311,LOT_007,False,26.863,28.4288,27.8714,27.51,9.2006,9.1316,8.838,8.8626,4.9912,5.0746,4.9468,4.9321
C_00312,LOT_007,False,26.6395,26.9323,26.6754,27.9516,9.5966,9.5261,9.8445,9.671,4.7076,4.5578,4.7317,4.8551
C_00313,LOT_007,False,24.4998,24.297,24.9688,24.4777,8.4039,8.6831,9.0069,8.7613,4.7755,4.6009,4.7444,4.6478
C_00314,LOT_007,False,28.1964,28.2791,28.5551,28.1631,8.5426,8.3741,8.3213,8.6354,5.4866,5.3899,5.3185,5.3023
C_00315,LOT_007,False,24.3556,24.6176,24.518,24.1169,8.438,8.4355,8.6013,8.9191,4.9048,5.0045,4.9339,5.0274
C_00316,LOT_007,False,24.8185,27.1407,26.3728,26.8946,9.7259,9.7816,10.1252,10.2923,5.2563,5.6795,5.5879,5.5314
C_00317,LOT_007,False,22.5214,22.5398,23.0586,24.0542,7.7861,8.2735,8.3971,8.7216,4.5136,4.6089,4.7403,4.7229
C_00318,LOT_007,False,23.4058,24.2891,23.4191,23.5902,8.8721,9.25,9.5582,9.378,4.7984,4.8441,4.8862,4.9709
C_00319,LOT_007,False,26.9435,26.6706,26.8021,27.4648,9.4872,9.6476,10.0637,9.8703,4.8632,4.9023,4.8999,5.1283
C_00320,LOT_007,False,25.4606,26.1169,26.2328,27.1103,9.4844,8.9399,9.8051,9.4179,4.9274,5.4257,5.1754,5.4449
C_00321,LOT_008,False,28.5989,28.5547,28.8596,30.0153,10.6825,10.7159,10.9823,10.7834,4.5099,4.5452,4.5183,4.5088
C_00322,LOT_008,True,30.1762,37.7725,47.9014,53.1834,10.1814,15.686,22.9061,28.7075,4.2576,4.8672,5.7632,6.4745
C_00323,LOT_008,False,26.5666,26.5766,25.9453,27.2213,9.4762,9.3518,9.9034,10.1795,4.0483,4.0779,4.1406,4.2198
C_00324,LOT_008,False,28.3693,29.6224,29.2422,29.2999,10.4148,9.8843,10.1074,11.0067,4.5662,4.5194,4.6678,4.7623
C_00325,LOT_008,False,28.5695,29.2691,29.5629,29.5337,11.1725,11.3634,11.3814,11.8838,3.7834,3.7969,3.8394,4.0344
C_00326,LOT_008,False,28.2556,29.3836,28.9448,29.4817,10.3148,10.4093,10.743,10.7505,3.9197,3.9577,4.1403,4.0145
C_00327,LOT_008,False,26.4335,27.3121,27.7722,27.7853,9.5622,9.7078,9.8975,9.992,4.0488,4.0618,4.1935,4.2421
C_00328,LOT_008,False,28.8985,29.9426,28.9738,29.4481,10.3857,10.4015,10.8033,10.6762,4.2261,4.4088,4.279,4.4344
C_00329,LOT_008,False,26.8075,27.5127,27.9315,27.9273,10.3811,10.0797,10.5351,10.7067,4.4483,4.5697,4.703,4.7231
C_00330,LOT_008,False,28.7237,29.1822,31.0714,29.8512,10.494,10.9329,10.9171,11.1406,3.9096,4.0713,4.0208,3.9284
C_00331,LOT_008,False,28.7107,28.9349,29.4166,29.6515,9.9994,10.3776,10.22,10.6157,4.1589,4.1865,4.188,4.2779
C_00332,LOT_008,False,27.6289,28.2018,27.183,28.179,9.905,9.7269,9.9547,9.9758,4.6155,4.5838,4.535,4.5225
C_00333,LOT_008,False,25.8027,27.046,26.906,27.2633,10.4684,10.4243,11.3061,11.8133,4.2362,4.325,4.3542,4.4349
C_00334,LOT_008,False,29.0475,30.321,29.9401,30.272,8.5728,8.9029,9.0,8.9673,4.0712,4.0988,4.1317,4.0021
C_00335,LOT_008,False,27.4277,27.0917,27.9971,28.0489,9.5377,9.7464,10.1201,10.2751,3.7728,3.7477,3.8699,3.7679
C_00336,LOT_008,False,25.5381,24.9178,25.8683,24.9437,8.4319,8.7282,9.0019,9.4187,4.1485,4.2962,4.1218,4.1957
C_00337,LOT_008,False,28.344,28.6466,29.6162,28.8041,9.6204,9.6867,10.0258,10.1124,4.3754,4.3079,4.6637,4.6267
C_00338,LOT_008,False,28.5447,27.6515,28.9429,30.4287,10.8513,10.6206,11.0193,11.4136,3.8543,3.7224,3.7512,3.8215
C_00339,LOT_008,False,28.6492,28.5126,29.0918,30.5583,9.9632,10.2495,10.4162,10.913,4.0822,4.2537,4.4129,4.341
C_00340,LOT_008,False,24.9723,25.668,27.4102,26.7699,8.293,8.486,8.4614,8.5945,4.261,4.0217,4.1904,4.2577
C_00341,LOT_008,False,28.6158,29.4908,29.3939,30.0664,9.4512,9.5171,9.9582,9.6188,3.7883,3.8026,3.7449,3.9096
C_00342,LOT_008,False,29.0837,28.5479,29.7226,29.6534,10.2203,10.3493,10.4748,11.3261,3.9179,4.1789,4.1073,4.0901
C_00343,LOT_008,False,28.0282,28.5597,28.6768,29.055,10.3433,10.6174,10.8812,10.9438,3.9879,4.0837,4.1991,4.1682
C_00344,LOT_008,False,31.0292,31.2374,30.2382,32.3592,10.4152,10.5108,10.7302,10.8968,3.9196,4.2008,4.0092,4.2117
C_00345,LOT_008,False,28.609,28.5117,29.5256,29.1992,9.7766,9.6987,10.0313,10.4378,3.8332,3.8471,4.0309,3.9475
C_00346,LOT_008,False,27.9052,28.4394,27.8081,28.9871,9.5746,10.1256,10.3641,10.4371,4.0222,4.0443,4.2097,4.1654
C_00347,LOT_008,False,29.7498,29.3683,29.0143,28.8336,10.3569,10.7301,10.4541,10.6957,3.7969,3.7285,3.7192,3.7962
C_00348,LOT_008,False,29.1569,28.313,29.1993,29.312,10.0447,10.1078,10.3459,10.8032,4.2346,3.899,4.0214,4.016
C_00349,LOT_008,False,28.1456,29.1528,29.2926,29.3018,9.5579,9.3364,9.7212,9.7005,4.2595,4.4435,4.347,4.4825
C_00350,LOT_008,False,27.792,28.2584,27.3671,27.5651,9.9154,9.8696,10.3791,9.8618,3.8335,3.7675,3.8276,3.9819
C_00351,LOT_008,False,27.1513,28.8416,27.8877,29.3263,8.7502,9.1736,9.2121,9.0467,3.972,4.0894,3.9172,4.1461
C_00352,LOT_008,False,24.6072,25.3097,25.5604,25.4663,9.6386,9.8506,10.2274,10.6112,3.6064,3.7033,3.8033,3.7213
C_00353,LOT_008,False,27.423,28.1944,28.6937,28.8406,9.3879,9.2019,9.4653,9.8597,3.9901,4.2806,4.1256,4.2217
C_00354,LOT_008,False,26.7342,27.7246,28.226,27.8175,9.7871,9.8695,10.377,10.0597,3.6917,3.8332,3.8384,3.8783
C_00355,LOT_008,False,29.5502,29.5241,30.9657,29.8652,9.3509,9.05,9.8459,9.6406,4.2213,4.1174,4.3669,4.4043
C_00356,LOT_008,False,27.7773,28.8653,29.1011,29.0021,10.0928,10.8641,11.021,11.1869,4.2794,4.3474,4.4468,4.1444
C_00357,LOT_008,False,26.4256,26.6409,26.6789,27.8181,9.5405,9.9376,9.7638,9.9506,4.1115,4.0963,4.1886,4.2836
C_00358,LOT_008,False,25.5053,25.6797,26.9605,26.7954,10.2242,10.6294,10.6303,11.0554,4.1417,3.9697,3.9536,4.1471
C_00359,LOT_008,False,27.6764,29.7219,29.5121,29.7767,11.503,11.285,11.4511,11.9468,3.6594,3.7341,3.7944,3.9392
C_00360,LOT_008,False,24.0638,25.8611,25.7603,27.1695,10.6281,10.4709,10.9813,10.9346,3.9934,4.0282,3.9943,4.0689
C_00361,LOT_009,False,25.2867,24.5966,25.3525,27.4794,11.7248,11.8906,11.8393,11.6238,4.1179,4.21,4.1234,4.3462
C_00362,LOT_009,False,26.8899,27.1019,27.0662,28.017,11.5495,11.3037,11.9047,11.5123,4.4538,4.4487,4.5198,4.4681
C_00363,LOT_009,False,25.8607,26.9485,26.5218,27.1693,10.9894,11.6404,11.0093,11.4794,3.9136,3.8135,4.0008,3.852
C_00364,LOT_009,False,27.629,27.5773,28.6927,29.0571,10.2117,10.4242,10.6404,10.2651,4.715,4.7139,4.7618,4.7485
C_00365,LOT_009,False,26.9589,25.3538,26.5673,27.8113,9.8855,10.2721,10.0149,10.2469,4.7093,4.7616,4.7065,4.7658
C_00366,LOT_009,False,25.5398,26.6847,27.3994,27.7626,11.625,11.7386,12.5862,12.6469,4.8083,4.5436,4.6349,4.7824
C_00367,LOT_009,False,26.9742,28.2192,30.2295,28.7582,12.8224,12.3299,12.7322,12.874,4.4304,4.4151,4.4785,4.6504
C_00368,LOT_009,False,22.1966,21.853,21.9826,22.8553,10.7803,10.5024,11.1417,11.2902,4.1824,4.3866,4.3733,4.4521
C_00369,LOT_009,False,23.8791,24.8957,25.2068,24.599,10.6347,10.8508,11.0266,10.8997,4.6548,4.7232,4.7002,4.7681
C_00370,LOT_009,False,23.973,24.7707,24.5315,25.7711,10.9112,11.0747,11.1867,11.1813,4.2693,4.4481,4.5984,4.5163
C_00371,LOT_009,False,26.2629,26.4561,27.8063,27.1596,10.0139,10.0813,10.2607,10.3774,3.9848,3.9158,4.1766,3.9672
C_00372,LOT_009,False,25.8795,26.2461,25.4429,26.7703,11.1494,11.0714,11.6659,11.4456,4.111,4.2358,4.1835,4.3894
C_00373,LOT_009,False,26.5541,26.7837,28.7292,28.6196,10.5173,11.0368,10.917,11.0642,4.2533,4.344,4.4048,4.3792
C_00374,LOT_009,False,24.4915,24.0542,24.0367,24.5177,10.8526,11.1219,11.3295,11.4035,4.0661,4.131,4.1318,4.305
C_00375,LOT_009,False,25.6638,26.5138,25.6234,26.3316,11.0389,11.2395,11.0832,11.6566,4.8532,4.6779,4.7535,4.6411
C_00376,LOT_009,False,27.1219,26.7772,27.9163,27.9476,10.7755,10.8275,11.0409,11.2595,4.8972,4.7712,4.8713,4.8686
C_00377,LOT_009,False,23.4343,23.1483,24.2398,24.9208,10.7275,10.8805,10.7951,11.4004,4.2492,4.0194,4.4142,4.3034
C_00378,LOT_009,False,25.5076,25.8839,26.0893,26.271,10.6788,10.9891,10.9194,11.0861,4.2638,4.5562,4.5536,4.4731
C_00379,LOT_009,False,25.3095,25.846,25.357,25.7169,10.1745,10.6395,10.4927,10.4352,4.8194,4.9072,5.0693,4.9667
C_00380,LOT_009,False,26.2719,25.2949,26.5332,27.1856,10.9503,10.7889,11.2549,11.1648,5.0771,4.8675,4.9391,5.0036
C_00381,LOT_009,True,26.6072,33.0422,43.6745,49.856,11.8325,16.5558,23.1519,27.5636,4.7476,5.1214,5.4792,5.607
C_00382,LOT_009,False,27.2691,27.4739,27.4823,28.0707,10.6698,10.8262,11.418,11.3903,4.7439,4.7715,4.9493,4.9184
C_00383,LOT_009,False,27.8268,28.2026,27.9571,28.486,11.1032,11.3172,11.422,11.1029,4.5038,4.8393,4.7868,4.6658
C_00384,LOT_009,False,24.6574,25.4344,25.7728,25.3607,11.3916,11.217,11.2542,11.7063,4.1463,4.0894,4.1802,4.2964
C_00385,LOT_009,False,26.5617,26.2602,26.6949,26.9241,9.5742,9.9737,10.1126,10.3114,3.9769,4.0126,3.949,3.9787
C_00386,LOT_009,False,23.1693,24.1413,24.3872,24.2495,12.2164,12.519,12.6334,12.714,4.4049,4.1756,4.1886,4.375
C_00387,LOT_009,False,25.8039,26.521,27.4491,27.8523,11.1574,11.1699,11.7618,11.4486,4.5035,4.6763,4.6297,4.5674
C_00388,LOT_009,False,25.8764,26.0895,27.3878,28.0675,10.6337,10.2842,10.5005,11.1633,4.1375,4.1241,4.2707,4.2939
C_00389,LOT_009,False,23.4808,23.4076,24.9428,24.1917,11.061,11.1352,11.0421,11.1886,4.2713,4.4858,4.4083,4.416
C_00390,LOT_009,False,25.6321,25.9869,26.5873,26.6236,11.8626,11.3628,11.9672,12.1335,4.2992,4.3644,4.4993,4.3227
C_00391,LOT_009,False,23.9311,26.0456,26.3782,27.1546,10.4578,10.0232,10.1645,10.2913,4.6653,4.8648,4.7647,4.7259
C_00392,LOT_009,False,25.5511,26.7722,27.716,26.872,11.6334,12.2212,12.0395,12.4042,3.9256,3.9977,3.9415,3.9728
C_00393,LOT_009,False,26.7341,27.02,27.6912,28.0129,11.572,12.0281,11.9149,11.9465,3.7008,3.7478,3.8188,3.7814
C_00394,LOT_009,False,25.823,27.3934,26.8342,26.3917,10.9684,11.6799,11.6084,12.0944,4.1928,4.2644,4.2969,4.2872
C_00395,LOT_009,False,25.3716,25.9216,26.8746,26.7266,11.5861,11.2182,11.499,11.7435,4.3822,4.3018,4.2471,4.4279
C_00396,LOT_009,False,26.7118,27.6595,27.3944,28.7876,11.4686,12.6062,12.4817,12.5465,4.3947,4.3617,4.5364,4.618
C_00397,LOT_009,False,26.5484,27.0683,28.4969,29.8889,10.9129,11.1273,11.4647,11.3166,4.2422,4.362,4.2577,4.2483
C_00398,LOT_009,False,25.3017,25.0052,24.733,24.9052,11.2319,11.1699,11.4546,11.567,3.9885,3.9976,4.0104,4.0706
C_00399,LOT_009,False,23.3586,23.6979,24.8214,25.1408,9.4227,9.5397,9.1291,9.4185,4.8029,4.8283,4.7603,4.7643
C_00400,LOT_009,False,26.0143,26.5695,26.4403,27.3506,12.0667,12.2085,12.1137,12.7954,4.0055,4.0427,4.142,4.0103
C_00401,LOT_010,False,24.2434,24.6653,24.7993,24.3556,11.1545,11.1008,10.9377,11.4436,3.0969,3.0646,2.9823,3.0345
C_00402,LOT_010,False,26.4648,27.411,27.3783,26.7905,9.2933,9.2168,9.8,9.6511,3.3,3.486,3.464,3.4181
C_00403,LOT_010,False,27.5943,29.3722,28.6621,29.2944,9.3213,9.4825,9.3989,9.9506,3.7335,3.7951,3.7807,3.8203
C_00404,LOT_010,False,27.6468,29.3344,28.1942,28.4848,9.4376,10.0469,10.5131,10.4114,3.6883,3.7043,3.6719,3.6234
C_00405,LOT_010,False,25.8645,26.3244,26.9613,28.1905,10.3736,10.9079,10.924,10.9328,3.8629,3.6824,3.5926,3.7848
C_00406,LOT_010,False,29.7134,29.9136,29.1324,29.2406,10.7231,11.2236,11.3098,11.7283,3.7422,3.8,3.7846,3.6867
C_00407,LOT_010,False,27.872,27.2115,27.5285,26.4943,10.9404,10.7068,11.1275,10.84,3.2639,3.4396,3.4685,3.5435
C_00408,LOT_010,False,26.2416,28.2358,27.9306,28.2207,8.9974,8.4539,8.9368,9.3241,3.3786,3.4945,3.3637,3.3019
C_00409,LOT_010,False,26.1371,26.9074,27.0891,28.3261,9.1413,9.5078,9.868,9.6997,3.6689,3.5987,3.705,3.7436
C_00410,LOT_010,True,29.6558,36.9259,43.8496,49.962,10.5088,17.9794,27.0252,32.3885,3.8028,3.8378,4.0622,4.2346
C_00411,LOT_010,False,28.3789,29.115,28.6163,29.8291,9.5775,10.1786,9.8021,10.023,3.6619,3.8155,3.5864,3.8418
C_00412,LOT_010,False,26.4477,27.0671,26.8492,27.0307,9.7875,9.873,9.9287,9.9814,3.1875,3.2526,3.0811,3.1668
C_00413,LOT_010,False,27.6389,26.8317,27.9453,27.971,10.073,10.5344,10.5185,10.3991,3.631,3.7397,3.6302,3.6131
C_00414,LOT_010,False,25.4074,25.9931,26.4973,26.2821,10.5828,10.1936,10.5983,10.9192,3.2961,3.3655,3.367,3.3968
C_00415,LOT_010,False,26.552,26.6732,26.7714,26.4626,8.7802,9.2841,9.5433,9.5425,3.6353,3.7664,3.6205,3.7735
C_00416,LOT_010,False,28.8597,29.4493,29.5112,31.4961,11.2896,11.1974,11.1,11.344,3.561,3.6745,3.501,3.6009
C_00417,LOT_010,False,26.2191,25.3768,26.3673,25.9099,11.3374,11.1602,11.3446,11.6727,3.8017,3.8337,3.973,3.9042
C_00418,LOT_010,False,27.6736,26.4891,28.6602,26.95,11.1396,11.7033,10.8066,11.5183,3.7799,3.8245,3.8626,3.7902
C_00419,LOT_010,False,30.3125,30.966,31.1032,30.7048,9.5465,9.7506,9.9891,9.9772,3.4399,3.6407,3.5969,3.573
C_00420,LOT_010,False,26.0078,24.9245,25.5685,26.3601,10.3947,10.1945,10.6268,10.7648,3.7133,3.4589,3.4506,3.6087
C_00421,LOT_010,False,26.713,26.3062,26.4825,27.6403,10.049,10.4128,10.3801,10.7528,3.1575,3.1138,3.2507,3.2183
C_00422,LOT_010,False,25.1198,26.1345,26.3083,26.2991,10.1356,10.4924,10.4802,10.7399,3.5172,3.4676,3.5823,3.5316
C_00423,LOT_010,False,28.1029,29.7902,29.7075,29.292,9.9898,10.1233,10.5328,10.0332,3.5736,3.5626,3.643,3.6049
C_00424,LOT_010,False,26.6706,26.568,27.2556,27.2911,8.9808,9.1989,9.0453,9.3481,3.3817,3.4399,3.3871,3.4461
C_00425,LOT_010,False,24.3695,23.5463,24.6404,24.4978,9.4112,9.4856,10.2886,9.6935,3.5587,3.5372,3.4769,3.5223
C_00426,LOT_010,False,27.4907,27.5994,29.5363,27.4156,10.4563,10.5781,10.9248,11.0121,3.9332,3.6811,3.7139,3.7771
C_00427,LOT_010,False,29.8117,29.4186,29.1075,31.3771,10.5016,10.4942,10.9464,10.7336,3.3722,3.3671,3.2953,3.3383
C_00428,LOT_010,False,25.1741,26.2105,25.6648,25.7551,10.5428,10.7749,10.6119,10.6392,3.4473,3.3741,3.4173,3.424
C_00429,LOT_010,False,30.8916,30.703,31.9041,31.7261,10.3967,10.4595,10.8326,10.7347,3.8935,4.0348,3.8079,4.0757
C_00430,LOT_010,False,25.8039,27.5716,26.9122,26.5592,9.5033,9.2625,9.5786,9.8208,3.3792,3.458,3.3742,3.3858
C_00431,LOT_010,False,26.1279,26.1519,27.4772,27.676,9.1784,9.6643,9.4591,10.0054,3.9027,3.9269,3.958,4.061
C_00432,LOT_010,False,27.0595,27.7617,28.1581,27.8908,9.5076,9.2176,10.076,10.1056,3.7538,3.6532,3.7918,3.6727
C_00433,LOT_010,False,25.5271,25.768,26.8108,27.0006,8.983,9.2028,9.6074,9.3226,3.2262,3.2712,3.3832,3.19
C_00434,LOT_010,False,29.0149,28.2235,29.0731,30.3819,10.5188,10.1359,10.8179,10.821,3.4682,3.4701,3.5922,3.5879
C_00435,LOT_010,True,27.9965,36.6567,47.3156,53.8296,10.9588,14.2231,18.4628,20.5652,3.3601,3.6415,4.0738,4.1564
C_00436,LOT_010,False,28.81,28.5691,30.2385,30.6633,9.3492,9.3005,9.5561,9.5827,3.9188,3.909,3.8093,3.9578
C_00437,LOT_010,False,30.0327,29.7042,30.2764,31.0432,10.3548,10.6685,10.0258,10.7095,3.4582,3.5867,3.5653,3.5496
C_00438,LOT_010,False,25.6679,25.5198,25.8567,26.8662,10.0556,9.7653,9.8373,10.3515,3.0216,3.1272,3.0613,3.08
C_00439,LOT_010,False,26.7276,26.05,25.3083,25.9257,9.7701,10.1992,10.2406,10.3978,3.6796,3.6947,3.7147,3.8054
C_00440,LOT_010,False,28.331,28.5356,30.1364,30.1268,9.1403,9.5131,9.5172,9.6814,3.9487,3.9133,3.9748,3.9643
C_00441,LOT_011,False,26.7724,26.2815,25.9192,26.9603,9.9257,10.5217,11.073,11.3363,4.3513,4.4519,4.3676,4.5035
C_00442,LOT_011,True,23.0303,29.3119,39.2297,46.3084,9.4014,22.4651,45.0453,62.6976,4.2924,4.7743,5.4295,6.3097
C_00443,LOT_011,False,24.4264,26.1203,25.1646,26.8748,11.7519,11.2263,12.6314,13.5172,4.3944,4.4574,4.3721,4.5574
C_00444,LOT_011,False,25.0048,25.2377,25.7673,24.7718,9.3328,9.3057,10.0288,9.9087,3.722,3.7043,3.7848,3.6808
C_00445,LOT_011,False,24.9171,25.1181,26.435,26.934,9.7592,9.8729,9.9066,10.4179,4.207,4.1662,4.2646,4.2249
C_00446,LOT_011,False,23.7803,24.0358,24.0471,24.7388,10.2006,10.6442,10.701,11.1791,4.0078,4.0301,3.9514,4.1642
C_00447,LOT_011,False,23.3912,23.1024,24.5168,24.2362,10.6716,11.2114,11.853,12.154,4.1809,4.2452,4.3021,4.295
C_00448,LOT_011,False,24.5305,25.2793,26.7049,27.1232,11.0493,11.5326,12.0798,12.1717,4.2187,4.0715,4.1927,4.3903
C_00449,LOT_011,False,23.929,23.7929,24.8618,25.4776,9.8341,10.1407,10.5389,11.0404,4.2055,4.3367,4.1663,4.2786
C_00450,LOT_011,False,24.5805,23.6459,24.9388,25.4892,10.0771,9.974,10.1535,10.7831,4.3087,4.3435,4.2397,4.4586
C_00451,LOT_011,False,24.6962,25.5482,25.6054,24.7538,10.7081,11.081,11.2107,11.2118,4.013,4.1404,4.1707,4.228
C_00452,LOT_011,False,25.2136,25.9999,26.1182,26.437,11.3316,11.3471,12.1781,12.4489,4.3629,4.2277,4.4644,4.4594
C_00453,LOT_011,True,25.9317,38.3111,54.2653,64.7722,9.751,15.7589,24.9764,32.8298,3.6209,4.1142,4.5379,4.974
C_00454,LOT_011,False,24.7856,24.9963,26.6008,26.8932,10.1033,10.6852,10.5241,11.029,4.0071,4.0454,4.1678,4.2643
C_00455,LOT_011,False,24.1993,24.2553,24.581,24.6929,10.3015,10.3557,11.0147,10.8757,4.5399,4.5965,4.612,4.7427
C_00456,LOT_011,False,23.1861,23.0478,24.0066,24.7704,11.3092,11.2884,12.3734,12.09,4.0593,4.1777,4.2057,4.1362
C_00457,LOT_011,False,24.5828,25.1651,24.7939,27.1914,10.5283,10.6163,11.1015,11.7642,4.3592,4.5092,4.7403,4.6299
C_00458,LOT_011,False,24.7216,25.4377,25.033,26.9212,8.9995,9.4072,9.7837,10.3485,3.9648,3.8642,4.0572,3.9074
C_00459,LOT_011,False,22.8814,24.3447,23.7521,23.2723,10.0233,9.5254,9.9666,10.0657,3.8984,3.9426,4.0367,4.1656
C_00460,LOT_011,False,23.022,23.5828,23.8488,23.7782,11.4703,11.255,11.4872,12.312,3.9961,4.2458,4.0901,4.1425
C_00461,LOT_011,False,23.8641,24.5671,24.2392,25.8277,11.1129,11.561,12.0814,12.2336,3.8861,3.876,3.9301,3.956
C_00462,LOT_011,False,23.8054,23.343,23.999,24.8786,9.9025,10.0949,10.7005,10.6683,3.7947,4.0535,3.8542,3.95
C_00463,LOT_011,False,23.1909,23.5607,24.5887,23.8458,10.7456,10.821,11.2168,12.0426,4.0672,4.1275,4.1515,4.1095
C_00464,LOT_011,False,23.2976,23.4022,24.6747,25.4671,9.644,9.4572,9.5931,10.0062,4.1629,4.1042,4.2392,4.363
C_00465,LOT_011,True,24.7522,31.915,42.1695,50.3395,10.8694,15.7295,24.4917,30.4649,4.3565,5.1399,6.0252,6.6587
C_00466,LOT_011,False,23.2863,23.5469,24.7229,24.3376,10.8742,10.9156,11.4243,11.6719,4.1999,4.6005,4.5548,4.5687
C_00467,LOT_011,False,25.0691,25.6596,26.3413,26.1883,10.4286,10.5647,10.9214,11.3174,3.8914,3.9568,3.7886,3.8722
C_00468,LOT_011,False,23.5958,24.9989,24.9453,25.5903,10.6158,11.1808,11.3045,11.4067,4.2907,4.3434,4.3781,4.2185
C_00469,LOT_011,False,24.7857,24.7778,24.443,25.7477,10.3728,10.448,10.5214,10.9315,3.9879,3.9867,4.032,4.1234
C_00470,LOT_011,False,20.8803,21.7273,22.2846,21.0193,10.1548,10.5422,10.7642,11.0426,3.8273,4.0747,3.979,3.9915
C_00471,LOT_011,False,24.1081,24.2007,24.9526,26.3758,10.1316,10.514,11.4897,11.4776,4.4398,4.621,4.6678,4.7558
C_00472,LOT_011,False,23.9586,24.6914,24.5583,25.3764,10.4143,10.4174,10.9994,11.2864,4.1114,4.0848,4.0706,4.1659
C_00473,LOT_011,False,25.7718,24.8993,25.2162,25.5328,10.7899,11.2984,11.1955,12.3939,4.2361,4.1793,4.3138,4.2121
C_00474,LOT_011,False,21.9439,21.6782,22.5753,22.3033,9.8153,10.0562,10.5202,10.9358,3.9406,3.9071,4.0416,4.0399
C_00475,LOT_011,False,26.0618,26.5895,26.7984,26.8922,10.3159,10.6356,10.9123,11.0773,4.1508,4.1089,4.0908,4.1365
C_00476,LOT_011,False,23.4794,24.0134,23.7213,24.4795,11.5299,11.707,11.91,11.9939,4.1808,4.1103,4.1567,4.1942
C_00477,LOT_011,False,25.054,24.7892,25.825,26.1953,9.1608,9.4148,9.9174,10.1876,3.9249,3.9593,3.8707,4.0666
C_00478,LOT_011,False,24.3264,25.5745,23.9465,25.2376,11.3747,11.6448,11.7603,11.8679,4.4385,4.433,4.5488,4.4364
C_00479,LOT_011,False,23.3502,23.1378,23.249,24.3685,10.9715,11.0862,11.0196,11.2146,3.9389,4.0903,3.9955,4.1506
C_00480,LOT_011,False,23.6161,24.7227,24.725,24.6556,9.8416,10.3763,10.7415,10.6111,4.1029,4.3067,4.3389,4.325
C_00481,LOT_012,False,23.2067,23.5226,24.2214,24.4476,9.3551,9.3698,9.6348,9.7809,4.6627,4.5575,4.9021,4.7905
C_00482,LOT_012,True,24.133,33.8187,46.2304,54.8745,9.6441,12.4948,17.1346,20.8536,4.5757,5.4492,6.1119,6.7817
C_00483,LOT_012,False,22.038,22.7024,22.3868,22.4247,9.9935,10.3983,10.2987,10.7409,4.6147,4.6887,4.6484,4.8045
C_00484,LOT_012,False,21.3612,20.8198,21.1778,21.0291,9.3264,8.8688,9.4659,9.7718,4.5156,4.571,4.6601,4.5993
C_00485,LOT_012,False,20.0996,20.8417,21.4264,20.9808,9.9511,10.3632,10.1879,10.5817,4.6502,4.7838,4.6136,4.6284
C_00486,LOT_012,False,22.3289,22.6466,22.7283,23.0819,9.1179,9.6021,10.1554,10.2807,4.5129,4.5654,4.5335,4.4371
C_00487,LOT_012,False,21.34,22.3576,22.3359,22.883,8.557,8.6874,8.7224,8.6985,4.0333,4.0894,4.0481,4.1083
C_00488,LOT_012,False,24.6504,23.8745,24.644,25.0664,8.2075,8.0293,8.4452,8.3377,4.4018,4.3401,4.4612,4.5485
C_00489,LOT_012,False,21.2061,20.9439,21.8839,22.4303,9.451,9.3461,9.6562,10.0043,3.8696,4.0772,3.9629,4.0384
C_00490,LOT_012,False,20.349,20.6735,21.0545,21.3734,8.3631,7.9792,8.297,8.3451,3.9351,4.0294,4.0722,4.0366
C_00491,LOT_012,False,22.5692,22.975,23.1135,24.2929,9.9669,10.3026,11.3007,11.4352,4.064,4.0513,4.1277,4.2176
C_00492,LOT_012,False,23.356,23.3949,24.5187,24.6587,8.9376,8.8545,9.0812,9.259,4.6495,4.6686,4.633,4.8667
C_00493,LOT_012,False,23.2202,25.1497,24.134,24.963,9.378,9.4563,9.4437,9.9003,3.8351,3.9758,3.9995,4.1944
C_00494,LOT_012,False,21.821,21.1913,21.4672,21.6822,8.4729,8.3019,8.5691,8.6943,4.8404,4.9017,4.9755,4.9352
C_00495,LOT_012,False,21.8834,22.6121,22.2711,22.6341,9.6016,9.4116,9.9312,9.8557,3.9388,4.1106,4.131,4.1247
C_00496,LOT_012,True,21.8067,32.3393,44.2411,53.8624,8.5141,14.9286,25.1866,32.9121,4.0285,4.8848,5.5189,6.2258
C_00497,LOT_012,False,24.2342,23.852,24.3015,24.6403,9.157,9.6902,10.0709,10.0414,4.2232,4.4962,4.5153,4.4691
C_00498,LOT_012,False,24.149,23.4871,24.9751,25.5952,8.3279,8.1512,8.8854,9.0876,4.2026,4.4727,4.5202,4.3938
C_00499,LOT_012,False,24.4264,24.6289,24.9129,25.7924,8.2007,8.6919,8.9442,9.1235,4.4561,4.4862,4.5007,4.6432
C_00500,LOT_012,False,23.4433,23.4049,25.2114,25.0602,9.8126,9.5802,9.7647,9.8373,4.3238,4.3665,4.2269,4.4018
C_00501,LOT_012,False,20.6433,20.5895,21.0961,21.3988,10.4023,10.2645,10.6906,10.862,4.2571,4.366,4.4889,4.619
C_00502,LOT_012,False,26.1391,25.9633,26.1261,27.9922,9.6562,10.1946,10.1496,10.5436,4.5718,4.7725,4.7095,4.4371
C_00503,LOT_012,False,21.9834,23.207,22.9162,23.2603,9.1718,9.3823,9.4176,9.4587,4.1812,4.2714,4.3129,4.4248
C_00504,LOT_012,False,23.3335,23.4153,23.3302,23.1982,9.682,10.0321,10.4927,10.8033,4.1438,4.0076,4.1199,4.2106
C_00505,LOT_012,False,21.8618,22.5581,22.4,23.013,9.2323,9.4145,9.3719,9.6246,4.9584,4.8129,4.7703,4.8147
C_00506,LOT_012,False,20.9078,20.4031,21.544,21.2875,9.6299,10.0499,9.948,10.2836,4.2024,4.5255,4.2507,4.4821
C_00507,LOT_012,False,22.0347,22.703,23.3611,23.9975,8.8668,8.889,9.2717,9.0798,4.2958,4.264,4.3024,4.3462
C_00508,LOT_012,False,21.1046,21.3631,21.8045,21.7437,8.1589,8.6865,8.7577,9.2925,4.2174,4.2589,4.1476,4.3591
C_00509,LOT_012,False,23.8977,24.5827,25.9669,25.1957,9.9299,9.6061,9.697,9.78,3.8481,3.8361,3.9515,3.8506
C_00510,LOT_012,False,19.0034,19.781,19.9204,20.0525,8.9793,9.0488,9.0947,9.083,3.7689,3.7287,3.803,3.9523
C_00511,LOT_012,False,21.7655,21.484,22.2398,21.4069,9.256,9.6862,9.9362,10.39,3.8723,3.9704,4.0094,3.9033
C_00512,LOT_012,True,21.3497,28.351,38.8491,45.4049,9.0648,15.5457,25.9403,33.3858,4.5468,4.9433,5.6044,6.2587
C_00513,LOT_012,False,18.3249,18.4015,18.39,19.2809,9.0576,9.0966,9.3475,9.2939,4.4576,4.354,4.5132,4.3406
C_00514,LOT_012,False,22.9012,22.7773,23.6874,22.8178,8.5954,9.1524,9.8925,9.969,4.4049,4.4919,4.7352,4.6419
C_00515,LOT_012,False,21.3656,22.5677,21.678,22.7889,8.5311,8.6935,8.8659,8.7943,3.983,3.9572,3.9488,4.0985
C_00516,LOT_012,False,19.837,21.0113,20.6791,20.1091,8.3679,8.3387,8.7119,8.7871,4.2866,4.1235,4.292,4.3795
C_00517,LOT_012,False,20.2055,20.3306,20.7099,20.4893,8.1145,8.4903,8.3863,8.5773,4.1704,4.0988,4.125,4.2232
C_00518,LOT_012,True,19.971,25.6275,32.737,38.0804,8.1078,10.651,15.3834,18.5674,4.3462,4.9176,5.654,6.0904
C_00519,LOT_012,False,23.9553,24.2643,24.5082,23.4839,8.7697,8.8207,9.3749,9.3803,4.1406,4.1611,4.103,4.0454
C_00520,LOT_012,False,23.2175,24.6786,24.5589,24.1125,9.9074,10.4659,10.3442,10.3976,3.7031,3.7946,3.8396,3.899
C_00521,LOT_013,False,22.6458,22.5942,22.9728,22.9179,11.8578,12.7758,13.4865,14.5738,4.5465,4.4638,4.4767,4.6411
C_00522,LOT_013,False,25.5003,26.2226,25.5768,26.1401,11.8878,12.4443,12.8113,13.637,4.4338,4.4372,4.5345,4.4358
C_00523,LOT_013,False,25.0074,24.964,24.6744,26.3306,12.8742,13.093,13.1776,13.2033,4.5673,4.6114,4.5566,4.5962
C_00524,LOT_013,False,23.5893,23.5238,25.0368,24.5111,12.6165,12.4873,13.2714,13.7833,4.4897,4.4084,4.3444,4.4311
C_00525,LOT_013,False,28.2238,27.9665,28.5812,28.8456,12.3523,12.4027,12.9523,12.9436,4.3138,4.2516,4.2609,4.0782
C_00526,LOT_013,False,23.0416,22.751,23.0558,23.1692,13.3048,14.2524,15.79,17.7737,3.9961,4.0828,4.0508,4.198
C_00527,LOT_013,False,23.8608,24.8942,25.1073,24.715,10.8799,11.3866,11.6559,12.1452,4.7099,4.7422,4.685,4.6393
C_00528,LOT_013,False,26.2159,25.131,24.5043,25.7141,12.048,12.1044,12.1075,11.8874,4.4092,4.5231,4.4635,4.6387
C_00529,LOT_013,False,23.637,22.2876,22.9751,23.3986,11.5886,11.7698,12.0178,12.16,4.3089,4.4231,4.5382,4.5233
C_00530,LOT_013,False,24.53,23.8305,24.8153,25.0678,11.8584,12.0935,12.2284,12.945,4.6154,4.5748,4.6568,4.7496
C_00531,LOT_013,False,21.8887,22.5326,23.0128,23.8552,11.5066,11.6492,12.008,12.8638,4.513,4.3367,4.396,4.3219
C_00532,LOT_013,False,24.2071,23.7209,25.2851,24.3845,13.0873,13.4205,13.5629,13.6321,4.4604,4.5762,4.4441,4.4863
C_00533,LOT_013,False,21.4687,22.1019,22.3603,22.5182,12.2463,12.6767,12.8125,13.857,4.2071,4.0919,4.2032,4.3279
C_00534,LOT_013,False,23.5462,23.0121,23.3391,23.4349,11.3055,11.2894,11.8484,12.2393,4.1131,4.2319,4.2596,4.0309
C_00535,LOT_013,False,23.124,22.8689,24.0332,24.3968,11.7733,12.7221,12.7907,12.6918,4.4005,4.3246,4.3842,4.4306
C_00536,LOT_013,False,24.6358,24.8606,26.9987,26.3111,12.1984,12.252,13.239,12.8271,4.3937,4.6597,4.5326,4.4613
C_00537,LOT_013,False,23.8129,23.3442,24.2128,24.6764,11.7782,11.3892,12.4748,12.6149,4.7826,4.6695,4.6256,4.6079
C_00538,LOT_013,False,25.7363,25.0567,26.5136,26.6709,11.2921,11.895,12.2832,12.9186,4.7417,4.6417,4.7205,4.6885
C_00539,LOT_013,False,22.9531,24.5328,25.3441,25.1683,11.9653,12.4818,12.3879,12.9157,4.7035,4.915,4.7095,4.7174
C_00540,LOT_013,False,25.946,26.0398,26.7936,26.6133,12.7495,13.0769,13.6592,13.4185,3.8092,3.9425,3.8026,3.9497
C_00541,LOT_013,False,25.7787,24.8156,25.1397,25.3484,11.9117,12.2989,12.6518,12.6907,4.1055,4.128,4.1157,4.0693
C_00542,LOT_013,False,24.2923,24.2553,25.2249,24.8054,12.8521,13.0484,13.8375,13.6891,4.6021,4.4364,4.6129,4.5741
C_00543,LOT_013,False,25.2229,25.5817,26.0602,26.4078,12.461,12.2448,12.4634,12.9957,4.6855,4.7884,4.5724,4.5888
C_00544,LOT_013,False,22.0831,23.1633,22.9016,23.1016,13.0239,13.2063,13.6108,13.394,4.4006,4.3748,4.4918,4.5386
C_00545,LOT_013,False,22.9535,24.0065,24.9156,25.4514,10.7093,11.4722,11.5225,12.2348,3.9545,3.9499,4.029,4.0677
C_00546,LOT_013,False,24.2384,26.4283,25.9601,27.0058,12.7891,12.5422,13.0643,13.7014,3.9158,3.9117,3.9347,3.8378
C_00547,LOT_013,False,27.0851,26.6162,26.632,26.8511,11.9372,11.8437,12.6044,13.5424,4.5505,4.4849,4.6904,4.4595
C_00548,LOT_013,False,27.0146,28.9259,28.5274,28.8645,11.118,11.988,13.1134,13.8911,4.2791,4.3735,4.2915,4.2257
C_00549,LOT_013,False,24.3209,24.6906,24.5741,25.6522,12.0689,12.5138,13.1723,12.9721,4.4187,4.5588,4.6436,4.5893
C_00550,LOT_013,False,24.8168,25.2064,25.2442,25.7289,12.1663,12.1139,12.7682,13.2826,4.8807,4.8678,4.8693,4.9477
C_00551,LOT_013,False,23.6923,25.0678,24.7739,23.8692,12.0658,12.0192,11.842,12.6612,4.3909,4.4611,4.4487,4.34
C_00552,LOT_013,False,23.4407,23.7332,23.5011,24.002,12.0378,11.7114,12.3389,12.3971,4.5562,4.5578,4.6935,4.6281
C_00553,LOT_013,False,25.341,24.7703,26.4839,26.3383,12.6045,13.485,13.8587,14.7999,4.173,4.2587,4.2026,4.2642
C_00554,LOT_013,False,23.0761,23.8442,23.9296,24.6434,11.5992,12.1815,12.9411,12.8761,4.1971,4.1722,4.1464,4.2561
C_00555,LOT_013,False,23.6121,22.9094,23.4041,23.6331,11.627,12.2629,12.5021,12.6127,4.6733,4.5885,4.7944,4.6852
C_00556,LOT_013,False,22.5299,23.2383,23.4697,24.2019,12.0911,12.0402,12.5731,13.3604,4.9114,4.9293,4.9329,4.8804
C_00557,LOT_013,False,25.7412,25.7746,27.2147,27.6928,11.8465,11.9226,12.5624,12.0247,4.5016,4.1867,4.4277,4.3484
C_00558,LOT_013,False,21.7338,22.0603,22.2142,23.29,11.9574,12.4463,12.8501,13.4278,4.4412,4.2176,4.3725,4.3462
C_00559,LOT_013,False,23.756,24.8242,24.4282,24.9319,12.7408,12.9898,13.712,14.0989,4.7328,4.5948,4.6724,4.6662
C_00560,LOT_013,False,26.4962,25.5833,25.6399,27.3479,11.8371,12.5168,12.9213,13.2748,4.3282,4.3663,4.4729,4.4014
C_00561,LOT_014,False,22.5143,22.9126,23.8294,23.4614,10.6185,10.63,10.8587,10.5687,4.4064,4.4383,4.3707,4.3915
C_00562,LOT_014,False,22.264,22.6283,22.1387,22.6664,10.5985,10.8115,10.7577,11.127,4.1928,4.3033,4.2742,4.0943
C_00563,LOT_014,False,22.104,22.019,22.8885,23.8758,10.4807,10.4094,10.6579,11.0414,4.6295,4.6166,4.5707,4.6648
C_00564,LOT_014,False,21.9811,21.9289,22.332,23.536,9.6651,9.6551,9.9291,10.2264,4.2688,4.1206,4.1522,4.216
C_00565,LOT_014,False,22.2101,22.0228,22.5193,22.5144,10.3385,10.5436,11.0877,10.536,4.6729,4.6574,4.6419,4.87
C_00566,LOT_014,False,23.6123,23.2207,24.5249,24.6157,10.2347,10.2998,10.4023,10.3826,4.1607,4.192,4.2967,4.4981
C_00567,LOT_014,False,24.0922,24.2251,24.4259,24.5176,10.711,10.7173,10.9036,10.7409,4.4788,4.6304,4.5389,4.4247
C_00568,LOT_014,False,25.7445,26.0255,26.23,26.6799,10.351,10.3603,10.7371,10.3967,4.7576,4.916,4.7978,4.9154
C_00569,LOT_014,False,19.1217,19.3837,20.1998,20.477,10.0203,10.2219,10.4504,10.3675,4.575,4.4824,4.5262,4.4064
C_00570,LOT_014,False,23.0247,23.9173,24.2362,24.154,10.151,10.3056,10.6995,10.8384,4.5545,4.6662,4.7574,4.887
C_00571,LOT_014,False,27.3706,27.952,27.4242,28.3151,10.9572,11.1371,11.3817,11.327,4.7799,4.9906,4.9454,5.0181
C_00572,LOT_014,False,21.748,21.5597,21.7412,22.2036,11.6199,11.437,11.6496,11.7374,4.7771,4.8841,4.8574,4.9671
C_00573,LOT_014,False,22.1777,23.8497,23.4907,23.4241,11.5883,11.7571,12.0137,11.9557,4.3172,4.3469,4.2969,4.47
C_00574,LOT_014,False,22.25,22.1478,22.8841,22.3967,9.9875,9.9302,10.2141,10.2613,4.3522,4.3312,4.5106,4.3668
C_00575,LOT_014,False,24.1739,24.2314,25.3345,24.2558,10.0003,9.9568,10.7264,10.3257,4.2524,4.3373,4.3257,4.4495
C_00576,LOT_014,False,21.4686,21.8586,21.4548,22.3119,10.6489,10.935,11.0341,10.927,4.8881,4.9302,4.8557,5.1163
C_00577,LOT_014,False,23.7436,23.8848,23.4756,23.03,10.209,10.6072,11.0589,11.8307,4.294,4.4759,4.5179,4.3709
C_00578,LOT_014,True,26.1827,33.6251,45.9949,53.8382,9.7081,12.7844,17.1732,19.2929,4.3394,4.6875,5.0614,5.2232
C_00579,LOT_014,True,24.273,33.7981,46.5325,55.2754,10.605,14.0879,18.7077,21.0527,4.7175,4.9014,5.681,5.8962
C_00580,LOT_014,False,24.6993,24.3968,24.9173,26.6589,11.1495,11.385,11.6605,11.8447,4.5373,4.5265,4.6667,4.6322
C_00581,LOT_014,True,22.0623,30.2884,41.7834,49.1732,10.2526,14.4251,18.0254,20.7151,4.2827,4.6747,5.1257,5.4207
C_00582,LOT_014,False,23.8695,25.1354,25.0756,24.2461,9.6507,10.0224,10.3101,9.9433,4.7156,4.7937,4.769,4.8359
C_00583,LOT_014,False,24.3974,24.0831,25.229,25.1616,10.2653,9.9657,10.5818,10.3994,4.8084,4.7185,4.7256,4.7997
C_00584,LOT_014,False,24.4331,24.4431,24.0642,23.5556,10.0996,9.6316,10.1843,9.9312,4.4772,4.366,4.3395,4.5119
C_00585,LOT_014,False,23.7761,23.7819,24.3584,24.8595,10.2684,10.401,11.0265,11.2563,4.4596,4.4674,4.5993,4.3887
C_00586,LOT_014,False,23.4381,24.6561,25.7466,25.3219,10.3048,10.3969,10.5379,10.8168,4.2826,4.4793,4.3559,4.3801
C_00587,LOT_014,False,21.0191,21.3555,20.6407,21.5209,9.1112,9.4019,9.7179,9.6404,4.466,4.2691,4.6682,4.6074
C_00588,LOT_014,False,25.5653,25.1615,25.6417,26.3038,10.4989,10.884,10.7297,10.7568,4.2459,4.2374,4.2481,4.0945
C_00589,LOT_014,False,23.2039,23.1543,24.2995,23.6935,10.459,10.6985,11.3825,11.2616,4.6325,4.5941,4.5993,4.6852
C_00590,LOT_014,False,24.8142,24.44,25.5882,25.9681,10.6855,10.4972,10.785,10.9267,4.7013,4.8245,4.8577,4.718
C_00591,LOT_014,False,24.3638,24.065,24.452,25.7048,9.4514,9.6926,9.7939,9.696,4.4497,4.5573,4.5974,4.5483
C_00592,LOT_014,False,23.329,22.7393,23.0642,23.6554,9.7159,9.7105,9.7148,9.3961,4.1164,4.1086,4.1251,4.211
C_00593,LOT_014,True,22.738,37.8878,56.3329,70.3559,10.3712,14.2287,19.1221,22.485,4.5567,4.8573,5.577,6.1835
C_00594,LOT_014,False,25.0259,25.9217,25.6558,25.4715,12.2305,11.5391,11.6499,11.9453,4.8611,4.941,5.0222,5.0635
C_00595,LOT_014,False,25.2731,24.0274,25.329,25.8856,10.5648,10.3899,10.3129,10.2288,4.7562,4.9437,4.9474,4.6538
C_00596,LOT_014,False,23.7271,24.5329,24.2776,24.087,10.9513,10.9217,10.9357,11.2762,4.6119,4.9224,4.8471,4.7715
C_00597,LOT_014,False,22.8704,23.3278,22.9598,23.4681,10.9032,11.5022,11.1843,11.6451,4.9228,4.9805,4.9884,4.9159
C_00598,LOT_014,False,26.5997,26.4543,26.3715,26.6883,10.6699,10.6405,10.5688,10.6589,4.4483,4.4168,4.491,4.5536
C_00599,LOT_014,False,20.8428,20.7819,21.3074,21.712,10.9276,10.9914,10.9391,10.8836,4.6171,4.7017,4.3955,4.4793
C_00600,LOT_014,False,24.1655,24.0509,23.8436,24.8362,10.4046,10.4618,10.6683,10.5116,4.3128,4.4193,4.4683,4.4936
C_00601,LOT_015,False,27.7679,27.8994,27.2342,27.813,9.9435,10.1814,10.1787,10.5899,5.0075,4.8853,5.1741,5.1559
C_00602,LOT_015,False,26.8651,27.6382,29.4176,29.0457,10.6248,10.5208,10.5854,11.0813,4.8147,4.8168,4.7438,4.7023
C_00603,LOT_015,False,23.3845,24.1165,24.8201,24.1079,11.3314,11.6604,11.683,11.8958,4.5701,4.9132,4.606,4.8967
C_00604,LOT_015,False,26.8102,25.9305,27.3447,27.4412,10.2917,10.6329,10.7759,10.8322,4.5945,4.469,4.5882,4.5239
C_00605,LOT_015,False,28.5885,28.9157,31.3637,31.3441,11.2212,11.5718,11.9117,11.959,4.5178,4.5678,4.7379,4.8919
C_00606,LOT_015,False,25.2938,25.3631,27.0327,25.3698,10.3403,10.3015,10.2402,10.3382,4.8526,4.9515,4.9475,5.1215
C_00607,LOT_015,False,28.5621,27.4807,29.3576,29.0372,10.5744,10.9104,10.4836,11.2113,5.2865,5.2667,5.1545,5.2796
C_00608,LOT_015,False,25.3636,25.2226,25.4791,25.1511,10.5475,10.394,11.0459,10.6479,4.684,4.7339,4.6887,4.5952
C_00609,LOT_015,False,25.0343,25.7592,25.5485,26.1075,10.9688,11.5764,11.047,11.2292,5.3372,5.2737,5.5143,5.5302
C_00610,LOT_015,False,28.7024,29.6768,30.8286,31.6231,11.3247,11.6574,11.5689,11.5875,5.4065,5.2921,5.4913,5.5001
C_00611,LOT_015,False,27.7735,27.3468,28.6619,28.6641,11.32,11.515,11.3196,11.3305,4.6469,4.7318,4.7578,4.8052
C_00612,LOT_015,False,28.9123,29.1128,30.0645,30.3225,10.6581,11.3117,11.4076,11.1245,4.6647,4.7932,4.8022,4.7539
C_00613,LOT_015,False,27.6201,28.2665,28.0121,27.8136,11.529,11.1105,11.3386,11.2319,5.0823,4.9326,5.1134,5.0125
C_00614,LOT_015,False,28.0079,29.2565,29.6959,29.296,11.0825,10.8767,10.7069,10.926,4.7064,4.5609,4.8464,4.8692
C_00615,LOT_015,False,25.2034,26.2608,25.7355,27.2912,11.2022,11.25,11.9643,11.7607,4.6248,4.6568,4.8332,4.8159
C_00616,LOT_015,False,26.2666,26.4003,27.6826,28.4344,11.0015,10.9269,11.3186,11.731,4.3462,4.4608,4.6793,4.5597
C_00617,LOT_015,False,27.0301,28.5999,29.1085,29.9441,11.4806,11.1031,11.3324,11.319,4.8616,4.9532,4.8834,4.9031
C_00618,LOT_015,False,28.7879,29.5215,29.977,29.8311,10.115,9.777,10.0411,10.1201,4.3334,4.2743,4.4893,4.435
C_00619,LOT_015,False,26.8415,26.9406,27.7643,28.8286,10.9398,10.7285,11.0915,11.2914,4.3455,4.3488,4.5365,4.4192
C_00620,LOT_015,False,29.9549,29.8723,29.5227,32.0542,10.2529,10.1288,10.4594,10.7418,4.4072,4.5693,4.8173,4.8316
C_00621,LOT_015,False,27.0894,27.31,26.8962,27.6334,10.8005,10.8316,10.4744,11.0357,4.8401,4.5285,4.7233,4.7503
C_00622,LOT_015,False,26.0837,25.2837,26.193,27.1528,10.658,10.2446,10.4263,11.0232,5.3971,5.4479,5.5082,5.388
C_00623,LOT_015,False,27.6175,27.6163,30.1011,29.8391,11.1556,11.127,12.0094,11.7918,4.9595,5.0502,4.8661,5.0281
C_00624,LOT_015,False,27.8879,28.1802,25.882,28.5873,11.2098,11.2567,11.455,11.9559,4.8833,4.9588,4.9305,5.1534
C_00625,LOT_015,False,31.2083,29.1168,31.5688,31.3813,11.6092,11.5105,11.9553,11.9032,5.3102,5.303,5.4206,5.4778
C_00626,LOT_015,False,29.1077,29.9521,28.1746,28.6057,10.8253,11.4023,11.6171,11.7756,4.8623,4.8066,4.8346,4.9045
C_00627,LOT_015,False,24.4881,25.9707,26.8265,25.9746,11.7077,11.6374,12.0728,11.6917,5.1354,5.3466,5.18,5.3021
C_00628,LOT_015,False,26.3802,25.4737,26.3103,26.7843,11.3357,11.0167,11.6973,11.207,5.0102,5.1785,5.0646,5.2844
C_00629,LOT_015,False,26.6582,27.6654,28.9047,28.9694,10.9444,10.6916,11.289,11.4992,4.4918,4.4683,4.5283,4.6366
C_00630,LOT_015,False,28.1603,29.5617,30.7475,30.8166,11.6606,11.5332,11.7879,12.0753,3.7826,3.9119,3.9411,3.8868
C_00631,LOT_015,False,27.9964,28.1005,28.1617,29.7407,10.0121,10.3395,10.663,10.732,4.8327,5.1193,4.8544,4.948
C_00632,LOT_015,False,26.3134,27.0168,27.1259,28.5131,11.8429,12.5468,12.4969,12.8854,5.0032,5.2137,5.2239,5.3353
C_00633,LOT_015,False,25.962,26.5192,26.7364,27.6629,10.6837,10.8274,10.9585,11.3355,5.4459,5.4228,5.4788,5.4788
C_00634,LOT_015,False,23.7934,24.8236,26.5061,26.1643,11.2985,11.2052,11.3422,11.3151,4.715,4.8467,4.7855,4.6871
C_00635,LOT_015,False,25.7276,25.1904,25.3279,26.4092,12.4256,11.7006,12.1037,12.0278,4.932,4.9878,5.024,5.1991
C_00636,LOT_015,False,28.3882,28.6932,29.6491,29.9834,10.9903,11.4295,11.506,11.4167,4.8001,4.8425,4.8815,4.8896
C_00637,LOT_015,False,23.4892,23.8633,25.1646,25.0431,10.3339,10.8838,11.339,11.3301,4.6412,4.5492,4.6227,4.743
C_00638,LOT_015,False,27.9013,27.8457,28.891,28.9423,10.5689,10.4989,10.457,10.7255,4.8122,4.9697,4.9675,4.9688
C_00639,LOT_015,False,24.4265,25.9561,25.2509,26.2478,9.406,9.8054,9.8279,10.1311,5.0858,5.0618,5.284,5.3989
C_00640,LOT_015,False,26.0473,25.6403,26.5166,26.1281,9.6846,9.3459,9.4421,10.096,4.2663,4.2913,4.5369,4.5222
C_00641,LOT_016,False,22.0877,22.4562,23.2807,23.6038,11.7209,11.7133,12.0505,12.0041,4.8495,5.036,4.9286,4.9425
C_00642,LOT_016,False,18.055,19.1926,19.1204,20.0308,11.6698,11.6416,11.8902,11.534,5.1441,5.0813,5.0818,5.2141
C_00643,LOT_016,False,25.506,25.3159,26.2847,26.4962,11.7855,11.6772,12.3406,12.046,4.3902,4.4166,4.563,4.5875
C_00644,LOT_016,False,25.0275,24.9766,25.6598,26.1447,12.2823,12.7099,13.1867,13.9718,4.6329,4.6076,4.5528,4.7647
C_00645,LOT_016,True,21.0571,30.1,44.6772,53.9809,10.5,14.8797,22.4939,28.827,4.5708,5.1684,5.1077,5.4122
C_00646,LOT_016,False,21.7148,22.0727,23.4241,23.0086,11.2527,11.1374,11.3025,11.7987,4.3381,4.4848,4.4907,4.3242
C_00647,LOT_016,False,26.1578,25.5991,26.3014,27.0232,12.4297,12.1833,13.1427,12.8975,4.4274,4.4232,4.4979,4.3918
C_00648,LOT_016,False,25.0506,25.9016,26.7704,28.5673,9.797,10.2664,10.6619,11.3514,4.4999,4.3754,4.543,4.627
C_00649,LOT_016,False,23.8748,25.2997,25.2501,25.822,10.8031,11.0547,11.0497,11.8628,4.5618,4.5292,4.5464,4.7285
C_00650,LOT_016,True,24.0493,38.7397,61.2517,79.1676,12.193,15.8364,21.455,25.4412,4.5251,5.0336,5.5754,5.9693
C_00651,LOT_016,False,21.5663,21.8452,22.6401,23.4773,12.3369,12.7371,12.9619,13.7901,4.4267,4.4927,4.4864,4.6218
C_00652,LOT_016,False,24.1349,23.5505,23.4015,24.2885,10.7831,10.7681,11.3329,11.7614,5.3937,4.9565,5.1541,5.0794
C_00653,LOT_016,False,23.0135,23.341,23.0463,23.4606,11.8358,11.4622,11.4795,11.8803,4.6985,4.5723,4.4833,4.6411
C_00654,LOT_016,False,24.9621,24.8244,25.012,25.5856,11.2817,11.4776,12.3159,12.3997,4.2804,4.2818,4.2526,4.1464
C_00655,LOT_016,False,23.1087,23.4688,23.1916,23.9563,11.0457,10.9665,11.5074,11.1911,4.8733,4.7629,4.7669,5.0386
C_00656,LOT_016,False,23.1743,22.9976,23.8322,23.2499,11.3251,11.3402,11.8013,12.4809,4.683,4.8906,4.7615,4.9404
C_00657,LOT_016,False,22.7544,23.1447,23.7958,25.1457,12.6501,12.7569,12.9689,12.9926,4.2283,4.4277,4.1924,4.4755
C_00658,LOT_016,False,21.2415,21.738,22.9344,22.951,9.8756,10.0769,10.4657,11.6538,4.4169,4.3724,4.4097,4.4218
C_00659,LOT_016,False,22.813,23.9133,24.1542,24.763,11.7999,12.3111,13.3004,12.864,4.8122,4.9307,4.8578,4.7023
C_00660,LOT_016,False,24.0163,24.2013,25.3938,24.5307,11.9935,12.0689,12.9621,13.2621,4.8256,4.6447,4.6089,4.8498
C_00661,LOT_016,False,24.5539,25.213,25.3861,25.8969,9.9104,10.3325,10.602,11.0212,4.2108,4.1543,4.2152,4.2107
C_00662,LOT_016,False,23.3735,23.6677,23.9715,25.4474,11.9061,11.8473,12.3183,12.6018,4.3459,4.2631,4.3693,4.4494
C_00663,LOT_016,False,22.4279,23.6111,23.8866,23.9943,11.3904,11.833,12.1287,12.2801,4.8337,4.8807,4.8423,5.012
C_00664,LOT_016,False,23.8674,23.6455,25.0891,25.4684,11.5887,11.834,12.9164,12.8236,4.7947,5.1197,4.8821,5.0408
C_00665,LOT_016,False,22.8521,22.3345,24.4877,24.4607,11.196,11.1268,11.6413,11.7977,4.6659,4.5133,4.373,4.5728
C_00666,LOT_016,False,23.2994,23.6567,25.2757,25.3298,11.2723,11.9578,11.7991,11.5904,4.6137,4.6563,4.8061,4.8447
C_00667,LOT_016,False,24.9776,25.7026,25.9839,26.4716,11.6344,11.3259,12.2382,12.3111,4.0248,4.0915,4.1526,4.1091
C_00668,LOT_016,False,25.1109,25.5549,25.9283,26.2409,12.2805,12.1603,12.2217,12.1506,4.405,4.5633,4.489,4.5056
C_00669,LOT_016,False,23.1534,24.803,24.6012,25.7164,13.0525,12.8946,13.5369,13.5795,4.2671,4.2238,4.2737,4.2916
C_00670,LOT_016,False,22.2549,23.4503,23.3896,23.7366,10.7611,10.7178,11.1311,10.7531,4.6077,4.5787,4.6644,4.8196
C_00671,LOT_016,False,24.2414,25.9326,26.7633,26.4995,11.6337,12.0403,12.4864,12.7656,4.6433,4.624,4.4949,4.7436
C_00672,LOT_016,False,21.7017,22.2303,22.4063,22.5374,10.8137,10.9336,11.0567,11.3695,4.8266,4.932,4.9501,4.8075
C_00673,LOT_016,False,23.166,24.5876,23.2094,24.7361,10.3244,10.4917,10.718,10.9144,4.8149,4.834,4.945,4.9623
C_00674,LOT_016,False,23.5558,23.6681,24.4804,24.7934,12.7796,13.0562,13.3362,13.663,4.7818,4.8112,4.8514,4.8615
C_00675,LOT_016,True,20.9534,28.2358,39.927,49.2451,11.7546,20.1788,32.9815,44.0232,4.344,4.6381,4.7654,5.2583
C_00676,LOT_016,False,20.755,21.2076,22.337,23.2519,12.1262,11.7113,11.8146,12.052,4.1363,4.1995,4.416,4.1721
C_00677,LOT_016,False,23.21,23.7494,23.4588,24.1713,12.2584,12.4972,12.7089,12.7727,4.6811,4.8494,4.9659,4.8952
C_00678,LOT_016,False,21.5569,21.8629,22.4578,22.0703,12.3011,12.5871,12.8232,13.3066,4.1518,4.1615,4.2856,4.1559
C_00679,LOT_016,False,21.1713,21.7929,21.7699,22.0773,11.2354,10.9836,11.6114,11.7937,4.294,4.1854,4.2909,4.4001
C_00680,LOT_016,False,23.0383,24.4635,25.4651,24.8783,11.2098,11.002,11.8804,12.0288,4.5499,4.5921,4.5025,4.6123
C_00681,LOT_017,False,19.1624,21.0983,21.2239,22.1479,10.34,10.4957,10.3011,10.5639,3.9747,4.1068,4.1972,4.1658
C_00682,LOT_017,False,18.3459,19.308,20.5254,20.3177,9.8752,10.0961,9.8031,10.1365,3.8716,4.0238,4.0859,4.1649
C_00683,LOT_017,False,21.0674,20.7727,21.933,22.0409,10.0939,10.0659,10.4705,10.579,4.051,4.0949,4.1062,4.0147
C_00684,LOT_017,False,21.0741,21.5164,21.8902,23.9164,11.2592,11.1965,11.6696,11.5143,3.8795,3.8212,3.8289,3.9168
C_00685,LOT_017,True,21.5969,32.2202,50.7112,63.6903,10.003,12.6596,16.5377,19.2137,3.6349,3.949,4.0546,4.5946
C_00686,LOT_017,False,21.758,20.8164,21.3443,21.4758,9.136,9.4072,9.5184,9.3269,3.9079,3.9608,3.992,3.8411
C_00687,LOT_017,False,22.4181,22.8948,23.482,24.7332,10.7081,10.888,11.1729,11.6373,4.1018,4.1191,4.0265,4.1846
C_00688,LOT_017,False,19.9803,21.2589,22.2509,21.1097,9.9426,9.6478,10.2702,10.1321,3.8019,3.7519,3.7432,3.7891
C_00689,LOT_017,False,22.9373,23.0543,24.6333,25.4259,9.5687,9.5691,9.3095,9.785,4.3445,4.3946,4.4436,4.3475
C_00690,LOT_017,False,19.5781,19.732,20.4765,20.6564,10.401,10.756,11.1844,11.04,4.4956,4.7237,4.4367,4.6351
C_00691,LOT_017,False,19.3502,19.7539,20.1542,20.9673,8.9812,9.2619,9.632,9.4198,4.0649,3.9954,3.9741,4.0549
C_00692,LOT_017,False,21.5496,22.1282,22.9075,22.501,9.0125,8.7675,9.1177,9.2522,3.7977,3.942,3.9986,3.9637
C_00693,LOT_017,False,22.3642,22.9075,23.2675,23.6745,10.0034,10.4265,11.1024,10.6732,3.7875,3.8149,3.9542,3.7858
C_00694,LOT_017,False,20.5884,20.3336,21.1433,21.4271,10.6923,10.8737,10.8683,11.1978,4.0177,4.018,4.1294,4.099
C_00695,LOT_017,False,19.7874,19.5851,20.4701,20.1675,10.2447,10.3058,10.513,10.5701,4.1853,4.3188,4.461,4.4073
C_00696,LOT_017,False,24.6392,24.5354,25.9755,25.5525,8.7951,9.3205,9.2388,9.7049,4.0706,4.0329,4.0407,4.0339
C_00697,LOT_017,False,21.4455,21.3195,22.5391,22.6634,9.1144,9.5403,10.2654,10.2746,3.9199,3.9885,3.9466,3.9439
C_00698,LOT_017,False,22.3307,22.3579,23.2863,23.1236,10.558,10.476,10.5613,10.7213,4.2055,4.2061,4.3482,4.1653
C_00699,LOT_017,False,22.2306,22.1034,22.5985,23.2672,10.1352,9.7678,10.1469,9.9355,4.1579,4.2164,4.3143,4.1188
C_00700,LOT_017,False,22.3117,21.9313,23.1745,24.3645,10.5394,11.0747,11.2678,11.5142,4.029,4.1027,4.0677,4.1708
C_00701,LOT_017,False,20.7578,20.2141,20.5394,21.3,9.0978,9.3286,9.3498,9.9064,4.2126,4.0824,4.1729,4.3653
C_00702,LOT_017,False,23.1327,23.2639,24.1505,24.4711,10.1155,10.2866,10.1554,10.4259,3.9952,4.1222,4.1905,4.1169
C_00703,LOT_017,False,21.988,22.0894,22.5431,22.5316,10.7444,10.5559,10.8736,11.1374,4.166,4.2335,4.2619,4.4355
C_00704,LOT_017,False,19.2396,19.238,19.7437,19.8974,9.8734,10.1316,10.0127,10.4763,3.9676,4.0626,4.1178,4.0265
C_00705,LOT_017,False,21.6595,21.21,21.1385,22.5245,10.1448,9.6432,10.1505,10.393,4.0656,4.1904,3.9821,4.0023
C_00706,LOT_017,False,20.7844,21.4983,21.9874,21.5206,10.1939,10.1363,10.3328,10.3757,3.933,3.9069,4.0623,4.0134
C_00707,LOT_017,False,24.1385,23.7745,24.3391,25.0621,9.7222,10.1868,9.6355,10.2934,3.7707,3.8409,3.7504,3.8762
C_00708,LOT_017,False,22.9156,22.2422,22.7251,23.113,9.3666,9.4833,9.5047,9.5668,3.5409,3.727,3.6194,3.8177
C_00709,LOT_017,False,22.2942,22.52,22.818,23.4023,10.1714,10.0924,10.3264,9.9508,4.2988,4.3566,4.2041,4.1207
C_00710,LOT_017,False,21.5839,21.7231,22.3322,23.1716,9.5957,9.8458,10.0767,10.7578,3.7091,3.6696,3.6653,3.6208
C_00711,LOT_017,False,22.3911,22.7106,23.436,24.0546,9.983,10.3548,10.3136,10.5785,4.3025,4.3613,4.2606,4.2524
C_00712,LOT_017,True,18.6722,29.9902,50.0096,63.9792,9.6619,11.9783,15.2996,17.8667,3.8106,4.097,4.4231,4.5763
C_00713,LOT_017,False,21.4209,20.9507,21.8446,22.552,10.3629,10.407,10.8286,10.3137,4.3082,4.3359,4.243,4.3148
C_00714,LOT_017,False,20.9775,21.0868,21.5966,21.6797,9.2308,9.3663,9.5403,9.5368,3.8897,3.8849,3.9918,3.98
C_00715,LOT_017,False,20.1943,20.5694,20.8035,21.4905,10.4984,10.3509,10.3963,11.1683,3.8959,4.0051,4.031,4.0544
C_00716,LOT_017,False,20.4164,21.1365,21.2915,21.8912,10.1542,10.147,10.2292,9.8452,4.3137,4.2076,4.1979,4.3241
C_00717,LOT_017,False,21.2028,22.3815,23.312,22.4725,9.3811,9.6146,9.3594,9.4281,4.1334,4.1456,4.223,4.3019
C_00718,LOT_017,False,21.9153,21.7665,21.964,21.9084,8.9029,9.2548,9.3761,9.1436,3.9736,4.0186,3.923,3.9885
C_00719,LOT_017,False,21.7612,22.3135,22.507,24.8889,10.6041,10.5762,10.5412,11.2227,4.1144,4.1574,4.2343,4.2121
C_00720,LOT_017,False,22.2479,22.0132,23.5287,23.7476,9.6827,10.3729,10.5818,10.6039,3.6544,3.64,3.6607,3.7692
C_00721,LOT_018,False,17.1108,17.9296,18.4943,19.3493,12.5305,11.9508,12.5462,12.421,5.9832,6.1754,6.1216,6.1019
C_00722,LOT_018,False,18.3947,18.7493,18.6272,19.0828,12.3221,12.3779,12.4485,12.5954,5.5006,5.4494,5.4602,5.6146
C_00723,LOT_018,False,19.8556,20.4842,21.1702,21.5795,10.8207,11.1947,11.6405,11.8701,6.164,6.4863,6.6876,6.6868
C_00724,LOT_018,True,18.4183,27.3579,39.7616,48.8037,13.2096,16.7653,21.6662,24.6149,5.8478,6.4411,6.8312,7.2922
C_00725,LOT_018,True,19.1004,28.6363,43.2395,54.2802,11.8293,15.9418,20.1562,23.2869,5.2541,5.9349,6.1154,6.6212
C_00726,LOT_018,False,17.7152,18.5933,18.695,19.2602,11.8496,11.6993,12.1241,12.9607,5.8782,5.8654,5.844,5.9594
C_00727,LOT_018,False,18.0325,18.6043,18.2887,19.1997,12.2124,12.123,12.0354,12.7603,6.0208,6.0151,6.0859,5.9997
C_00728,LOT_018,False,18.2819,17.8176,18.4354,18.9113,11.822,11.7322,12.2785,12.2584,6.6305,6.3482,6.4994,6.6334
C_00729,LOT_018,False,18.3177,18.9898,19.4784,19.8597,10.9692,10.9588,11.3326,11.5679,5.8943,5.9792,6.1602,6.1938
C_00730,LOT_018,False,18.4956,18.3846,18.9669,18.6702,12.9308,13.3372,13.4926,13.6909,5.956,5.9141,6.0846,6.0175
C_00731,LOT_018,False,18.1046,19.4259,19.7584,20.0425,12.1135,12.9084,12.9025,12.9976,6.09,6.0141,5.6952,5.9296
C_00732,LOT_018,False,17.0524,17.4998,17.6176,17.924,11.5746,12.0465,12.1918,12.117,5.864,6.1731,5.7155,5.7999
C_00733,LOT_018,False,17.2394,17.0879,17.1972,17.4165,11.6882,12.1913,12.3512,12.5103,5.9696,5.8656,6.1013,5.9978
C_00734,LOT_018,False,19.0513,19.8962,20.1679,21.1005,11.7978,12.2697,12.4943,12.6804,5.9141,5.8885,6.328,5.9847
C_00735,LOT_018,False,19.3266,20.5744,20.6086,21.6769,12.2914,12.2814,11.7802,12.2582,5.9602,5.9847,5.8768,6.2619
C_00736,LOT_018,False,17.8725,18.2092,18.8472,19.7089,13.5938,13.3404,13.4804,13.2519,5.853,5.9013,5.9073,5.9351
C_00737,LOT_018,False,17.217,17.4913,18.4023,19.8342,13.0359,12.9947,13.2422,13.5694,6.8614,6.9924,7.1909,7.1182
C_00738,LOT_018,False,17.7207,18.4451,19.7627,19.4461,12.211,12.4565,13.1462,13.3114,5.3195,5.6479,5.6168,5.496
C_00739,LOT_018,False,18.6963,19.3895,19.7339,19.6921,11.7565,11.7723,12.0983,12.5679,4.9783,5.0456,5.1928,5.1222
C_00740,LOT_018,False,19.294,20.0576,21.0509,20.7919,10.9117,10.8764,11.5086,11.399,6.1154,6.047,5.9652,5.9707
C_00741,LOT_018,False,19.237,19.0464,19.8387,20.9073,12.7169,12.5871,12.9631,13.2362,5.5154,5.5538,5.712,5.5326
C_00742,LOT_018,False,17.6612,17.7194,18.2881,19.1581,10.9387,10.9854,11.3609,11.7909,6.1757,6.0457,6.4294,6.1694
C_00743,LOT_018,False,18.469,18.2675,19.4246,19.4753,12.3536,12.8623,12.9042,13.2434,6.0647,5.8177,6.0837,6.1382
C_00744,LOT_018,False,19.5077,20.4668,20.1099,20.7832,12.4397,12.3286,12.3511,12.2999,6.1303,6.0609,6.0273,6.0511
C_00745,LOT_018,False,17.9527,18.3197,18.8632,18.8206,13.6478,13.9216,14.362,14.2014,6.0143,6.1585,6.1235,6.219
C_00746,LOT_018,False,18.2898,18.4225,18.694,18.7152,11.2832,11.2908,12.0339,11.9686,5.8109,5.8495,5.7883,5.8541
C_00747,LOT_018,False,17.7199,17.7863,18.5882,19.2823,10.6106,10.8083,11.074,10.8769,5.7513,5.8004,5.5657,5.7208
C_00748,LOT_018,True,18.1266,25.1955,35.7602,44.0677,12.9616,20.4794,28.2466,33.9105,6.4322,6.8129,7.0587,7.5301
C_00749,LOT_018,False,18.0795,19.5802,19.8218,20.0459,11.8712,12.3357,12.8645,12.8961,6.0161,6.0147,5.8995,6.0888
C_00750,LOT_018,False,18.2547,19.1352,19.8958,19.53,11.8272,11.7353,11.7674,11.9766,5.7724,5.7959,5.8882,5.8482
C_00751,LOT_018,False,17.5939,18.197,18.9301,20.0054,11.4017,11.384,11.9925,12.4444,6.3041,6.1151,6.2914,6.6668
C_00752,LOT_018,False,18.2393,18.2521,19.5525,20.0295,12.2198,12.422,12.4918,12.7136,6.3715,6.0901,6.2903,6.114
C_00753,LOT_018,False,18.8529,18.7227,19.1239,19.8946,11.4739,11.7844,11.8114,11.6129,5.8206,5.9517,5.9333,5.9408
C_00754,LOT_018,False,16.1216,16.0037,16.8164,16.6054,12.8399,12.9061,12.6293,13.5019,5.9831,5.8704,5.9493,5.8802
C_00755,LOT_018,False,17.5043,18.0931,18.6165,18.8909,10.8885,11.1501,11.4386,11.6217,5.976,5.8925,6.2772,6.1983
C_00756,LOT_018,False,18.2949,18.1426,18.4643,19.858,12.3641,12.7761,12.471,12.9332,6.2309,6.1051,6.3145,6.1486
C_00757,LOT_018,False,19.2468,19.4005,19.8252,20.36,11.4248,11.6205,11.7121,12.152,5.1593,5.0294,5.3483,5.1877
C_00758,LOT_018,False,19.4384,19.9914,20.4056,21.0149,11.1847,10.9445,11.7058,11.823,6.2265,6.0703,6.2748,6.4576
C_00759,LOT_018,False,18.3083,17.9674,18.642,19.1493,12.6367,12.6447,12.9219,12.7651,6.5,6.444,6.311,6.5249
C_00760,LOT_018,False,17.5614,17.4973,18.8746,18.358,13.361,13.5144,13.8331,13.6469,5.99,5.7604,5.9982,6.0873
C_00761,LOT_019,False,29.9038,29.9999,31.3282,31.1808,11.6515,11.2492,12.0534,11.7026,4.4329,4.2614,4.3837,4.2696
C_00762,LOT_019,False,25.1251,24.7906,25.8021,26.5631,12.5864,13.3045,13.6951,13.7014,3.8519,4.0617,4.1225,3.9943
C_00763,LOT_019,False,25.8651,27.9249,28.0932,29.5137,13.5826,13.9441,14.3472,14.158,3.8891,3.8203,3.749,4.07
C_00764,LOT_019,False,30.8114,29.9793,32.1284,32.024,13.6241,14.1249,14.8276,14.7969,4.5023,4.8238,4.5825,4.8969
C_00765,LOT_019,False,26.3757,27.1017,27.2052,28.8563,12.7048,13.3685,13.7562,13.7438,4.153,4.3346,4.1138,4.3217
C_00766,LOT_019,False,26.2602,27.2842,27.3081,27.8873,12.6617,12.7413,13.0374,13.2442,3.8128,4.0468,4.0065,4.0524
C_00767,LOT_019,False,24.6459,24.9309,25.7001,25.5881,13.0321,12.9131,13.7572,13.4067,4.4154,4.6142,4.3778,4.5613
C_00768,LOT_019,False,27.8739,27.6316,28.6715,29.0832,13.3446,14.0031,13.9699,14.7576,4.3431,4.4928,4.4232,4.634
C_00769,LOT_019,False,27.5622,27.2812,26.8163,28.4554,13.3615,13.8275,13.8741,14.253,4.074,4.1979,4.0153,4.155
C_00770,LOT_019,False,29.6153,29.5421,30.0544,31.2759,12.4004,12.108,12.8071,12.489,4.4157,4.3806,4.2937,4.4913
C_00771,LOT_019,False,28.6074,29.3354,30.7183,30.1501,12.5457,12.7184,13.1172,13.7701,4.0653,4.159,4.0903,4.1379
C_00772,LOT_019,False,29.0111,28.7962,28.9533,29.6789,12.9568,13.5335,14.2332,14.6108,4.6594,4.7047,4.595,4.9139
C_00773,LOT_019,False,28.8163,30.4563,30.764,30.9253,13.5753,13.7533,14.3337,14.4146,4.0029,4.1895,4.0715,4.1186
C_00774,LOT_019,False,26.6825,26.4644,26.734,28.3829,12.1417,12.4937,12.512,12.2774,4.307,4.4551,4.3571,4.4473
C_00775,LOT_019,False,24.8485,25.1035,25.3802,27.1642,13.0013,12.9589,13.1727,12.9008,4.6675,4.5123,4.7551,4.5991
C_00776,LOT_019,False,27.151,27.2898,27.3328,27.3684,12.4076,13.2509,13.5797,13.559,4.7889,4.6207,4.67,4.7009
C_00777,LOT_019,False,26.7831,27.5852,28.282,28.35,12.8739,13.0529,13.224,13.6886,4.271,4.2994,4.3714,4.2195
C_00778,LOT_019,False,30.7373,32.6629,31.7352,33.3411,14.7896,14.3424,15.3926,15.3044,4.3529,4.2053,4.5579,4.4412
C_00779,LOT_019,False,27.5693,28.3083,28.299,29.5607,12.4405,13.5664,13.8262,14.6113,3.9198,3.8879,3.8681,3.8452
C_00780,LOT_019,True,27.3808,43.055,66.6251,85.7143,12.3538,17.865,27.3849,34.6081,4.5968,5.1117,5.7587,6.2024
C_00781,LOT_019,False,27.0274,26.9103,27.451,28.4699,13.0392,13.7545,14.161,14.5039,4.4703,4.4686,4.2276,4.5343
C_00782,LOT_019,False,28.3948,28.8783,29.9096,31.6602,13.2211,13.3251,13.3873,13.5863,4.184,4.374,4.2627,4.3585
C_00783,LOT_019,False,28.4823,28.7613,29.5692,29.4414,13.3894,13.3614,14.1222,14.2567,4.7068,4.6943,4.617,4.567
C_00784,LOT_019,False,28.078,26.9322,27.6356,30.0308,12.1003,12.4239,13.1156,13.648,4.6262,4.6222,4.519,4.4305
C_00785,LOT_019,False,22.9169,23.6156,25.9165,26.8541,13.9393,14.7279,15.4716,16.0509,4.3097,4.3602,4.3583,4.3761
C_00786,LOT_019,False,24.1626,24.7322,25.2102,25.3114,11.4179,11.6227,12.2161,12.0385,3.925,4.0183,4.0179,4.067
C_00787,LOT_019,False,27.8557,27.6387,30.2185,29.803,14.1435,14.0541,14.0816,14.8284,4.2153,4.0767,4.2732,4.1791
C_00788,LOT_019,False,28.3315,27.4988,28.746,28.0065,12.7848,12.6762,13.1146,13.2052,4.0985,4.3578,4.481,4.5929
C_00789,LOT_019,False,22.9012,22.7205,23.4967,24.1916,11.722,12.2147,12.096,12.6291,4.2008,4.3658,4.1956,4.463
C_00790,LOT_019,False,23.0046,23.2322,24.6005,25.5419,12.6915,12.9926,12.664,13.3255,4.3434,4.245,4.3759,4.3932
C_00791,LOT_019,False,27.8071,28.6615,28.9156,29.1777,14.4721,14.428,14.8306,15.1186,4.7422,4.8288,4.8408,4.7614
C_00792,LOT_019,False,24.3782,24.7335,25.2357,26.4204,13.2996,13.4857,13.9233,14.1756,4.0205,4.0524,4.0617,4.1382
C_00793,LOT_019,False,23.4017,24.3139,23.3843,23.868,14.3371,14.5143,14.8066,15.025,4.4238,4.4279,4.4151,4.3906
C_00794,LOT_019,False,26.7557,28.2907,28.7746,28.7164,13.9227,14.2523,14.324,14.6817,3.762,3.6995,3.8621,3.8979
C_00795,LOT_019,False,26.5129,27.0745,27.8093,28.5488,12.961,12.677,12.9938,12.9904,4.0328,4.0058,4.0861,4.1534
C_00796,LOT_019,False,27.8724,27.1142,28.4356,28.1607,13.8205,14.0569,14.1816,14.2572,4.3809,4.5538,4.3118,4.5451
C_00797,LOT_019,False,30.9333,30.8443,31.2195,31.9739,11.533,12.4554,13.1904,13.5912,4.5472,4.6181,4.5904,4.504
C_00798,LOT_019,False,27.3541,28.4885,28.935,29.897,12.8211,13.1154,14.0104,14.3772,4.3478,4.2084,4.3671,4.315
C_00799,LOT_019,False,24.6393,24.8263,25.7138,24.9866,13.7861,13.841,13.7798,14.4569,4.361,4.3297,4.3109,4.2523
C_00800,LOT_019,False,26.283,26.3583,27.7731,27.2682,12.5479,13.3215,13.334,14.4475,4.1909,4.1303,4.1657,4.0363
C_00801,LOT_020,False,26.8612,27.3749,27.7598,28.1904,9.9254,9.9328,10.0727,10.2824,3.7766,3.634,3.7593,3.7307
C_00802,LOT_020,False,25.8522,25.5469,26.3942,27.1587,9.2618,9.7396,9.4336,9.5477,4.1965,4.2512,4.1657,4.1807
C_00803,LOT_020,False,28.0135,28.3001,28.8818,29.8872,9.1709,9.5127,9.4942,9.5523,3.8336,3.8364,3.748,3.8883
C_00804,LOT_020,False,24.4426,24.5672,25.1182,25.6106,10.5241,10.0609,10.2542,10.386,3.5172,3.5928,3.5877,3.6445
C_00805,LOT_020,False,23.0602,23.2811,23.5276,24.7237,9.9586,10.2664,10.311,11.1144,3.6337,3.7188,3.6903,3.6365
C_00806,LOT_020,False,25.8043,24.7724,25.4347,26.1875,10.3878,10.5842,10.771,10.6293,4.0245,3.845,4.0176,3.9707
C_00807,LOT_020,False,22.8808,22.7413,23.0088,23.9515,9.314,9.0121,9.6706,9.7307,3.9545,3.9599,3.9559,4.0156
C_00808,LOT_020,False,25.0706,25.4517,26.9873,26.7638,9.0259,9.4056,9.8505,9.8906,3.7245,3.7404,3.8523,3.8587
C_00809,LOT_020,False,24.0064,22.8322,23.4466,24.4086,10.0934,10.0462,9.8747,10.1436,4.0489,4.1886,4.2414,4.0605
C_00810,LOT_020,False,26.6948,27.0323,26.6147,28.0182,9.8082,9.71,9.7611,10.0725,4.1262,4.1703,4.1644,4.0613
C_00811,LOT_020,False,26.3101,25.3091,26.1271,27.4709,10.3941,10.1897,10.0803,10.5587,3.5655,3.5405,3.5587,3.4499
C_00812,LOT_020,False,25.0536,26.2002,26.1286,26.5619,9.2561,9.4674,9.6214,9.9546,3.6483,3.4513,3.5925,3.5015
C_00813,LOT_020,False,25.9451,26.1027,26.6734,27.0068,10.124,10.5499,10.5005,11.0878,4.0732,3.962,3.9764,4.0574
C_00814,LOT_020,False,25.6699,25.8426,26.1526,27.2264,9.9275,9.8462,10.3272,10.5571,4.5735,4.669,4.5923,4.6452
C_00815,LOT_020,False,25.3005,25.4405,26.5517,26.1648,10.2422,10.5131,10.4704,10.4337,4.2351,4.1303,4.2895,4.3475
C_00816,LOT_020,False,24.2944,23.5546,24.7528,24.9508,9.5127,9.3706,9.2884,9.237,3.6795,3.5575,3.7113,3.7614
C_00817,LOT_020,False,26.2909,24.9439,25.8381,25.5686,9.7257,9.7906,10.0315,9.8006,3.9739,4.1099,4.0559,4.1125
C_00818,LOT_020,False,22.5787,23.0713,23.1572,23.3446,8.1969,8.6832,8.5173,8.9986,4.0,3.8759,3.8814,3.8855
C_00819,LOT_020,False,24.6079,25.6091,24.9034,26.1569,10.3167,10.6006,10.6309,10.808,3.9588,4.0316,4.0623,4.1358
C_00820,LOT_020,False,27.4865,27.0016,26.9069,27.7936,10.0663,10.3608,10.4212,10.6692,3.9213,4.1987,4.2479,4.1589
C_00821,LOT_020,False,26.9698,26.2328,27.3674,26.3583,10.0534,10.2076,10.3798,10.5722,4.0691,3.9458,4.0626,4.1119
C_00822,LOT_020,False,26.5094,26.1998,26.7064,27.4729,10.1744,10.7601,10.4645,10.9143,3.889,3.9604,3.8475,3.9475
C_00823,LOT_020,False,24.9039,25.9181,25.7776,25.878,10.0508,9.7471,10.114,10.6067,3.9431,4.0148,3.9121,3.8862
C_00824,LOT_020,False,24.7293,25.523,25.4087,26.2479,10.7245,10.4921,10.8235,10.6541,4.2394,4.1741,4.2191,4.4006
C_00825,LOT_020,False,24.5197,23.2449,25.0059,24.302,10.3091,10.212,10.775,10.6027,3.9048,3.9357,3.8372,3.8461
C_00826,LOT_020,False,24.0343,24.4034,24.1892,25.3381,8.8652,9.1688,9.2488,9.8151,4.0306,4.0146,4.1738,4.0835
C_00827,LOT_020,False,24.6722,25.545,25.2998,25.6713,9.9572,9.77,10.0787,10.1987,3.7196,3.7121,3.7038,3.6815
C_00828,LOT_020,False,23.8045,25.2451,25.2529,25.3321,9.9181,9.9593,10.2812,10.0226,3.7863,3.8587,3.9022,3.8967
C_00829,LOT_020,False,24.8537,24.4825,25.3177,26.2947,10.7211,10.2676,10.8329,10.6706,3.6418,3.6576,3.7336,3.6103
C_00830,LOT_020,False,23.7903,24.5713,24.6154,24.6882,9.3557,9.5606,9.6761,10.3201,3.5054,3.6349,3.6656,3.5743
C_00831,LOT_020,False,23.8035,24.1038,24.915,23.8327,9.7884,10.3758,10.7819,10.5433,3.6376,3.7739,3.8505,3.7617
C_00832,LOT_020,False,24.611,26.3448,25.657,26.503,10.6108,11.1186,11.3089,11.202,4.1152,4.1123,4.0597,4.0667
C_00833,LOT_020,False,22.8666,23.8862,23.5521,24.4167,10.0661,9.9751,9.8961,10.3199,4.0278,4.1007,4.1627,4.13
C_00834,LOT_020,False,25.0549,25.8004,26.9532,27.4508,10.0938,10.3729,10.3502,10.6045,3.9915,4.1706,4.0544,4.1747
C_00835,LOT_020,False,26.0906,26.5174,27.6851,28.4127,8.5622,9.1221,9.4551,9.1303,3.9271,4.1453,3.988,4.1562
C_00836,LOT_020,True,26.2949,33.2585,44.7025,51.9617,9.5644,12.807,16.6086,19.4521,4.1458,4.3866,4.8881,5.0536
C_00837,LOT_020,False,23.494,24.465,24.0461,23.7959,9.5746,9.9905,9.8258,9.7083,3.6281,3.8357,3.7897,3.8189
C_00838,LOT_020,False,25.3698,24.5758,25.3585,25.7474,9.5006,9.5494,9.6873,9.3973,4.1634,3.9609,4.1984,4.244
C_00839,LOT_020,False,24.8613,25.4719,25.4901,25.6533,9.4693,10.0172,10.0912,10.0644,4.0348,3.9385,4.0312,3.9629
C_00840,LOT_020,False,26.6965,27.3565,27.4809,28.2317,9.7417,10.0136,9.8205,10.0639,4.0074,4.0768,4.2248,4.0947
C_00841,LOT_021,False,22.0889,22.6196,23.2306,23.3472,8.3186,8.6965,8.9588,8.9815,4.6913,4.8136,4.6728,4.6403
C_00842,LOT_021,False,24.8714,24.0773,25.2334,25.9143,10.2777,10.3808,10.0967,10.4048,4.7864,4.623,4.7962,4.8054
C_00843,LOT_021,False,25.9725,25.6686,26.5942,26.1855,8.552,8.5105,8.5923,8.7248,4.7175,4.7295,4.6056,4.6027
C_00844,LOT_021,False,24.5153,24.3447,25.6199,25.8323,9.6491,9.8571,10.0494,10.2854,4.9443,4.7681,4.7539,5.0191
C_00845,LOT_021,False,26.3459,25.95,27.5703,26.2378,9.6754,9.8793,10.2633,10.4837,4.6661,4.5833,4.7675,4.7982
C_00846,LOT_021,False,20.3041,20.62,20.7881,20.9407,8.4528,8.1485,9.0994,8.8928,4.2563,4.3079,4.261,4.3996
C_00847,LOT_021,False,25.4571,25.6469,26.653,28.0176,8.4866,9.017,8.9845,9.4677,4.6408,4.737,4.6024,4.8109
C_00848,LOT_021,False,24.3489,24.6656,24.7826,25.33,9.3851,9.9315,9.8091,10.2045,4.7216,4.6733,4.8055,4.7937
C_00849,LOT_021,False,26.277,26.6278,27.7039,27.5918,8.724,8.9203,8.9885,9.7802,4.4818,4.5825,4.7341,4.722
C_00850,LOT_021,False,24.6379,25.2567,25.6644,26.7897,9.175,9.429,9.4753,9.7987,4.5124,4.5918,4.6966,4.731
C_00851,LOT_021,False,23.4584,24.6458,24.1137,23.8819,8.5901,8.2485,8.7133,8.7714,4.5478,4.5772,4.7136,4.8595
C_00852,LOT_021,False,21.8907,22.4898,22.4767,22.9387,8.4294,7.9793,8.498,8.5134,4.6692,4.7206,4.6433,4.5949
C_00853,LOT_021,False,26.2528,27.2744,27.1045,27.5654,8.9162,9.3956,9.5169,9.7562,4.4734,4.7203,4.6063,4.5782
C_00854,LOT_021,False,21.3757,21.813,22.0521,22.5573,9.8463,9.9088,10.0821,10.6071,4.657,4.5601,4.81,4.7827
C_00855,LOT_021,False,25.2794,26.8203,26.1152,26.6674,9.5132,9.5102,9.4616,9.7127,4.34,4.2425,4.3169,4.2938
C_00856,LOT_021,False,26.2517,25.6154,26.1965,26.1035,9.7838,10.1541,10.4267,10.8563,4.226,4.2638,4.2851,4.3285
C_00857,LOT_021,False,24.1121,24.7103,23.7551,24.4227,8.6488,9.1447,9.2885,9.6887,5.4089,5.4402,5.3,5.4728
C_00858,LOT_021,False,23.3925,24.4231,25.08,25.5686,8.3654,8.5502,8.6873,8.8522,4.7703,4.7753,4.6076,4.9186
C_00859,LOT_021,False,24.8026,23.8502,25.5725,25.5892,8.4596,8.4704,8.6186,8.8556,4.9945,4.8923,4.9194,4.9782
C_00860,LOT_021,False,26.9389,27.1955,28.4467,29.2364,8.8353,9.3409,9.3666,9.4541,4.5084,4.528,4.5178,4.2579
C_00861,LOT_021,False,24.2713,24.8916,26.1789,25.8869,8.2868,8.5612,8.6655,8.6657,4.3401,4.3517,4.3133,4.4947
C_00862,LOT_021,False,23.5869,23.6032,25.1521,25.6253,8.0222,7.5033,8.0457,8.2364,5.3889,5.2506,5.2296,5.1197
C_00863,LOT_021,False,26.0605,25.7114,27.3388,26.6338,8.1015,8.0113,8.2169,8.2935,4.3592,4.2527,4.4734,4.6271
C_00864,LOT_021,False,25.8298,26.1015,26.536,26.3408,9.1941,9.1194,8.9935,9.1449,4.8723,4.9323,5.0233,4.8903
C_00865,LOT_021,False,26.2287,25.932,26.1936,26.703,7.8781,7.778,7.8933,8.3319,4.9437,4.9344,4.8922,5.0039
C_00866,LOT_021,False,24.688,24.4911,25.0662,25.6501,9.276,9.8153,10.1729,9.9785,4.125,4.3788,4.3853,4.1929
C_00867,LOT_021,False,22.8588,23.1038,22.9374,23.9516,9.4069,9.3806,9.5977,9.5816,4.2656,4.5058,4.3384,4.3604
C_00868,LOT_021,False,25.7507,27.6192,27.3517,28.9325,7.9263,7.4841,8.227,8.2571,4.8024,4.7582,4.8829,4.7998
C_00869,LOT_021,False,24.9549,26.1643,25.4262,26.32,9.1238,8.9931,9.8258,9.6752,5.2725,5.3311,5.4817,5.4968
C_00870,LOT_021,False,23.0221,24.1817,24.0218,23.9246,7.717,8.3271,8.6183,8.6587,4.2169,4.3596,4.3488,4.5358
C_00871,LOT_021,False,21.7882,22.6137,23.7969,24.0963,8.3501,8.393,8.9361,9.048,4.8685,4.7776,4.8369,4.896
C_00872,LOT_021,False,24.1829,25.0767,26.0407,26.6095,9.2772,9.4057,9.4573,9.9119,4.3761,4.3275,4.379,4.2223
C_00873,LOT_021,False,25.8747,25.6118,26.2783,27.3227,7.8307,7.9698,7.9113,7.7762,4.1367,4.0699,4.0452,4.3343
C_00874,LOT_021,False,26.6436,25.2542,25.6546,26.7918,8.8281,9.0969,9.1847,9.6726,4.5292,4.6029,4.6489,4.8315
C_00875,LOT_021,False,25.9112,26.0354,25.7748,28.0338,8.4205,8.7297,8.8256,8.9074,4.8313,4.7402,4.7991,4.8256
C_00876,LOT_021,False,25.0231,25.2511,25.8321,26.2818,8.0674,8.4567,8.3469,8.8015,4.6213,4.5378,4.7541,4.8993
C_00877,LOT_021,False,27.7016,27.2833,27.3759,29.1444,7.8783,8.5682,8.512,9.159,4.4751,4.6336,4.71,4.7717
C_00878,LOT_021,False,26.0564,26.0808,26.4613,27.3561,9.304,9.1478,9.1737,9.7283,4.9273,4.8274,4.8302,4.8229
C_00879,LOT_021,False,28.1192,28.7789,29.3457,29.0165,8.1008,8.6593,8.5621,9.0445,4.4572,4.4837,4.6673,4.5938
C_00880,LOT_021,False,22.781,23.2231,23.3994,23.5482,7.875,7.7046,7.6085,7.8786,4.4897,4.468,4.3087,4.5239
C_00881,LOT_022,False,23.0333,22.4661,24.3944,24.3327,11.9213,12.0709,11.8769,12.415,5.0136,4.8747,5.1838,5.4661
C_00882,LOT_022,False,23.4839,24.9375,25.0208,25.7839,10.7059,10.2256,10.429,11.1424,3.9347,4.0595,4.0922,3.9482
C_00883,LOT_022,False,24.6083,24.4131,24.0772,25.5134,9.7749,10.2561,10.2361,10.3975,4.5672,4.4289,4.4281,4.6235
C_00884,LOT_022,False,22.6936,22.7705,24.1614,24.5736,10.3426,10.5324,10.686,10.7793,4.3573,4.5227,4.596,4.4908
C_00885,LOT_022,False,23.324,24.488,24.0716,24.9858,10.1895,10.2775,10.4729,10.3527,4.5423,4.3778,4.5422,4.4471
C_00886,LOT_022,False,23.3121,24.5697,25.9934,26.7553,10.8347,11.0772,10.7756,11.5715,4.8959,4.7927,5.0929,4.8196
C_00887,LOT_022,False,19.5816,20.0067,20.9565,20.5978,10.4679,10.4018,10.5644,10.6953,4.3633,4.3035,4.1538,4.338
C_00888,LOT_022,False,23.7956,23.5262,24.1639,24.3077,10.4513,10.4693,11.1877,11.2244,4.3587,4.4453,4.6301,4.7192
C_00889,LOT_022,False,24.6594,25.5351,26.7586,27.2994,9.6328,10.1102,10.5293,10.7372,4.6784,4.8314,4.6907,4.7948
C_00890,LOT_022,False,24.5514,25.0824,25.2552,26.1098,10.6614,11.3079,11.6063,11.6464,4.5037,4.6643,4.7699,4.7208
C_00891,LOT_022,False,22.8072,23.922,23.9906,26.1377,10.3984,10.4475,10.5059,10.6956,4.4872,4.9454,4.7787,4.7256
C_00892,LOT_022,False,23.4347,22.2773,23.6971,25.0163,11.9182,11.7391,12.0493,12.7926,5.2935,5.1854,5.3611,5.5029
C_00893,LOT_022,False,23.5623,24.2641,24.383,25.6162,10.9395,11.1744,11.4726,11.8566,4.6386,4.8662,4.8427,4.8673
C_00894,LOT_022,False,21.9883,22.9192,23.8603,23.3466,10.8998,11.4608,10.9389,11.4097,4.3138,4.4908,4.3309,4.4336
C_00895,LOT_022,False,22.5111,24.2339,24.003,25.1179,9.9604,10.2392,10.4556,10.7021,4.5348,4.539,4.596,4.6132
C_00896,LOT_022,False,25.1409,26.4004,26.8136,27.9858,10.183,10.746,10.6534,11.5844,4.4925,4.6395,4.7468,4.6662
C_00897,LOT_022,False,25.2026,26.2317,27.6427,28.1937,11.4177,12.0742,12.0372,12.5142,5.0892,5.3684,5.3096,5.2042
C_00898,LOT_022,True,21.9821,30.7996,45.9795,57.6739,9.7591,13.3053,18.4252,22.2809,4.8299,5.4041,6.4393,7.1609
C_00899,LOT_022,False,21.7467,21.4852,21.2972,22.5225,10.4186,11.0949,10.7114,11.9716,4.4402,4.6126,4.5581,4.7794
C_00900,LOT_022,False,21.4605,21.4063,21.4962,22.9618,10.7991,11.1597,11.3551,11.3309,4.5916,4.6765,4.6552,4.7071
C_00901,LOT_022,False,27.6444,26.0206,28.3419,27.8818,10.195,10.172,10.6051,10.268,4.4862,4.3926,4.5507,4.6996
C_00902,LOT_022,False,24.5788,23.8739,24.9629,25.1387,10.1688,10.4455,10.9843,11.1191,4.8847,4.8727,4.8355,4.812
C_00903,LOT_022,False,23.8086,24.7593,26.8693,26.7148,9.9292,10.157,10.2854,10.6703,4.6251,4.4735,4.7221,4.5476
C_00904,LOT_022,False,24.1287,24.3777,25.6615,25.1018,10.7084,11.0851,11.4499,11.7621,4.9031,4.7019,4.8044,4.7901
C_00905,LOT_022,False,23.2576,23.3088,23.7491,24.6998,10.7024,10.7974,11.1118,11.2067,4.2289,4.0283,4.0877,4.2703
C_00906,LOT_022,False,23.0403,23.6553,23.9757,24.3658,10.4647,11.0199,10.9415,11.1143,5.2542,5.4062,5.2456,5.4592
C_00907,LOT_022,False,25.8462,26.4785,25.5265,27.2146,11.0755,11.3989,11.4092,11.5754,4.6773,4.6754,4.6408,4.5827
C_00908,LOT_022,False,21.9257,21.863,23.9472,22.7014,11.6405,11.2522,11.4678,11.1834,4.7566,4.6503,4.7545,4.9476
C_00909,LOT_022,False,22.4525,22.6195,22.7327,23.6688,9.7238,9.9211,10.2781,9.9621,4.7485,4.6188,4.6433,4.8364
C_00910,LOT_022,False,21.447,22.8982,22.7986,23.5608,9.9721,10.0658,10.5146,10.6862,4.3522,4.1294,4.2562,4.1639
C_00911,LOT_022,False,24.2866,24.2322,24.6142,24.7343,10.409,10.4159,11.1095,11.2757,4.6275,4.7476,4.6734,4.9052
C_00912,LOT_022,True,26.2999,41.1116,64.6412,83.1859,11.6518,24.4799,44.1595,59.0066,5.0803,5.4686,6.3616,6.6779
C_00913,LOT_022,False,25.5542,26.0987,27.9849,28.5941,10.3464,11.2665,11.161,11.2216,5.0409,5.0563,4.9587,5.0777
C_00914,LOT_022,False,24.9377,26.9013,26.8646,26.9958,10.3347,10.3761,10.4597,10.4512,4.4045,4.5017,4.5585,4.8398
C_00915,LOT_022,False,24.2834,23.9497,25.4715,26.8523,11.0476,11.2371,12.1789,12.7431,4.56,4.5358,4.6463,4.7014
C_00916,LOT_022,False,24.4977,24.3412,25.68,26.6493,10.2581,10.3033,10.3677,10.8471,4.8974,4.8838,5.0502,5.0993
C_00917,LOT_022,False,21.8912,21.9648,23.1159,23.2559,10.906,10.6717,11.2327,10.9862,5.0543,4.8173,4.8989,4.7527
C_00918,LOT_022,False,21.6215,22.5137,23.1476,23.8558,10.9544,10.7163,11.4331,11.0989,5.056,5.127,5.0453,5.0463
C_00919,LOT_022,False,23.1552,23.7261,24.4866,24.7061,9.8492,9.74,10.0496,9.7826,4.7241,4.6985,4.9737,4.9626
C_00920,LOT_022,False,23.1949,23.2388,24.7727,24.4465,9.7956,10.3007,10.9492,10.9835,4.5682,4.6715,4.7491,4.7926
C_00921,LOT_023,False,24.5412,23.7218,23.553,24.9287,8.7067,8.7165,8.7362,8.6354,3.8151,3.8475,3.8085,3.8827
C_00922,LOT_023,False,24.0483,24.2982,25.1369,24.6877,8.0064,7.8597,8.3099,8.2815,4.3712,4.4063,4.4989,4.4086
C_00923,LOT_023,False,25.0826,25.8458,26.2236,26.3459,7.6726,7.9122,7.9066,8.1475,4.1228,3.9932,4.2554,4.2408
C_00924,LOT_023,False,22.6874,23.7037,24.2632,24.5632,7.3191,7.4432,7.5696,7.7035,4.2115,4.2133,4.4033,4.5135
C_00925,LOT_023,False,26.6423,27.4061,28.238,29.0979,7.1844,7.1418,7.4228,7.6014,4.5081,4.4233,4.4373,4.4073
C_00926,LOT_023,False,23.5696,24.5718,25.9005,26.0447,7.9113,7.8986,7.9381,7.9917,4.0356,3.9968,4.2667,4.2356
C_00927,LOT_023,False,24.0577,25.2772,26.5067,27.7095,7.9608,8.0675,8.7429,8.6512,4.1244,3.9444,4.0617,3.9745
C_00928,LOT_023,False,24.6849,24.8173,24.4783,25.2875,8.2035,8.361,8.3146,8.5019,4.168,4.3509,4.2641,4.4979
C_00929,LOT_023,False,25.2679,25.7268,26.2216,27.6845,7.2909,7.5577,7.6365,7.8049,4.4813,4.2772,4.5572,4.6271
C_00930,LOT_023,False,25.3334,26.4002,28.0023,27.6827,8.3034,8.088,8.2151,8.6578,3.8993,3.7683,3.7192,4.0182
C_00931,LOT_023,False,22.9211,23.4606,24.3355,23.6044,7.6383,7.6823,7.7568,7.4547,4.0767,4.1596,4.1698,4.2607
C_00932,LOT_023,False,22.7342,24.7474,24.0818,24.2758,7.7414,7.6449,7.9972,8.1847,3.9277,3.7426,3.7535,3.9387
C_00933,LOT_023,True,22.6956,35.0725,56.4916,73.5937,7.7607,11.819,18.2188,23.1839,3.9888,4.5279,5.0449,5.5777
C_00934,LOT_023,False,22.5234,22.8585,24.5363,24.7883,8.2269,8.2491,8.3996,8.1285,4.4373,4.3567,4.3674,4.3728
C_00935,LOT_023,False,24.7075,24.4594,25.0409,25.3089,8.1693,8.317,8.4259,8.487,3.9343,3.8346,4.0509,4.0488
C_00936,LOT_023,False,26.3432,26.0703,26.2106,26.6509,8.4791,8.2465,8.3466,8.5581,4.2175,4.2377,4.3102,4.4262
C_00937,LOT_023,False,25.3337,25.5218,26.4089,27.8929,7.3564,7.551,7.3925,7.6431,4.065,4.0301,4.1214,4.2398
C_00938,LOT_023,False,26.6753,25.9855,26.9241,26.9856,7.9254,7.8253,8.2498,8.1317,4.3444,4.4684,4.4919,4.5929
C_00939,LOT_023,False,23.7103,24.146,24.0285,24.7867,7.8858,8.0811,7.9906,8.2976,3.947,4.0222,4.0565,4.1772
C_00940,LOT_023,False,22.8581,23.3891,22.4607,24.1318,7.6765,7.9663,7.8654,8.1635,4.3087,4.2734,4.3713,4.348
C_00941,LOT_023,False,25.3556,26.872,27.9583,29.1313,8.6072,8.4937,8.5063,8.9427,4.475,4.4602,4.6383,4.6707
C_00942,LOT_023,False,24.1351,23.7175,25.2491,25.7497,7.3901,7.6354,7.7375,8.1764,4.0286,3.9944,4.0175,4.086
C_00943,LOT_023,False,23.6179,24.1485,25.1409,26.5174,7.9867,7.9266,8.1374,8.2015,4.2086,4.3614,4.3393,4.3238
C_00944,LOT_023,True,25.7072,40.0874,64.0443,82.6594,8.603,14.6699,23.3033,30.0352,4.2722,4.6718,5.4641,6.0321
C_00945,LOT_023,False,25.4538,26.4299,27.5076,27.05,7.9173,7.8101,8.1845,8.1501,4.5855,4.616,4.616,4.6989
C_00946,LOT_023,False,23.127,23.3977,23.6926,23.976,7.5109,7.3521,7.548,7.6411,3.9241,4.0305,4.019,4.1133
C_00947,LOT_023,False,23.9532,24.6102,25.2672,25.5846,8.4613,8.4691,9.148,9.4664,4.2993,4.1803,4.4367,4.5336
C_00948,LOT_023,False,25.3786,25.7253,27.2498,27.1047,7.9732,7.9078,8.1395,8.1414,4.3389,4.3655,4.4356,4.3642
C_00949,LOT_023,False,22.385,22.3191,23.4418,23.7602,8.3821,8.9107,8.5975,8.6485,3.6094,3.6295,3.7691,3.8626
C_00950,LOT_023,False,24.1238,24.7231,26.1868,27.4387,7.2411,7.4335,7.8105,7.3498,4.3591,4.0751,4.2622,4.032
C_00951,LOT_023,False,22.8827,22.925,23.2897,23.9946,8.1572,8.086,8.7205,8.6993,4.1644,4.2095,4.2233,4.1291
C_00952,LOT_023,False,26.4096,26.3097,27.3202,27.2479,8.2032,8.4129,8.0428,8.7107,3.6818,3.7061,3.7161,3.8071
C_00953,LOT_023,False,23.3373,25.1566,25.7,26.3675,7.8097,7.9268,8.104,8.0639,4.4791,4.1982,4.3705,4.2467
C_00954,LOT_023,False,23.7673,25.0816,25.0357,24.814,7.775,7.6504,7.6914,8.1339,4.2441,4.2392,4.2045,4.2657
C_00955,LOT_023,False,26.9768,27.298,28.8501,27.9559,8.0529,8.1101,8.5418,8.5837,4.0613,4.1301,4.2308,4.3005
C_00956,LOT_023,False,21.5389,21.3718,21.9991,22.7705,7.7561,7.8938,8.2241,8.3343,4.0947,4.0495,4.1548,4.1261
C_00957,LOT_023,False,26.1073,25.6305,25.9263,25.8165,8.0177,8.0649,8.2682,8.7956,4.0334,3.9492,4.0903,4.0793
C_00958,LOT_023,False,22.2935,22.9636,23.9919,25.1633,7.2017,7.1463,7.4669,7.3905,3.8755,3.9398,3.8537,3.9379
C_00959,LOT_023,False,24.2051,24.493,24.7474,24.6747,8.2707,8.5762,8.9193,9.5621,4.4482,4.4691,4.5369,4.5962
C_00960,LOT_023,False,26.3594,26.2501,27.7147,27.1863,7.1463,7.5734,7.8357,7.9359,3.641,3.7407,3.8216,3.8926
C_00961,LOT_024,False,21.3205,23.1965,24.0574,24.7635,11.0166,11.0442,11.4035,11.4853,4.6518,4.7019,4.7257,4.7825
C_00962,LOT_024,False,20.329,20.4684,21.4837,21.534,10.4248,10.6387,10.3682,10.8922,5.324,5.5436,5.4581,5.4453
C_00963,LOT_024,False,21.4055,22.106,22.8343,23.0657,9.5563,9.9269,10.3676,10.6968,4.6834,4.6431,4.604,4.6645
C_00964,LOT_024,False,20.5234,20.0621,21.1069,20.669,10.3608,10.5515,11.4643,11.219,5.216,5.2812,5.2519,5.3315
C_00965,LOT_024,False,21.8741,20.7836,21.667,22.3592,9.3046,9.6117,9.6854,9.5964,4.4544,4.4333,4.3504,4.6716
C_00966,LOT_024,False,21.7294,21.9223,21.7664,23.1073,11.5649,11.5233,11.9668,12.1676,4.5406,4.6645,4.674,4.6636
C_00967,LOT_024,False,24.4562,24.7453,24.745,24.968,10.8919,10.9397,10.954,11.621,4.3495,4.2045,4.3809,4.4906
C_00968,LOT_024,False,21.6301,23.2488,23.8202,23.8903,10.7253,10.4929,10.9554,11.2343,4.36,4.2733,4.2122,4.1351
C_00969,LOT_024,False,19.5039,19.9066,21.3832,21.4069,10.6224,11.1031,11.393,11.0708,4.8967,4.99,4.8098,4.7793
C_00970,LOT_024,False,21.5158,21.1527,22.4201,22.9973,11.0844,11.461,11.509,12.0213,4.9542,4.9576,4.9354,4.8738
C_00971,LOT_024,False,21.4852,22.155,22.1592,22.1991,10.3893,10.4047,10.5683,10.9745,4.9978,5.0746,5.059,5.142
C_00972,LOT_024,False,20.609,21.5084,21.7507,21.1453,9.2592,9.6867,9.6707,9.7203,4.4579,4.7027,4.524,4.7168
C_00973,LOT_024,False,20.9026,21.2799,21.8067,21.8655,11.9978,12.3335,12.4908,12.6934,4.5105,4.7995,4.7901,4.6584
C_00974,LOT_024,False,23.1472,22.9368,23.9189,24.7586,9.7658,9.9416,10.0306,10.8639,4.6302,4.9896,4.8734,5.0225
C_00975,LOT_024,False,24.5693,24.8589,24.908,26.48,9.5886,9.5922,9.7195,10.0514,4.896,4.8259,4.9603,5.1967
C_00976,LOT_024,False,24.2883,24.2766,25.2178,25.4126,10.3489,10.894,11.1378,11.1139,4.7962,4.8671,4.8159,4.5968
C_00977,LOT_024,False,21.2061,21.5651,22.2148,23.255,8.9515,9.3848,9.9163,9.8026,5.4349,5.4146,5.6032,5.5515
C_00978,LOT_024,False,20.5495,20.9966,20.5554,21.6033,10.7695,11.1195,12.1388,12.0871,4.3812,4.3135,4.5493,4.4861
C_00979,LOT_024,False,21.3004,21.4876,22.2148,22.454,11.0777,10.5274,11.5285,11.4552,4.745,4.7366,4.8522,5.0573
C_00980,LOT_024,False,23.013,23.7455,23.4331,23.2282,10.8866,10.7483,11.3062,10.7432,4.8654,4.8826,4.6588,4.8342
C_00981,LOT_024,False,21.2338,21.6716,21.8338,21.4997,9.9613,10.2659,10.2325,10.6721,4.4833,4.3769,4.747,4.6394
C_00982,LOT_024,False,23.4562,24.5984,24.8789,25.3945,9.6446,9.5924,10.0104,10.139,4.5248,4.7949,4.6522,4.5167
C_00983,LOT_024,False,21.8172,22.6034,23.0348,23.7219,10.5726,10.2399,10.6891,10.9556,4.9354,5.0547,4.9573,5.0578
C_00984,LOT_024,False,22.5322,22.8503,22.8559,22.7012,10.3513,10.7971,10.9898,11.1912,4.6429,4.6537,4.8386,4.8007
C_00985,LOT_024,False,20.7001,21.0003,20.958,21.7902,10.8397,11.0489,10.8295,11.3381,5.3373,5.4478,5.4255,5.3289
C_00986,LOT_024,False,20.6094,20.0502,19.9091,20.6681,10.9459,11.0083,11.6926,11.9067,4.6823,4.8378,4.9307,5.0375
C_00987,LOT_024,False,21.611,22.2821,22.5806,22.4586,11.2048,10.7852,11.2956,11.8652,5.1158,5.3265,5.188,5.5204
C_00988,LOT_024,False,20.864,21.6799,21.7824,22.0902,8.507,8.7702,9.4642,9.6417,5.2431,5.1846,5.3033,5.2827
C_00989,LOT_024,False,19.9994,20.2528,21.0219,21.5323,8.8036,8.8395,8.6318,9.1945,4.6251,4.6566,4.7103,4.9494
C_00990,LOT_024,False,21.9252,22.4721,23.3089,24.1053,9.5968,9.7606,9.7619,10.2529,5.211,5.104,5.2269,5.2757
C_00991,LOT_024,False,23.0139,22.6288,23.7901,23.0261,10.8659,10.8906,11.5295,11.7265,4.8347,4.8472,5.1195,5.0411
C_00992,LOT_024,False,21.4208,21.2344,21.1941,21.6022,9.9091,9.8617,10.5885,10.6064,4.8098,4.953,4.8199,5.0872
C_00993,LOT_024,False,21.2942,21.6972,22.1209,21.9089,10.6331,10.8018,11.2553,11.4231,4.749,4.84,5.0653,5.0116
C_00994,LOT_024,False,21.4716,22.2342,22.2766,23.2959,10.5667,10.5442,11.2539,11.2843,4.4522,4.6096,4.8135,4.665
C_00995,LOT_024,False,25.652,25.7112,25.9385,26.3401,10.2178,10.7689,11.1739,11.3999,4.8386,4.7116,4.8694,5.0402
C_00996,LOT_024,False,24.6198,25.6687,25.6393,26.2052,11.4301,11.5389,11.5133,12.4452,4.5034,4.5293,4.345,4.3834
C_00997,LOT_024,False,19.6482,19.3792,20.1901,20.3541,9.7887,10.0511,10.5818,10.6236,5.2618,5.3082,5.4022,5.2236
C_00998,LOT_024,False,21.6204,21.5729,22.062,22.4011,11.2148,10.7559,11.5705,11.7741,4.7962,4.7644,4.6818,4.8621
C_00999,LOT_024,False,22.4413,22.4096,22.0379,23.0028,11.3594,11.0575,11.4313,12.0171,4.5784,4.5662,4.4929,4.5953
C_01000,LOT_024,False,22.5902,22.6186,22.8599,23.5333,11.4036,11.1053,11.3548,11.3513,4.5688,4.556,4.5606,4.7022
