component_id,lot_id,hour,parameter_name,value,is_defective
C_00001,LOT_000,0,leakage_ua,10.3478,False
C_00001,LOT_000,24,leakage_ua,10.484,False
C_00001,LOT_000,96,leakage_ua,10.5903,False
C_00001,LOT_000,168,leakage_ua,10.9982,False
C_00001,LOT_000,0,iddq_ua,22.0624,False
C_00001,LOT_000,24,iddq_ua,23.0609,False
C_00001,LOT_000,96,iddq_ua,22.8495,False
C_00001,LOT_000,168,iddq_ua,22.9305,False
C_00001,LOT_000,0,prop_delay_ns,4.6645,False
C_00001,LOT_000,24,prop_delay_ns,4.7195,False
C_00001,LOT_000,96,prop_delay_ns,4.8892,False
C_00001,LOT_000,168,prop_delay_ns,4.9429,False
C_00002,LOT_000,0,leakage_ua,10.5247,False
C_00002,LOT_000,24,leakage_ua,10.8687,False
C_00002,LOT_000,96,leakage_ua,11.8262,False
C_00002,LOT_000,168,leakage_ua,12.4351,False
C_00002,LOT_000,0,iddq_ua,22.0132,False
C_00002,LOT_000,24,iddq_ua,22.2097,False
C_00002,LOT_000,96,iddq_ua,22.3103,False
C_00002,LOT_000,168,iddq_ua,21.9138,False
C_00002,LOT_000,0,prop_delay_ns,5.0603,False
C_00002,LOT_000,24,prop_delay_ns,5.0291,False
C_00002,LOT_000,96,prop_delay_ns,5.1347,False
C_00002,LOT_000,168,prop_delay_ns,5.1223,False
C_00003,LOT_000,0,leakage_ua,10.6571,False
C_00003,LOT_000,24,leakage_ua,10.7238,False
C_00003,LOT_000,96,leakage_ua,10.9668,False
C_00003,LOT_000,168,leakage_ua,11.4737,False
C_00003,LOT_000,0,iddq_ua,20.6044,False
C_00003,LOT_000,24,iddq_ua,21.0973,False
C_00003,LOT_000,96,iddq_ua,21.6167,False
C_00003,LOT_000,168,iddq_ua,21.9048,False
C_00003,LOT_000,0,prop_delay_ns,5.2269,False
C_00003,LOT_000,24,prop_delay_ns,5.1504,False
C_00003,LOT_000,96,prop_delay_ns,5.0956,False
C_00003,LOT_000,168,prop_delay_ns,5.1558,False
C_00004,LOT_000,0,leakage_ua,10.5836,True
C_00004,LOT_000,24,leakage_ua,16.263,True
C_00004,LOT_000,96,leakage_ua,25.2539,True
C_00004,LOT_000,168,leakage_ua,31.8559,True
C_00004,LOT_000,0,iddq_ua,22.3081,True
C_00004,LOT_000,24,iddq_ua,26.9733,True
C_00004,LOT_000,96,iddq_ua,33.7686,True
C_00004,LOT_000,168,iddq_ua,37.488,True
C_00004,LOT_000,0,prop_delay_ns,4.9742,True
C_00004,LOT_000,24,prop_delay_ns,5.6383,True
C_00004,LOT_000,96,prop_delay_ns,6.9438,True
C_00004,LOT_000,168,prop_delay_ns,8.0518,True
C_00005,LOT_000,0,leakage_ua,9.5413,False
C_00005,LOT_000,24,leakage_ua,9.3928,False
C_00005,LOT_000,96,leakage_ua,9.6503,False
C_00005,LOT_000,168,leakage_ua,10.0885,False
C_00005,LOT_000,0,iddq_ua,21.3244,False
C_00005,LOT_000,24,iddq_ua,21.2736,False
C_00005,LOT_000,96,iddq_ua,21.8572,False
C_00005,LOT_000,168,iddq_ua,22.5834,False
C_00005,LOT_000,0,prop_delay_ns,4.3446,False
C_00005,LOT_000,24,prop_delay_ns,4.3037,False
C_00005,LOT_000,96,prop_delay_ns,4.4988,False
C_00005,LOT_000,168,prop_delay_ns,4.4954,False
C_00006,LOT_000,0,leakage_ua,10.1668,False
C_00006,LOT_000,24,leakage_ua,10.7227,False
C_00006,LOT_000,96,leakage_ua,11.2214,False
C_00006,LOT_000,168,leakage_ua,11.8329,False
C_00006,LOT_000,0,iddq_ua,22.4301,False
C_00006,LOT_000,24,iddq_ua,22.9191,False
C_00006,LOT_000,96,iddq_ua,23.0714,False
C_00006,LOT_000,168,iddq_ua,23.5133,False
C_00006,LOT_000,0,prop_delay_ns,4.3677,False
C_00006,LOT_000,24,prop_delay_ns,4.4414,False
C_00006,LOT_000,96,prop_delay_ns,4.6202,False
C_00006,LOT_000,168,prop_delay_ns,4.715,False
C_00007,LOT_000,0,leakage_ua,11.6586,False
C_00007,LOT_000,24,leakage_ua,12.4695,False
C_00007,LOT_000,96,leakage_ua,12.5686,False
C_00007,LOT_000,168,leakage_ua,12.9426,False
C_00007,LOT_000,0,iddq_ua,21.1427,False
C_00007,LOT_000,24,iddq_ua,21.2236,False
C_00007,LOT_000,96,iddq_ua,21.1107,False
C_00007,LOT_000,168,iddq_ua,21.0178,False
C_00007,LOT_000,0,prop_delay_ns,4.7745,False
C_00007,LOT_000,24,prop_delay_ns,4.889,False
C_00007,LOT_000,96,prop_delay_ns,4.808,False
C_00007,LOT_000,168,prop_delay_ns,4.7911,False
C_00008,LOT_000,0,leakage_ua,10.0809,True
C_00008,LOT_000,24,leakage_ua,20.2446,True
C_00008,LOT_000,96,leakage_ua,37.4311,True
C_00008,LOT_000,168,leakage_ua,50.1918,True
C_00008,LOT_000,0,iddq_ua,21.8678,True
C_00008,LOT_000,24,iddq_ua,28.5799,True
C_00008,LOT_000,96,iddq_ua,36.771,True
C_00008,LOT_000,168,iddq_ua,42.606,True
C_00008,LOT_000,0,prop_delay_ns,4.9443,True
C_00008,LOT_000,24,prop_delay_ns,6.0244,True
C_00008,LOT_000,96,prop_delay_ns,8.0073,True
C_00008,LOT_000,168,prop_delay_ns,9.4113,True
C_00009,LOT_000,0,leakage_ua,11.0942,False
C_00009,LOT_000,24,leakage_ua,10.9967,False
C_00009,LOT_000,96,leakage_ua,11.307,False
C_00009,LOT_000,168,leakage_ua,12.2361,False
C_00009,LOT_000,0,iddq_ua,24.8486,False
C_00009,LOT_000,24,iddq_ua,23.821,False
C_00009,LOT_000,96,iddq_ua,24.1787,False
C_00009,LOT_000,168,iddq_ua,25.0968,False
C_00009,LOT_000,0,prop_delay_ns,4.8214,False
C_00009,LOT_000,24,prop_delay_ns,4.954,False
C_00009,LOT_000,96,prop_delay_ns,4.8824,False
C_00009,LOT_000,168,prop_delay_ns,4.9791,False
C_00010,LOT_000,0,leakage_ua,10.1538,False
C_00010,LOT_000,24,leakage_ua,10.3862,False
C_00010,LOT_000,96,leakage_ua,10.8365,False
C_00010,LOT_000,168,leakage_ua,10.5198,False
C_00010,LOT_000,0,iddq_ua,22.3599,False
C_00010,LOT_000,24,iddq_ua,22.3357,False
C_00010,LOT_000,96,iddq_ua,22.9016,False
C_00010,LOT_000,168,iddq_ua,22.3956,False
C_00010,LOT_000,0,prop_delay_ns,4.717,False
C_00010,LOT_000,24,prop_delay_ns,4.6288,False
C_00010,LOT_000,96,prop_delay_ns,4.7941,False
C_00010,LOT_000,168,prop_delay_ns,4.8512,False
C_00011,LOT_000,0,leakage_ua,11.1954,False
C_00011,LOT_000,24,leakage_ua,11.5358,False
C_00011,LOT_000,96,leakage_ua,11.9676,False
C_00011,LOT_000,168,leakage_ua,12.3433,False
C_00011,LOT_000,0,iddq_ua,20.8548,False
C_00011,LOT_000,24,iddq_ua,20.6383,False
C_00011,LOT_000,96,iddq_ua,21.0532,False
C_00011,LOT_000,168,iddq_ua,21.0397,False
C_00011,LOT_000,0,prop_delay_ns,5.0852,False
C_00011,LOT_000,24,prop_delay_ns,4.7723,False
C_00011,LOT_000,96,prop_delay_ns,4.8279,False
C_00011,LOT_000,168,prop_delay_ns,5.1437,False
C_00012,LOT_000,0,leakage_ua,9.9702,False
C_00012,LOT_000,24,leakage_ua,9.569,False
C_00012,LOT_000,96,leakage_ua,9.9076,False
C_00012,LOT_000,168,leakage_ua,10.2544,False
C_00012,LOT_000,0,iddq_ua,21.8335,False
C_00012,LOT_000,24,iddq_ua,22.5284,False
C_00012,LOT_000,96,iddq_ua,22.7373,False
C_00012,LOT_000,168,iddq_ua,23.1134,False
C_00012,LOT_000,0,prop_delay_ns,4.7565,False
C_00012,LOT_000,24,prop_delay_ns,4.813,False
C_00012,LOT_000,96,prop_delay_ns,4.8531,False
C_00012,LOT_000,168,prop_delay_ns,4.903,False
C_00013,LOT_000,0,leakage_ua,10.8949,False
C_00013,LOT_000,24,leakage_ua,10.7956,False
C_00013,LOT_000,96,leakage_ua,10.7957,False
C_00013,LOT_000,168,leakage_ua,10.9076,False
C_00013,LOT_000,0,iddq_ua,22.6258,False
C_00013,LOT_000,24,iddq_ua,24.1547,False
C_00013,LOT_000,96,iddq_ua,24.2643,False
C_00013,LOT_000,168,iddq_ua,23.7583,False
C_00013,LOT_000,0,prop_delay_ns,4.7386,False
C_00013,LOT_000,24,prop_delay_ns,4.7923,False
C_00013,LOT_000,96,prop_delay_ns,4.8427,False
C_00013,LOT_000,168,prop_delay_ns,4.9331,False
C_00014,LOT_000,0,leakage_ua,8.8213,False
C_00014,LOT_000,24,leakage_ua,8.8334,False
C_00014,LOT_000,96,leakage_ua,8.7974,False
C_00014,LOT_000,168,leakage_ua,9.3214,False
C_00014,LOT_000,0,iddq_ua,23.9891,False
C_00014,LOT_000,24,iddq_ua,24.261,False
C_00014,LOT_000,96,iddq_ua,23.9536,False
C_00014,LOT_000,168,iddq_ua,24.4184,False
C_00014,LOT_000,0,prop_delay_ns,5.4124,False
C_00014,LOT_000,24,prop_delay_ns,5.3761,False
C_00014,LOT_000,96,prop_delay_ns,5.5896,False
C_00014,LOT_000,168,prop_delay_ns,5.5123,False
C_00015,LOT_000,0,leakage_ua,10.3827,False
C_00015,LOT_000,24,leakage_ua,10.098,False
C_00015,LOT_000,96,leakage_ua,10.7481,False
C_00015,LOT_000,168,leakage_ua,10.7419,False
C_00015,LOT_000,0,iddq_ua,23.7599,False
C_00015,LOT_000,24,iddq_ua,22.9924,False
C_00015,LOT_000,96,iddq_ua,24.0705,False
C_00015,LOT_000,168,iddq_ua,23.8094,False
C_00015,LOT_000,0,prop_delay_ns,4.6863,False
C_00015,LOT_000,24,prop_delay_ns,4.7074,False
C_00015,LOT_000,96,prop_delay_ns,4.8994,False
C_00015,LOT_000,168,prop_delay_ns,4.8549,False
C_00016,LOT_000,0,leakage_ua,10.0758,False
C_00016,LOT_000,24,leakage_ua,10.8834,False
C_00016,LOT_000,96,leakage_ua,11.2496,False
C_00016,LOT_000,168,leakage_ua,11.6395,False
C_00016,LOT_000,0,iddq_ua,24.2855,False
C_00016,LOT_000,24,iddq_ua,23.3762,False
C_00016,LOT_000,96,iddq_ua,25.0043,False
C_00016,LOT_000,168,iddq_ua,24.5829,False
C_00016,LOT_000,0,prop_delay_ns,5.2646,False
C_00016,LOT_000,24,prop_delay_ns,5.2094,False
C_00016,LOT_000,96,prop_delay_ns,5.2656,False
C_00016,LOT_000,168,prop_delay_ns,5.3144,False
C_00017,LOT_000,0,leakage_ua,10.4793,False
C_00017,LOT_000,24,leakage_ua,10.1978,False
C_00017,LOT_000,96,leakage_ua,10.6159,False
C_00017,LOT_000,168,leakage_ua,11.1191,False
C_00017,LOT_000,0,iddq_ua,21.2569,False
C_00017,LOT_000,24,iddq_ua,21.0775,False
C_00017,LOT_000,96,iddq_ua,21.831,False
C_00017,LOT_000,168,iddq_ua,21.7729,False
C_00017,LOT_000,0,prop_delay_ns,5.1319,False
C_00017,LOT_000,24,prop_delay_ns,4.9899,False
C_00017,LOT_000,96,prop_delay_ns,5.4402,False
C_00017,LOT_000,168,prop_delay_ns,5.2908,False
C_00018,LOT_000,0,leakage_ua,10.8221,True
C_00018,LOT_000,24,leakage_ua,13.9774,True
C_00018,LOT_000,96,leakage_ua,19.0153,True
C_00018,LOT_000,168,leakage_ua,22.6772,True
C_00018,LOT_000,0,iddq_ua,22.2669,True
C_00018,LOT_000,24,iddq_ua,26.7993,True
C_00018,LOT_000,96,iddq_ua,32.9346,True
C_00018,LOT_000,168,iddq_ua,36.9735,True
C_00018,LOT_000,0,prop_delay_ns,4.9984,True
C_00018,LOT_000,24,prop_delay_ns,5.71,True
C_00018,LOT_000,96,prop_delay_ns,7.2705,True
C_00018,LOT_000,168,prop_delay_ns,8.5196,True
C_00019,LOT_000,0,leakage_ua,10.097,False
C_00019,LOT_000,24,leakage_ua,10.4638,False
C_00019,LOT_000,96,leakage_ua,10.1729,False
C_00019,LOT_000,168,leakage_ua,10.5283,False
C_00019,LOT_000,0,iddq_ua,20.233,False
C_00019,LOT_000,24,iddq_ua,19.906,False
C_00019,LOT_000,96,iddq_ua,20.2009,False
C_00019,LOT_000,168,iddq_ua,20.6267,False
C_00019,LOT_000,0,prop_delay_ns,5.2856,False
C_00019,LOT_000,24,prop_delay_ns,5.472,False
C_00019,LOT_000,96,prop_delay_ns,5.3973,False
C_00019,LOT_000,168,prop_delay_ns,5.3463,False
C_00020,LOT_000,0,leakage_ua,9.5967,False
C_00020,LOT_000,24,leakage_ua,9.871,False
C_00020,LOT_000,96,leakage_ua,9.4468,False
C_00020,LOT_000,168,leakage_ua,9.9059,False
C_00020,LOT_000,0,iddq_ua,19.7628,False
C_00020,LOT_000,24,iddq_ua,21.1516,False
C_00020,LOT_000,96,iddq_ua,20.8307,False
C_00020,LOT_000,168,iddq_ua,21.0716,False
C_00020,LOT_000,0,prop_delay_ns,4.573,False
C_00020,LOT_000,24,prop_delay_ns,4.6482,False
C_00020,LOT_000,96,prop_delay_ns,4.7011,False
C_00020,LOT_000,168,prop_delay_ns,4.8292,False
C_00021,LOT_000,0,leakage_ua,9.6577,False
C_00021,LOT_000,24,leakage_ua,9.7475,False
C_00021,LOT_000,96,leakage_ua,10.0152,False
C_00021,LOT_000,168,leakage_ua,10.3849,False
C_00021,LOT_000,0,iddq_ua,24.5196,False
C_00021,LOT_000,24,iddq_ua,25.4089,False
C_00021,LOT_000,96,iddq_ua,24.9994,False
C_00021,LOT_000,168,iddq_ua,25.9397,False
C_00021,LOT_000,0,prop_delay_ns,4.7419,False
C_00021,LOT_000,24,prop_delay_ns,4.73,False
C_00021,LOT_000,96,prop_delay_ns,4.8878,False
C_00021,LOT_000,168,prop_delay_ns,5.0039,False
C_00022,LOT_000,0,leakage_ua,11.651,False
C_00022,LOT_000,24,leakage_ua,11.7553,False
C_00022,LOT_000,96,leakage_ua,12.2304,False
C_00022,LOT_000,168,leakage_ua,12.6808,False
C_00022,LOT_000,0,iddq_ua,22.1746,False
C_00022,LOT_000,24,iddq_ua,22.9006,False
C_00022,LOT_000,96,iddq_ua,24.3226,False
C_00022,LOT_000,168,iddq_ua,23.4138,False
C_00022,LOT_000,0,prop_delay_ns,5.321,False
C_00022,LOT_000,24,prop_delay_ns,5.349,False
C_00022,LOT_000,96,prop_delay_ns,5.3567,False
C_00022,LOT_000,168,prop_delay_ns,5.544,False
C_00023,LOT_000,0,leakage_ua,10.7179,False
C_00023,LOT_000,24,leakage_ua,11.1091,False
C_00023,LOT_000,96,leakage_ua,11.3156,False
C_00023,LOT_000,168,leakage_ua,11.8675,False
C_00023,LOT_000,0,iddq_ua,18.8934,False
C_00023,LOT_000,24,iddq_ua,20.1927,False
C_00023,LOT_000,96,iddq_ua,20.233,False
C_00023,LOT_000,168,iddq_ua,19.7573,False
C_00023,LOT_000,0,prop_delay_ns,4.6791,False
C_00023,LOT_000,24,prop_delay_ns,4.5167,False
C_00023,LOT_000,96,prop_delay_ns,4.4549,False
C_00023,LOT_000,168,prop_delay_ns,4.568,False
C_00024,LOT_000,0,leakage_ua,10.3418,False
C_00024,LOT_000,24,leakage_ua,10.4004,False
C_00024,LOT_000,96,leakage_ua,10.7056,False
C_00024,LOT_000,168,leakage_ua,10.6124,False
C_00024,LOT_000,0,iddq_ua,22.6493,False
C_00024,LOT_000,24,iddq_ua,24.068,False
C_00024,LOT_000,96,iddq_ua,23.8358,False
C_00024,LOT_000,168,iddq_ua,24.8958,False
C_00024,LOT_000,0,prop_delay_ns,4.7997,False
C_00024,LOT_000,24,prop_delay_ns,4.9747,False
C_00024,LOT_000,96,prop_delay_ns,4.8818,False
C_00024,LOT_000,168,prop_delay_ns,4.8996,False
C_00025,LOT_000,0,leakage_ua,10.5323,False
C_00025,LOT_000,24,leakage_ua,10.9801,False
C_00025,LOT_000,96,leakage_ua,10.3679,False
C_00025,LOT_000,168,leakage_ua,10.819,False
C_00025,LOT_000,0,iddq_ua,19.5956,False
C_00025,LOT_000,24,iddq_ua,19.7208,False
C_00025,LOT_000,96,iddq_ua,19.9431,False
C_00025,LOT_000,168,iddq_ua,20.213,False
C_00025,LOT_000,0,prop_delay_ns,4.6439,False
C_00025,LOT_000,24,prop_delay_ns,4.6963,False
C_00025,LOT_000,96,prop_delay_ns,4.7384,False
C_00025,LOT_000,168,prop_delay_ns,4.9518,False
C_00026,LOT_000,0,leakage_ua,9.9214,False
C_00026,LOT_000,24,leakage_ua,10.1223,False
C_00026,LOT_000,96,leakage_ua,10.4946,False
C_00026,LOT_000,168,leakage_ua,10.7344,False
C_00026,LOT_000,0,iddq_ua,22.2717,False
C_00026,LOT_000,24,iddq_ua,22.0426,False
C_00026,LOT_000,96,iddq_ua,22.0247,False
C_00026,LOT_000,168,iddq_ua,22.6884,False
C_00026,LOT_000,0,prop_delay_ns,4.9866,False
C_00026,LOT_000,24,prop_delay_ns,4.8918,False
C_00026,LOT_000,96,prop_delay_ns,5.0371,False
C_00026,LOT_000,168,prop_delay_ns,4.9038,False
C_00027,LOT_000,0,leakage_ua,10.6048,False
C_00027,LOT_000,24,leakage_ua,11.0558,False
C_00027,LOT_000,96,leakage_ua,11.5228,False
C_00027,LOT_000,168,leakage_ua,11.5595,False
C_00027,LOT_000,0,iddq_ua,22.4357,False
C_00027,LOT_000,24,iddq_ua,23.3536,False
C_00027,LOT_000,96,iddq_ua,24.4954,False
C_00027,LOT_000,168,iddq_ua,23.5555,False
C_00027,LOT_000,0,prop_delay_ns,4.9363,False
C_00027,LOT_000,24,prop_delay_ns,4.8719,False
C_00027,LOT_000,96,prop_delay_ns,5.0134,False
C_00027,LOT_000,168,prop_delay_ns,5.1828,False
C_00028,LOT_000,0,leakage_ua,10.9831,False
C_00028,LOT_000,24,leakage_ua,10.95,False
C_00028,LOT_000,96,leakage_ua,11.68,False
C_00028,LOT_000,168,leakage_ua,11.5169,False
C_00028,LOT_000,0,iddq_ua,21.2329,False
C_00028,LOT_000,24,iddq_ua,20.6009,False
C_00028,LOT_000,96,iddq_ua,21.8561,False
C_00028,LOT_000,168,iddq_ua,21.4137,False
C_00028,LOT_000,0,prop_delay_ns,4.8942,False
C_00028,LOT_000,24,prop_delay_ns,4.8711,False
C_00028,LOT_000,96,prop_delay_ns,5.1137,False
C_00028,LOT_000,168,prop_delay_ns,5.1019,False
C_00029,LOT_000,0,leakage_ua,11.3288,False
C_00029,LOT_000,24,leakage_ua,11.2634,False
C_00029,LOT_000,96,leakage_ua,11.725,False
C_00029,LOT_000,168,leakage_ua,11.6637,False
C_00029,LOT_000,0,iddq_ua,20.3099,False
C_00029,LOT_000,24,iddq_ua,22.3402,False
C_00029,LOT_000,96,iddq_ua,23.1163,False
C_00029,LOT_000,168,iddq_ua,22.1134,False
C_00029,LOT_000,0,prop_delay_ns,4.3187,False
C_00029,LOT_000,24,prop_delay_ns,4.2645,False
C_00029,LOT_000,96,prop_delay_ns,4.458,False
C_00029,LOT_000,168,prop_delay_ns,4.4907,False
C_00030,LOT_000,0,leakage_ua,10.7277,False
C_00030,LOT_000,24,leakage_ua,11.1216,False
C_00030,LOT_000,96,leakage_ua,11.8482,False
C_00030,LOT_000,168,leakage_ua,11.7721,False
C_00030,LOT_000,0,iddq_ua,22.0189,False
C_00030,LOT_000,24,iddq_ua,23.0271,False
C_00030,LOT_000,96,iddq_ua,22.0353,False
C_00030,LOT_000,168,iddq_ua,22.9427,False
C_00030,LOT_000,0,prop_delay_ns,5.1205,False
C_00030,LOT_000,24,prop_delay_ns,4.9944,False
C_00030,LOT_000,96,prop_delay_ns,4.9075,False
C_00030,LOT_000,168,prop_delay_ns,5.1149,False
C_00031,LOT_000,0,leakage_ua,9.8247,False
C_00031,LOT_000,24,leakage_ua,10.3968,False
C_00031,LOT_000,96,leakage_ua,10.4268,False
C_00031,LOT_000,168,leakage_ua,10.1911,False
C_00031,LOT_000,0,iddq_ua,22.307,False
C_00031,LOT_000,24,iddq_ua,23.5328,False
C_00031,LOT_000,96,iddq_ua,23.5973,False
C_00031,LOT_000,168,iddq_ua,24.7264,False
C_00031,LOT_000,0,prop_delay_ns,5.1111,False
C_00031,LOT_000,24,prop_delay_ns,5.1318,False
C_00031,LOT_000,96,prop_delay_ns,5.2671,False
C_00031,LOT_000,168,prop_delay_ns,5.1469,False
C_00032,LOT_000,0,leakage_ua,10.2132,False
C_00032,LOT_000,24,leakage_ua,10.4808,False
C_00032,LOT_000,96,leakage_ua,10.288,False
C_00032,LOT_000,168,leakage_ua,10.4483,False
C_00032,LOT_000,0,iddq_ua,21.2884,False
C_00032,LOT_000,24,iddq_ua,22.1101,False
C_00032,LOT_000,96,iddq_ua,22.3534,False
C_00032,LOT_000,168,iddq_ua,21.8214,False
C_00032,LOT_000,0,prop_delay_ns,4.7245,False
C_00032,LOT_000,24,prop_delay_ns,4.6236,False
C_00032,LOT_000,96,prop_delay_ns,4.5954,False
C_00032,LOT_000,168,prop_delay_ns,4.7211,False
C_00033,LOT_000,0,leakage_ua,9.7154,False
C_00033,LOT_000,24,leakage_ua,9.9893,False
C_00033,LOT_000,96,leakage_ua,10.0273,False
C_00033,LOT_000,168,leakage_ua,10.2946,False
C_00033,LOT_000,0,iddq_ua,20.0222,False
C_00033,LOT_000,24,iddq_ua,20.0837,False
C_00033,LOT_000,96,iddq_ua,21.2519,False
C_00033,LOT_000,168,iddq_ua,20.9948,False
C_00033,LOT_000,0,prop_delay_ns,4.3943,False
C_00033,LOT_000,24,prop_delay_ns,4.4959,False
C_00033,LOT_000,96,prop_delay_ns,4.6018,False
C_00033,LOT_000,168,prop_delay_ns,4.864,False
C_00034,LOT_000,0,leakage_ua,10.94,False
C_00034,LOT_000,24,leakage_ua,10.9653,False
C_00034,LOT_000,96,leakage_ua,11.2475,False
C_00034,LOT_000,168,leakage_ua,11.2222,False
C_00034,LOT_000,0,iddq_ua,22.6042,False
C_00034,LOT_000,24,iddq_ua,21.7434,False
C_00034,LOT_000,96,iddq_ua,21.727,False
C_00034,LOT_000,168,iddq_ua,23.353,False
C_00034,LOT_000,0,prop_delay_ns,5.2652,False
C_00034,LOT_000,24,prop_delay_ns,5.3816,False
C_00034,LOT_000,96,prop_delay_ns,5.5251,False
C_00034,LOT_000,168,prop_delay_ns,5.4325,False
C_00035,LOT_000,0,leakage_ua,9.611,False
C_00035,LOT_000,24,leakage_ua,10.3796,False
C_00035,LOT_000,96,leakage_ua,10.5958,False
C_00035,LOT_000,168,leakage_ua,10.6734,False
C_00035,LOT_000,0,iddq_ua,20.8541,False
C_00035,LOT_000,24,iddq_ua,21.4757,False
C_00035,LOT_000,96,iddq_ua,21.5672,False
C_00035,LOT_000,168,iddq_ua,21.8479,False
C_00035,LOT_000,0,prop_delay_ns,5.1012,False
C_00035,LOT_000,24,prop_delay_ns,5.0727,False
C_00035,LOT_000,96,prop_delay_ns,5.0654,False
C_00035,LOT_000,168,prop_delay_ns,5.4203,False
C_00036,LOT_000,0,leakage_ua,11.2137,False
C_00036,LOT_000,24,leakage_ua,11.4536,False
C_00036,LOT_000,96,leakage_ua,11.4785,False
C_00036,LOT_000,168,leakage_ua,12.054,False
C_00036,LOT_000,0,iddq_ua,21.9243,False
C_00036,LOT_000,24,iddq_ua,22.8784,False
C_00036,LOT_000,96,iddq_ua,22.6372,False
C_00036,LOT_000,168,iddq_ua,22.3563,False
C_00036,LOT_000,0,prop_delay_ns,4.8707,False
C_00036,LOT_000,24,prop_delay_ns,4.9978,False
C_00036,LOT_000,96,prop_delay_ns,5.0008,False
C_00036,LOT_000,168,prop_delay_ns,5.0006,False
C_00037,LOT_000,0,leakage_ua,10.8203,False
C_00037,LOT_000,24,leakage_ua,10.9105,False
C_00037,LOT_000,96,leakage_ua,11.0262,False
C_00037,LOT_000,168,leakage_ua,10.9107,False
C_00037,LOT_000,0,iddq_ua,20.9282,False
C_00037,LOT_000,24,iddq_ua,21.4484,False
C_00037,LOT_000,96,iddq_ua,21.5422,False
C_00037,LOT_000,168,iddq_ua,21.1483,False
C_00037,LOT_000,0,prop_delay_ns,4.5207,False
C_00037,LOT_000,24,prop_delay_ns,4.5149,False
C_00037,LOT_000,96,prop_delay_ns,4.6416,False
C_00037,LOT_000,168,prop_delay_ns,4.614,False
C_00038,LOT_000,0,leakage_ua,10.6171,False
C_00038,LOT_000,24,leakage_ua,10.4662,False
C_00038,LOT_000,96,leakage_ua,10.8413,False
C_00038,LOT_000,168,leakage_ua,11.4272,False
C_00038,LOT_000,0,iddq_ua,20.3663,False
C_00038,LOT_000,24,iddq_ua,20.4744,False
C_00038,LOT_000,96,iddq_ua,20.5427,False
C_00038,LOT_000,168,iddq_ua,21.1734,False
C_00038,LOT_000,0,prop_delay_ns,4.0257,False
C_00038,LOT_000,24,prop_delay_ns,4.1188,False
C_00038,LOT_000,96,prop_delay_ns,4.145,False
C_00038,LOT_000,168,prop_delay_ns,4.1792,False
C_00039,LOT_000,0,leakage_ua,11.6822,False
C_00039,LOT_000,24,leakage_ua,11.5802,False
C_00039,LOT_000,96,leakage_ua,12.477,False
C_00039,LOT_000,168,leakage_ua,12.4516,False
C_00039,LOT_000,0,iddq_ua,22.4276,False
C_00039,LOT_000,24,iddq_ua,21.993,False
C_00039,LOT_000,96,iddq_ua,23.0357,False
C_00039,LOT_000,168,iddq_ua,22.6573,False
C_00039,LOT_000,0,prop_delay_ns,4.7876,False
C_00039,LOT_000,24,prop_delay_ns,4.8026,False
C_00039,LOT_000,96,prop_delay_ns,4.9061,False
C_00039,LOT_000,168,prop_delay_ns,4.9729,False
C_00040,LOT_000,0,leakage_ua,10.7676,False
C_00040,LOT_000,24,leakage_ua,10.9058,False
C_00040,LOT_000,96,leakage_ua,10.9101,False
C_00040,LOT_000,168,leakage_ua,11.3703,False
C_00040,LOT_000,0,iddq_ua,20.0993,False
C_00040,LOT_000,24,iddq_ua,20.4051,False
C_00040,LOT_000,96,iddq_ua,20.0972,False
C_00040,LOT_000,168,iddq_ua,20.9383,False
C_00040,LOT_000,0,prop_delay_ns,4.9226,False
C_00040,LOT_000,24,prop_delay_ns,4.9205,False
C_00040,LOT_000,96,prop_delay_ns,4.9656,False
C_00040,LOT_000,168,prop_delay_ns,4.9999,False
C_00041,LOT_001,0,leakage_ua,9.8382,False
C_00041,LOT_001,24,leakage_ua,9.9702,False
C_00041,LOT_001,96,leakage_ua,10.138,False
C_00041,LOT_001,168,leakage_ua,10.3377,False
C_00041,LOT_001,0,iddq_ua,26.8509,False
C_00041,LOT_001,24,iddq_ua,27.967,False
C_00041,LOT_001,96,iddq_ua,27.3209,False
C_00041,LOT_001,168,iddq_ua,28.6842,False
C_00041,LOT_001,0,prop_delay_ns,3.8752,False
C_00041,LOT_001,24,prop_delay_ns,4.0998,False
C_00041,LOT_001,96,prop_delay_ns,3.9378,False
C_00041,LOT_001,168,prop_delay_ns,3.8673,False
C_00042,LOT_001,0,leakage_ua,9.7142,False
C_00042,LOT_001,24,leakage_ua,9.6191,False
C_00042,LOT_001,96,leakage_ua,10.1635,False
C_00042,LOT_001,168,leakage_ua,10.3843,False
C_00042,LOT_001,0,iddq_ua,29.1048,False
C_00042,LOT_001,24,iddq_ua,30.3851,False
C_00042,LOT_001,96,iddq_ua,30.4505,False
C_00042,LOT_001,168,iddq_ua,31.319,False
C_00042,LOT_001,0,prop_delay_ns,3.7535,False
C_00042,LOT_001,24,prop_delay_ns,3.8118,False
C_00042,LOT_001,96,prop_delay_ns,3.7807,False
C_00042,LOT_001,168,prop_delay_ns,3.816,False
C_00043,LOT_001,0,leakage_ua,10.6123,False
C_00043,LOT_001,24,leakage_ua,11.0003,False
C_00043,LOT_001,96,leakage_ua,11.2225,False
C_00043,LOT_001,168,leakage_ua,11.9184,False
C_00043,LOT_001,0,iddq_ua,29.9352,False
C_00043,LOT_001,24,iddq_ua,30.1168,False
C_00043,LOT_001,96,iddq_ua,31.0258,False
C_00043,LOT_001,168,iddq_ua,30.8263,False
C_00043,LOT_001,0,prop_delay_ns,3.846,False
C_00043,LOT_001,24,prop_delay_ns,3.5565,False
C_00043,LOT_001,96,prop_delay_ns,3.7259,False
C_00043,LOT_001,168,prop_delay_ns,3.9074,False
C_00044,LOT_001,0,leakage_ua,9.4618,False
C_00044,LOT_001,24,leakage_ua,10.1135,False
C_00044,LOT_001,96,leakage_ua,9.9184,False
C_00044,LOT_001,168,leakage_ua,10.1839,False
C_00044,LOT_001,0,iddq_ua,30.477,False
C_00044,LOT_001,24,iddq_ua,30.8317,False
C_00044,LOT_001,96,iddq_ua,30.3869,False
C_00044,LOT_001,168,iddq_ua,31.3156,False
C_00044,LOT_001,0,prop_delay_ns,3.7053,False
C_00044,LOT_001,24,prop_delay_ns,3.736,False
C_00044,LOT_001,96,prop_delay_ns,3.7822,False
C_00044,LOT_001,168,prop_delay_ns,3.8265,False
C_00045,LOT_001,0,leakage_ua,9.356,False
C_00045,LOT_001,24,leakage_ua,9.992,False
C_00045,LOT_001,96,leakage_ua,10.4935,False
C_00045,LOT_001,168,leakage_ua,10.5077,False
C_00045,LOT_001,0,iddq_ua,28.5831,False
C_00045,LOT_001,24,iddq_ua,27.8098,False
C_00045,LOT_001,96,iddq_ua,29.2358,False
C_00045,LOT_001,168,iddq_ua,29.1836,False
C_00045,LOT_001,0,prop_delay_ns,3.9229,False
C_00045,LOT_001,24,prop_delay_ns,3.9074,False
C_00045,LOT_001,96,prop_delay_ns,3.8249,False
C_00045,LOT_001,168,prop_delay_ns,3.8776,False
C_00046,LOT_001,0,leakage_ua,10.3331,False
C_00046,LOT_001,24,leakage_ua,10.3916,False
C_00046,LOT_001,96,leakage_ua,10.8101,False
C_00046,LOT_001,168,leakage_ua,11.3097,False
C_00046,LOT_001,0,iddq_ua,27.6392,False
C_00046,LOT_001,24,iddq_ua,28.5849,False
C_00046,LOT_001,96,iddq_ua,28.7495,False
C_00046,LOT_001,168,iddq_ua,28.1072,False
C_00046,LOT_001,0,prop_delay_ns,4.1489,False
C_00046,LOT_001,24,prop_delay_ns,4.1668,False
C_00046,LOT_001,96,prop_delay_ns,4.2771,False
C_00046,LOT_001,168,prop_delay_ns,4.2629,False
C_00047,LOT_001,0,leakage_ua,10.7399,False
C_00047,LOT_001,24,leakage_ua,11.0254,False
C_00047,LOT_001,96,leakage_ua,10.878,False
C_00047,LOT_001,168,leakage_ua,11.5958,False
C_00047,LOT_001,0,iddq_ua,24.7068,False
C_00047,LOT_001,24,iddq_ua,25.0223,False
C_00047,LOT_001,96,iddq_ua,24.8385,False
C_00047,LOT_001,168,iddq_ua,24.6985,False
C_00047,LOT_001,0,prop_delay_ns,4.0927,False
C_00047,LOT_001,24,prop_delay_ns,3.9837,False
C_00047,LOT_001,96,prop_delay_ns,4.1114,False
C_00047,LOT_001,168,prop_delay_ns,4.1138,False
C_00048,LOT_001,0,leakage_ua,10.7051,False
C_00048,LOT_001,24,leakage_ua,10.9517,False
C_00048,LOT_001,96,leakage_ua,11.5012,False
C_00048,LOT_001,168,leakage_ua,12.1199,False
C_00048,LOT_001,0,iddq_ua,26.1394,False
C_00048,LOT_001,24,iddq_ua,26.6158,False
C_00048,LOT_001,96,iddq_ua,28.2117,False
C_00048,LOT_001,168,iddq_ua,26.4583,False
C_00048,LOT_001,0,prop_delay_ns,4.2545,False
C_00048,LOT_001,24,prop_delay_ns,4.2991,False
C_00048,LOT_001,96,prop_delay_ns,4.2689,False
C_00048,LOT_001,168,prop_delay_ns,4.4197,False
C_00049,LOT_001,0,leakage_ua,10.7332,False
C_00049,LOT_001,24,leakage_ua,11.2113,False
C_00049,LOT_001,96,leakage_ua,11.6849,False
C_00049,LOT_001,168,leakage_ua,11.5561,False
C_00049,LOT_001,0,iddq_ua,26.6376,False
C_00049,LOT_001,24,iddq_ua,27.1964,False
C_00049,LOT_001,96,iddq_ua,28.0426,False
C_00049,LOT_001,168,iddq_ua,28.7936,False
C_00049,LOT_001,0,prop_delay_ns,4.5796,False
C_00049,LOT_001,24,prop_delay_ns,4.5606,False
C_00049,LOT_001,96,prop_delay_ns,4.6346,False
C_00049,LOT_001,168,prop_delay_ns,4.6153,False
C_00050,LOT_001,0,leakage_ua,10.1499,False
C_00050,LOT_001,24,leakage_ua,10.08,False
C_00050,LOT_001,96,leakage_ua,10.2247,False
C_00050,LOT_001,168,leakage_ua,10.5128,False
C_00050,LOT_001,0,iddq_ua,29.8864,False
C_00050,LOT_001,24,iddq_ua,30.4262,False
C_00050,LOT_001,96,iddq_ua,30.1896,False
C_00050,LOT_001,168,iddq_ua,30.7403,False
C_00050,LOT_001,0,prop_delay_ns,4.2408,False
C_00050,LOT_001,24,prop_delay_ns,4.2564,False
C_00050,LOT_001,96,prop_delay_ns,4.1482,False
C_00050,LOT_001,168,prop_delay_ns,4.3178,False
C_00051,LOT_001,0,leakage_ua,10.072,False
C_00051,LOT_001,24,leakage_ua,10.012,False
C_00051,LOT_001,96,leakage_ua,10.3488,False
C_00051,LOT_001,168,leakage_ua,10.9346,False
C_00051,LOT_001,0,iddq_ua,27.811,False
C_00051,LOT_001,24,iddq_ua,28.4703,False
C_00051,LOT_001,96,iddq_ua,28.0274,False
C_00051,LOT_001,168,iddq_ua,29.0445,False
C_00051,LOT_001,0,prop_delay_ns,3.8864,False
C_00051,LOT_001,24,prop_delay_ns,3.893,False
C_00051,LOT_001,96,prop_delay_ns,4.0687,False
C_00051,LOT_001,168,prop_delay_ns,3.9342,False
C_00052,LOT_001,0,leakage_ua,8.855,False
C_00052,LOT_001,24,leakage_ua,9.3454,False
C_00052,LOT_001,96,leakage_ua,9.2813,False
C_00052,LOT_001,168,leakage_ua,9.7131,False
C_00052,LOT_001,0,iddq_ua,27.9482,False
C_00052,LOT_001,24,iddq_ua,29.185,False
C_00052,LOT_001,96,iddq_ua,27.2581,False
C_00052,LOT_001,168,iddq_ua,27.6619,False
C_00052,LOT_001,0,prop_delay_ns,3.8086,False
C_00052,LOT_001,24,prop_delay_ns,3.7578,False
C_00052,LOT_001,96,prop_delay_ns,3.8808,False
C_00052,LOT_001,168,prop_delay_ns,3.8935,False
C_00053,LOT_001,0,leakage_ua,11.0155,False
C_00053,LOT_001,24,leakage_ua,11.1168,False
C_00053,LOT_001,96,leakage_ua,11.5031,False
C_00053,LOT_001,168,leakage_ua,12.1509,False
C_00053,LOT_001,0,iddq_ua,23.576,False
C_00053,LOT_001,24,iddq_ua,23.7672,False
C_00053,LOT_001,96,iddq_ua,23.3378,False
C_00053,LOT_001,168,iddq_ua,23.6991,False
C_00053,LOT_001,0,prop_delay_ns,3.6681,False
C_00053,LOT_001,24,prop_delay_ns,3.7014,False
C_00053,LOT_001,96,prop_delay_ns,3.6797,False
C_00053,LOT_001,168,prop_delay_ns,3.6488,False
C_00054,LOT_001,0,leakage_ua,9.5086,False
C_00054,LOT_001,24,leakage_ua,9.8682,False
C_00054,LOT_001,96,leakage_ua,10.2395,False
C_00054,LOT_001,168,leakage_ua,10.5128,False
C_00054,LOT_001,0,iddq_ua,25.9615,False
C_00054,LOT_001,24,iddq_ua,25.9753,False
C_00054,LOT_001,96,iddq_ua,25.6831,False
C_00054,LOT_001,168,iddq_ua,26.5059,False
C_00054,LOT_001,0,prop_delay_ns,4.1076,False
C_00054,LOT_001,24,prop_delay_ns,4.086,False
C_00054,LOT_001,96,prop_delay_ns,4.0099,False
C_00054,LOT_001,168,prop_delay_ns,4.1073,False
C_00055,LOT_001,0,leakage_ua,11.8197,False
C_00055,LOT_001,24,leakage_ua,11.374,False
C_00055,LOT_001,96,leakage_ua,11.5608,False
C_00055,LOT_001,168,leakage_ua,11.9509,False
C_00055,LOT_001,0,iddq_ua,28.1601,False
C_00055,LOT_001,24,iddq_ua,28.4294,False
C_00055,LOT_001,96,iddq_ua,28.6794,False
C_00055,LOT_001,168,iddq_ua,30.7205,False
C_00055,LOT_001,0,prop_delay_ns,3.9549,False
C_00055,LOT_001,24,prop_delay_ns,3.9318,False
C_00055,LOT_001,96,prop_delay_ns,3.8011,False
C_00055,LOT_001,168,prop_delay_ns,3.9183,False
C_00056,LOT_001,0,leakage_ua,8.8764,False
C_00056,LOT_001,24,leakage_ua,9.2254,False
C_00056,LOT_001,96,leakage_ua,9.2696,False
C_00056,LOT_001,168,leakage_ua,9.4959,False
C_00056,LOT_001,0,iddq_ua,26.0342,False
C_00056,LOT_001,24,iddq_ua,26.9285,False
C_00056,LOT_001,96,iddq_ua,27.2831,False
C_00056,LOT_001,168,iddq_ua,26.9356,False
C_00056,LOT_001,0,prop_delay_ns,3.4711,False
C_00056,LOT_001,24,prop_delay_ns,3.6541,False
C_00056,LOT_001,96,prop_delay_ns,3.6845,False
C_00056,LOT_001,168,prop_delay_ns,3.612,False
C_00057,LOT_001,0,leakage_ua,10.8935,False
C_00057,LOT_001,24,leakage_ua,10.6372,False
C_00057,LOT_001,96,leakage_ua,11.6154,False
C_00057,LOT_001,168,leakage_ua,11.4712,False
C_00057,LOT_001,0,iddq_ua,28.5187,False
C_00057,LOT_001,24,iddq_ua,29.8097,False
C_00057,LOT_001,96,iddq_ua,29.3714,False
C_00057,LOT_001,168,iddq_ua,31.1287,False
C_00057,LOT_001,0,prop_delay_ns,4.1932,False
C_00057,LOT_001,24,prop_delay_ns,4.2156,False
C_00057,LOT_001,96,prop_delay_ns,4.3522,False
C_00057,LOT_001,168,prop_delay_ns,4.295,False
C_00058,LOT_001,0,leakage_ua,10.1322,False
C_00058,LOT_001,24,leakage_ua,10.1463,False
C_00058,LOT_001,96,leakage_ua,10.6951,False
C_00058,LOT_001,168,leakage_ua,11.0575,False
C_00058,LOT_001,0,iddq_ua,26.7602,False
C_00058,LOT_001,24,iddq_ua,27.5874,False
C_00058,LOT_001,96,iddq_ua,27.9305,False
C_00058,LOT_001,168,iddq_ua,27.2321,False
C_00058,LOT_001,0,prop_delay_ns,3.9395,False
C_00058,LOT_001,24,prop_delay_ns,4.1286,False
C_00058,LOT_001,96,prop_delay_ns,4.0432,False
C_00058,LOT_001,168,prop_delay_ns,4.0071,False
C_00059,LOT_001,0,leakage_ua,8.9439,False
C_00059,LOT_001,24,leakage_ua,9.0545,False
C_00059,LOT_001,96,leakage_ua,8.9101,False
C_00059,LOT_001,168,leakage_ua,9.2529,False
C_00059,LOT_001,0,iddq_ua,30.9161,False
C_00059,LOT_001,24,iddq_ua,31.3255,False
C_00059,LOT_001,96,iddq_ua,30.6964,False
C_00059,LOT_001,168,iddq_ua,32.4953,False
C_00059,LOT_001,0,prop_delay_ns,4.003,False
C_00059,LOT_001,24,prop_delay_ns,4.0302,False
C_00059,LOT_001,96,prop_delay_ns,4.1277,False
C_00059,LOT_001,168,prop_delay_ns,3.9622,False
C_00060,LOT_001,0,leakage_ua,10.5213,False
C_00060,LOT_001,24,leakage_ua,11.1974,False
C_00060,LOT_001,96,leakage_ua,10.6902,False
C_00060,LOT_001,168,leakage_ua,11.4952,False
C_00060,LOT_001,0,iddq_ua,26.0807,False
C_00060,LOT_001,24,iddq_ua,26.5163,False
C_00060,LOT_001,96,iddq_ua,27.5915,False
C_00060,LOT_001,168,iddq_ua,26.8223,False
C_00060,LOT_001,0,prop_delay_ns,3.9273,False
C_00060,LOT_001,24,prop_delay_ns,3.9543,False
C_00060,LOT_001,96,prop_delay_ns,4.0108,False
C_00060,LOT_001,168,prop_delay_ns,3.8973,False
C_00061,LOT_001,0,leakage_ua,10.84,True
C_00061,LOT_001,24,leakage_ua,17.4241,True
C_00061,LOT_001,96,leakage_ua,28.3151,True
C_00061,LOT_001,168,leakage_ua,37.6596,True
C_00061,LOT_001,0,iddq_ua,30.3972,True
C_00061,LOT_001,24,iddq_ua,39.7891,True
C_00061,LOT_001,96,iddq_ua,52.0124,True
C_00061,LOT_001,168,iddq_ua,61.505,True
C_00061,LOT_001,0,prop_delay_ns,3.8838,True
C_00061,LOT_001,24,prop_delay_ns,4.0384,True
C_00061,LOT_001,96,prop_delay_ns,4.2805,True
C_00061,LOT_001,168,prop_delay_ns,4.7324,True
C_00062,LOT_001,0,leakage_ua,9.7697,True
C_00062,LOT_001,24,leakage_ua,18.1273,True
C_00062,LOT_001,96,leakage_ua,32.4515,True
C_00062,LOT_001,168,leakage_ua,44.5272,True
C_00062,LOT_001,0,iddq_ua,30.7239,True
C_00062,LOT_001,24,iddq_ua,41.6951,True
C_00062,LOT_001,96,iddq_ua,54.7399,True
C_00062,LOT_001,168,iddq_ua,63.524,True
C_00062,LOT_001,0,prop_delay_ns,4.0832,True
C_00062,LOT_001,24,prop_delay_ns,4.3311,True
C_00062,LOT_001,96,prop_delay_ns,4.4352,True
C_00062,LOT_001,168,prop_delay_ns,4.795,True
C_00063,LOT_001,0,leakage_ua,10.95,False
C_00063,LOT_001,24,leakage_ua,10.6373,False
C_00063,LOT_001,96,leakage_ua,11.2031,False
C_00063,LOT_001,168,leakage_ua,11.4654,False
C_00063,LOT_001,0,iddq_ua,29.6199,False
C_00063,LOT_001,24,iddq_ua,29.8008,False
C_00063,LOT_001,96,iddq_ua,27.8293,False
C_00063,LOT_001,168,iddq_ua,29.5591,False
C_00063,LOT_001,0,prop_delay_ns,3.9579,False
C_00063,LOT_001,24,prop_delay_ns,3.7869,False
C_00063,LOT_001,96,prop_delay_ns,3.9084,False
C_00063,LOT_001,168,prop_delay_ns,3.8196,False
C_00064,LOT_001,0,leakage_ua,10.7627,False
C_00064,LOT_001,24,leakage_ua,11.7542,False
C_00064,LOT_001,96,leakage_ua,11.7531,False
C_00064,LOT_001,168,leakage_ua,11.8021,False
C_00064,LOT_001,0,iddq_ua,28.6178,False
C_00064,LOT_001,24,iddq_ua,28.8571,False
C_00064,LOT_001,96,iddq_ua,28.8934,False
C_00064,LOT_001,168,iddq_ua,28.9804,False
C_00064,LOT_001,0,prop_delay_ns,4.0618,False
C_00064,LOT_001,24,prop_delay_ns,4.1217,False
C_00064,LOT_001,96,prop_delay_ns,4.0674,False
C_00064,LOT_001,168,prop_delay_ns,4.2974,False
C_00065,LOT_001,0,leakage_ua,11.5403,False
C_00065,LOT_001,24,leakage_ua,11.5807,False
C_00065,LOT_001,96,leakage_ua,12.1362,False
C_00065,LOT_001,168,leakage_ua,12.3767,False
C_00065,LOT_001,0,iddq_ua,28.2501,False
C_00065,LOT_001,24,iddq_ua,27.8162,False
C_00065,LOT_001,96,iddq_ua,27.4963,False
C_00065,LOT_001,168,iddq_ua,28.6424,False
C_00065,LOT_001,0,prop_delay_ns,4.0933,False
C_00065,LOT_001,24,prop_delay_ns,4.0573,False
C_00065,LOT_001,96,prop_delay_ns,4.0847,False
C_00065,LOT_001,168,prop_delay_ns,4.0371,False
C_00066,LOT_001,0,leakage_ua,9.9643,False
C_00066,LOT_001,24,leakage_ua,10.6238,False
C_00066,LOT_001,96,leakage_ua,10.5734,False
C_00066,LOT_001,168,leakage_ua,11.0346,False
C_00066,LOT_001,0,iddq_ua,25.6677,False
C_00066,LOT_001,24,iddq_ua,27.1168,False
C_00066,LOT_001,96,iddq_ua,27.1904,False
C_00066,LOT_001,168,iddq_ua,26.593,False
C_00066,LOT_001,0,prop_delay_ns,3.7533,False
C_00066,LOT_001,24,prop_delay_ns,3.7461,False
C_00066,LOT_001,96,prop_delay_ns,3.9041,False
C_00066,LOT_001,168,prop_delay_ns,3.7975,False
C_00067,LOT_001,0,leakage_ua,10.5255,False
C_00067,LOT_001,24,leakage_ua,10.562,False
C_00067,LOT_001,96,leakage_ua,11.2252,False
C_00067,LOT_001,168,leakage_ua,12.0486,False
C_00067,LOT_001,0,iddq_ua,28.692,False
C_00067,LOT_001,24,iddq_ua,28.9602,False
C_00067,LOT_001,96,iddq_ua,29.1245,False
C_00067,LOT_001,168,iddq_ua,30.4816,False
C_00067,LOT_001,0,prop_delay_ns,4.1474,False
C_00067,LOT_001,24,prop_delay_ns,4.167,False
C_00067,LOT_001,96,prop_delay_ns,4.3764,False
C_00067,LOT_001,168,prop_delay_ns,4.0952,False
C_00068,LOT_001,0,leakage_ua,11.3478,False
C_00068,LOT_001,24,leakage_ua,11.6454,False
C_00068,LOT_001,96,leakage_ua,12.1926,False
C_00068,LOT_001,168,leakage_ua,12.1899,False
C_00068,LOT_001,0,iddq_ua,29.4146,False
C_00068,LOT_001,24,iddq_ua,29.1205,False
C_00068,LOT_001,96,iddq_ua,29.6726,False
C_00068,LOT_001,168,iddq_ua,29.4607,False
C_00068,LOT_001,0,prop_delay_ns,3.6728,False
C_00068,LOT_001,24,prop_delay_ns,3.5784,False
C_00068,LOT_001,96,prop_delay_ns,3.7305,False
C_00068,LOT_001,168,prop_delay_ns,3.6035,False
C_00069,LOT_001,0,leakage_ua,9.8439,False
C_00069,LOT_001,24,leakage_ua,10.2652,False
C_00069,LOT_001,96,leakage_ua,10.2531,False
C_00069,LOT_001,168,leakage_ua,11.0637,False
C_00069,LOT_001,0,iddq_ua,31.5218,False
C_00069,LOT_001,24,iddq_ua,32.0348,False
C_00069,LOT_001,96,iddq_ua,30.5823,False
C_00069,LOT_001,168,iddq_ua,31.0194,False
C_00069,LOT_001,0,prop_delay_ns,3.9243,False
C_00069,LOT_001,24,prop_delay_ns,3.8094,False
C_00069,LOT_001,96,prop_delay_ns,3.8779,False
C_00069,LOT_001,168,prop_delay_ns,3.7719,False
C_00070,LOT_001,0,leakage_ua,10.398,False
C_00070,LOT_001,24,leakage_ua,10.2784,False
C_00070,LOT_001,96,leakage_ua,10.1632,False
C_00070,LOT_001,168,leakage_ua,10.9492,False
C_00070,LOT_001,0,iddq_ua,28.1005,False
C_00070,LOT_001,24,iddq_ua,30.2424,False
C_00070,LOT_001,96,iddq_ua,28.9092,False
C_00070,LOT_001,168,iddq_ua,30.1489,False
C_00070,LOT_001,0,prop_delay_ns,3.4869,False
C_00070,LOT_001,24,prop_delay_ns,3.5757,False
C_00070,LOT_001,96,prop_delay_ns,3.5478,False
C_00070,LOT_001,168,prop_delay_ns,3.5337,False
C_00071,LOT_001,0,leakage_ua,10.2364,False
C_00071,LOT_001,24,leakage_ua,10.3015,False
C_00071,LOT_001,96,leakage_ua,10.0773,False
C_00071,LOT_001,168,leakage_ua,10.3864,False
C_00071,LOT_001,0,iddq_ua,26.5334,False
C_00071,LOT_001,24,iddq_ua,26.7301,False
C_00071,LOT_001,96,iddq_ua,27.8335,False
C_00071,LOT_001,168,iddq_ua,28.0572,False
C_00071,LOT_001,0,prop_delay_ns,3.8027,False
C_00071,LOT_001,24,prop_delay_ns,3.7901,False
C_00071,LOT_001,96,prop_delay_ns,3.8218,False
C_00071,LOT_001,168,prop_delay_ns,3.8563,False
C_00072,LOT_001,0,leakage_ua,10.3758,False
C_00072,LOT_001,24,leakage_ua,10.5732,False
C_00072,LOT_001,96,leakage_ua,11.1346,False
C_00072,LOT_001,168,leakage_ua,11.4171,False
C_00072,LOT_001,0,iddq_ua,25.9375,False
C_00072,LOT_001,24,iddq_ua,24.4389,False
C_00072,LOT_001,96,iddq_ua,25.9179,False
C_00072,LOT_001,168,iddq_ua,26.4685,False
C_00072,LOT_001,0,prop_delay_ns,3.855,False
C_00072,LOT_001,24,prop_delay_ns,3.7553,False
C_00072,LOT_001,96,prop_delay_ns,3.7195,False
C_00072,LOT_001,168,prop_delay_ns,3.9874,False
C_00073,LOT_001,0,leakage_ua,9.9552,False
C_00073,LOT_001,24,leakage_ua,9.9614,False
C_00073,LOT_001,96,leakage_ua,10.3928,False
C_00073,LOT_001,168,leakage_ua,10.5758,False
C_00073,LOT_001,0,iddq_ua,27.773,False
C_00073,LOT_001,24,iddq_ua,28.6338,False
C_00073,LOT_001,96,iddq_ua,29.6473,False
C_00073,LOT_001,168,iddq_ua,29.9544,False
C_00073,LOT_001,0,prop_delay_ns,3.6036,False
C_00073,LOT_001,24,prop_delay_ns,3.5942,False
C_00073,LOT_001,96,prop_delay_ns,3.5806,False
C_00073,LOT_001,168,prop_delay_ns,3.5798,False
C_00074,LOT_001,0,leakage_ua,9.978,False
C_00074,LOT_001,24,leakage_ua,10.393,False
C_00074,LOT_001,96,leakage_ua,11.1798,False
C_00074,LOT_001,168,leakage_ua,10.4748,False
C_00074,LOT_001,0,iddq_ua,28.4107,False
C_00074,LOT_001,24,iddq_ua,29.0203,False
C_00074,LOT_001,96,iddq_ua,29.4968,False
C_00074,LOT_001,168,iddq_ua,29.1041,False
C_00074,LOT_001,0,prop_delay_ns,4.1961,False
C_00074,LOT_001,24,prop_delay_ns,4.263,False
C_00074,LOT_001,96,prop_delay_ns,4.0819,False
C_00074,LOT_001,168,prop_delay_ns,4.1214,False
C_00075,LOT_001,0,leakage_ua,9.8979,False
C_00075,LOT_001,24,leakage_ua,10.689,False
C_00075,LOT_001,96,leakage_ua,10.9011,False
C_00075,LOT_001,168,leakage_ua,11.1859,False
C_00075,LOT_001,0,iddq_ua,25.1514,False
C_00075,LOT_001,24,iddq_ua,26.0227,False
C_00075,LOT_001,96,iddq_ua,25.3017,False
C_00075,LOT_001,168,iddq_ua,26.3367,False
C_00075,LOT_001,0,prop_delay_ns,3.8184,False
C_00075,LOT_001,24,prop_delay_ns,3.8535,False
C_00075,LOT_001,96,prop_delay_ns,4.0167,False
C_00075,LOT_001,168,prop_delay_ns,3.9772,False
C_00076,LOT_001,0,leakage_ua,9.7686,False
C_00076,LOT_001,24,leakage_ua,10.3868,False
C_00076,LOT_001,96,leakage_ua,10.4571,False
C_00076,LOT_001,168,leakage_ua,11.0716,False
C_00076,LOT_001,0,iddq_ua,26.6247,False
C_00076,LOT_001,24,iddq_ua,25.889,False
C_00076,LOT_001,96,iddq_ua,26.6596,False
C_00076,LOT_001,168,iddq_ua,26.744,False
C_00076,LOT_001,0,prop_delay_ns,3.8392,False
C_00076,LOT_001,24,prop_delay_ns,3.9895,False
C_00076,LOT_001,96,prop_delay_ns,4.0301,False
C_00076,LOT_001,168,prop_delay_ns,3.9872,False
C_00077,LOT_001,0,leakage_ua,10.8188,False
C_00077,LOT_001,24,leakage_ua,10.7986,False
C_00077,LOT_001,96,leakage_ua,11.3417,False
C_00077,LOT_001,168,leakage_ua,11.7995,False
C_00077,LOT_001,0,iddq_ua,29.5733,False
C_00077,LOT_001,24,iddq_ua,30.2752,False
C_00077,LOT_001,96,iddq_ua,30.3176,False
C_00077,LOT_001,168,iddq_ua,31.1125,False
C_00077,LOT_001,0,prop_delay_ns,3.7347,False
C_00077,LOT_001,24,prop_delay_ns,3.6911,False
C_00077,LOT_001,96,prop_delay_ns,3.8294,False
C_00077,LOT_001,168,prop_delay_ns,3.7722,False
C_00078,LOT_001,0,leakage_ua,9.109,False
C_00078,LOT_001,24,leakage_ua,9.4258,False
C_00078,LOT_001,96,leakage_ua,9.3303,False
C_00078,LOT_001,168,leakage_ua,10.0885,False
C_00078,LOT_001,0,iddq_ua,31.6578,False
C_00078,LOT_001,24,iddq_ua,31.1911,False
C_00078,LOT_001,96,iddq_ua,31.2538,False
C_00078,LOT_001,168,iddq_ua,30.4223,False
C_00078,LOT_001,0,prop_delay_ns,4.0602,False
C_00078,LOT_001,24,prop_delay_ns,4.0198,False
C_00078,LOT_001,96,prop_delay_ns,4.0453,False
C_00078,LOT_001,168,prop_delay_ns,4.1518,False
C_00079,LOT_001,0,leakage_ua,11.3359,False
C_00079,LOT_001,24,leakage_ua,11.271,False
C_00079,LOT_001,96,leakage_ua,11.241,False
C_00079,LOT_001,168,leakage_ua,11.1703,False
C_00079,LOT_001,0,iddq_ua,26.9098,False
C_00079,LOT_001,24,iddq_ua,27.2206,False
C_00079,LOT_001,96,iddq_ua,27.4522,False
C_00079,LOT_001,168,iddq_ua,27.0164,False
C_00079,LOT_001,0,prop_delay_ns,3.7648,False
C_00079,LOT_001,24,prop_delay_ns,3.7363,False
C_00079,LOT_001,96,prop_delay_ns,3.8301,False
C_00079,LOT_001,168,prop_delay_ns,3.8086,False
C_00080,LOT_001,0,leakage_ua,10.4189,False
C_00080,LOT_001,24,leakage_ua,10.5843,False
C_00080,LOT_001,96,leakage_ua,10.9942,False
C_00080,LOT_001,168,leakage_ua,11.0009,False
C_00080,LOT_001,0,iddq_ua,28.9494,False
C_00080,LOT_001,24,iddq_ua,29.2457,False
C_00080,LOT_001,96,iddq_ua,30.5109,False
C_00080,LOT_001,168,iddq_ua,30.4323,False
C_00080,LOT_001,0,prop_delay_ns,4.3062,False
C_00080,LOT_001,24,prop_delay_ns,4.2312,False
C_00080,LOT_001,96,prop_delay_ns,4.3051,False
C_00080,LOT_001,168,prop_delay_ns,4.3452,False
C_00081,LOT_002,0,leakage_ua,8.7848,False
C_00081,LOT_002,24,leakage_ua,8.7775,False
C_00081,LOT_002,96,leakage_ua,8.7481,False
C_00081,LOT_002,168,leakage_ua,8.5445,False
C_00081,LOT_002,0,iddq_ua,22.4784,False
C_00081,LOT_002,24,iddq_ua,22.3373,False
C_00081,LOT_002,96,iddq_ua,21.4406,False
C_00081,LOT_002,168,iddq_ua,22.2405,False
C_00081,LOT_002,0,prop_delay_ns,4.458,False
C_00081,LOT_002,24,prop_delay_ns,4.666,False
C_00081,LOT_002,96,prop_delay_ns,4.7796,False
C_00081,LOT_002,168,prop_delay_ns,4.5683,False
C_00082,LOT_002,0,leakage_ua,8.8171,True
C_00082,LOT_002,24,leakage_ua,11.5456,True
C_00082,LOT_002,96,leakage_ua,14.8404,True
C_00082,LOT_002,168,leakage_ua,17.0056,True
C_00082,LOT_002,0,iddq_ua,21.1342,True
C_00082,LOT_002,24,iddq_ua,27.8034,True
C_00082,LOT_002,96,iddq_ua,36.6097,True
C_00082,LOT_002,168,iddq_ua,41.7951,True
C_00082,LOT_002,0,prop_delay_ns,4.6361,True
C_00082,LOT_002,24,prop_delay_ns,4.8043,True
C_00082,LOT_002,96,prop_delay_ns,5.4187,True
C_00082,LOT_002,168,prop_delay_ns,6.0736,True
C_00083,LOT_002,0,leakage_ua,8.9851,False
C_00083,LOT_002,24,leakage_ua,8.9926,False
C_00083,LOT_002,96,leakage_ua,8.9647,False
C_00083,LOT_002,168,leakage_ua,8.71,False
C_00083,LOT_002,0,iddq_ua,22.4505,False
C_00083,LOT_002,24,iddq_ua,23.5293,False
C_00083,LOT_002,96,iddq_ua,24.0866,False
C_00083,LOT_002,168,iddq_ua,24.7376,False
C_00083,LOT_002,0,prop_delay_ns,4.1944,False
C_00083,LOT_002,24,prop_delay_ns,4.1162,False
C_00083,LOT_002,96,prop_delay_ns,4.2732,False
C_00083,LOT_002,168,prop_delay_ns,4.3079,False
C_00084,LOT_002,0,leakage_ua,8.6871,False
C_00084,LOT_002,24,leakage_ua,8.8321,False
C_00084,LOT_002,96,leakage_ua,9.0451,False
C_00084,LOT_002,168,leakage_ua,9.2722,False
C_00084,LOT_002,0,iddq_ua,19.8948,False
C_00084,LOT_002,24,iddq_ua,19.5704,False
C_00084,LOT_002,96,iddq_ua,20.0327,False
C_00084,LOT_002,168,iddq_ua,20.5686,False
C_00084,LOT_002,0,prop_delay_ns,4.309,False
C_00084,LOT_002,24,prop_delay_ns,4.3131,False
C_00084,LOT_002,96,prop_delay_ns,4.2435,False
C_00084,LOT_002,168,prop_delay_ns,4.3097,False
C_00085,LOT_002,0,leakage_ua,8.7436,False
C_00085,LOT_002,24,leakage_ua,9.2455,False
C_00085,LOT_002,96,leakage_ua,9.2425,False
C_00085,LOT_002,168,leakage_ua,9.1569,False
C_00085,LOT_002,0,iddq_ua,21.8869,False
C_00085,LOT_002,24,iddq_ua,22.3953,False
C_00085,LOT_002,96,iddq_ua,22.9844,False
C_00085,LOT_002,168,iddq_ua,22.569,False
C_00085,LOT_002,0,prop_delay_ns,4.1029,False
C_00085,LOT_002,24,prop_delay_ns,4.337,False
C_00085,LOT_002,96,prop_delay_ns,4.452,False
C_00085,LOT_002,168,prop_delay_ns,4.4363,False
C_00086,LOT_002,0,leakage_ua,9.1296,False
C_00086,LOT_002,24,leakage_ua,8.9177,False
C_00086,LOT_002,96,leakage_ua,9.5385,False
C_00086,LOT_002,168,leakage_ua,9.4376,False
C_00086,LOT_002,0,iddq_ua,22.5589,False
C_00086,LOT_002,24,iddq_ua,21.9104,False
C_00086,LOT_002,96,iddq_ua,21.9468,False
C_00086,LOT_002,168,iddq_ua,21.6318,False
C_00086,LOT_002,0,prop_delay_ns,4.3908,False
C_00086,LOT_002,24,prop_delay_ns,4.33,False
C_00086,LOT_002,96,prop_delay_ns,4.3009,False
C_00086,LOT_002,168,prop_delay_ns,4.3648,False
C_00087,LOT_002,0,leakage_ua,8.8372,False
C_00087,LOT_002,24,leakage_ua,9.1525,False
C_00087,LOT_002,96,leakage_ua,9.2922,False
C_00087,LOT_002,168,leakage_ua,9.2621,False
C_00087,LOT_002,0,iddq_ua,22.6625,False
C_00087,LOT_002,24,iddq_ua,21.2977,False
C_00087,LOT_002,96,iddq_ua,23.3828,False
C_00087,LOT_002,168,iddq_ua,21.6543,False
C_00087,LOT_002,0,prop_delay_ns,4.1338,False
C_00087,LOT_002,24,prop_delay_ns,4.1907,False
C_00087,LOT_002,96,prop_delay_ns,4.4071,False
C_00087,LOT_002,168,prop_delay_ns,4.1822,False
C_00088,LOT_002,0,leakage_ua,8.5255,False
C_00088,LOT_002,24,leakage_ua,8.9179,False
C_00088,LOT_002,96,leakage_ua,8.9719,False
C_00088,LOT_002,168,leakage_ua,8.5983,False
C_00088,LOT_002,0,iddq_ua,20.7398,False
C_00088,LOT_002,24,iddq_ua,22.182,False
C_00088,LOT_002,96,iddq_ua,21.7178,False
C_00088,LOT_002,168,iddq_ua,21.4011,False
C_00088,LOT_002,0,prop_delay_ns,4.2504,False
C_00088,LOT_002,24,prop_delay_ns,4.1561,False
C_00088,LOT_002,96,prop_delay_ns,4.1008,False
C_00088,LOT_002,168,prop_delay_ns,4.2722,False
C_00089,LOT_002,0,leakage_ua,8.671,False
C_00089,LOT_002,24,leakage_ua,8.4043,False
C_00089,LOT_002,96,leakage_ua,8.5047,False
C_00089,LOT_002,168,leakage_ua,8.2148,False
C_00089,LOT_002,0,iddq_ua,21.3684,False
C_00089,LOT_002,24,iddq_ua,20.7425,False
C_00089,LOT_002,96,iddq_ua,21.46,False
C_00089,LOT_002,168,iddq_ua,21.5682,False
C_00089,LOT_002,0,prop_delay_ns,4.4446,False
C_00089,LOT_002,24,prop_delay_ns,4.4169,False
C_00089,LOT_002,96,prop_delay_ns,4.5498,False
C_00089,LOT_002,168,prop_delay_ns,4.5453,False
C_00090,LOT_002,0,leakage_ua,8.4537,False
C_00090,LOT_002,24,leakage_ua,8.6463,False
C_00090,LOT_002,96,leakage_ua,9.0637,False
C_00090,LOT_002,168,leakage_ua,8.6477,False
C_00090,LOT_002,0,iddq_ua,23.5733,False
C_00090,LOT_002,24,iddq_ua,23.1979,False
C_00090,LOT_002,96,iddq_ua,23.2076,False
C_00090,LOT_002,168,iddq_ua,22.9825,False
C_00090,LOT_002,0,prop_delay_ns,4.4046,False
C_00090,LOT_002,24,prop_delay_ns,4.4683,False
C_00090,LOT_002,96,prop_delay_ns,4.4116,False
C_00090,LOT_002,168,prop_delay_ns,4.4293,False
C_00091,LOT_002,0,leakage_ua,9.1086,False
C_00091,LOT_002,24,leakage_ua,9.0573,False
C_00091,LOT_002,96,leakage_ua,9.2379,False
C_00091,LOT_002,168,leakage_ua,9.3087,False
C_00091,LOT_002,0,iddq_ua,21.528,False
C_00091,LOT_002,24,iddq_ua,21.6521,False
C_00091,LOT_002,96,iddq_ua,22.4079,False
C_00091,LOT_002,168,iddq_ua,22.5241,False
C_00091,LOT_002,0,prop_delay_ns,3.9594,False
C_00091,LOT_002,24,prop_delay_ns,4.1695,False
C_00091,LOT_002,96,prop_delay_ns,4.1579,False
C_00091,LOT_002,168,prop_delay_ns,4.0296,False
C_00092,LOT_002,0,leakage_ua,9.1055,False
C_00092,LOT_002,24,leakage_ua,9.1762,False
C_00092,LOT_002,96,leakage_ua,9.1866,False
C_00092,LOT_002,168,leakage_ua,9.498,False
C_00092,LOT_002,0,iddq_ua,22.5274,False
C_00092,LOT_002,24,iddq_ua,22.7049,False
C_00092,LOT_002,96,iddq_ua,22.4791,False
C_00092,LOT_002,168,iddq_ua,22.6574,False
C_00092,LOT_002,0,prop_delay_ns,4.5283,False
C_00092,LOT_002,24,prop_delay_ns,4.7024,False
C_00092,LOT_002,96,prop_delay_ns,4.5529,False
C_00092,LOT_002,168,prop_delay_ns,4.6695,False
C_00093,LOT_002,0,leakage_ua,8.9662,True
C_00093,LOT_002,24,leakage_ua,12.4321,True
C_00093,LOT_002,96,leakage_ua,17.2212,True
C_00093,LOT_002,168,leakage_ua,20.4625,True
C_00093,LOT_002,0,iddq_ua,22.083,True
C_00093,LOT_002,24,iddq_ua,35.9952,True
C_00093,LOT_002,96,iddq_ua,54.3287,True
C_00093,LOT_002,168,iddq_ua,66.6165,True
C_00093,LOT_002,0,prop_delay_ns,4.3402,True
C_00093,LOT_002,24,prop_delay_ns,4.823,True
C_00093,LOT_002,96,prop_delay_ns,5.3591,True
C_00093,LOT_002,168,prop_delay_ns,5.4189,True
C_00094,LOT_002,0,leakage_ua,8.288,False
C_00094,LOT_002,24,leakage_ua,8.2755,False
C_00094,LOT_002,96,leakage_ua,8.8694,False
C_00094,LOT_002,168,leakage_ua,8.6627,False
C_00094,LOT_002,0,iddq_ua,22.773,False
C_00094,LOT_002,24,iddq_ua,22.5322,False
C_00094,LOT_002,96,iddq_ua,23.0458,False
C_00094,LOT_002,168,iddq_ua,22.9053,False
C_00094,LOT_002,0,prop_delay_ns,4.3086,False
C_00094,LOT_002,24,prop_delay_ns,4.3498,False
C_00094,LOT_002,96,prop_delay_ns,4.2528,False
C_00094,LOT_002,168,prop_delay_ns,4.3753,False
C_00095,LOT_002,0,leakage_ua,7.6608,False
C_00095,LOT_002,24,leakage_ua,7.4791,False
C_00095,LOT_002,96,leakage_ua,7.7415,False
C_00095,LOT_002,168,leakage_ua,7.916,False
C_00095,LOT_002,0,iddq_ua,22.575,False
C_00095,LOT_002,24,iddq_ua,23.3181,False
C_00095,LOT_002,96,iddq_ua,23.5024,False
C_00095,LOT_002,168,iddq_ua,23.9182,False
C_00095,LOT_002,0,prop_delay_ns,4.527,False
C_00095,LOT_002,24,prop_delay_ns,4.5629,False
C_00095,LOT_002,96,prop_delay_ns,4.4538,False
C_00095,LOT_002,168,prop_delay_ns,4.3936,False
C_00096,LOT_002,0,leakage_ua,9.0027,False
C_00096,LOT_002,24,leakage_ua,8.8673,False
C_00096,LOT_002,96,leakage_ua,8.8871,False
C_00096,LOT_002,168,leakage_ua,9.2681,False
C_00096,LOT_002,0,iddq_ua,20.6316,False
C_00096,LOT_002,24,iddq_ua,20.8385,False
C_00096,LOT_002,96,iddq_ua,21.2176,False
C_00096,LOT_002,168,iddq_ua,21.073,False
C_00096,LOT_002,0,prop_delay_ns,4.5617,False
C_00096,LOT_002,24,prop_delay_ns,4.5936,False
C_00096,LOT_002,96,prop_delay_ns,4.6757,False
C_00096,LOT_002,168,prop_delay_ns,4.6788,False
C_00097,LOT_002,0,leakage_ua,8.3396,False
C_00097,LOT_002,24,leakage_ua,8.7648,False
C_00097,LOT_002,96,leakage_ua,8.4196,False
C_00097,LOT_002,168,leakage_ua,8.6512,False
C_00097,LOT_002,0,iddq_ua,23.069,False
C_00097,LOT_002,24,iddq_ua,23.6793,False
C_00097,LOT_002,96,iddq_ua,23.5207,False
C_00097,LOT_002,168,iddq_ua,23.9842,False
C_00097,LOT_002,0,prop_delay_ns,4.6012,False
C_00097,LOT_002,24,prop_delay_ns,4.5085,False
C_00097,LOT_002,96,prop_delay_ns,4.5284,False
C_00097,LOT_002,168,prop_delay_ns,4.831,False
C_00098,LOT_002,0,leakage_ua,8.511,False
C_00098,LOT_002,24,leakage_ua,8.3634,False
C_00098,LOT_002,96,leakage_ua,8.5289,False
C_00098,LOT_002,168,leakage_ua,8.5543,False
C_00098,LOT_002,0,iddq_ua,22.9054,False
C_00098,LOT_002,24,iddq_ua,23.2813,False
C_00098,LOT_002,96,iddq_ua,23.4202,False
C_00098,LOT_002,168,iddq_ua,23.083,False
C_00098,LOT_002,0,prop_delay_ns,4.515,False
C_00098,LOT_002,24,prop_delay_ns,4.7385,False
C_00098,LOT_002,96,prop_delay_ns,4.7012,False
C_00098,LOT_002,168,prop_delay_ns,4.7161,False
C_00099,LOT_002,0,leakage_ua,10.0792,False
C_00099,LOT_002,24,leakage_ua,10.0934,False
C_00099,LOT_002,96,leakage_ua,10.1214,False
C_00099,LOT_002,168,leakage_ua,10.3312,False
C_00099,LOT_002,0,iddq_ua,20.4446,False
C_00099,LOT_002,24,iddq_ua,20.6875,False
C_00099,LOT_002,96,iddq_ua,21.023,False
C_00099,LOT_002,168,iddq_ua,20.8364,False
C_00099,LOT_002,0,prop_delay_ns,4.8849,False
C_00099,LOT_002,24,prop_delay_ns,4.8349,False
C_00099,LOT_002,96,prop_delay_ns,5.0436,False
C_00099,LOT_002,168,prop_delay_ns,5.0542,False
C_00100,LOT_002,0,leakage_ua,9.6027,False
C_00100,LOT_002,24,leakage_ua,9.7121,False
C_00100,LOT_002,96,leakage_ua,10.0616,False
C_00100,LOT_002,168,leakage_ua,10.189,False
C_00100,LOT_002,0,iddq_ua,19.3278,False
C_00100,LOT_002,24,iddq_ua,19.2987,False
C_00100,LOT_002,96,iddq_ua,19.6651,False
C_00100,LOT_002,168,iddq_ua,19.9887,False
C_00100,LOT_002,0,prop_delay_ns,4.42,False
C_00100,LOT_002,24,prop_delay_ns,4.4332,False
C_00100,LOT_002,96,prop_delay_ns,4.5519,False
C_00100,LOT_002,168,prop_delay_ns,4.596,False
C_00101,LOT_002,0,leakage_ua,9.4708,False
C_00101,LOT_002,24,leakage_ua,9.1265,False
C_00101,LOT_002,96,leakage_ua,9.4542,False
C_00101,LOT_002,168,leakage_ua,9.5681,False
C_00101,LOT_002,0,iddq_ua,21.756,False
C_00101,LOT_002,24,iddq_ua,21.5867,False
C_00101,LOT_002,96,iddq_ua,22.2197,False
C_00101,LOT_002,168,iddq_ua,22.0216,False
C_00101,LOT_002,0,prop_delay_ns,4.1782,False
C_00101,LOT_002,24,prop_delay_ns,4.3324,False
C_00101,LOT_002,96,prop_delay_ns,4.2052,False
C_00101,LOT_002,168,prop_delay_ns,4.2447,False
C_00102,LOT_002,0,leakage_ua,7.889,False
C_00102,LOT_002,24,leakage_ua,8.1972,False
C_00102,LOT_002,96,leakage_ua,8.3639,False
C_00102,LOT_002,168,leakage_ua,8.353,False
C_00102,LOT_002,0,iddq_ua,20.8469,False
C_00102,LOT_002,24,iddq_ua,22.2082,False
C_00102,LOT_002,96,iddq_ua,22.4749,False
C_00102,LOT_002,168,iddq_ua,22.321,False
C_00102,LOT_002,0,prop_delay_ns,4.0956,False
C_00102,LOT_002,24,prop_delay_ns,3.9336,False
C_00102,LOT_002,96,prop_delay_ns,4.03,False
C_00102,LOT_002,168,prop_delay_ns,4.1057,False
C_00103,LOT_002,0,leakage_ua,9.3187,False
C_00103,LOT_002,24,leakage_ua,9.5376,False
C_00103,LOT_002,96,leakage_ua,9.5145,False
C_00103,LOT_002,168,leakage_ua,9.0235,False
C_00103,LOT_002,0,iddq_ua,21.0146,False
C_00103,LOT_002,24,iddq_ua,21.3648,False
C_00103,LOT_002,96,iddq_ua,21.5716,False
C_00103,LOT_002,168,iddq_ua,21.4275,False
C_00103,LOT_002,0,prop_delay_ns,3.8464,False
C_00103,LOT_002,24,prop_delay_ns,3.9971,False
C_00103,LOT_002,96,prop_delay_ns,4.0405,False
C_00103,LOT_002,168,prop_delay_ns,3.9949,False
C_00104,LOT_002,0,leakage_ua,7.7419,False
C_00104,LOT_002,24,leakage_ua,8.4379,False
C_00104,LOT_002,96,leakage_ua,8.4525,False
C_00104,LOT_002,168,leakage_ua,8.7737,False
C_00104,LOT_002,0,iddq_ua,22.5171,False
C_00104,LOT_002,24,iddq_ua,23.508,False
C_00104,LOT_002,96,iddq_ua,23.2978,False
C_00104,LOT_002,168,iddq_ua,22.4248,False
C_00104,LOT_002,0,prop_delay_ns,4.5019,False
C_00104,LOT_002,24,prop_delay_ns,4.6775,False
C_00104,LOT_002,96,prop_delay_ns,4.7003,False
C_00104,LOT_002,168,prop_delay_ns,4.882,False
C_00105,LOT_002,0,leakage_ua,8.3149,False
C_00105,LOT_002,24,leakage_ua,8.0709,False
C_00105,LOT_002,96,leakage_ua,8.5525,False
C_00105,LOT_002,168,leakage_ua,8.7486,False
C_00105,LOT_002,0,iddq_ua,21.7452,False
C_00105,LOT_002,24,iddq_ua,21.737,False
C_00105,LOT_002,96,iddq_ua,22.5246,False
C_00105,LOT_002,168,iddq_ua,22.678,False
C_00105,LOT_002,0,prop_delay_ns,4.8203,False
C_00105,LOT_002,24,prop_delay_ns,4.7819,False
C_00105,LOT_002,96,prop_delay_ns,4.8827,False
C_00105,LOT_002,168,prop_delay_ns,5.0829,False
C_00106,LOT_002,0,leakage_ua,8.9533,False
C_00106,LOT_002,24,leakage_ua,8.6714,False
C_00106,LOT_002,96,leakage_ua,9.3662,False
C_00106,LOT_002,168,leakage_ua,8.9968,False
C_00106,LOT_002,0,iddq_ua,23.342,False
C_00106,LOT_002,24,iddq_ua,23.315,False
C_00106,LOT_002,96,iddq_ua,24.5382,False
C_00106,LOT_002,168,iddq_ua,24.6522,False
C_00106,LOT_002,0,prop_delay_ns,4.3633,False
C_00106,LOT_002,24,prop_delay_ns,4.405,False
C_00106,LOT_002,96,prop_delay_ns,4.4204,False
C_00106,LOT_002,168,prop_delay_ns,4.4992,False
C_00107,LOT_002,0,leakage_ua,7.5065,False
C_00107,LOT_002,24,leakage_ua,7.7052,False
C_00107,LOT_002,96,leakage_ua,7.7187,False
C_00107,LOT_002,168,leakage_ua,8.118,False
C_00107,LOT_002,0,iddq_ua,22.8096,False
C_00107,LOT_002,24,iddq_ua,23.2394,False
C_00107,LOT_002,96,iddq_ua,23.0209,False
C_00107,LOT_002,168,iddq_ua,22.854,False
C_00107,LOT_002,0,prop_delay_ns,4.6021,False
C_00107,LOT_002,24,prop_delay_ns,4.6247,False
C_00107,LOT_002,96,prop_delay_ns,4.4278,False
C_00107,LOT_002,168,prop_delay_ns,4.509,False
C_00108,LOT_002,0,leakage_ua,9.9798,False
C_00108,LOT_002,24,leakage_ua,10.057,False
C_00108,LOT_002,96,leakage_ua,10.6049,False
C_00108,LOT_002,168,leakage_ua,10.3699,False
C_00108,LOT_002,0,iddq_ua,21.3791,False
C_00108,LOT_002,24,iddq_ua,20.6878,False
C_00108,LOT_002,96,iddq_ua,22.2196,False
C_00108,LOT_002,168,iddq_ua,21.8871,False
C_00108,LOT_002,0,prop_delay_ns,4.5035,False
C_00108,LOT_002,24,prop_delay_ns,4.3198,False
C_00108,LOT_002,96,prop_delay_ns,4.4415,False
C_00108,LOT_002,168,prop_delay_ns,4.5712,False
C_00109,LOT_002,0,leakage_ua,7.8815,False
C_00109,LOT_002,24,leakage_ua,7.6858,False
C_00109,LOT_002,96,leakage_ua,8.2339,False
C_00109,LOT_002,168,leakage_ua,7.948,False
C_00109,LOT_002,0,iddq_ua,22.0524,False
C_00109,LOT_002,24,iddq_ua,22.3509,False
C_00109,LOT_002,96,iddq_ua,22.3805,False
C_00109,LOT_002,168,iddq_ua,23.0941,False
C_00109,LOT_002,0,prop_delay_ns,4.2437,False
C_00109,LOT_002,24,prop_delay_ns,4.257,False
C_00109,LOT_002,96,prop_delay_ns,4.2293,False
C_00109,LOT_002,168,prop_delay_ns,4.425,False
C_00110,LOT_002,0,leakage_ua,7.7247,False
C_00110,LOT_002,24,leakage_ua,7.2934,False
C_00110,LOT_002,96,leakage_ua,7.404,False
C_00110,LOT_002,168,leakage_ua,7.8352,False
C_00110,LOT_002,0,iddq_ua,23.9137,False
C_00110,LOT_002,24,iddq_ua,22.7176,False
C_00110,LOT_002,96,iddq_ua,23.1867,False
C_00110,LOT_002,168,iddq_ua,24.1084,False
C_00110,LOT_002,0,prop_delay_ns,4.9429,False
C_00110,LOT_002,24,prop_delay_ns,5.0562,False
C_00110,LOT_002,96,prop_delay_ns,4.8242,False
C_00110,LOT_002,168,prop_delay_ns,4.8984,False
C_00111,LOT_002,0,leakage_ua,7.9502,False
C_00111,LOT_002,24,leakage_ua,8.0275,False
C_00111,LOT_002,96,leakage_ua,8.0719,False
C_00111,LOT_002,168,leakage_ua,8.1763,False
C_00111,LOT_002,0,iddq_ua,22.2378,False
C_00111,LOT_002,24,iddq_ua,22.8196,False
C_00111,LOT_002,96,iddq_ua,22.5942,False
C_00111,LOT_002,168,iddq_ua,23.6776,False
C_00111,LOT_002,0,prop_delay_ns,4.597,False
C_00111,LOT_002,24,prop_delay_ns,4.7517,False
C_00111,LOT_002,96,prop_delay_ns,4.8145,False
C_00111,LOT_002,168,prop_delay_ns,4.7314,False
C_00112,LOT_002,0,leakage_ua,9.0311,True
C_00112,LOT_002,24,leakage_ua,11.4202,True
C_00112,LOT_002,96,leakage_ua,13.7931,True
C_00112,LOT_002,168,leakage_ua,15.3961,True
C_00112,LOT_002,0,iddq_ua,19.2726,True
C_00112,LOT_002,24,iddq_ua,23.4538,True
C_00112,LOT_002,96,iddq_ua,29.5051,True
C_00112,LOT_002,168,iddq_ua,33.5999,True
C_00112,LOT_002,0,prop_delay_ns,4.3066,True
C_00112,LOT_002,24,prop_delay_ns,4.8076,True
C_00112,LOT_002,96,prop_delay_ns,5.581,True
C_00112,LOT_002,168,prop_delay_ns,6.2101,True
C_00113,LOT_002,0,leakage_ua,8.2909,False
C_00113,LOT_002,24,leakage_ua,8.4729,False
C_00113,LOT_002,96,leakage_ua,8.4098,False
C_00113,LOT_002,168,leakage_ua,8.8308,False
C_00113,LOT_002,0,iddq_ua,20.6478,False
C_00113,LOT_002,24,iddq_ua,20.8762,False
C_00113,LOT_002,96,iddq_ua,21.2676,False
C_00113,LOT_002,168,iddq_ua,21.7849,False
C_00113,LOT_002,0,prop_delay_ns,4.7204,False
C_00113,LOT_002,24,prop_delay_ns,4.8862,False
C_00113,LOT_002,96,prop_delay_ns,4.7759,False
C_00113,LOT_002,168,prop_delay_ns,4.9795,False
C_00114,LOT_002,0,leakage_ua,8.881,False
C_00114,LOT_002,24,leakage_ua,8.802,False
C_00114,LOT_002,96,leakage_ua,8.7955,False
C_00114,LOT_002,168,leakage_ua,8.9589,False
C_00114,LOT_002,0,iddq_ua,23.1634,False
C_00114,LOT_002,24,iddq_ua,23.0137,False
C_00114,LOT_002,96,iddq_ua,23.7369,False
C_00114,LOT_002,168,iddq_ua,23.5275,False
C_00114,LOT_002,0,prop_delay_ns,4.3311,False
C_00114,LOT_002,24,prop_delay_ns,4.3066,False
C_00114,LOT_002,96,prop_delay_ns,4.2938,False
C_00114,LOT_002,168,prop_delay_ns,4.3796,False
C_00115,LOT_002,0,leakage_ua,9.3439,False
C_00115,LOT_002,24,leakage_ua,9.0361,False
C_00115,LOT_002,96,leakage_ua,8.8124,False
C_00115,LOT_002,168,leakage_ua,9.5218,False
C_00115,LOT_002,0,iddq_ua,23.2309,False
C_00115,LOT_002,24,iddq_ua,22.7301,False
C_00115,LOT_002,96,iddq_ua,23.8033,False
C_00115,LOT_002,168,iddq_ua,23.7417,False
C_00115,LOT_002,0,prop_delay_ns,4.5808,False
C_00115,LOT_002,24,prop_delay_ns,4.4326,False
C_00115,LOT_002,96,prop_delay_ns,4.3977,False
C_00115,LOT_002,168,prop_delay_ns,4.6225,False
C_00116,LOT_002,0,leakage_ua,9.1245,False
C_00116,LOT_002,24,leakage_ua,9.0899,False
C_00116,LOT_002,96,leakage_ua,9.1482,False
C_00116,LOT_002,168,leakage_ua,9.2741,False
C_00116,LOT_002,0,iddq_ua,23.6702,False
C_00116,LOT_002,24,iddq_ua,24.5961,False
C_00116,LOT_002,96,iddq_ua,24.6369,False
C_00116,LOT_002,168,iddq_ua,23.9688,False
C_00116,LOT_002,0,prop_delay_ns,4.6013,False
C_00116,LOT_002,24,prop_delay_ns,4.6749,False
C_00116,LOT_002,96,prop_delay_ns,4.7079,False
C_00116,LOT_002,168,prop_delay_ns,4.626,False
C_00117,LOT_002,0,leakage_ua,9.2497,False
C_00117,LOT_002,24,leakage_ua,9.6703,False
C_00117,LOT_002,96,leakage_ua,9.9605,False
C_00117,LOT_002,168,leakage_ua,9.7048,False
C_00117,LOT_002,0,iddq_ua,23.1214,False
C_00117,LOT_002,24,iddq_ua,23.0053,False
C_00117,LOT_002,96,iddq_ua,23.4837,False
C_00117,LOT_002,168,iddq_ua,24.105,False
C_00117,LOT_002,0,prop_delay_ns,4.3211,False
C_00117,LOT_002,24,prop_delay_ns,4.137,False
C_00117,LOT_002,96,prop_delay_ns,4.3228,False
C_00117,LOT_002,168,prop_delay_ns,4.2494,False
C_00118,LOT_002,0,leakage_ua,9.2256,False
C_00118,LOT_002,24,leakage_ua,9.1774,False
C_00118,LOT_002,96,leakage_ua,9.4124,False
C_00118,LOT_002,168,leakage_ua,9.2733,False
C_00118,LOT_002,0,iddq_ua,23.88,False
C_00118,LOT_002,24,iddq_ua,24.5978,False
C_00118,LOT_002,96,iddq_ua,26.0371,False
C_00118,LOT_002,168,iddq_ua,25.8649,False
C_00118,LOT_002,0,prop_delay_ns,4.0248,False
C_00118,LOT_002,24,prop_delay_ns,3.931,False
C_00118,LOT_002,96,prop_delay_ns,3.9875,False
C_00118,LOT_002,168,prop_delay_ns,4.0883,False
C_00119,LOT_002,0,leakage_ua,7.9927,False
C_00119,LOT_002,24,leakage_ua,8.0115,False
C_00119,LOT_002,96,leakage_ua,8.5093,False
C_00119,LOT_002,168,leakage_ua,8.3358,False
C_00119,LOT_002,0,iddq_ua,21.327,False
C_00119,LOT_002,24,iddq_ua,21.856,False
C_00119,LOT_002,96,iddq_ua,21.295,False
C_00119,LOT_002,168,iddq_ua,22.447,False
C_00119,LOT_002,0,prop_delay_ns,4.2584,False
C_00119,LOT_002,24,prop_delay_ns,4.2119,False
C_00119,LOT_002,96,prop_delay_ns,4.2715,False
C_00119,LOT_002,168,prop_delay_ns,4.4183,False
C_00120,LOT_002,0,leakage_ua,8.1397,False
C_00120,LOT_002,24,leakage_ua,8.3814,False
C_00120,LOT_002,96,leakage_ua,8.4956,False
C_00120,LOT_002,168,leakage_ua,8.7556,False
C_00120,LOT_002,0,iddq_ua,23.7381,False
C_00120,LOT_002,24,iddq_ua,23.3757,False
C_00120,LOT_002,96,iddq_ua,24.2112,False
C_00120,LOT_002,168,iddq_ua,24.0949,False
C_00120,LOT_002,0,prop_delay_ns,4.1519,False
C_00120,LOT_002,24,prop_delay_ns,4.317,False
C_00120,LOT_002,96,prop_delay_ns,4.1595,False
C_00120,LOT_002,168,prop_delay_ns,4.2426,False
C_00121,LOT_003,0,leakage_ua,13.196,False
C_00121,LOT_003,24,leakage_ua,12.974,False
C_00121,LOT_003,96,leakage_ua,13.329,False
C_00121,LOT_003,168,leakage_ua,13.6373,False
C_00121,LOT_003,0,iddq_ua,19.7971,False
C_00121,LOT_003,24,iddq_ua,20.0234,False
C_00121,LOT_003,96,iddq_ua,20.3484,False
C_00121,LOT_003,168,iddq_ua,20.2526,False
C_00121,LOT_003,0,prop_delay_ns,3.6544,False
C_00121,LOT_003,24,prop_delay_ns,3.6274,False
C_00121,LOT_003,96,prop_delay_ns,3.7086,False
C_00121,LOT_003,168,prop_delay_ns,3.8231,False
C_00122,LOT_003,0,leakage_ua,11.4507,False
C_00122,LOT_003,24,leakage_ua,11.9526,False
C_00122,LOT_003,96,leakage_ua,11.9467,False
C_00122,LOT_003,168,leakage_ua,12.0643,False
C_00122,LOT_003,0,iddq_ua,22.5793,False
C_00122,LOT_003,24,iddq_ua,21.2948,False
C_00122,LOT_003,96,iddq_ua,21.7298,False
C_00122,LOT_003,168,iddq_ua,21.9495,False
C_00122,LOT_003,0,prop_delay_ns,3.5281,False
C_00122,LOT_003,24,prop_delay_ns,3.5132,False
C_00122,LOT_003,96,prop_delay_ns,3.5138,False
C_00122,LOT_003,168,prop_delay_ns,3.5492,False
C_00123,LOT_003,0,leakage_ua,13.8543,False
C_00123,LOT_003,24,leakage_ua,13.7319,False
C_00123,LOT_003,96,leakage_ua,13.8709,False
C_00123,LOT_003,168,leakage_ua,14.2188,False
C_00123,LOT_003,0,iddq_ua,18.0619,False
C_00123,LOT_003,24,iddq_ua,18.5648,False
C_00123,LOT_003,96,iddq_ua,18.5762,False
C_00123,LOT_003,168,iddq_ua,18.3977,False
C_00123,LOT_003,0,prop_delay_ns,3.4569,False
C_00123,LOT_003,24,prop_delay_ns,3.5341,False
C_00123,LOT_003,96,prop_delay_ns,3.4122,False
C_00123,LOT_003,168,prop_delay_ns,3.5173,False
C_00124,LOT_003,0,leakage_ua,11.4461,False
C_00124,LOT_003,24,leakage_ua,11.5455,False
C_00124,LOT_003,96,leakage_ua,12.0982,False
C_00124,LOT_003,168,leakage_ua,12.8636,False
C_00124,LOT_003,0,iddq_ua,20.8688,False
C_00124,LOT_003,24,iddq_ua,20.15,False
C_00124,LOT_003,96,iddq_ua,20.5374,False
C_00124,LOT_003,168,iddq_ua,20.5338,False
C_00124,LOT_003,0,prop_delay_ns,3.3695,False
C_00124,LOT_003,24,prop_delay_ns,3.2393,False
C_00124,LOT_003,96,prop_delay_ns,3.3626,False
C_00124,LOT_003,168,prop_delay_ns,3.284,False
C_00125,LOT_003,0,leakage_ua,13.5302,False
C_00125,LOT_003,24,leakage_ua,13.9573,False
C_00125,LOT_003,96,leakage_ua,14.8004,False
C_00125,LOT_003,168,leakage_ua,15.1691,False
C_00125,LOT_003,0,iddq_ua,21.7722,False
C_00125,LOT_003,24,iddq_ua,20.933,False
C_00125,LOT_003,96,iddq_ua,21.8839,False
C_00125,LOT_003,168,iddq_ua,21.8713,False
C_00125,LOT_003,0,prop_delay_ns,3.5142,False
C_00125,LOT_003,24,prop_delay_ns,3.618,False
C_00125,LOT_003,96,prop_delay_ns,3.7582,False
C_00125,LOT_003,168,prop_delay_ns,3.6814,False
C_00126,LOT_003,0,leakage_ua,11.6412,False
C_00126,LOT_003,24,leakage_ua,12.0684,False
C_00126,LOT_003,96,leakage_ua,12.636,False
C_00126,LOT_003,168,leakage_ua,12.9652,False
C_00126,LOT_003,0,iddq_ua,21.8537,False
C_00126,LOT_003,24,iddq_ua,21.6119,False
C_00126,LOT_003,96,iddq_ua,22.2688,False
C_00126,LOT_003,168,iddq_ua,21.8101,False
C_00126,LOT_003,0,prop_delay_ns,3.8697,False
C_00126,LOT_003,24,prop_delay_ns,3.8342,False
C_00126,LOT_003,96,prop_delay_ns,3.836,False
C_00126,LOT_003,168,prop_delay_ns,3.8472,False
C_00127,LOT_003,0,leakage_ua,12.3989,False
C_00127,LOT_003,24,leakage_ua,12.4065,False
C_00127,LOT_003,96,leakage_ua,12.7763,False
C_00127,LOT_003,168,leakage_ua,13.4164,False
C_00127,LOT_003,0,iddq_ua,22.9731,False
C_00127,LOT_003,24,iddq_ua,22.717,False
C_00127,LOT_003,96,iddq_ua,23.2718,False
C_00127,LOT_003,168,iddq_ua,24.098,False
C_00127,LOT_003,0,prop_delay_ns,3.6654,False
C_00127,LOT_003,24,prop_delay_ns,3.7991,False
C_00127,LOT_003,96,prop_delay_ns,3.5551,False
C_00127,LOT_003,168,prop_delay_ns,3.7322,False
C_00128,LOT_003,0,leakage_ua,12.3266,False
C_00128,LOT_003,24,leakage_ua,12.4611,False
C_00128,LOT_003,96,leakage_ua,12.8754,False
C_00128,LOT_003,168,leakage_ua,12.9609,False
C_00128,LOT_003,0,iddq_ua,20.2483,False
C_00128,LOT_003,24,iddq_ua,19.5672,False
C_00128,LOT_003,96,iddq_ua,20.6439,False
C_00128,LOT_003,168,iddq_ua,21.0361,False
C_00128,LOT_003,0,prop_delay_ns,3.3803,False
C_00128,LOT_003,24,prop_delay_ns,3.4009,False
C_00128,LOT_003,96,prop_delay_ns,3.1892,False
C_00128,LOT_003,168,prop_delay_ns,3.4769,False
C_00129,LOT_003,0,leakage_ua,13.763,False
C_00129,LOT_003,24,leakage_ua,13.9492,False
C_00129,LOT_003,96,leakage_ua,14.7318,False
C_00129,LOT_003,168,leakage_ua,15.1178,False
C_00129,LOT_003,0,iddq_ua,23.9075,False
C_00129,LOT_003,24,iddq_ua,23.934,False
C_00129,LOT_003,96,iddq_ua,24.3482,False
C_00129,LOT_003,168,iddq_ua,23.9364,False
C_00129,LOT_003,0,prop_delay_ns,3.3084,False
C_00129,LOT_003,24,prop_delay_ns,3.3349,False
C_00129,LOT_003,96,prop_delay_ns,3.282,False
C_00129,LOT_003,168,prop_delay_ns,3.4006,False
C_00130,LOT_003,0,leakage_ua,13.0432,False
C_00130,LOT_003,24,leakage_ua,13.2755,False
C_00130,LOT_003,96,leakage_ua,13.4694,False
C_00130,LOT_003,168,leakage_ua,13.5741,False
C_00130,LOT_003,0,iddq_ua,21.1224,False
C_00130,LOT_003,24,iddq_ua,19.7415,False
C_00130,LOT_003,96,iddq_ua,20.0189,False
C_00130,LOT_003,168,iddq_ua,20.9657,False
C_00130,LOT_003,0,prop_delay_ns,3.6542,False
C_00130,LOT_003,24,prop_delay_ns,3.7627,False
C_00130,LOT_003,96,prop_delay_ns,3.7619,False
C_00130,LOT_003,168,prop_delay_ns,3.7213,False
C_00131,LOT_003,0,leakage_ua,10.9539,True
C_00131,LOT_003,24,leakage_ua,15.238,True
C_00131,LOT_003,96,leakage_ua,22.1207,True
C_00131,LOT_003,168,leakage_ua,27.6862,True
C_00131,LOT_003,0,iddq_ua,22.9517,True
C_00131,LOT_003,24,iddq_ua,34.7503,True
C_00131,LOT_003,96,iddq_ua,49.5904,True
C_00131,LOT_003,168,iddq_ua,59.9047,True
C_00131,LOT_003,0,prop_delay_ns,3.3995,True
C_00131,LOT_003,24,prop_delay_ns,3.6008,True
C_00131,LOT_003,96,prop_delay_ns,3.9524,True
C_00131,LOT_003,168,prop_delay_ns,4.175,True
C_00132,LOT_003,0,leakage_ua,12.787,False
C_00132,LOT_003,24,leakage_ua,12.7249,False
C_00132,LOT_003,96,leakage_ua,13.6225,False
C_00132,LOT_003,168,leakage_ua,13.4318,False
C_00132,LOT_003,0,iddq_ua,21.3008,False
C_00132,LOT_003,24,iddq_ua,21.0359,False
C_00132,LOT_003,96,iddq_ua,22.1041,False
C_00132,LOT_003,168,iddq_ua,21.8953,False
C_00132,LOT_003,0,prop_delay_ns,3.8965,False
C_00132,LOT_003,24,prop_delay_ns,4.0392,False
C_00132,LOT_003,96,prop_delay_ns,4.0397,False
C_00132,LOT_003,168,prop_delay_ns,4.0809,False
C_00133,LOT_003,0,leakage_ua,13.23,False
C_00133,LOT_003,24,leakage_ua,13.5684,False
C_00133,LOT_003,96,leakage_ua,13.8484,False
C_00133,LOT_003,168,leakage_ua,14.5032,False
C_00133,LOT_003,0,iddq_ua,22.7339,False
C_00133,LOT_003,24,iddq_ua,22.805,False
C_00133,LOT_003,96,iddq_ua,23.8903,False
C_00133,LOT_003,168,iddq_ua,24.275,False
C_00133,LOT_003,0,prop_delay_ns,3.5649,False
C_00133,LOT_003,24,prop_delay_ns,3.8149,False
C_00133,LOT_003,96,prop_delay_ns,3.7012,False
C_00133,LOT_003,168,prop_delay_ns,3.6909,False
C_00134,LOT_003,0,leakage_ua,13.8117,False
C_00134,LOT_003,24,leakage_ua,14.1442,False
C_00134,LOT_003,96,leakage_ua,14.9254,False
C_00134,LOT_003,168,leakage_ua,14.915,False
C_00134,LOT_003,0,iddq_ua,23.1226,False
C_00134,LOT_003,24,iddq_ua,22.9754,False
C_00134,LOT_003,96,iddq_ua,22.3876,False
C_00134,LOT_003,168,iddq_ua,22.8629,False
C_00134,LOT_003,0,prop_delay_ns,3.2749,False
C_00134,LOT_003,24,prop_delay_ns,3.4077,False
C_00134,LOT_003,96,prop_delay_ns,3.2233,False
C_00134,LOT_003,168,prop_delay_ns,3.3233,False
C_00135,LOT_003,0,leakage_ua,12.6495,False
C_00135,LOT_003,24,leakage_ua,12.3395,False
C_00135,LOT_003,96,leakage_ua,13.3591,False
C_00135,LOT_003,168,leakage_ua,13.1285,False
C_00135,LOT_003,0,iddq_ua,22.9036,False
C_00135,LOT_003,24,iddq_ua,23.4706,False
C_00135,LOT_003,96,iddq_ua,23.872,False
C_00135,LOT_003,168,iddq_ua,23.5787,False
C_00135,LOT_003,0,prop_delay_ns,3.4429,False
C_00135,LOT_003,24,prop_delay_ns,3.5697,False
C_00135,LOT_003,96,prop_delay_ns,3.47,False
C_00135,LOT_003,168,prop_delay_ns,3.5165,False
C_00136,LOT_003,0,leakage_ua,12.5816,False
C_00136,LOT_003,24,leakage_ua,13.095,False
C_00136,LOT_003,96,leakage_ua,13.2916,False
C_00136,LOT_003,168,leakage_ua,13.8401,False
C_00136,LOT_003,0,iddq_ua,21.4171,False
C_00136,LOT_003,24,iddq_ua,21.7287,False
C_00136,LOT_003,96,iddq_ua,23.9162,False
C_00136,LOT_003,168,iddq_ua,23.714,False
C_00136,LOT_003,0,prop_delay_ns,3.5394,False
C_00136,LOT_003,24,prop_delay_ns,3.3255,False
C_00136,LOT_003,96,prop_delay_ns,3.4501,False
C_00136,LOT_003,168,prop_delay_ns,3.4642,False
C_00137,LOT_003,0,leakage_ua,14.3362,False
C_00137,LOT_003,24,leakage_ua,13.7964,False
C_00137,LOT_003,96,leakage_ua,14.1274,False
C_00137,LOT_003,168,leakage_ua,14.5504,False
C_00137,LOT_003,0,iddq_ua,23.6097,False
C_00137,LOT_003,24,iddq_ua,23.5028,False
C_00137,LOT_003,96,iddq_ua,22.6476,False
C_00137,LOT_003,168,iddq_ua,23.2132,False
C_00137,LOT_003,0,prop_delay_ns,3.7753,False
C_00137,LOT_003,24,prop_delay_ns,3.8086,False
C_00137,LOT_003,96,prop_delay_ns,3.8918,False
C_00137,LOT_003,168,prop_delay_ns,3.7542,False
C_00138,LOT_003,0,leakage_ua,12.7603,False
C_00138,LOT_003,24,leakage_ua,13.4023,False
C_00138,LOT_003,96,leakage_ua,13.9849,False
C_00138,LOT_003,168,leakage_ua,14.134,False
C_00138,LOT_003,0,iddq_ua,21.9783,False
C_00138,LOT_003,24,iddq_ua,22.8058,False
C_00138,LOT_003,96,iddq_ua,22.5082,False
C_00138,LOT_003,168,iddq_ua,22.3866,False
C_00138,LOT_003,0,prop_delay_ns,3.4053,False
C_00138,LOT_003,24,prop_delay_ns,3.4249,False
C_00138,LOT_003,96,prop_delay_ns,3.4745,False
C_00138,LOT_003,168,prop_delay_ns,3.5291,False
C_00139,LOT_003,0,leakage_ua,12.0401,False
C_00139,LOT_003,24,leakage_ua,12.0123,False
C_00139,LOT_003,96,leakage_ua,12.4212,False
C_00139,LOT_003,168,leakage_ua,12.6019,False
C_00139,LOT_003,0,iddq_ua,21.0314,False
C_00139,LOT_003,24,iddq_ua,22.1978,False
C_00139,LOT_003,96,iddq_ua,21.5085,False
C_00139,LOT_003,168,iddq_ua,21.5089,False
C_00139,LOT_003,0,prop_delay_ns,3.6204,False
C_00139,LOT_003,24,prop_delay_ns,3.4347,False
C_00139,LOT_003,96,prop_delay_ns,3.5788,False
C_00139,LOT_003,168,prop_delay_ns,3.5525,False
C_00140,LOT_003,0,leakage_ua,13.464,False
C_00140,LOT_003,24,leakage_ua,13.3552,False
C_00140,LOT_003,96,leakage_ua,14.0893,False
C_00140,LOT_003,168,leakage_ua,15.1897,False
C_00140,LOT_003,0,iddq_ua,20.9953,False
C_00140,LOT_003,24,iddq_ua,21.1643,False
C_00140,LOT_003,96,iddq_ua,21.8664,False
C_00140,LOT_003,168,iddq_ua,21.1925,False
C_00140,LOT_003,0,prop_delay_ns,3.3678,False
C_00140,LOT_003,24,prop_delay_ns,3.2606,False
C_00140,LOT_003,96,prop_delay_ns,3.3922,False
C_00140,LOT_003,168,prop_delay_ns,3.2985,False
C_00141,LOT_003,0,leakage_ua,12.4786,False
C_00141,LOT_003,24,leakage_ua,12.4933,False
C_00141,LOT_003,96,leakage_ua,12.72,False
C_00141,LOT_003,168,leakage_ua,13.3206,False
C_00141,LOT_003,0,iddq_ua,22.8713,False
C_00141,LOT_003,24,iddq_ua,23.5111,False
C_00141,LOT_003,96,iddq_ua,23.6269,False
C_00141,LOT_003,168,iddq_ua,23.2584,False
C_00141,LOT_003,0,prop_delay_ns,3.4125,False
C_00141,LOT_003,24,prop_delay_ns,3.3734,False
C_00141,LOT_003,96,prop_delay_ns,3.3646,False
C_00141,LOT_003,168,prop_delay_ns,3.4126,False
C_00142,LOT_003,0,leakage_ua,12.838,False
C_00142,LOT_003,24,leakage_ua,12.9693,False
C_00142,LOT_003,96,leakage_ua,13.3885,False
C_00142,LOT_003,168,leakage_ua,13.5816,False
C_00142,LOT_003,0,iddq_ua,22.3285,False
C_00142,LOT_003,24,iddq_ua,22.1265,False
C_00142,LOT_003,96,iddq_ua,22.9998,False
C_00142,LOT_003,168,iddq_ua,23.405,False
C_00142,LOT_003,0,prop_delay_ns,3.3004,False
C_00142,LOT_003,24,prop_delay_ns,3.276,False
C_00142,LOT_003,96,prop_delay_ns,3.4582,False
C_00142,LOT_003,168,prop_delay_ns,3.4616,False
C_00143,LOT_003,0,leakage_ua,14.1662,False
C_00143,LOT_003,24,leakage_ua,14.5735,False
C_00143,LOT_003,96,leakage_ua,15.1336,False
C_00143,LOT_003,168,leakage_ua,15.2771,False
C_00143,LOT_003,0,iddq_ua,23.1084,False
C_00143,LOT_003,24,iddq_ua,22.7556,False
C_00143,LOT_003,96,iddq_ua,23.1972,False
C_00143,LOT_003,168,iddq_ua,22.9716,False
C_00143,LOT_003,0,prop_delay_ns,3.5071,False
C_00143,LOT_003,24,prop_delay_ns,3.77,False
C_00143,LOT_003,96,prop_delay_ns,3.586,False
C_00143,LOT_003,168,prop_delay_ns,3.5196,False
C_00144,LOT_003,0,leakage_ua,13.005,False
C_00144,LOT_003,24,leakage_ua,12.9282,False
C_00144,LOT_003,96,leakage_ua,13.6326,False
C_00144,LOT_003,168,leakage_ua,13.6759,False
C_00144,LOT_003,0,iddq_ua,21.4636,False
C_00144,LOT_003,24,iddq_ua,21.4622,False
C_00144,LOT_003,96,iddq_ua,21.784,False
C_00144,LOT_003,168,iddq_ua,21.5312,False
C_00144,LOT_003,0,prop_delay_ns,3.65,False
C_00144,LOT_003,24,prop_delay_ns,3.6943,False
C_00144,LOT_003,96,prop_delay_ns,3.6931,False
C_00144,LOT_003,168,prop_delay_ns,3.6061,False
C_00145,LOT_003,0,leakage_ua,11.9842,False
C_00145,LOT_003,24,leakage_ua,12.3204,False
C_00145,LOT_003,96,leakage_ua,12.7984,False
C_00145,LOT_003,168,leakage_ua,13.2149,False
C_00145,LOT_003,0,iddq_ua,20.0786,False
C_00145,LOT_003,24,iddq_ua,19.6996,False
C_00145,LOT_003,96,iddq_ua,20.2917,False
C_00145,LOT_003,168,iddq_ua,20.8788,False
C_00145,LOT_003,0,prop_delay_ns,3.1769,False
C_00145,LOT_003,24,prop_delay_ns,3.1828,False
C_00145,LOT_003,96,prop_delay_ns,3.3174,False
C_00145,LOT_003,168,prop_delay_ns,3.2404,False
C_00146,LOT_003,0,leakage_ua,13.2871,False
C_00146,LOT_003,24,leakage_ua,13.655,False
C_00146,LOT_003,96,leakage_ua,13.5556,False
C_00146,LOT_003,168,leakage_ua,13.9592,False
C_00146,LOT_003,0,iddq_ua,22.1896,False
C_00146,LOT_003,24,iddq_ua,22.2219,False
C_00146,LOT_003,96,iddq_ua,21.7948,False
C_00146,LOT_003,168,iddq_ua,23.1384,False
C_00146,LOT_003,0,prop_delay_ns,3.9477,False
C_00146,LOT_003,24,prop_delay_ns,3.8384,False
C_00146,LOT_003,96,prop_delay_ns,3.8654,False
C_00146,LOT_003,168,prop_delay_ns,4.0616,False
C_00147,LOT_003,0,leakage_ua,11.8491,False
C_00147,LOT_003,24,leakage_ua,12.5419,False
C_00147,LOT_003,96,leakage_ua,12.4299,False
C_00147,LOT_003,168,leakage_ua,12.9821,False
C_00147,LOT_003,0,iddq_ua,23.5745,False
C_00147,LOT_003,24,iddq_ua,24.2635,False
C_00147,LOT_003,96,iddq_ua,24.7804,False
C_00147,LOT_003,168,iddq_ua,24.7899,False
C_00147,LOT_003,0,prop_delay_ns,3.6023,False
C_00147,LOT_003,24,prop_delay_ns,3.6962,False
C_00147,LOT_003,96,prop_delay_ns,3.7143,False
C_00147,LOT_003,168,prop_delay_ns,3.7444,False
C_00148,LOT_003,0,leakage_ua,12.265,False
C_00148,LOT_003,24,leakage_ua,12.6372,False
C_00148,LOT_003,96,leakage_ua,12.5807,False
C_00148,LOT_003,168,leakage_ua,12.4335,False
C_00148,LOT_003,0,iddq_ua,22.7941,False
C_00148,LOT_003,24,iddq_ua,24.0538,False
C_00148,LOT_003,96,iddq_ua,23.1476,False
C_00148,LOT_003,168,iddq_ua,23.5781,False
C_00148,LOT_003,0,prop_delay_ns,3.6103,False
C_00148,LOT_003,24,prop_delay_ns,3.4764,False
C_00148,LOT_003,96,prop_delay_ns,3.5576,False
C_00148,LOT_003,168,prop_delay_ns,3.3519,False
C_00149,LOT_003,0,leakage_ua,12.5471,False
C_00149,LOT_003,24,leakage_ua,12.7489,False
C_00149,LOT_003,96,leakage_ua,12.9813,False
C_00149,LOT_003,168,leakage_ua,12.815,False
C_00149,LOT_003,0,iddq_ua,20.0335,False
C_00149,LOT_003,24,iddq_ua,20.4833,False
C_00149,LOT_003,96,iddq_ua,21.741,False
C_00149,LOT_003,168,iddq_ua,21.6155,False
C_00149,LOT_003,0,prop_delay_ns,3.4268,False
C_00149,LOT_003,24,prop_delay_ns,3.2909,False
C_00149,LOT_003,96,prop_delay_ns,3.4883,False
C_00149,LOT_003,168,prop_delay_ns,3.414,False
C_00150,LOT_003,0,leakage_ua,12.8443,False
C_00150,LOT_003,24,leakage_ua,12.7977,False
C_00150,LOT_003,96,leakage_ua,13.5206,False
C_00150,LOT_003,168,leakage_ua,13.8037,False
C_00150,LOT_003,0,iddq_ua,21.9874,False
C_00150,LOT_003,24,iddq_ua,22.8294,False
C_00150,LOT_003,96,iddq_ua,22.5779,False
C_00150,LOT_003,168,iddq_ua,22.7603,False
C_00150,LOT_003,0,prop_delay_ns,4.1772,False
C_00150,LOT_003,24,prop_delay_ns,4.0601,False
C_00150,LOT_003,96,prop_delay_ns,4.1418,False
C_00150,LOT_003,168,prop_delay_ns,4.1627,False
C_00151,LOT_003,0,leakage_ua,12.9566,False
C_00151,LOT_003,24,leakage_ua,12.9381,False
C_00151,LOT_003,96,leakage_ua,13.2262,False
C_00151,LOT_003,168,leakage_ua,14.0148,False
C_00151,LOT_003,0,iddq_ua,22.917,False
C_00151,LOT_003,24,iddq_ua,23.3504,False
C_00151,LOT_003,96,iddq_ua,23.6069,False
C_00151,LOT_003,168,iddq_ua,23.4591,False
C_00151,LOT_003,0,prop_delay_ns,3.5784,False
C_00151,LOT_003,24,prop_delay_ns,3.6181,False
C_00151,LOT_003,96,prop_delay_ns,3.6428,False
C_00151,LOT_003,168,prop_delay_ns,3.5308,False
C_00152,LOT_003,0,leakage_ua,13.0407,False
C_00152,LOT_003,24,leakage_ua,12.82,False
C_00152,LOT_003,96,leakage_ua,12.9949,False
C_00152,LOT_003,168,leakage_ua,13.5748,False
C_00152,LOT_003,0,iddq_ua,22.1582,False
C_00152,LOT_003,24,iddq_ua,23.1801,False
C_00152,LOT_003,96,iddq_ua,23.9902,False
C_00152,LOT_003,168,iddq_ua,24.367,False
C_00152,LOT_003,0,prop_delay_ns,3.6178,False
C_00152,LOT_003,24,prop_delay_ns,3.662,False
C_00152,LOT_003,96,prop_delay_ns,3.5671,False
C_00152,LOT_003,168,prop_delay_ns,3.6166,False
C_00153,LOT_003,0,leakage_ua,12.4323,False
C_00153,LOT_003,24,leakage_ua,12.5482,False
C_00153,LOT_003,96,leakage_ua,12.2963,False
C_00153,LOT_003,168,leakage_ua,13.1411,False
C_00153,LOT_003,0,iddq_ua,20.6244,False
C_00153,LOT_003,24,iddq_ua,20.7497,False
C_00153,LOT_003,96,iddq_ua,21.3177,False
C_00153,LOT_003,168,iddq_ua,21.4737,False
C_00153,LOT_003,0,prop_delay_ns,3.382,False
C_00153,LOT_003,24,prop_delay_ns,3.4332,False
C_00153,LOT_003,96,prop_delay_ns,3.4094,False
C_00153,LOT_003,168,prop_delay_ns,3.5066,False
C_00154,LOT_003,0,leakage_ua,12.2047,False
C_00154,LOT_003,24,leakage_ua,12.7532,False
C_00154,LOT_003,96,leakage_ua,12.431,False
C_00154,LOT_003,168,leakage_ua,12.8081,False
C_00154,LOT_003,0,iddq_ua,21.6923,False
C_00154,LOT_003,24,iddq_ua,22.4123,False
C_00154,LOT_003,96,iddq_ua,22.4875,False
C_00154,LOT_003,168,iddq_ua,22.4253,False
C_00154,LOT_003,0,prop_delay_ns,3.3491,False
C_00154,LOT_003,24,prop_delay_ns,3.2621,False
C_00154,LOT_003,96,prop_delay_ns,3.3233,False
C_00154,LOT_003,168,prop_delay_ns,3.2312,False
C_00155,LOT_003,0,leakage_ua,13.4566,False
C_00155,LOT_003,24,leakage_ua,13.0889,False
C_00155,LOT_003,96,leakage_ua,13.6914,False
C_00155,LOT_003,168,leakage_ua,14.6261,False
C_00155,LOT_003,0,iddq_ua,23.274,False
C_00155,LOT_003,24,iddq_ua,24.3024,False
C_00155,LOT_003,96,iddq_ua,23.659,False
C_00155,LOT_003,168,iddq_ua,24.0175,False
C_00155,LOT_003,0,prop_delay_ns,3.5068,False
C_00155,LOT_003,24,prop_delay_ns,3.5269,False
C_00155,LOT_003,96,prop_delay_ns,3.6094,False
C_00155,LOT_003,168,prop_delay_ns,3.5708,False
C_00156,LOT_003,0,leakage_ua,12.6254,False
C_00156,LOT_003,24,leakage_ua,13.826,False
C_00156,LOT_003,96,leakage_ua,13.583,False
C_00156,LOT_003,168,leakage_ua,13.8877,False
C_00156,LOT_003,0,iddq_ua,21.7928,False
C_00156,LOT_003,24,iddq_ua,23.6136,False
C_00156,LOT_003,96,iddq_ua,23.4257,False
C_00156,LOT_003,168,iddq_ua,24.048,False
C_00156,LOT_003,0,prop_delay_ns,3.2149,False
C_00156,LOT_003,24,prop_delay_ns,3.2089,False
C_00156,LOT_003,96,prop_delay_ns,3.3781,False
C_00156,LOT_003,168,prop_delay_ns,3.402,False
C_00157,LOT_003,0,leakage_ua,12.8356,False
C_00157,LOT_003,24,leakage_ua,12.9917,False
C_00157,LOT_003,96,leakage_ua,13.6632,False
C_00157,LOT_003,168,leakage_ua,13.515,False
C_00157,LOT_003,0,iddq_ua,22.6238,False
C_00157,LOT_003,24,iddq_ua,22.2248,False
C_00157,LOT_003,96,iddq_ua,22.7171,False
C_00157,LOT_003,168,iddq_ua,21.8312,False
C_00157,LOT_003,0,prop_delay_ns,3.5789,False
C_00157,LOT_003,24,prop_delay_ns,3.5464,False
C_00157,LOT_003,96,prop_delay_ns,3.4614,False
C_00157,LOT_003,168,prop_delay_ns,3.4843,False
C_00158,LOT_003,0,leakage_ua,12.7483,False
C_00158,LOT_003,24,leakage_ua,14.0898,False
C_00158,LOT_003,96,leakage_ua,14.7573,False
C_00158,LOT_003,168,leakage_ua,14.7263,False
C_00158,LOT_003,0,iddq_ua,20.8696,False
C_00158,LOT_003,24,iddq_ua,22.0433,False
C_00158,LOT_003,96,iddq_ua,21.3153,False
C_00158,LOT_003,168,iddq_ua,22.4524,False
C_00158,LOT_003,0,prop_delay_ns,3.7785,False
C_00158,LOT_003,24,prop_delay_ns,3.8051,False
C_00158,LOT_003,96,prop_delay_ns,3.8596,False
C_00158,LOT_003,168,prop_delay_ns,3.8492,False
C_00159,LOT_003,0,leakage_ua,13.3735,False
C_00159,LOT_003,24,leakage_ua,13.3832,False
C_00159,LOT_003,96,leakage_ua,13.92,False
C_00159,LOT_003,168,leakage_ua,14.4692,False
C_00159,LOT_003,0,iddq_ua,22.5885,False
C_00159,LOT_003,24,iddq_ua,22.9858,False
C_00159,LOT_003,96,iddq_ua,22.8717,False
C_00159,LOT_003,168,iddq_ua,23.5658,False
C_00159,LOT_003,0,prop_delay_ns,3.3429,False
C_00159,LOT_003,24,prop_delay_ns,3.462,False
C_00159,LOT_003,96,prop_delay_ns,3.6027,False
C_00159,LOT_003,168,prop_delay_ns,3.5062,False
C_00160,LOT_003,0,leakage_ua,12.9222,False
C_00160,LOT_003,24,leakage_ua,13.2925,False
C_00160,LOT_003,96,leakage_ua,14.0307,False
C_00160,LOT_003,168,leakage_ua,14.0646,False
C_00160,LOT_003,0,iddq_ua,21.4345,False
C_00160,LOT_003,24,iddq_ua,21.9592,False
C_00160,LOT_003,96,iddq_ua,21.6847,False
C_00160,LOT_003,168,iddq_ua,22.238,False
C_00160,LOT_003,0,prop_delay_ns,3.517,False
C_00160,LOT_003,24,prop_delay_ns,3.4468,False
C_00160,LOT_003,96,prop_delay_ns,3.3457,False
C_00160,LOT_003,168,prop_delay_ns,3.3423,False
C_00161,LOT_004,0,leakage_ua,10.2507,False
C_00161,LOT_004,24,leakage_ua,10.5727,False
C_00161,LOT_004,96,leakage_ua,10.7676,False
C_00161,LOT_004,168,leakage_ua,10.7765,False
C_00161,LOT_004,0,iddq_ua,31.3803,False
C_00161,LOT_004,24,iddq_ua,31.314,False
C_00161,LOT_004,96,iddq_ua,30.551,False
C_00161,LOT_004,168,iddq_ua,31.594,False
C_00161,LOT_004,0,prop_delay_ns,4.0599,False
C_00161,LOT_004,24,prop_delay_ns,4.2956,False
C_00161,LOT_004,96,prop_delay_ns,4.216,False
C_00161,LOT_004,168,prop_delay_ns,4.2334,False
C_00162,LOT_004,0,leakage_ua,10.2326,True
C_00162,LOT_004,24,leakage_ua,12.6761,True
C_00162,LOT_004,96,leakage_ua,16.6345,True
C_00162,LOT_004,168,leakage_ua,19.6464,True
C_00162,LOT_004,0,iddq_ua,32.9902,True
C_00162,LOT_004,24,iddq_ua,45.5306,True
C_00162,LOT_004,96,iddq_ua,60.7146,True
C_00162,LOT_004,168,iddq_ua,71.3669,True
C_00162,LOT_004,0,prop_delay_ns,4.3244,True
C_00162,LOT_004,24,prop_delay_ns,4.8629,True
C_00162,LOT_004,96,prop_delay_ns,5.3021,True
C_00162,LOT_004,168,prop_delay_ns,5.6596,True
C_00163,LOT_004,0,leakage_ua,10.2346,False
C_00163,LOT_004,24,leakage_ua,10.5715,False
C_00163,LOT_004,96,leakage_ua,11.2828,False
C_00163,LOT_004,168,leakage_ua,10.9147,False
C_00163,LOT_004,0,iddq_ua,30.0157,False
C_00163,LOT_004,24,iddq_ua,31.1105,False
C_00163,LOT_004,96,iddq_ua,31.6999,False
C_00163,LOT_004,168,iddq_ua,31.1072,False
C_00163,LOT_004,0,prop_delay_ns,4.2506,False
C_00163,LOT_004,24,prop_delay_ns,4.1822,False
C_00163,LOT_004,96,prop_delay_ns,4.502,False
C_00163,LOT_004,168,prop_delay_ns,4.499,False
C_00164,LOT_004,0,leakage_ua,9.1887,False
C_00164,LOT_004,24,leakage_ua,8.9389,False
C_00164,LOT_004,96,leakage_ua,9.7687,False
C_00164,LOT_004,168,leakage_ua,9.8375,False
C_00164,LOT_004,0,iddq_ua,29.2711,False
C_00164,LOT_004,24,iddq_ua,29.7037,False
C_00164,LOT_004,96,iddq_ua,29.3323,False
C_00164,LOT_004,168,iddq_ua,31.254,False
C_00164,LOT_004,0,prop_delay_ns,4.6886,False
C_00164,LOT_004,24,prop_delay_ns,4.7609,False
C_00164,LOT_004,96,prop_delay_ns,4.6926,False
C_00164,LOT_004,168,prop_delay_ns,4.684,False
C_00165,LOT_004,0,leakage_ua,9.6456,False
C_00165,LOT_004,24,leakage_ua,10.3494,False
C_00165,LOT_004,96,leakage_ua,10.6174,False
C_00165,LOT_004,168,leakage_ua,10.914,False
C_00165,LOT_004,0,iddq_ua,31.695,False
C_00165,LOT_004,24,iddq_ua,31.2583,False
C_00165,LOT_004,96,iddq_ua,32.2532,False
C_00165,LOT_004,168,iddq_ua,33.5083,False
C_00165,LOT_004,0,prop_delay_ns,4.6104,False
C_00165,LOT_004,24,prop_delay_ns,4.4669,False
C_00165,LOT_004,96,prop_delay_ns,4.4349,False
C_00165,LOT_004,168,prop_delay_ns,4.4809,False
C_00166,LOT_004,0,leakage_ua,10.7188,False
C_00166,LOT_004,24,leakage_ua,11.1423,False
C_00166,LOT_004,96,leakage_ua,11.0673,False
C_00166,LOT_004,168,leakage_ua,11.3221,False
C_00166,LOT_004,0,iddq_ua,30.8201,False
C_00166,LOT_004,24,iddq_ua,32.5722,False
C_00166,LOT_004,96,iddq_ua,31.3475,False
C_00166,LOT_004,168,iddq_ua,32.2755,False
C_00166,LOT_004,0,prop_delay_ns,4.4308,False
C_00166,LOT_004,24,prop_delay_ns,4.4088,False
C_00166,LOT_004,96,prop_delay_ns,4.3121,False
C_00166,LOT_004,168,prop_delay_ns,4.472,False
C_00167,LOT_004,0,leakage_ua,8.9319,False
C_00167,LOT_004,24,leakage_ua,9.0519,False
C_00167,LOT_004,96,leakage_ua,8.765,False
C_00167,LOT_004,168,leakage_ua,8.9778,False
C_00167,LOT_004,0,iddq_ua,32.7423,False
C_00167,LOT_004,24,iddq_ua,33.4758,False
C_00167,LOT_004,96,iddq_ua,33.2809,False
C_00167,LOT_004,168,iddq_ua,34.2678,False
C_00167,LOT_004,0,prop_delay_ns,4.459,False
C_00167,LOT_004,24,prop_delay_ns,4.3469,False
C_00167,LOT_004,96,prop_delay_ns,4.5181,False
C_00167,LOT_004,168,prop_delay_ns,4.7317,False
C_00168,LOT_004,0,leakage_ua,10.0185,False
C_00168,LOT_004,24,leakage_ua,10.6928,False
C_00168,LOT_004,96,leakage_ua,10.4559,False
C_00168,LOT_004,168,leakage_ua,10.6113,False
C_00168,LOT_004,0,iddq_ua,29.3589,False
C_00168,LOT_004,24,iddq_ua,29.1014,False
C_00168,LOT_004,96,iddq_ua,29.4837,False
C_00168,LOT_004,168,iddq_ua,29.6644,False
C_00168,LOT_004,0,prop_delay_ns,4.5912,False
C_00168,LOT_004,24,prop_delay_ns,4.5419,False
C_00168,LOT_004,96,prop_delay_ns,4.5533,False
C_00168,LOT_004,168,prop_delay_ns,4.6383,False
C_00169,LOT_004,0,leakage_ua,9.61,False
C_00169,LOT_004,24,leakage_ua,10.0492,False
C_00169,LOT_004,96,leakage_ua,10.1511,False
C_00169,LOT_004,168,leakage_ua,10.2724,False
C_00169,LOT_004,0,iddq_ua,30.7483,False
C_00169,LOT_004,24,iddq_ua,31.0801,False
C_00169,LOT_004,96,iddq_ua,30.8988,False
C_00169,LOT_004,168,iddq_ua,32.0956,False
C_00169,LOT_004,0,prop_delay_ns,4.4815,False
C_00169,LOT_004,24,prop_delay_ns,4.4169,False
C_00169,LOT_004,96,prop_delay_ns,4.5761,False
C_00169,LOT_004,168,prop_delay_ns,4.7896,False
C_00170,LOT_004,0,leakage_ua,10.2135,False
C_00170,LOT_004,24,leakage_ua,9.8704,False
C_00170,LOT_004,96,leakage_ua,10.0421,False
C_00170,LOT_004,168,leakage_ua,9.9168,False
C_00170,LOT_004,0,iddq_ua,29.9208,False
C_00170,LOT_004,24,iddq_ua,28.2954,False
C_00170,LOT_004,96,iddq_ua,27.7683,False
C_00170,LOT_004,168,iddq_ua,29.3685,False
C_00170,LOT_004,0,prop_delay_ns,4.1541,False
C_00170,LOT_004,24,prop_delay_ns,4.2165,False
C_00170,LOT_004,96,prop_delay_ns,4.3278,False
C_00170,LOT_004,168,prop_delay_ns,4.2681,False
C_00171,LOT_004,0,leakage_ua,9.3994,False
C_00171,LOT_004,24,leakage_ua,9.741,False
C_00171,LOT_004,96,leakage_ua,10.0851,False
C_00171,LOT_004,168,leakage_ua,10.0752,False
C_00171,LOT_004,0,iddq_ua,31.3033,False
C_00171,LOT_004,24,iddq_ua,31.3286,False
C_00171,LOT_004,96,iddq_ua,32.0208,False
C_00171,LOT_004,168,iddq_ua,32.1874,False
C_00171,LOT_004,0,prop_delay_ns,4.3299,False
C_00171,LOT_004,24,prop_delay_ns,4.3887,False
C_00171,LOT_004,96,prop_delay_ns,4.2313,False
C_00171,LOT_004,168,prop_delay_ns,4.2454,False
C_00172,LOT_004,0,leakage_ua,9.4593,False
C_00172,LOT_004,24,leakage_ua,9.6985,False
C_00172,LOT_004,96,leakage_ua,10.2334,False
C_00172,LOT_004,168,leakage_ua,10.3866,False
C_00172,LOT_004,0,iddq_ua,28.4988,False
C_00172,LOT_004,24,iddq_ua,27.4788,False
C_00172,LOT_004,96,iddq_ua,27.775,False
C_00172,LOT_004,168,iddq_ua,29.0896,False
C_00172,LOT_004,0,prop_delay_ns,4.2855,False
C_00172,LOT_004,24,prop_delay_ns,4.1807,False
C_00172,LOT_004,96,prop_delay_ns,4.2637,False
C_00172,LOT_004,168,prop_delay_ns,4.449,False
C_00173,LOT_004,0,leakage_ua,9.7348,False
C_00173,LOT_004,24,leakage_ua,9.9597,False
C_00173,LOT_004,96,leakage_ua,9.389,False
C_00173,LOT_004,168,leakage_ua,9.8281,False
C_00173,LOT_004,0,iddq_ua,30.1273,False
C_00173,LOT_004,24,iddq_ua,30.0674,False
C_00173,LOT_004,96,iddq_ua,30.2857,False
C_00173,LOT_004,168,iddq_ua,30.6986,False
C_00173,LOT_004,0,prop_delay_ns,4.7196,False
C_00173,LOT_004,24,prop_delay_ns,4.8677,False
C_00173,LOT_004,96,prop_delay_ns,4.7177,False
C_00173,LOT_004,168,prop_delay_ns,4.8539,False
C_00174,LOT_004,0,leakage_ua,9.7774,False
C_00174,LOT_004,24,leakage_ua,10.1063,False
C_00174,LOT_004,96,leakage_ua,10.1358,False
C_00174,LOT_004,168,leakage_ua,10.2463,False
C_00174,LOT_004,0,iddq_ua,27.5811,False
C_00174,LOT_004,24,iddq_ua,27.4548,False
C_00174,LOT_004,96,iddq_ua,28.9292,False
C_00174,LOT_004,168,iddq_ua,28.469,False
C_00174,LOT_004,0,prop_delay_ns,4.5363,False
C_00174,LOT_004,24,prop_delay_ns,4.4471,False
C_00174,LOT_004,96,prop_delay_ns,4.5934,False
C_00174,LOT_004,168,prop_delay_ns,4.6488,False
C_00175,LOT_004,0,leakage_ua,10.4596,False
C_00175,LOT_004,24,leakage_ua,10.142,False
C_00175,LOT_004,96,leakage_ua,9.8832,False
C_00175,LOT_004,168,leakage_ua,10.2146,False
C_00175,LOT_004,0,iddq_ua,28.4139,False
C_00175,LOT_004,24,iddq_ua,27.4783,False
C_00175,LOT_004,96,iddq_ua,28.1096,False
C_00175,LOT_004,168,iddq_ua,28.921,False
C_00175,LOT_004,0,prop_delay_ns,4.3527,False
C_00175,LOT_004,24,prop_delay_ns,4.2131,False
C_00175,LOT_004,96,prop_delay_ns,4.487,False
C_00175,LOT_004,168,prop_delay_ns,4.2211,False
C_00176,LOT_004,0,leakage_ua,10.2263,False
C_00176,LOT_004,24,leakage_ua,10.3512,False
C_00176,LOT_004,96,leakage_ua,10.4628,False
C_00176,LOT_004,168,leakage_ua,10.804,False
C_00176,LOT_004,0,iddq_ua,27.3028,False
C_00176,LOT_004,24,iddq_ua,27.0962,False
C_00176,LOT_004,96,iddq_ua,28.1253,False
C_00176,LOT_004,168,iddq_ua,27.3961,False
C_00176,LOT_004,0,prop_delay_ns,4.5064,False
C_00176,LOT_004,24,prop_delay_ns,4.6045,False
C_00176,LOT_004,96,prop_delay_ns,4.4483,False
C_00176,LOT_004,168,prop_delay_ns,4.5369,False
C_00177,LOT_004,0,leakage_ua,9.3867,False
C_00177,LOT_004,24,leakage_ua,9.458,False
C_00177,LOT_004,96,leakage_ua,9.4298,False
C_00177,LOT_004,168,leakage_ua,9.785,False
C_00177,LOT_004,0,iddq_ua,31.9044,False
C_00177,LOT_004,24,iddq_ua,30.619,False
C_00177,LOT_004,96,iddq_ua,31.4694,False
C_00177,LOT_004,168,iddq_ua,31.8484,False
C_00177,LOT_004,0,prop_delay_ns,4.426,False
C_00177,LOT_004,24,prop_delay_ns,4.8101,False
C_00177,LOT_004,96,prop_delay_ns,4.4568,False
C_00177,LOT_004,168,prop_delay_ns,4.5187,False
C_00178,LOT_004,0,leakage_ua,8.8941,False
C_00178,LOT_004,24,leakage_ua,8.9222,False
C_00178,LOT_004,96,leakage_ua,9.0044,False
C_00178,LOT_004,168,leakage_ua,9.5403,False
C_00178,LOT_004,0,iddq_ua,29.3503,False
C_00178,LOT_004,24,iddq_ua,29.5421,False
C_00178,LOT_004,96,iddq_ua,29.4598,False
C_00178,LOT_004,168,iddq_ua,29.204,False
C_00178,LOT_004,0,prop_delay_ns,4.6472,False
C_00178,LOT_004,24,prop_delay_ns,4.4651,False
C_00178,LOT_004,96,prop_delay_ns,4.4913,False
C_00178,LOT_004,168,prop_delay_ns,4.5729,False
C_00179,LOT_004,0,leakage_ua,10.3942,False
C_00179,LOT_004,24,leakage_ua,10.5183,False
C_00179,LOT_004,96,leakage_ua,10.9461,False
C_00179,LOT_004,168,leakage_ua,10.9566,False
C_00179,LOT_004,0,iddq_ua,29.6234,False
C_00179,LOT_004,24,iddq_ua,29.819,False
C_00179,LOT_004,96,iddq_ua,31.3747,False
C_00179,LOT_004,168,iddq_ua,32.1361,False
C_00179,LOT_004,0,prop_delay_ns,4.3809,False
C_00179,LOT_004,24,prop_delay_ns,4.4098,False
C_00179,LOT_004,96,prop_delay_ns,4.3866,False
C_00179,LOT_004,168,prop_delay_ns,4.6859,False
C_00180,LOT_004,0,leakage_ua,9.4778,False
C_00180,LOT_004,24,leakage_ua,9.9421,False
C_00180,LOT_004,96,leakage_ua,9.8084,False
C_00180,LOT_004,168,leakage_ua,9.8974,False
C_00180,LOT_004,0,iddq_ua,31.7244,False
C_00180,LOT_004,24,iddq_ua,32.3542,False
C_00180,LOT_004,96,iddq_ua,32.6026,False
C_00180,LOT_004,168,iddq_ua,32.9046,False
C_00180,LOT_004,0,prop_delay_ns,3.9945,False
C_00180,LOT_004,24,prop_delay_ns,4.1575,False
C_00180,LOT_004,96,prop_delay_ns,4.18,False
C_00180,LOT_004,168,prop_delay_ns,4.3162,False
C_00181,LOT_004,0,leakage_ua,10.1901,False
C_00181,LOT_004,24,leakage_ua,10.344,False
C_00181,LOT_004,96,leakage_ua,10.4566,False
C_00181,LOT_004,168,leakage_ua,10.4856,False
C_00181,LOT_004,0,iddq_ua,28.6854,False
C_00181,LOT_004,24,iddq_ua,28.5747,False
C_00181,LOT_004,96,iddq_ua,29.7077,False
C_00181,LOT_004,168,iddq_ua,30.3033,False
C_00181,LOT_004,0,prop_delay_ns,4.1341,False
C_00181,LOT_004,24,prop_delay_ns,4.1238,False
C_00181,LOT_004,96,prop_delay_ns,4.2605,False
C_00181,LOT_004,168,prop_delay_ns,4.1749,False
C_00182,LOT_004,0,leakage_ua,9.7692,False
C_00182,LOT_004,24,leakage_ua,9.9846,False
C_00182,LOT_004,96,leakage_ua,9.988,False
C_00182,LOT_004,168,leakage_ua,10.4597,False
C_00182,LOT_004,0,iddq_ua,32.5328,False
C_00182,LOT_004,24,iddq_ua,31.9808,False
C_00182,LOT_004,96,iddq_ua,33.6338,False
C_00182,LOT_004,168,iddq_ua,33.3661,False
C_00182,LOT_004,0,prop_delay_ns,4.4821,False
C_00182,LOT_004,24,prop_delay_ns,4.4819,False
C_00182,LOT_004,96,prop_delay_ns,4.6605,False
C_00182,LOT_004,168,prop_delay_ns,4.6362,False
C_00183,LOT_004,0,leakage_ua,9.6007,False
C_00183,LOT_004,24,leakage_ua,9.6926,False
C_00183,LOT_004,96,leakage_ua,9.9984,False
C_00183,LOT_004,168,leakage_ua,10.1104,False
C_00183,LOT_004,0,iddq_ua,28.649,False
C_00183,LOT_004,24,iddq_ua,28.2304,False
C_00183,LOT_004,96,iddq_ua,29.1524,False
C_00183,LOT_004,168,iddq_ua,30.0894,False
C_00183,LOT_004,0,prop_delay_ns,4.7566,False
C_00183,LOT_004,24,prop_delay_ns,4.5727,False
C_00183,LOT_004,96,prop_delay_ns,4.5355,False
C_00183,LOT_004,168,prop_delay_ns,4.6003,False
C_00184,LOT_004,0,leakage_ua,9.5877,False
C_00184,LOT_004,24,leakage_ua,9.8781,False
C_00184,LOT_004,96,leakage_ua,10.0553,False
C_00184,LOT_004,168,leakage_ua,10.1069,False
C_00184,LOT_004,0,iddq_ua,29.31,False
C_00184,LOT_004,24,iddq_ua,29.9125,False
C_00184,LOT_004,96,iddq_ua,29.7444,False
C_00184,LOT_004,168,iddq_ua,30.6657,False
C_00184,LOT_004,0,prop_delay_ns,4.5513,False
C_00184,LOT_004,24,prop_delay_ns,4.5147,False
C_00184,LOT_004,96,prop_delay_ns,4.5795,False
C_00184,LOT_004,168,prop_delay_ns,4.6774,False
C_00185,LOT_004,0,leakage_ua,9.337,False
C_00185,LOT_004,24,leakage_ua,9.6026,False
C_00185,LOT_004,96,leakage_ua,9.7682,False
C_00185,LOT_004,168,leakage_ua,9.4876,False
C_00185,LOT_004,0,iddq_ua,30.122,False
C_00185,LOT_004,24,iddq_ua,28.8718,False
C_00185,LOT_004,96,iddq_ua,29.4627,False
C_00185,LOT_004,168,iddq_ua,28.667,False
C_00185,LOT_004,0,prop_delay_ns,4.3669,False
C_00185,LOT_004,24,prop_delay_ns,4.3631,False
C_00185,LOT_004,96,prop_delay_ns,4.3195,False
C_00185,LOT_004,168,prop_delay_ns,4.2979,False
C_00186,LOT_004,0,leakage_ua,9.7667,False
C_00186,LOT_004,24,leakage_ua,10.0941,False
C_00186,LOT_004,96,leakage_ua,10.5198,False
C_00186,LOT_004,168,leakage_ua,10.174,False
C_00186,LOT_004,0,iddq_ua,27.321,False
C_00186,LOT_004,24,iddq_ua,28.8162,False
C_00186,LOT_004,96,iddq_ua,29.196,False
C_00186,LOT_004,168,iddq_ua,29.1387,False
C_00186,LOT_004,0,prop_delay_ns,4.2736,False
C_00186,LOT_004,24,prop_delay_ns,4.5262,False
C_00186,LOT_004,96,prop_delay_ns,4.3676,False
C_00186,LOT_004,168,prop_delay_ns,4.4889,False
C_00187,LOT_004,0,leakage_ua,10.7397,False
C_00187,LOT_004,24,leakage_ua,10.9858,False
C_00187,LOT_004,96,leakage_ua,11.0683,False
C_00187,LOT_004,168,leakage_ua,11.5647,False
C_00187,LOT_004,0,iddq_ua,28.7939,False
C_00187,LOT_004,24,iddq_ua,28.0832,False
C_00187,LOT_004,96,iddq_ua,28.3642,False
C_00187,LOT_004,168,iddq_ua,28.6199,False
C_00187,LOT_004,0,prop_delay_ns,4.6611,False
C_00187,LOT_004,24,prop_delay_ns,4.6007,False
C_00187,LOT_004,96,prop_delay_ns,4.7234,False
C_00187,LOT_004,168,prop_delay_ns,4.6183,False
C_00188,LOT_004,0,leakage_ua,9.3519,False
C_00188,LOT_004,24,leakage_ua,9.4354,False
C_00188,LOT_004,96,leakage_ua,9.475,False
C_00188,LOT_004,168,leakage_ua,9.7175,False
C_00188,LOT_004,0,iddq_ua,32.3428,False
C_00188,LOT_004,24,iddq_ua,32.3783,False
C_00188,LOT_004,96,iddq_ua,35.0972,False
C_00188,LOT_004,168,iddq_ua,33.3408,False
C_00188,LOT_004,0,prop_delay_ns,4.3068,False
C_00188,LOT_004,24,prop_delay_ns,4.4982,False
C_00188,LOT_004,96,prop_delay_ns,4.3543,False
C_00188,LOT_004,168,prop_delay_ns,4.2422,False
C_00189,LOT_004,0,leakage_ua,10.5794,True
C_00189,LOT_004,24,leakage_ua,15.1971,True
C_00189,LOT_004,96,leakage_ua,21.6939,True
C_00189,LOT_004,168,leakage_ua,26.447,True
C_00189,LOT_004,0,iddq_ua,30.7198,True
C_00189,LOT_004,24,iddq_ua,43.4259,True
C_00189,LOT_004,96,iddq_ua,56.5462,True
C_00189,LOT_004,168,iddq_ua,67.1993,True
C_00189,LOT_004,0,prop_delay_ns,4.471,True
C_00189,LOT_004,24,prop_delay_ns,4.8118,True
C_00189,LOT_004,96,prop_delay_ns,5.2475,True
C_00189,LOT_004,168,prop_delay_ns,5.4828,True
C_00190,LOT_004,0,leakage_ua,9.501,False
C_00190,LOT_004,24,leakage_ua,9.5625,False
C_00190,LOT_004,96,leakage_ua,9.2067,False
C_00190,LOT_004,168,leakage_ua,9.5289,False
C_00190,LOT_004,0,iddq_ua,33.3285,False
C_00190,LOT_004,24,iddq_ua,32.14,False
C_00190,LOT_004,96,iddq_ua,32.8121,False
C_00190,LOT_004,168,iddq_ua,33.1061,False
C_00190,LOT_004,0,prop_delay_ns,4.3884,False
C_00190,LOT_004,24,prop_delay_ns,4.3902,False
C_00190,LOT_004,96,prop_delay_ns,4.3924,False
C_00190,LOT_004,168,prop_delay_ns,4.2732,False
C_00191,LOT_004,0,leakage_ua,8.984,False
C_00191,LOT_004,24,leakage_ua,9.5568,False
C_00191,LOT_004,96,leakage_ua,9.5251,False
C_00191,LOT_004,168,leakage_ua,9.4336,False
C_00191,LOT_004,0,iddq_ua,30.4887,False
C_00191,LOT_004,24,iddq_ua,31.2643,False
C_00191,LOT_004,96,iddq_ua,32.5629,False
C_00191,LOT_004,168,iddq_ua,33.2349,False
C_00191,LOT_004,0,prop_delay_ns,4.3562,False
C_00191,LOT_004,24,prop_delay_ns,4.3165,False
C_00191,LOT_004,96,prop_delay_ns,4.3439,False
C_00191,LOT_004,168,prop_delay_ns,4.4919,False
C_00192,LOT_004,0,leakage_ua,10.4774,False
C_00192,LOT_004,24,leakage_ua,10.4991,False
C_00192,LOT_004,96,leakage_ua,11.3836,False
C_00192,LOT_004,168,leakage_ua,10.7162,False
C_00192,LOT_004,0,iddq_ua,29.5657,False
C_00192,LOT_004,24,iddq_ua,28.3842,False
C_00192,LOT_004,96,iddq_ua,29.6627,False
C_00192,LOT_004,168,iddq_ua,30.0756,False
C_00192,LOT_004,0,prop_delay_ns,4.6979,False
C_00192,LOT_004,24,prop_delay_ns,4.6559,False
C_00192,LOT_004,96,prop_delay_ns,4.6408,False
C_00192,LOT_004,168,prop_delay_ns,4.6579,False
C_00193,LOT_004,0,leakage_ua,10.015,False
C_00193,LOT_004,24,leakage_ua,10.1926,False
C_00193,LOT_004,96,leakage_ua,10.3186,False
C_00193,LOT_004,168,leakage_ua,10.4998,False
C_00193,LOT_004,0,iddq_ua,30.3805,False
C_00193,LOT_004,24,iddq_ua,30.013,False
C_00193,LOT_004,96,iddq_ua,31.6583,False
C_00193,LOT_004,168,iddq_ua,30.8839,False
C_00193,LOT_004,0,prop_delay_ns,4.217,False
C_00193,LOT_004,24,prop_delay_ns,4.3915,False
C_00193,LOT_004,96,prop_delay_ns,4.1889,False
C_00193,LOT_004,168,prop_delay_ns,4.4553,False
C_00194,LOT_004,0,leakage_ua,9.5567,False
C_00194,LOT_004,24,leakage_ua,9.9639,False
C_00194,LOT_004,96,leakage_ua,9.8725,False
C_00194,LOT_004,168,leakage_ua,10.0581,False
C_00194,LOT_004,0,iddq_ua,28.1559,False
C_00194,LOT_004,24,iddq_ua,27.8446,False
C_00194,LOT_004,96,iddq_ua,28.3272,False
C_00194,LOT_004,168,iddq_ua,29.4236,False
C_00194,LOT_004,0,prop_delay_ns,4.9608,False
C_00194,LOT_004,24,prop_delay_ns,4.8887,False
C_00194,LOT_004,96,prop_delay_ns,4.9103,False
C_00194,LOT_004,168,prop_delay_ns,4.8788,False
C_00195,LOT_004,0,leakage_ua,8.2938,False
C_00195,LOT_004,24,leakage_ua,8.7831,False
C_00195,LOT_004,96,leakage_ua,8.5696,False
C_00195,LOT_004,168,leakage_ua,8.7116,False
C_00195,LOT_004,0,iddq_ua,28.5243,False
C_00195,LOT_004,24,iddq_ua,29.3021,False
C_00195,LOT_004,96,iddq_ua,31.0142,False
C_00195,LOT_004,168,iddq_ua,30.6146,False
C_00195,LOT_004,0,prop_delay_ns,4.6698,False
C_00195,LOT_004,24,prop_delay_ns,4.5212,False
C_00195,LOT_004,96,prop_delay_ns,4.5249,False
C_00195,LOT_004,168,prop_delay_ns,4.6832,False
C_00196,LOT_004,0,leakage_ua,9.5628,False
C_00196,LOT_004,24,leakage_ua,10.0417,False
C_00196,LOT_004,96,leakage_ua,9.8865,False
C_00196,LOT_004,168,leakage_ua,9.4991,False
C_00196,LOT_004,0,iddq_ua,30.489,False
C_00196,LOT_004,24,iddq_ua,30.7496,False
C_00196,LOT_004,96,iddq_ua,31.0003,False
C_00196,LOT_004,168,iddq_ua,31.2757,False
C_00196,LOT_004,0,prop_delay_ns,4.8368,False
C_00196,LOT_004,24,prop_delay_ns,4.5137,False
C_00196,LOT_004,96,prop_delay_ns,4.6123,False
C_00196,LOT_004,168,prop_delay_ns,4.4841,False
C_00197,LOT_004,0,leakage_ua,9.4009,False
C_00197,LOT_004,24,leakage_ua,9.5151,False
C_00197,LOT_004,96,leakage_ua,9.2114,False
C_00197,LOT_004,168,leakage_ua,9.9788,False
C_00197,LOT_004,0,iddq_ua,27.879,False
C_00197,LOT_004,24,iddq_ua,27.534,False
C_00197,LOT_004,96,iddq_ua,28.6402,False
C_00197,LOT_004,168,iddq_ua,28.6804,False
C_00197,LOT_004,0,prop_delay_ns,4.5057,False
C_00197,LOT_004,24,prop_delay_ns,4.4166,False
C_00197,LOT_004,96,prop_delay_ns,4.4039,False
C_00197,LOT_004,168,prop_delay_ns,4.4135,False
C_00198,LOT_004,0,leakage_ua,9.4333,True
C_00198,LOT_004,24,leakage_ua,11.0283,True
C_00198,LOT_004,96,leakage_ua,13.2239,True
C_00198,LOT_004,168,leakage_ua,15.1662,True
C_00198,LOT_004,0,iddq_ua,27.5322,True
C_00198,LOT_004,24,iddq_ua,33.5014,True
C_00198,LOT_004,96,iddq_ua,41.6713,True
C_00198,LOT_004,168,iddq_ua,48.6845,True
C_00198,LOT_004,0,prop_delay_ns,4.4386,True
C_00198,LOT_004,24,prop_delay_ns,4.6812,True
C_00198,LOT_004,96,prop_delay_ns,5.4823,True
C_00198,LOT_004,168,prop_delay_ns,5.806,True
C_00199,LOT_004,0,leakage_ua,9.6687,False
C_00199,LOT_004,24,leakage_ua,9.7256,False
C_00199,LOT_004,96,leakage_ua,10.5192,False
C_00199,LOT_004,168,leakage_ua,10.506,False
C_00199,LOT_004,0,iddq_ua,25.5171,False
C_00199,LOT_004,24,iddq_ua,25.247,False
C_00199,LOT_004,96,iddq_ua,27.1408,False
C_00199,LOT_004,168,iddq_ua,26.4454,False
C_00199,LOT_004,0,prop_delay_ns,4.4901,False
C_00199,LOT_004,24,prop_delay_ns,4.5149,False
C_00199,LOT_004,96,prop_delay_ns,4.6174,False
C_00199,LOT_004,168,prop_delay_ns,4.4302,False
C_00200,LOT_004,0,leakage_ua,9.7892,False
C_00200,LOT_004,24,leakage_ua,9.9458,False
C_00200,LOT_004,96,leakage_ua,10.5077,False
C_00200,LOT_004,168,leakage_ua,10.673,False
C_00200,LOT_004,0,iddq_ua,28.8285,False
C_00200,LOT_004,24,iddq_ua,28.8023,False
C_00200,LOT_004,96,iddq_ua,28.9416,False
C_00200,LOT_004,168,iddq_ua,30.4152,False
C_00200,LOT_004,0,prop_delay_ns,4.3989,False
C_00200,LOT_004,24,prop_delay_ns,4.4006,False
C_00200,LOT_004,96,prop_delay_ns,4.2944,False
C_00200,LOT_004,168,prop_delay_ns,4.595,False
C_00201,LOT_005,0,leakage_ua,10.2084,False
C_00201,LOT_005,24,leakage_ua,10.0554,False
C_00201,LOT_005,96,leakage_ua,10.6743,False
C_00201,LOT_005,168,leakage_ua,10.9783,False
C_00201,LOT_005,0,iddq_ua,28.321,False
C_00201,LOT_005,24,iddq_ua,27.8965,False
C_00201,LOT_005,96,iddq_ua,29.127,False
C_00201,LOT_005,168,iddq_ua,28.5063,False
C_00201,LOT_005,0,prop_delay_ns,4.2954,False
C_00201,LOT_005,24,prop_delay_ns,4.2056,False
C_00201,LOT_005,96,prop_delay_ns,4.3313,False
C_00201,LOT_005,168,prop_delay_ns,4.1585,False
C_00202,LOT_005,0,leakage_ua,9.8297,False
C_00202,LOT_005,24,leakage_ua,10.124,False
C_00202,LOT_005,96,leakage_ua,10.0014,False
C_00202,LOT_005,168,leakage_ua,10.3912,False
C_00202,LOT_005,0,iddq_ua,26.8516,False
C_00202,LOT_005,24,iddq_ua,27.583,False
C_00202,LOT_005,96,iddq_ua,27.5629,False
C_00202,LOT_005,168,iddq_ua,28.926,False
C_00202,LOT_005,0,prop_delay_ns,4.2161,False
C_00202,LOT_005,24,prop_delay_ns,4.22,False
C_00202,LOT_005,96,prop_delay_ns,4.3227,False
C_00202,LOT_005,168,prop_delay_ns,4.3617,False
C_00203,LOT_005,0,leakage_ua,10.5919,False
C_00203,LOT_005,24,leakage_ua,10.6144,False
C_00203,LOT_005,96,leakage_ua,10.7782,False
C_00203,LOT_005,168,leakage_ua,11.5287,False
C_00203,LOT_005,0,iddq_ua,26.8291,False
C_00203,LOT_005,24,iddq_ua,26.6966,False
C_00203,LOT_005,96,iddq_ua,26.317,False
C_00203,LOT_005,168,iddq_ua,27.2384,False
C_00203,LOT_005,0,prop_delay_ns,4.1896,False
C_00203,LOT_005,24,prop_delay_ns,4.1904,False
C_00203,LOT_005,96,prop_delay_ns,4.1872,False
C_00203,LOT_005,168,prop_delay_ns,4.239,False
C_00204,LOT_005,0,leakage_ua,9.6653,False
C_00204,LOT_005,24,leakage_ua,10.0838,False
C_00204,LOT_005,96,leakage_ua,10.1451,False
C_00204,LOT_005,168,leakage_ua,10.7174,False
C_00204,LOT_005,0,iddq_ua,25.9293,False
C_00204,LOT_005,24,iddq_ua,25.2707,False
C_00204,LOT_005,96,iddq_ua,26.0107,False
C_00204,LOT_005,168,iddq_ua,25.3452,False
C_00204,LOT_005,0,prop_delay_ns,4.2431,False
C_00204,LOT_005,24,prop_delay_ns,4.0578,False
C_00204,LOT_005,96,prop_delay_ns,4.2487,False
C_00204,LOT_005,168,prop_delay_ns,4.1353,False
C_00205,LOT_005,0,leakage_ua,10.4048,False
C_00205,LOT_005,24,leakage_ua,10.3405,False
C_00205,LOT_005,96,leakage_ua,10.548,False
C_00205,LOT_005,168,leakage_ua,10.9902,False
C_00205,LOT_005,0,iddq_ua,26.4366,False
C_00205,LOT_005,24,iddq_ua,26.21,False
C_00205,LOT_005,96,iddq_ua,26.5017,False
C_00205,LOT_005,168,iddq_ua,26.0008,False
C_00205,LOT_005,0,prop_delay_ns,3.8402,False
C_00205,LOT_005,24,prop_delay_ns,3.9295,False
C_00205,LOT_005,96,prop_delay_ns,3.777,False
C_00205,LOT_005,168,prop_delay_ns,3.8625,False
C_00206,LOT_005,0,leakage_ua,9.4768,False
C_00206,LOT_005,24,leakage_ua,10.0343,False
C_00206,LOT_005,96,leakage_ua,9.8655,False
C_00206,LOT_005,168,leakage_ua,10.4961,False
C_00206,LOT_005,0,iddq_ua,27.2219,False
C_00206,LOT_005,24,iddq_ua,28.4396,False
C_00206,LOT_005,96,iddq_ua,28.9252,False
C_00206,LOT_005,168,iddq_ua,28.6864,False
C_00206,LOT_005,0,prop_delay_ns,3.6403,False
C_00206,LOT_005,24,prop_delay_ns,3.4542,False
C_00206,LOT_005,96,prop_delay_ns,3.7544,False
C_00206,LOT_005,168,prop_delay_ns,3.6833,False
C_00207,LOT_005,0,leakage_ua,10.4998,False
C_00207,LOT_005,24,leakage_ua,10.9334,False
C_00207,LOT_005,96,leakage_ua,11.1264,False
C_00207,LOT_005,168,leakage_ua,11.0377,False
C_00207,LOT_005,0,iddq_ua,28.3556,False
C_00207,LOT_005,24,iddq_ua,27.968,False
C_00207,LOT_005,96,iddq_ua,29.0544,False
C_00207,LOT_005,168,iddq_ua,29.0997,False
C_00207,LOT_005,0,prop_delay_ns,4.2321,False
C_00207,LOT_005,24,prop_delay_ns,4.2866,False
C_00207,LOT_005,96,prop_delay_ns,4.2885,False
C_00207,LOT_005,168,prop_delay_ns,4.2549,False
C_00208,LOT_005,0,leakage_ua,10.0943,False
C_00208,LOT_005,24,leakage_ua,10.0486,False
C_00208,LOT_005,96,leakage_ua,10.081,False
C_00208,LOT_005,168,leakage_ua,10.7381,False
C_00208,LOT_005,0,iddq_ua,28.5676,False
C_00208,LOT_005,24,iddq_ua,29.5051,False
C_00208,LOT_005,96,iddq_ua,28.9765,False
C_00208,LOT_005,168,iddq_ua,29.6746,False
C_00208,LOT_005,0,prop_delay_ns,4.1795,False
C_00208,LOT_005,24,prop_delay_ns,4.3133,False
C_00208,LOT_005,96,prop_delay_ns,4.4002,False
C_00208,LOT_005,168,prop_delay_ns,4.3094,False
C_00209,LOT_005,0,leakage_ua,10.3527,False
C_00209,LOT_005,24,leakage_ua,10.7794,False
C_00209,LOT_005,96,leakage_ua,11.3407,False
C_00209,LOT_005,168,leakage_ua,11.4259,False
C_00209,LOT_005,0,iddq_ua,27.2482,False
C_00209,LOT_005,24,iddq_ua,27.7065,False
C_00209,LOT_005,96,iddq_ua,27.4024,False
C_00209,LOT_005,168,iddq_ua,28.9551,False
C_00209,LOT_005,0,prop_delay_ns,3.9657,False
C_00209,LOT_005,24,prop_delay_ns,3.794,False
C_00209,LOT_005,96,prop_delay_ns,3.7903,False
C_00209,LOT_005,168,prop_delay_ns,3.8093,False
C_00210,LOT_005,0,leakage_ua,8.2744,False
C_00210,LOT_005,24,leakage_ua,8.0931,False
C_00210,LOT_005,96,leakage_ua,8.4256,False
C_00210,LOT_005,168,leakage_ua,8.5662,False
C_00210,LOT_005,0,iddq_ua,28.3131,False
C_00210,LOT_005,24,iddq_ua,29.6732,False
C_00210,LOT_005,96,iddq_ua,29.6003,False
C_00210,LOT_005,168,iddq_ua,29.9572,False
C_00210,LOT_005,0,prop_delay_ns,3.5754,False
C_00210,LOT_005,24,prop_delay_ns,3.6931,False
C_00210,LOT_005,96,prop_delay_ns,3.5925,False
C_00210,LOT_005,168,prop_delay_ns,3.4571,False
C_00211,LOT_005,0,leakage_ua,9.442,False
C_00211,LOT_005,24,leakage_ua,9.8643,False
C_00211,LOT_005,96,leakage_ua,9.9175,False
C_00211,LOT_005,168,leakage_ua,10.0873,False
C_00211,LOT_005,0,iddq_ua,25.9619,False
C_00211,LOT_005,24,iddq_ua,26.027,False
C_00211,LOT_005,96,iddq_ua,26.0167,False
C_00211,LOT_005,168,iddq_ua,27.2703,False
C_00211,LOT_005,0,prop_delay_ns,4.1917,False
C_00211,LOT_005,24,prop_delay_ns,4.1399,False
C_00211,LOT_005,96,prop_delay_ns,4.2355,False
C_00211,LOT_005,168,prop_delay_ns,4.1889,False
C_00212,LOT_005,0,leakage_ua,8.7566,False
C_00212,LOT_005,24,leakage_ua,9.4584,False
C_00212,LOT_005,96,leakage_ua,9.3836,False
C_00212,LOT_005,168,leakage_ua,9.6248,False
C_00212,LOT_005,0,iddq_ua,27.0773,False
C_00212,LOT_005,24,iddq_ua,28.8333,False
C_00212,LOT_005,96,iddq_ua,30.1171,False
C_00212,LOT_005,168,iddq_ua,30.3866,False
C_00212,LOT_005,0,prop_delay_ns,4.2281,False
C_00212,LOT_005,24,prop_delay_ns,4.1054,False
C_00212,LOT_005,96,prop_delay_ns,4.1187,False
C_00212,LOT_005,168,prop_delay_ns,4.3622,False
C_00213,LOT_005,0,leakage_ua,9.3357,False
C_00213,LOT_005,24,leakage_ua,9.3383,False
C_00213,LOT_005,96,leakage_ua,9.4808,False
C_00213,LOT_005,168,leakage_ua,9.8702,False
C_00213,LOT_005,0,iddq_ua,26.4096,False
C_00213,LOT_005,24,iddq_ua,26.2985,False
C_00213,LOT_005,96,iddq_ua,27.1673,False
C_00213,LOT_005,168,iddq_ua,27.8031,False
C_00213,LOT_005,0,prop_delay_ns,4.2705,False
C_00213,LOT_005,24,prop_delay_ns,4.3527,False
C_00213,LOT_005,96,prop_delay_ns,4.2613,False
C_00213,LOT_005,168,prop_delay_ns,4.1608,False
C_00214,LOT_005,0,leakage_ua,10.1944,False
C_00214,LOT_005,24,leakage_ua,10.305,False
C_00214,LOT_005,96,leakage_ua,10.9214,False
C_00214,LOT_005,168,leakage_ua,11.1569,False
C_00214,LOT_005,0,iddq_ua,26.0153,False
C_00214,LOT_005,24,iddq_ua,27.5808,False
C_00214,LOT_005,96,iddq_ua,27.6901,False
C_00214,LOT_005,168,iddq_ua,27.4068,False
C_00214,LOT_005,0,prop_delay_ns,4.089,False
C_00214,LOT_005,24,prop_delay_ns,4.1757,False
C_00214,LOT_005,96,prop_delay_ns,4.1687,False
C_00214,LOT_005,168,prop_delay_ns,4.2316,False
C_00215,LOT_005,0,leakage_ua,9.585,False
C_00215,LOT_005,24,leakage_ua,9.7162,False
C_00215,LOT_005,96,leakage_ua,9.852,False
C_00215,LOT_005,168,leakage_ua,10.4662,False
C_00215,LOT_005,0,iddq_ua,23.2088,False
C_00215,LOT_005,24,iddq_ua,24.2127,False
C_00215,LOT_005,96,iddq_ua,24.4453,False
C_00215,LOT_005,168,iddq_ua,24.2323,False
C_00215,LOT_005,0,prop_delay_ns,4.0211,False
C_00215,LOT_005,24,prop_delay_ns,4.0273,False
C_00215,LOT_005,96,prop_delay_ns,4.0808,False
C_00215,LOT_005,168,prop_delay_ns,4.1335,False
C_00216,LOT_005,0,leakage_ua,9.2638,False
C_00216,LOT_005,24,leakage_ua,9.3879,False
C_00216,LOT_005,96,leakage_ua,9.1584,False
C_00216,LOT_005,168,leakage_ua,9.8494,False
C_00216,LOT_005,0,iddq_ua,25.7261,False
C_00216,LOT_005,24,iddq_ua,26.2649,False
C_00216,LOT_005,96,iddq_ua,27.0437,False
C_00216,LOT_005,168,iddq_ua,28.7305,False
C_00216,LOT_005,0,prop_delay_ns,4.1985,False
C_00216,LOT_005,24,prop_delay_ns,4.1106,False
C_00216,LOT_005,96,prop_delay_ns,4.3115,False
C_00216,LOT_005,168,prop_delay_ns,4.119,False
C_00217,LOT_005,0,leakage_ua,10.0861,False
C_00217,LOT_005,24,leakage_ua,9.9661,False
C_00217,LOT_005,96,leakage_ua,10.2502,False
C_00217,LOT_005,168,leakage_ua,10.0118,False
C_00217,LOT_005,0,iddq_ua,24.9299,False
C_00217,LOT_005,24,iddq_ua,26.0113,False
C_00217,LOT_005,96,iddq_ua,25.3439,False
C_00217,LOT_005,168,iddq_ua,26.1932,False
C_00217,LOT_005,0,prop_delay_ns,4.1116,False
C_00217,LOT_005,24,prop_delay_ns,4.284,False
C_00217,LOT_005,96,prop_delay_ns,4.1814,False
C_00217,LOT_005,168,prop_delay_ns,4.0006,False
C_00218,LOT_005,0,leakage_ua,10.0896,False
C_00218,LOT_005,24,leakage_ua,10.5187,False
C_00218,LOT_005,96,leakage_ua,10.9111,False
C_00218,LOT_005,168,leakage_ua,10.8702,False
C_00218,LOT_005,0,iddq_ua,26.5353,False
C_00218,LOT_005,24,iddq_ua,27.3405,False
C_00218,LOT_005,96,iddq_ua,26.9414,False
C_00218,LOT_005,168,iddq_ua,26.7379,False
C_00218,LOT_005,0,prop_delay_ns,4.5735,False
C_00218,LOT_005,24,prop_delay_ns,4.6,False
C_00218,LOT_005,96,prop_delay_ns,4.5756,False
C_00218,LOT_005,168,prop_delay_ns,4.6211,False
C_00219,LOT_005,0,leakage_ua,9.9117,False
C_00219,LOT_005,24,leakage_ua,10.1264,False
C_00219,LOT_005,96,leakage_ua,9.8522,False
C_00219,LOT_005,168,leakage_ua,10.1218,False
C_00219,LOT_005,0,iddq_ua,26.5368,False
C_00219,LOT_005,24,iddq_ua,26.2644,False
C_00219,LOT_005,96,iddq_ua,26.9683,False
C_00219,LOT_005,168,iddq_ua,27.5005,False
C_00219,LOT_005,0,prop_delay_ns,4.2375,False
C_00219,LOT_005,24,prop_delay_ns,4.3241,False
C_00219,LOT_005,96,prop_delay_ns,4.3612,False
C_00219,LOT_005,168,prop_delay_ns,4.2991,False
C_00220,LOT_005,0,leakage_ua,8.7184,False
C_00220,LOT_005,24,leakage_ua,8.7815,False
C_00220,LOT_005,96,leakage_ua,8.7414,False
C_00220,LOT_005,168,leakage_ua,8.7774,False
C_00220,LOT_005,0,iddq_ua,25.8355,False
C_00220,LOT_005,24,iddq_ua,25.9651,False
C_00220,LOT_005,96,iddq_ua,25.6171,False
C_00220,LOT_005,168,iddq_ua,26.2485,False
C_00220,LOT_005,0,prop_delay_ns,3.8735,False
C_00220,LOT_005,24,prop_delay_ns,4.0119,False
C_00220,LOT_005,96,prop_delay_ns,4.1468,False
C_00220,LOT_005,168,prop_delay_ns,3.9447,False
C_00221,LOT_005,0,leakage_ua,9.6389,False
C_00221,LOT_005,24,leakage_ua,9.7877,False
C_00221,LOT_005,96,leakage_ua,9.9807,False
C_00221,LOT_005,168,leakage_ua,9.8906,False
C_00221,LOT_005,0,iddq_ua,28.5599,False
C_00221,LOT_005,24,iddq_ua,27.6768,False
C_00221,LOT_005,96,iddq_ua,27.2896,False
C_00221,LOT_005,168,iddq_ua,28.2613,False
C_00221,LOT_005,0,prop_delay_ns,3.7284,False
C_00221,LOT_005,24,prop_delay_ns,3.8423,False
C_00221,LOT_005,96,prop_delay_ns,3.8271,False
C_00221,LOT_005,168,prop_delay_ns,3.8311,False
C_00222,LOT_005,0,leakage_ua,9.4653,False
C_00222,LOT_005,24,leakage_ua,9.7632,False
C_00222,LOT_005,96,leakage_ua,9.878,False
C_00222,LOT_005,168,leakage_ua,10.1927,False
C_00222,LOT_005,0,iddq_ua,30.1762,False
C_00222,LOT_005,24,iddq_ua,29.2601,False
C_00222,LOT_005,96,iddq_ua,29.8579,False
C_00222,LOT_005,168,iddq_ua,30.2864,False
C_00222,LOT_005,0,prop_delay_ns,3.9814,False
C_00222,LOT_005,24,prop_delay_ns,3.9224,False
C_00222,LOT_005,96,prop_delay_ns,3.8812,False
C_00222,LOT_005,168,prop_delay_ns,3.766,False
C_00223,LOT_005,0,leakage_ua,10.0975,False
C_00223,LOT_005,24,leakage_ua,10.184,False
C_00223,LOT_005,96,leakage_ua,10.1304,False
C_00223,LOT_005,168,leakage_ua,10.4439,False
C_00223,LOT_005,0,iddq_ua,27.2776,False
C_00223,LOT_005,24,iddq_ua,26.7052,False
C_00223,LOT_005,96,iddq_ua,28.2155,False
C_00223,LOT_005,168,iddq_ua,27.815,False
C_00223,LOT_005,0,prop_delay_ns,3.7406,False
C_00223,LOT_005,24,prop_delay_ns,3.6591,False
C_00223,LOT_005,96,prop_delay_ns,3.7621,False
C_00223,LOT_005,168,prop_delay_ns,3.7271,False
C_00224,LOT_005,0,leakage_ua,9.0606,False
C_00224,LOT_005,24,leakage_ua,9.5112,False
C_00224,LOT_005,96,leakage_ua,9.8268,False
C_00224,LOT_005,168,leakage_ua,10.0651,False
C_00224,LOT_005,0,iddq_ua,25.5511,False
C_00224,LOT_005,24,iddq_ua,25.9312,False
C_00224,LOT_005,96,iddq_ua,27.0877,False
C_00224,LOT_005,168,iddq_ua,26.5751,False
C_00224,LOT_005,0,prop_delay_ns,4.2213,False
C_00224,LOT_005,24,prop_delay_ns,4.2551,False
C_00224,LOT_005,96,prop_delay_ns,4.2272,False
C_00224,LOT_005,168,prop_delay_ns,4.2877,False
C_00225,LOT_005,0,leakage_ua,10.8353,False
C_00225,LOT_005,24,leakage_ua,11.0954,False
C_00225,LOT_005,96,leakage_ua,11.0061,False
C_00225,LOT_005,168,leakage_ua,11.4205,False
C_00225,LOT_005,0,iddq_ua,24.3004,False
C_00225,LOT_005,24,iddq_ua,23.6121,False
C_00225,LOT_005,96,iddq_ua,25.4328,False
C_00225,LOT_005,168,iddq_ua,25.0474,False
C_00225,LOT_005,0,prop_delay_ns,3.8926,False
C_00225,LOT_005,24,prop_delay_ns,3.8962,False
C_00225,LOT_005,96,prop_delay_ns,3.9766,False
C_00225,LOT_005,168,prop_delay_ns,3.9479,False
C_00226,LOT_005,0,leakage_ua,9.3689,False
C_00226,LOT_005,24,leakage_ua,10.0206,False
C_00226,LOT_005,96,leakage_ua,9.6123,False
C_00226,LOT_005,168,leakage_ua,10.2947,False
C_00226,LOT_005,0,iddq_ua,26.8166,False
C_00226,LOT_005,24,iddq_ua,26.1738,False
C_00226,LOT_005,96,iddq_ua,27.2716,False
C_00226,LOT_005,168,iddq_ua,27.3607,False
C_00226,LOT_005,0,prop_delay_ns,3.7043,False
C_00226,LOT_005,24,prop_delay_ns,3.7255,False
C_00226,LOT_005,96,prop_delay_ns,3.7449,False
C_00226,LOT_005,168,prop_delay_ns,3.7075,False
C_00227,LOT_005,0,leakage_ua,8.796,False
C_00227,LOT_005,24,leakage_ua,9.1478,False
C_00227,LOT_005,96,leakage_ua,9.5184,False
C_00227,LOT_005,168,leakage_ua,9.4623,False
C_00227,LOT_005,0,iddq_ua,28.3681,False
C_00227,LOT_005,24,iddq_ua,28.6703,False
C_00227,LOT_005,96,iddq_ua,28.8656,False
C_00227,LOT_005,168,iddq_ua,29.8051,False
C_00227,LOT_005,0,prop_delay_ns,4.1868,False
C_00227,LOT_005,24,prop_delay_ns,4.0937,False
C_00227,LOT_005,96,prop_delay_ns,4.1982,False
C_00227,LOT_005,168,prop_delay_ns,4.246,False
C_00228,LOT_005,0,leakage_ua,8.9291,False
C_00228,LOT_005,24,leakage_ua,9.0883,False
C_00228,LOT_005,96,leakage_ua,9.5798,False
C_00228,LOT_005,168,leakage_ua,9.7787,False
C_00228,LOT_005,0,iddq_ua,28.4532,False
C_00228,LOT_005,24,iddq_ua,28.3507,False
C_00228,LOT_005,96,iddq_ua,29.0491,False
C_00228,LOT_005,168,iddq_ua,28.0315,False
C_00228,LOT_005,0,prop_delay_ns,3.9109,False
C_00228,LOT_005,24,prop_delay_ns,4.1741,False
C_00228,LOT_005,96,prop_delay_ns,4.1648,False
C_00228,LOT_005,168,prop_delay_ns,4.2125,False
C_00229,LOT_005,0,leakage_ua,10.2753,True
C_00229,LOT_005,24,leakage_ua,13.2209,True
C_00229,LOT_005,96,leakage_ua,18.4901,True
C_00229,LOT_005,168,leakage_ua,22.7186,True
C_00229,LOT_005,0,iddq_ua,24.7906,True
C_00229,LOT_005,24,iddq_ua,36.8682,True
C_00229,LOT_005,96,iddq_ua,49.9129,True
C_00229,LOT_005,168,iddq_ua,58.282,True
C_00229,LOT_005,0,prop_delay_ns,4.1053,True
C_00229,LOT_005,24,prop_delay_ns,4.5366,True
C_00229,LOT_005,96,prop_delay_ns,4.8098,True
C_00229,LOT_005,168,prop_delay_ns,5.1621,True
C_00230,LOT_005,0,leakage_ua,9.6835,False
C_00230,LOT_005,24,leakage_ua,9.6074,False
C_00230,LOT_005,96,leakage_ua,10.1855,False
C_00230,LOT_005,168,leakage_ua,10.0116,False
C_00230,LOT_005,0,iddq_ua,25.7432,False
C_00230,LOT_005,24,iddq_ua,27.6511,False
C_00230,LOT_005,96,iddq_ua,27.1828,False
C_00230,LOT_005,168,iddq_ua,28.4672,False
C_00230,LOT_005,0,prop_delay_ns,3.9544,False
C_00230,LOT_005,24,prop_delay_ns,4.0915,False
C_00230,LOT_005,96,prop_delay_ns,4.0158,False
C_00230,LOT_005,168,prop_delay_ns,4.0593,False
C_00231,LOT_005,0,leakage_ua,10.2062,False
C_00231,LOT_005,24,leakage_ua,10.4884,False
C_00231,LOT_005,96,leakage_ua,10.6356,False
C_00231,LOT_005,168,leakage_ua,10.9934,False
C_00231,LOT_005,0,iddq_ua,28.528,False
C_00231,LOT_005,24,iddq_ua,30.7974,False
C_00231,LOT_005,96,iddq_ua,30.0853,False
C_00231,LOT_005,168,iddq_ua,30.4012,False
C_00231,LOT_005,0,prop_delay_ns,3.7457,False
C_00231,LOT_005,24,prop_delay_ns,3.8588,False
C_00231,LOT_005,96,prop_delay_ns,3.9676,False
C_00231,LOT_005,168,prop_delay_ns,3.733,False
C_00232,LOT_005,0,leakage_ua,9.2944,False
C_00232,LOT_005,24,leakage_ua,9.6022,False
C_00232,LOT_005,96,leakage_ua,9.8976,False
C_00232,LOT_005,168,leakage_ua,10.5674,False
C_00232,LOT_005,0,iddq_ua,26.5183,False
C_00232,LOT_005,24,iddq_ua,26.7569,False
C_00232,LOT_005,96,iddq_ua,27.2289,False
C_00232,LOT_005,168,iddq_ua,27.8876,False
C_00232,LOT_005,0,prop_delay_ns,4.4804,False
C_00232,LOT_005,24,prop_delay_ns,4.4552,False
C_00232,LOT_005,96,prop_delay_ns,4.6022,False
C_00232,LOT_005,168,prop_delay_ns,4.5756,False
C_00233,LOT_005,0,leakage_ua,9.93,False
C_00233,LOT_005,24,leakage_ua,9.8804,False
C_00233,LOT_005,96,leakage_ua,10.2896,False
C_00233,LOT_005,168,leakage_ua,10.2589,False
C_00233,LOT_005,0,iddq_ua,27.3794,False
C_00233,LOT_005,24,iddq_ua,26.8572,False
C_00233,LOT_005,96,iddq_ua,27.6122,False
C_00233,LOT_005,168,iddq_ua,27.9438,False
C_00233,LOT_005,0,prop_delay_ns,4.2348,False
C_00233,LOT_005,24,prop_delay_ns,4.1988,False
C_00233,LOT_005,96,prop_delay_ns,3.9955,False
C_00233,LOT_005,168,prop_delay_ns,4.2108,False
C_00234,LOT_005,0,leakage_ua,8.7105,False
C_00234,LOT_005,24,leakage_ua,8.996,False
C_00234,LOT_005,96,leakage_ua,9.0132,False
C_00234,LOT_005,168,leakage_ua,9.7239,False
C_00234,LOT_005,0,iddq_ua,27.4616,False
C_00234,LOT_005,24,iddq_ua,26.9351,False
C_00234,LOT_005,96,iddq_ua,27.4559,False
C_00234,LOT_005,168,iddq_ua,28.3553,False
C_00234,LOT_005,0,prop_delay_ns,3.8239,False
C_00234,LOT_005,24,prop_delay_ns,4.0764,False
C_00234,LOT_005,96,prop_delay_ns,3.9729,False
C_00234,LOT_005,168,prop_delay_ns,3.8945,False
C_00235,LOT_005,0,leakage_ua,9.1119,False
C_00235,LOT_005,24,leakage_ua,8.9426,False
C_00235,LOT_005,96,leakage_ua,8.9536,False
C_00235,LOT_005,168,leakage_ua,9.0134,False
C_00235,LOT_005,0,iddq_ua,26.7624,False
C_00235,LOT_005,24,iddq_ua,26.9134,False
C_00235,LOT_005,96,iddq_ua,25.9792,False
C_00235,LOT_005,168,iddq_ua,27.0079,False
C_00235,LOT_005,0,prop_delay_ns,4.165,False
C_00235,LOT_005,24,prop_delay_ns,3.8601,False
C_00235,LOT_005,96,prop_delay_ns,3.9809,False
C_00235,LOT_005,168,prop_delay_ns,4.0238,False
C_00236,LOT_005,0,leakage_ua,10.304,False
C_00236,LOT_005,24,leakage_ua,10.5571,False
C_00236,LOT_005,96,leakage_ua,10.7992,False
C_00236,LOT_005,168,leakage_ua,11.0657,False
C_00236,LOT_005,0,iddq_ua,28.8555,False
C_00236,LOT_005,24,iddq_ua,29.644,False
C_00236,LOT_005,96,iddq_ua,30.4521,False
C_00236,LOT_005,168,iddq_ua,31.1428,False
C_00236,LOT_005,0,prop_delay_ns,3.8451,False
C_00236,LOT_005,24,prop_delay_ns,3.9695,False
C_00236,LOT_005,96,prop_delay_ns,3.8853,False
C_00236,LOT_005,168,prop_delay_ns,3.9323,False
C_00237,LOT_005,0,leakage_ua,8.9498,False
C_00237,LOT_005,24,leakage_ua,9.1475,False
C_00237,LOT_005,96,leakage_ua,9.6162,False
C_00237,LOT_005,168,leakage_ua,9.6159,False
C_00237,LOT_005,0,iddq_ua,26.2723,False
C_00237,LOT_005,24,iddq_ua,26.8667,False
C_00237,LOT_005,96,iddq_ua,25.9111,False
C_00237,LOT_005,168,iddq_ua,28.03,False
C_00237,LOT_005,0,prop_delay_ns,4.1943,False
C_00237,LOT_005,24,prop_delay_ns,4.19,False
C_00237,LOT_005,96,prop_delay_ns,4.2712,False
C_00237,LOT_005,168,prop_delay_ns,4.2331,False
C_00238,LOT_005,0,leakage_ua,8.7899,False
C_00238,LOT_005,24,leakage_ua,8.9743,False
C_00238,LOT_005,96,leakage_ua,9.05,False
C_00238,LOT_005,168,leakage_ua,9.4142,False
C_00238,LOT_005,0,iddq_ua,25.6721,False
C_00238,LOT_005,24,iddq_ua,26.7401,False
C_00238,LOT_005,96,iddq_ua,27.1376,False
C_00238,LOT_005,168,iddq_ua,27.527,False
C_00238,LOT_005,0,prop_delay_ns,4.1553,False
C_00238,LOT_005,24,prop_delay_ns,4.0948,False
C_00238,LOT_005,96,prop_delay_ns,4.2054,False
C_00238,LOT_005,168,prop_delay_ns,4.3629,False
C_00239,LOT_005,0,leakage_ua,10.8148,False
C_00239,LOT_005,24,leakage_ua,10.6891,False
C_00239,LOT_005,96,leakage_ua,11.0395,False
C_00239,LOT_005,168,leakage_ua,11.7214,False
C_00239,LOT_005,0,iddq_ua,28.393,False
C_00239,LOT_005,24,iddq_ua,27.9502,False
C_00239,LOT_005,96,iddq_ua,28.974,False
C_00239,LOT_005,168,iddq_ua,28.56,False
C_00239,LOT_005,0,prop_delay_ns,3.6647,False
C_00239,LOT_005,24,prop_delay_ns,3.6983,False
C_00239,LOT_005,96,prop_delay_ns,3.5937,False
C_00239,LOT_005,168,prop_delay_ns,3.6944,False
C_00240,LOT_005,0,leakage_ua,8.6713,False
C_00240,LOT_005,24,leakage_ua,9.2331,False
C_00240,LOT_005,96,leakage_ua,8.85,False
C_00240,LOT_005,168,leakage_ua,9.3616,False
C_00240,LOT_005,0,iddq_ua,25.8077,False
C_00240,LOT_005,24,iddq_ua,25.4887,False
C_00240,LOT_005,96,iddq_ua,26.0458,False
C_00240,LOT_005,168,iddq_ua,27.2414,False
C_00240,LOT_005,0,prop_delay_ns,4.5596,False
C_00240,LOT_005,24,prop_delay_ns,4.7704,False
C_00240,LOT_005,96,prop_delay_ns,4.5857,False
C_00240,LOT_005,168,prop_delay_ns,4.7265,False
C_00241,LOT_006,0,leakage_ua,9.7893,False
C_00241,LOT_006,24,leakage_ua,9.961,False
C_00241,LOT_006,96,leakage_ua,10.6902,False
C_00241,LOT_006,168,leakage_ua,10.8724,False
C_00241,LOT_006,0,iddq_ua,23.3245,False
C_00241,LOT_006,24,iddq_ua,23.709,False
C_00241,LOT_006,96,iddq_ua,24.7852,False
C_00241,LOT_006,168,iddq_ua,25.0878,False
C_00241,LOT_006,0,prop_delay_ns,5.2929,False
C_00241,LOT_006,24,prop_delay_ns,5.0791,False
C_00241,LOT_006,96,prop_delay_ns,5.2008,False
C_00241,LOT_006,168,prop_delay_ns,5.2054,False
C_00242,LOT_006,0,leakage_ua,10.1069,True
C_00242,LOT_006,24,leakage_ua,18.7923,True
C_00242,LOT_006,96,leakage_ua,32.3319,True
C_00242,LOT_006,168,leakage_ua,42.6243,True
C_00242,LOT_006,0,iddq_ua,24.79,True
C_00242,LOT_006,24,iddq_ua,49.36,True
C_00242,LOT_006,96,iddq_ua,91.7061,True
C_00242,LOT_006,168,iddq_ua,125.2435,True
C_00242,LOT_006,0,prop_delay_ns,5.1753,True
C_00242,LOT_006,24,prop_delay_ns,5.5347,True
C_00242,LOT_006,96,prop_delay_ns,6.7149,True
C_00242,LOT_006,168,prop_delay_ns,7.42,True
C_00243,LOT_006,0,leakage_ua,9.7838,False
C_00243,LOT_006,24,leakage_ua,10.1222,False
C_00243,LOT_006,96,leakage_ua,10.5226,False
C_00243,LOT_006,168,leakage_ua,10.362,False
C_00243,LOT_006,0,iddq_ua,24.8379,False
C_00243,LOT_006,24,iddq_ua,25.2034,False
C_00243,LOT_006,96,iddq_ua,26.3356,False
C_00243,LOT_006,168,iddq_ua,26.9407,False
C_00243,LOT_006,0,prop_delay_ns,4.9029,False
C_00243,LOT_006,24,prop_delay_ns,5.1172,False
C_00243,LOT_006,96,prop_delay_ns,4.9506,False
C_00243,LOT_006,168,prop_delay_ns,5.2448,False
C_00244,LOT_006,0,leakage_ua,10.0725,False
C_00244,LOT_006,24,leakage_ua,10.1435,False
C_00244,LOT_006,96,leakage_ua,10.5719,False
C_00244,LOT_006,168,leakage_ua,10.9553,False
C_00244,LOT_006,0,iddq_ua,25.3475,False
C_00244,LOT_006,24,iddq_ua,25.8412,False
C_00244,LOT_006,96,iddq_ua,25.5772,False
C_00244,LOT_006,168,iddq_ua,26.1176,False
C_00244,LOT_006,0,prop_delay_ns,4.8208,False
C_00244,LOT_006,24,prop_delay_ns,4.9606,False
C_00244,LOT_006,96,prop_delay_ns,4.9659,False
C_00244,LOT_006,168,prop_delay_ns,5.0871,False
C_00245,LOT_006,0,leakage_ua,8.3818,False
C_00245,LOT_006,24,leakage_ua,8.5085,False
C_00245,LOT_006,96,leakage_ua,8.5892,False
C_00245,LOT_006,168,leakage_ua,8.7966,False
C_00245,LOT_006,0,iddq_ua,22.5679,False
C_00245,LOT_006,24,iddq_ua,22.2168,False
C_00245,LOT_006,96,iddq_ua,23.8155,False
C_00245,LOT_006,168,iddq_ua,24.7245,False
C_00245,LOT_006,0,prop_delay_ns,5.0576,False
C_00245,LOT_006,24,prop_delay_ns,5.2407,False
C_00245,LOT_006,96,prop_delay_ns,5.3003,False
C_00245,LOT_006,168,prop_delay_ns,5.3776,False
C_00246,LOT_006,0,leakage_ua,9.7363,False
C_00246,LOT_006,24,leakage_ua,10.0524,False
C_00246,LOT_006,96,leakage_ua,10.2085,False
C_00246,LOT_006,168,leakage_ua,10.3212,False
C_00246,LOT_006,0,iddq_ua,26.2599,False
C_00246,LOT_006,24,iddq_ua,26.9738,False
C_00246,LOT_006,96,iddq_ua,26.8353,False
C_00246,LOT_006,168,iddq_ua,27.2582,False
C_00246,LOT_006,0,prop_delay_ns,4.7166,False
C_00246,LOT_006,24,prop_delay_ns,4.9319,False
C_00246,LOT_006,96,prop_delay_ns,4.8598,False
C_00246,LOT_006,168,prop_delay_ns,5.1147,False
C_00247,LOT_006,0,leakage_ua,8.7993,False
C_00247,LOT_006,24,leakage_ua,8.9417,False
C_00247,LOT_006,96,leakage_ua,9.0349,False
C_00247,LOT_006,168,leakage_ua,8.9389,False
C_00247,LOT_006,0,iddq_ua,25.5925,False
C_00247,LOT_006,24,iddq_ua,25.609,False
C_00247,LOT_006,96,iddq_ua,27.2841,False
C_00247,LOT_006,168,iddq_ua,28.6632,False
C_00247,LOT_006,0,prop_delay_ns,5.0529,False
C_00247,LOT_006,24,prop_delay_ns,4.8103,False
C_00247,LOT_006,96,prop_delay_ns,4.89,False
C_00247,LOT_006,168,prop_delay_ns,5.0555,False
C_00248,LOT_006,0,leakage_ua,9.9179,False
C_00248,LOT_006,24,leakage_ua,9.976,False
C_00248,LOT_006,96,leakage_ua,10.1106,False
C_00248,LOT_006,168,leakage_ua,10.5279,False
C_00248,LOT_006,0,iddq_ua,24.11,False
C_00248,LOT_006,24,iddq_ua,24.0703,False
C_00248,LOT_006,96,iddq_ua,25.1846,False
C_00248,LOT_006,168,iddq_ua,25.2965,False
C_00248,LOT_006,0,prop_delay_ns,4.7211,False
C_00248,LOT_006,24,prop_delay_ns,4.6292,False
C_00248,LOT_006,96,prop_delay_ns,4.7019,False
C_00248,LOT_006,168,prop_delay_ns,4.888,False
C_00249,LOT_006,0,leakage_ua,8.5756,True
C_00249,LOT_006,24,leakage_ua,13.9778,True
C_00249,LOT_006,96,leakage_ua,21.9469,True
C_00249,LOT_006,168,leakage_ua,28.0654,True
C_00249,LOT_006,0,iddq_ua,27.3221,True
C_00249,LOT_006,24,iddq_ua,39.1141,True
C_00249,LOT_006,96,iddq_ua,58.5932,True
C_00249,LOT_006,168,iddq_ua,76.2947,True
C_00249,LOT_006,0,prop_delay_ns,4.6204,True
C_00249,LOT_006,24,prop_delay_ns,5.4322,True
C_00249,LOT_006,96,prop_delay_ns,6.6275,True
C_00249,LOT_006,168,prop_delay_ns,7.4122,True
C_00250,LOT_006,0,leakage_ua,7.9067,False
C_00250,LOT_006,24,leakage_ua,7.8279,False
C_00250,LOT_006,96,leakage_ua,8.0246,False
C_00250,LOT_006,168,leakage_ua,8.0095,False
C_00250,LOT_006,0,iddq_ua,25.1353,False
C_00250,LOT_006,24,iddq_ua,24.8782,False
C_00250,LOT_006,96,iddq_ua,26.2785,False
C_00250,LOT_006,168,iddq_ua,27.1351,False
C_00250,LOT_006,0,prop_delay_ns,4.7942,False
C_00250,LOT_006,24,prop_delay_ns,4.6536,False
C_00250,LOT_006,96,prop_delay_ns,4.8601,False
C_00250,LOT_006,168,prop_delay_ns,4.895,False
C_00251,LOT_006,0,leakage_ua,9.6629,False
C_00251,LOT_006,24,leakage_ua,9.7608,False
C_00251,LOT_006,96,leakage_ua,9.9001,False
C_00251,LOT_006,168,leakage_ua,10.1067,False
C_00251,LOT_006,0,iddq_ua,23.8798,False
C_00251,LOT_006,24,iddq_ua,24.4445,False
C_00251,LOT_006,96,iddq_ua,24.5731,False
C_00251,LOT_006,168,iddq_ua,25.3755,False
C_00251,LOT_006,0,prop_delay_ns,4.2046,False
C_00251,LOT_006,24,prop_delay_ns,4.2548,False
C_00251,LOT_006,96,prop_delay_ns,4.3253,False
C_00251,LOT_006,168,prop_delay_ns,4.2137,False
C_00252,LOT_006,0,leakage_ua,10.0924,False
C_00252,LOT_006,24,leakage_ua,10.1058,False
C_00252,LOT_006,96,leakage_ua,10.8935,False
C_00252,LOT_006,168,leakage_ua,11.0528,False
C_00252,LOT_006,0,iddq_ua,25.7947,False
C_00252,LOT_006,24,iddq_ua,26.2166,False
C_00252,LOT_006,96,iddq_ua,27.0236,False
C_00252,LOT_006,168,iddq_ua,27.0155,False
C_00252,LOT_006,0,prop_delay_ns,4.4847,False
C_00252,LOT_006,24,prop_delay_ns,4.3662,False
C_00252,LOT_006,96,prop_delay_ns,4.481,False
C_00252,LOT_006,168,prop_delay_ns,4.6465,False
C_00253,LOT_006,0,leakage_ua,8.5946,False
C_00253,LOT_006,24,leakage_ua,8.5137,False
C_00253,LOT_006,96,leakage_ua,8.5002,False
C_00253,LOT_006,168,leakage_ua,9.0155,False
C_00253,LOT_006,0,iddq_ua,26.3004,False
C_00253,LOT_006,24,iddq_ua,26.5521,False
C_00253,LOT_006,96,iddq_ua,28.3498,False
C_00253,LOT_006,168,iddq_ua,28.6532,False
C_00253,LOT_006,0,prop_delay_ns,4.9219,False
C_00253,LOT_006,24,prop_delay_ns,5.0345,False
C_00253,LOT_006,96,prop_delay_ns,5.0336,False
C_00253,LOT_006,168,prop_delay_ns,5.2232,False
C_00254,LOT_006,0,leakage_ua,8.7292,False
C_00254,LOT_006,24,leakage_ua,8.7737,False
C_00254,LOT_006,96,leakage_ua,9.0,False
C_00254,LOT_006,168,leakage_ua,9.1387,False
C_00254,LOT_006,0,iddq_ua,24.429,False
C_00254,LOT_006,24,iddq_ua,25.786,False
C_00254,LOT_006,96,iddq_ua,26.2631,False
C_00254,LOT_006,168,iddq_ua,26.4325,False
C_00254,LOT_006,0,prop_delay_ns,4.923,False
C_00254,LOT_006,24,prop_delay_ns,4.9853,False
C_00254,LOT_006,96,prop_delay_ns,5.0501,False
C_00254,LOT_006,168,prop_delay_ns,5.1146,False
C_00255,LOT_006,0,leakage_ua,8.8679,False
C_00255,LOT_006,24,leakage_ua,8.777,False
C_00255,LOT_006,96,leakage_ua,9.0018,False
C_00255,LOT_006,168,leakage_ua,9.1355,False
C_00255,LOT_006,0,iddq_ua,25.0154,False
C_00255,LOT_006,24,iddq_ua,25.7609,False
C_00255,LOT_006,96,iddq_ua,25.5027,False
C_00255,LOT_006,168,iddq_ua,26.8315,False
C_00255,LOT_006,0,prop_delay_ns,5.2923,False
C_00255,LOT_006,24,prop_delay_ns,5.0437,False
C_00255,LOT_006,96,prop_delay_ns,5.361,False
C_00255,LOT_006,168,prop_delay_ns,5.5392,False
C_00256,LOT_006,0,leakage_ua,9.9405,False
C_00256,LOT_006,24,leakage_ua,9.5313,False
C_00256,LOT_006,96,leakage_ua,10.1754,False
C_00256,LOT_006,168,leakage_ua,10.3824,False
C_00256,LOT_006,0,iddq_ua,24.4706,False
C_00256,LOT_006,24,iddq_ua,26.3013,False
C_00256,LOT_006,96,iddq_ua,27.7926,False
C_00256,LOT_006,168,iddq_ua,28.2401,False
C_00256,LOT_006,0,prop_delay_ns,4.1223,False
C_00256,LOT_006,24,prop_delay_ns,4.2782,False
C_00256,LOT_006,96,prop_delay_ns,4.3357,False
C_00256,LOT_006,168,prop_delay_ns,4.2022,False
C_00257,LOT_006,0,leakage_ua,9.0721,False
C_00257,LOT_006,24,leakage_ua,9.4855,False
C_00257,LOT_006,96,leakage_ua,9.7185,False
C_00257,LOT_006,168,leakage_ua,9.8769,False
C_00257,LOT_006,0,iddq_ua,25.5848,False
C_00257,LOT_006,24,iddq_ua,26.4123,False
C_00257,LOT_006,96,iddq_ua,26.6831,False
C_00257,LOT_006,168,iddq_ua,27.5565,False
C_00257,LOT_006,0,prop_delay_ns,4.7275,False
C_00257,LOT_006,24,prop_delay_ns,4.8431,False
C_00257,LOT_006,96,prop_delay_ns,4.8522,False
C_00257,LOT_006,168,prop_delay_ns,4.8543,False
C_00258,LOT_006,0,leakage_ua,8.8747,False
C_00258,LOT_006,24,leakage_ua,9.0564,False
C_00258,LOT_006,96,leakage_ua,8.9258,False
C_00258,LOT_006,168,leakage_ua,9.4405,False
C_00258,LOT_006,0,iddq_ua,23.4641,False
C_00258,LOT_006,24,iddq_ua,25.3889,False
C_00258,LOT_006,96,iddq_ua,25.9132,False
C_00258,LOT_006,168,iddq_ua,26.0209,False
C_00258,LOT_006,0,prop_delay_ns,4.55,False
C_00258,LOT_006,24,prop_delay_ns,4.752,False
C_00258,LOT_006,96,prop_delay_ns,4.7582,False
C_00258,LOT_006,168,prop_delay_ns,4.9599,False
C_00259,LOT_006,0,leakage_ua,8.845,False
C_00259,LOT_006,24,leakage_ua,9.2134,False
C_00259,LOT_006,96,leakage_ua,9.2965,False
C_00259,LOT_006,168,leakage_ua,9.3302,False
C_00259,LOT_006,0,iddq_ua,23.5904,False
C_00259,LOT_006,24,iddq_ua,23.9052,False
C_00259,LOT_006,96,iddq_ua,24.2391,False
C_00259,LOT_006,168,iddq_ua,25.6452,False
C_00259,LOT_006,0,prop_delay_ns,3.8076,False
C_00259,LOT_006,24,prop_delay_ns,3.9364,False
C_00259,LOT_006,96,prop_delay_ns,4.0043,False
C_00259,LOT_006,168,prop_delay_ns,4.0073,False
C_00260,LOT_006,0,leakage_ua,9.373,False
C_00260,LOT_006,24,leakage_ua,10.118,False
C_00260,LOT_006,96,leakage_ua,9.7885,False
C_00260,LOT_006,168,leakage_ua,9.9772,False
C_00260,LOT_006,0,iddq_ua,21.7248,False
C_00260,LOT_006,24,iddq_ua,21.669,False
C_00260,LOT_006,96,iddq_ua,23.2035,False
C_00260,LOT_006,168,iddq_ua,24.2465,False
C_00260,LOT_006,0,prop_delay_ns,4.8907,False
C_00260,LOT_006,24,prop_delay_ns,4.936,False
C_00260,LOT_006,96,prop_delay_ns,4.7416,False
C_00260,LOT_006,168,prop_delay_ns,5.0574,False
C_00261,LOT_006,0,leakage_ua,9.832,False
C_00261,LOT_006,24,leakage_ua,10.0766,False
C_00261,LOT_006,96,leakage_ua,9.8305,False
C_00261,LOT_006,168,leakage_ua,10.1021,False
C_00261,LOT_006,0,iddq_ua,23.9297,False
C_00261,LOT_006,24,iddq_ua,24.6716,False
C_00261,LOT_006,96,iddq_ua,25.34,False
C_00261,LOT_006,168,iddq_ua,24.9018,False
C_00261,LOT_006,0,prop_delay_ns,4.9353,False
C_00261,LOT_006,24,prop_delay_ns,4.5911,False
C_00261,LOT_006,96,prop_delay_ns,5.1985,False
C_00261,LOT_006,168,prop_delay_ns,5.0462,False
C_00262,LOT_006,0,leakage_ua,10.0663,False
C_00262,LOT_006,24,leakage_ua,10.6267,False
C_00262,LOT_006,96,leakage_ua,10.4659,False
C_00262,LOT_006,168,leakage_ua,10.6664,False
C_00262,LOT_006,0,iddq_ua,27.2626,False
C_00262,LOT_006,24,iddq_ua,28.5374,False
C_00262,LOT_006,96,iddq_ua,28.2711,False
C_00262,LOT_006,168,iddq_ua,28.8987,False
C_00262,LOT_006,0,prop_delay_ns,4.8569,False
C_00262,LOT_006,24,prop_delay_ns,4.779,False
C_00262,LOT_006,96,prop_delay_ns,4.8897,False
C_00262,LOT_006,168,prop_delay_ns,5.0143,False
C_00263,LOT_006,0,leakage_ua,9.932,True
C_00263,LOT_006,24,leakage_ua,16.0502,True
C_00263,LOT_006,96,leakage_ua,24.906,True
C_00263,LOT_006,168,leakage_ua,31.436,True
C_00263,LOT_006,0,iddq_ua,24.4032,True
C_00263,LOT_006,24,iddq_ua,42.6124,True
C_00263,LOT_006,96,iddq_ua,72.5756,True
C_00263,LOT_006,168,iddq_ua,96.8662,True
C_00263,LOT_006,0,prop_delay_ns,5.0231,True
C_00263,LOT_006,24,prop_delay_ns,5.6007,True
C_00263,LOT_006,96,prop_delay_ns,6.365,True
C_00263,LOT_006,168,prop_delay_ns,7.0662,True
C_00264,LOT_006,0,leakage_ua,9.3713,True
C_00264,LOT_006,24,leakage_ua,12.6906,True
C_00264,LOT_006,96,leakage_ua,18.3037,True
C_00264,LOT_006,168,leakage_ua,22.6005,True
C_00264,LOT_006,0,iddq_ua,25.8844,True
C_00264,LOT_006,24,iddq_ua,38.0964,True
C_00264,LOT_006,96,iddq_ua,59.2462,True
C_00264,LOT_006,168,iddq_ua,75.8253,True
C_00264,LOT_006,0,prop_delay_ns,4.2808,True
C_00264,LOT_006,24,prop_delay_ns,4.9902,True
C_00264,LOT_006,96,prop_delay_ns,5.8686,True
C_00264,LOT_006,168,prop_delay_ns,6.6622,True
C_00265,LOT_006,0,leakage_ua,8.8528,False
C_00265,LOT_006,24,leakage_ua,8.7674,False
C_00265,LOT_006,96,leakage_ua,9.0257,False
C_00265,LOT_006,168,leakage_ua,8.8184,False
C_00265,LOT_006,0,iddq_ua,25.5071,False
C_00265,LOT_006,24,iddq_ua,26.3204,False
C_00265,LOT_006,96,iddq_ua,27.1416,False
C_00265,LOT_006,168,iddq_ua,27.8122,False
C_00265,LOT_006,0,prop_delay_ns,5.0694,False
C_00265,LOT_006,24,prop_delay_ns,5.161,False
C_00265,LOT_006,96,prop_delay_ns,5.1472,False
C_00265,LOT_006,168,prop_delay_ns,5.1441,False
C_00266,LOT_006,0,leakage_ua,9.535,False
C_00266,LOT_006,24,leakage_ua,9.8398,False
C_00266,LOT_006,96,leakage_ua,10.3492,False
C_00266,LOT_006,168,leakage_ua,10.4249,False
C_00266,LOT_006,0,iddq_ua,27.2111,False
C_00266,LOT_006,24,iddq_ua,26.7679,False
C_00266,LOT_006,96,iddq_ua,28.9152,False
C_00266,LOT_006,168,iddq_ua,29.4075,False
C_00266,LOT_006,0,prop_delay_ns,4.3964,False
C_00266,LOT_006,24,prop_delay_ns,4.5585,False
C_00266,LOT_006,96,prop_delay_ns,4.4428,False
C_00266,LOT_006,168,prop_delay_ns,4.6756,False
C_00267,LOT_006,0,leakage_ua,9.0323,True
C_00267,LOT_006,24,leakage_ua,11.5005,True
C_00267,LOT_006,96,leakage_ua,15.754,True
C_00267,LOT_006,168,leakage_ua,18.6893,True
C_00267,LOT_006,0,iddq_ua,26.5314,True
C_00267,LOT_006,24,iddq_ua,38.5242,True
C_00267,LOT_006,96,iddq_ua,59.5996,True
C_00267,LOT_006,168,iddq_ua,75.4987,True
C_00267,LOT_006,0,prop_delay_ns,5.4971,True
C_00267,LOT_006,24,prop_delay_ns,6.3326,True
C_00267,LOT_006,96,prop_delay_ns,7.615,True
C_00267,LOT_006,168,prop_delay_ns,8.5046,True
C_00268,LOT_006,0,leakage_ua,9.0712,False
C_00268,LOT_006,24,leakage_ua,9.2349,False
C_00268,LOT_006,96,leakage_ua,9.4126,False
C_00268,LOT_006,168,leakage_ua,9.5341,False
C_00268,LOT_006,0,iddq_ua,24.5137,False
C_00268,LOT_006,24,iddq_ua,25.0642,False
C_00268,LOT_006,96,iddq_ua,25.3397,False
C_00268,LOT_006,168,iddq_ua,26.7011,False
C_00268,LOT_006,0,prop_delay_ns,5.2911,False
C_00268,LOT_006,24,prop_delay_ns,5.2599,False
C_00268,LOT_006,96,prop_delay_ns,5.4071,False
C_00268,LOT_006,168,prop_delay_ns,5.444,False
C_00269,LOT_006,0,leakage_ua,9.1424,False
C_00269,LOT_006,24,leakage_ua,9.6544,False
C_00269,LOT_006,96,leakage_ua,10.0794,False
C_00269,LOT_006,168,leakage_ua,9.5424,False
C_00269,LOT_006,0,iddq_ua,23.406,False
C_00269,LOT_006,24,iddq_ua,23.5351,False
C_00269,LOT_006,96,iddq_ua,23.824,False
C_00269,LOT_006,168,iddq_ua,24.3735,False
C_00269,LOT_006,0,prop_delay_ns,4.487,False
C_00269,LOT_006,24,prop_delay_ns,4.5535,False
C_00269,LOT_006,96,prop_delay_ns,4.6032,False
C_00269,LOT_006,168,prop_delay_ns,4.8139,False
C_00270,LOT_006,0,leakage_ua,9.571,True
C_00270,LOT_006,24,leakage_ua,11.0702,True
C_00270,LOT_006,96,leakage_ua,15.1882,True
C_00270,LOT_006,168,leakage_ua,17.1609,True
C_00270,LOT_006,0,iddq_ua,27.8091,True
C_00270,LOT_006,24,iddq_ua,34.5189,True
C_00270,LOT_006,96,iddq_ua,53.2089,True
C_00270,LOT_006,168,iddq_ua,65.608,True
C_00270,LOT_006,0,prop_delay_ns,4.868,True
C_00270,LOT_006,24,prop_delay_ns,5.5368,True
C_00270,LOT_006,96,prop_delay_ns,6.162,True
C_00270,LOT_006,168,prop_delay_ns,7.0899,True
C_00271,LOT_006,0,leakage_ua,8.6631,False
C_00271,LOT_006,24,leakage_ua,8.7623,False
C_00271,LOT_006,96,leakage_ua,8.7594,False
C_00271,LOT_006,168,leakage_ua,9.1318,False
C_00271,LOT_006,0,iddq_ua,25.1427,False
C_00271,LOT_006,24,iddq_ua,25.6464,False
C_00271,LOT_006,96,iddq_ua,26.9602,False
C_00271,LOT_006,168,iddq_ua,28.6302,False
C_00271,LOT_006,0,prop_delay_ns,4.7821,False
C_00271,LOT_006,24,prop_delay_ns,4.726,False
C_00271,LOT_006,96,prop_delay_ns,4.8328,False
C_00271,LOT_006,168,prop_delay_ns,5.0845,False
C_00272,LOT_006,0,leakage_ua,9.1733,False
C_00272,LOT_006,24,leakage_ua,9.2066,False
C_00272,LOT_006,96,leakage_ua,9.4076,False
C_00272,LOT_006,168,leakage_ua,9.7242,False
C_00272,LOT_006,0,iddq_ua,24.2511,False
C_00272,LOT_006,24,iddq_ua,24.2104,False
C_00272,LOT_006,96,iddq_ua,24.304,False
C_00272,LOT_006,168,iddq_ua,24.3875,False
C_00272,LOT_006,0,prop_delay_ns,4.764,False
C_00272,LOT_006,24,prop_delay_ns,4.9692,False
C_00272,LOT_006,96,prop_delay_ns,5.0224,False
C_00272,LOT_006,168,prop_delay_ns,5.1752,False
C_00273,LOT_006,0,leakage_ua,7.2666,False
C_00273,LOT_006,24,leakage_ua,7.5966,False
C_00273,LOT_006,96,leakage_ua,7.9138,False
C_00273,LOT_006,168,leakage_ua,7.7794,False
C_00273,LOT_006,0,iddq_ua,25.4754,False
C_00273,LOT_006,24,iddq_ua,25.9309,False
C_00273,LOT_006,96,iddq_ua,27.8898,False
C_00273,LOT_006,168,iddq_ua,27.3094,False
C_00273,LOT_006,0,prop_delay_ns,4.9676,False
C_00273,LOT_006,24,prop_delay_ns,5.1593,False
C_00273,LOT_006,96,prop_delay_ns,5.29,False
C_00273,LOT_006,168,prop_delay_ns,5.1304,False
C_00274,LOT_006,0,leakage_ua,8.7568,False
C_00274,LOT_006,24,leakage_ua,9.3312,False
C_00274,LOT_006,96,leakage_ua,9.7325,False
C_00274,LOT_006,168,leakage_ua,9.827,False
C_00274,LOT_006,0,iddq_ua,25.3013,False
C_00274,LOT_006,24,iddq_ua,26.1315,False
C_00274,LOT_006,96,iddq_ua,26.1582,False
C_00274,LOT_006,168,iddq_ua,27.5262,False
C_00274,LOT_006,0,prop_delay_ns,5.3067,False
C_00274,LOT_006,24,prop_delay_ns,5.5717,False
C_00274,LOT_006,96,prop_delay_ns,5.5374,False
C_00274,LOT_006,168,prop_delay_ns,5.684,False
C_00275,LOT_006,0,leakage_ua,9.489,False
C_00275,LOT_006,24,leakage_ua,9.4813,False
C_00275,LOT_006,96,leakage_ua,10.3171,False
C_00275,LOT_006,168,leakage_ua,10.0896,False
C_00275,LOT_006,0,iddq_ua,25.7148,False
C_00275,LOT_006,24,iddq_ua,26.7913,False
C_00275,LOT_006,96,iddq_ua,26.6454,False
C_00275,LOT_006,168,iddq_ua,27.0183,False
C_00275,LOT_006,0,prop_delay_ns,4.9142,False
C_00275,LOT_006,24,prop_delay_ns,4.975,False
C_00275,LOT_006,96,prop_delay_ns,5.0372,False
C_00275,LOT_006,168,prop_delay_ns,4.8973,False
C_00276,LOT_006,0,leakage_ua,8.5685,False
C_00276,LOT_006,24,leakage_ua,8.6119,False
C_00276,LOT_006,96,leakage_ua,8.2807,False
C_00276,LOT_006,168,leakage_ua,9.1667,False
C_00276,LOT_006,0,iddq_ua,23.1566,False
C_00276,LOT_006,24,iddq_ua,23.276,False
C_00276,LOT_006,96,iddq_ua,25.8688,False
C_00276,LOT_006,168,iddq_ua,26.2879,False
C_00276,LOT_006,0,prop_delay_ns,4.5877,False
C_00276,LOT_006,24,prop_delay_ns,4.7061,False
C_00276,LOT_006,96,prop_delay_ns,4.512,False
C_00276,LOT_006,168,prop_delay_ns,4.6187,False
C_00277,LOT_006,0,leakage_ua,9.11,False
C_00277,LOT_006,24,leakage_ua,9.2094,False
C_00277,LOT_006,96,leakage_ua,9.0447,False
C_00277,LOT_006,168,leakage_ua,9.4968,False
C_00277,LOT_006,0,iddq_ua,24.5301,False
C_00277,LOT_006,24,iddq_ua,26.0337,False
C_00277,LOT_006,96,iddq_ua,25.9686,False
C_00277,LOT_006,168,iddq_ua,26.42,False
C_00277,LOT_006,0,prop_delay_ns,4.6899,False
C_00277,LOT_006,24,prop_delay_ns,4.7886,False
C_00277,LOT_006,96,prop_delay_ns,4.889,False
C_00277,LOT_006,168,prop_delay_ns,4.9972,False
C_00278,LOT_006,0,leakage_ua,9.1405,False
C_00278,LOT_006,24,leakage_ua,9.4854,False
C_00278,LOT_006,96,leakage_ua,9.8448,False
C_00278,LOT_006,168,leakage_ua,10.5661,False
C_00278,LOT_006,0,iddq_ua,26.2177,False
C_00278,LOT_006,24,iddq_ua,26.1595,False
C_00278,LOT_006,96,iddq_ua,28.3332,False
C_00278,LOT_006,168,iddq_ua,28.9764,False
C_00278,LOT_006,0,prop_delay_ns,5.2253,False
C_00278,LOT_006,24,prop_delay_ns,5.3293,False
C_00278,LOT_006,96,prop_delay_ns,5.1318,False
C_00278,LOT_006,168,prop_delay_ns,5.3996,False
C_00279,LOT_006,0,leakage_ua,8.7799,False
C_00279,LOT_006,24,leakage_ua,8.8823,False
C_00279,LOT_006,96,leakage_ua,8.7568,False
C_00279,LOT_006,168,leakage_ua,9.1065,False
C_00279,LOT_006,0,iddq_ua,24.5543,False
C_00279,LOT_006,24,iddq_ua,25.0888,False
C_00279,LOT_006,96,iddq_ua,25.5039,False
C_00279,LOT_006,168,iddq_ua,28.0459,False
C_00279,LOT_006,0,prop_delay_ns,4.6294,False
C_00279,LOT_006,24,prop_delay_ns,4.8335,False
C_00279,LOT_006,96,prop_delay_ns,4.8998,False
C_00279,LOT_006,168,prop_delay_ns,4.5785,False
C_00280,LOT_006,0,leakage_ua,8.4373,False
C_00280,LOT_006,24,leakage_ua,8.7336,False
C_00280,LOT_006,96,leakage_ua,8.9133,False
C_00280,LOT_006,168,leakage_ua,9.4784,False
C_00280,LOT_006,0,iddq_ua,25.6557,False
C_00280,LOT_006,24,iddq_ua,27.279,False
C_00280,LOT_006,96,iddq_ua,27.8182,False
C_00280,LOT_006,168,iddq_ua,26.9302,False
C_00280,LOT_006,0,prop_delay_ns,4.7668,False
C_00280,LOT_006,24,prop_delay_ns,4.6922,False
C_00280,LOT_006,96,prop_delay_ns,4.8044,False
C_00280,LOT_006,168,prop_delay_ns,4.582,False
C_00281,LOT_007,0,leakage_ua,8.7771,False
C_00281,LOT_007,24,leakage_ua,8.899,False
C_00281,LOT_007,96,leakage_ua,9.2311,False
C_00281,LOT_007,168,leakage_ua,8.9548,False
C_00281,LOT_007,0,iddq_ua,25.197,False
C_00281,LOT_007,24,iddq_ua,25.2839,False
C_00281,LOT_007,96,iddq_ua,24.9259,False
C_00281,LOT_007,168,iddq_ua,25.5642,False
C_00281,LOT_007,0,prop_delay_ns,5.3791,False
C_00281,LOT_007,24,prop_delay_ns,5.4186,False
C_00281,LOT_007,96,prop_delay_ns,5.2904,False
C_00281,LOT_007,168,prop_delay_ns,5.6504,False
C_00282,LOT_007,0,leakage_ua,9.211,False
C_00282,LOT_007,24,leakage_ua,9.2128,False
C_00282,LOT_007,96,leakage_ua,9.6807,False
C_00282,LOT_007,168,leakage_ua,9.7322,False
C_00282,LOT_007,0,iddq_ua,25.4194,False
C_00282,LOT_007,24,iddq_ua,25.4096,False
C_00282,LOT_007,96,iddq_ua,26.6038,False
C_00282,LOT_007,168,iddq_ua,26.0678,False
C_00282,LOT_007,0,prop_delay_ns,5.4803,False
C_00282,LOT_007,24,prop_delay_ns,5.4308,False
C_00282,LOT_007,96,prop_delay_ns,5.4443,False
C_00282,LOT_007,168,prop_delay_ns,5.5102,False
C_00283,LOT_007,0,leakage_ua,8.4965,False
C_00283,LOT_007,24,leakage_ua,8.4372,False
C_00283,LOT_007,96,leakage_ua,8.8938,False
C_00283,LOT_007,168,leakage_ua,8.6644,False
C_00283,LOT_007,0,iddq_ua,24.238,False
C_00283,LOT_007,24,iddq_ua,24.7335,False
C_00283,LOT_007,96,iddq_ua,25.8609,False
C_00283,LOT_007,168,iddq_ua,25.4922,False
C_00283,LOT_007,0,prop_delay_ns,4.9334,False
C_00283,LOT_007,24,prop_delay_ns,4.7706,False
C_00283,LOT_007,96,prop_delay_ns,4.8697,False
C_00283,LOT_007,168,prop_delay_ns,5.1416,False
C_00284,LOT_007,0,leakage_ua,8.4606,True
C_00284,LOT_007,24,leakage_ua,13.1466,True
C_00284,LOT_007,96,leakage_ua,19.4268,True
C_00284,LOT_007,168,leakage_ua,23.4895,True
C_00284,LOT_007,0,iddq_ua,24.8449,True
C_00284,LOT_007,24,iddq_ua,30.7731,True
C_00284,LOT_007,96,iddq_ua,37.048,True
C_00284,LOT_007,168,iddq_ua,41.5184,True
C_00284,LOT_007,0,prop_delay_ns,5.0845,True
C_00284,LOT_007,24,prop_delay_ns,5.3496,True
C_00284,LOT_007,96,prop_delay_ns,5.9589,True
C_00284,LOT_007,168,prop_delay_ns,6.4931,True
C_00285,LOT_007,0,leakage_ua,8.9568,False
C_00285,LOT_007,24,leakage_ua,9.4635,False
C_00285,LOT_007,96,leakage_ua,10.1014,False
C_00285,LOT_007,168,leakage_ua,10.3227,False
C_00285,LOT_007,0,iddq_ua,22.1339,False
C_00285,LOT_007,24,iddq_ua,21.6463,False
C_00285,LOT_007,96,iddq_ua,22.6319,False
C_00285,LOT_007,168,iddq_ua,22.1968,False
C_00285,LOT_007,0,prop_delay_ns,5.232,False
C_00285,LOT_007,24,prop_delay_ns,5.29,False
C_00285,LOT_007,96,prop_delay_ns,5.5465,False
C_00285,LOT_007,168,prop_delay_ns,5.43,False
C_00286,LOT_007,0,leakage_ua,8.1185,False
C_00286,LOT_007,24,leakage_ua,8.3113,False
C_00286,LOT_007,96,leakage_ua,8.1324,False
C_00286,LOT_007,168,leakage_ua,8.5282,False
C_00286,LOT_007,0,iddq_ua,24.5045,False
C_00286,LOT_007,24,iddq_ua,25.269,False
C_00286,LOT_007,96,iddq_ua,23.7017,False
C_00286,LOT_007,168,iddq_ua,24.5815,False
C_00286,LOT_007,0,prop_delay_ns,5.4631,False
C_00286,LOT_007,24,prop_delay_ns,5.3622,False
C_00286,LOT_007,96,prop_delay_ns,5.4464,False
C_00286,LOT_007,168,prop_delay_ns,5.6016,False
C_00287,LOT_007,0,leakage_ua,8.835,False
C_00287,LOT_007,24,leakage_ua,8.5229,False
C_00287,LOT_007,96,leakage_ua,8.8454,False
C_00287,LOT_007,168,leakage_ua,8.9992,False
C_00287,LOT_007,0,iddq_ua,24.2923,False
C_00287,LOT_007,24,iddq_ua,24.4421,False
C_00287,LOT_007,96,iddq_ua,25.5224,False
C_00287,LOT_007,168,iddq_ua,25.4041,False
C_00287,LOT_007,0,prop_delay_ns,5.1926,False
C_00287,LOT_007,24,prop_delay_ns,5.2422,False
C_00287,LOT_007,96,prop_delay_ns,5.2705,False
C_00287,LOT_007,168,prop_delay_ns,5.5485,False
C_00288,LOT_007,0,leakage_ua,9.1955,False
C_00288,LOT_007,24,leakage_ua,9.5941,False
C_00288,LOT_007,96,leakage_ua,9.4956,False
C_00288,LOT_007,168,leakage_ua,9.5825,False
C_00288,LOT_007,0,iddq_ua,27.2447,False
C_00288,LOT_007,24,iddq_ua,27.1943,False
C_00288,LOT_007,96,iddq_ua,27.7537,False
C_00288,LOT_007,168,iddq_ua,27.3567,False
C_00288,LOT_007,0,prop_delay_ns,5.5514,False
C_00288,LOT_007,24,prop_delay_ns,5.6881,False
C_00288,LOT_007,96,prop_delay_ns,5.7216,False
C_00288,LOT_007,168,prop_delay_ns,5.7995,False
C_00289,LOT_007,0,leakage_ua,9.2658,False
C_00289,LOT_007,24,leakage_ua,9.3719,False
C_00289,LOT_007,96,leakage_ua,9.688,False
C_00289,LOT_007,168,leakage_ua,10.2725,False
C_00289,LOT_007,0,iddq_ua,23.8911,False
C_00289,LOT_007,24,iddq_ua,24.7752,False
C_00289,LOT_007,96,iddq_ua,23.7821,False
C_00289,LOT_007,168,iddq_ua,24.207,False
C_00289,LOT_007,0,prop_delay_ns,4.8254,False
C_00289,LOT_007,24,prop_delay_ns,4.8179,False
C_00289,LOT_007,96,prop_delay_ns,4.8251,False
C_00289,LOT_007,168,prop_delay_ns,4.8268,False
C_00290,LOT_007,0,leakage_ua,9.4545,True
C_00290,LOT_007,24,leakage_ua,11.5667,True
C_00290,LOT_007,96,leakage_ua,14.0272,True
C_00290,LOT_007,168,leakage_ua,16.3584,True
C_00290,LOT_007,0,iddq_ua,25.9427,True
C_00290,LOT_007,24,iddq_ua,34.273,True
C_00290,LOT_007,96,iddq_ua,45.8045,True
C_00290,LOT_007,168,iddq_ua,52.0052,True
C_00290,LOT_007,0,prop_delay_ns,5.3806,True
C_00290,LOT_007,24,prop_delay_ns,5.8618,True
C_00290,LOT_007,96,prop_delay_ns,6.3594,True
C_00290,LOT_007,168,prop_delay_ns,7.0114,True
C_00291,LOT_007,0,leakage_ua,8.5606,False
C_00291,LOT_007,24,leakage_ua,8.557,False
C_00291,LOT_007,96,leakage_ua,8.8401,False
C_00291,LOT_007,168,leakage_ua,9.3978,False
C_00291,LOT_007,0,iddq_ua,24.4135,False
C_00291,LOT_007,24,iddq_ua,24.9137,False
C_00291,LOT_007,96,iddq_ua,26.3659,False
C_00291,LOT_007,168,iddq_ua,25.7846,False
C_00291,LOT_007,0,prop_delay_ns,5.5897,False
C_00291,LOT_007,24,prop_delay_ns,5.2518,False
C_00291,LOT_007,96,prop_delay_ns,5.6142,False
C_00291,LOT_007,168,prop_delay_ns,5.6206,False
C_00292,LOT_007,0,leakage_ua,8.899,False
C_00292,LOT_007,24,leakage_ua,9.5124,False
C_00292,LOT_007,96,leakage_ua,9.347,False
C_00292,LOT_007,168,leakage_ua,9.3089,False
C_00292,LOT_007,0,iddq_ua,25.5794,False
C_00292,LOT_007,24,iddq_ua,25.7378,False
C_00292,LOT_007,96,iddq_ua,26.3714,False
C_00292,LOT_007,168,iddq_ua,26.6638,False
C_00292,LOT_007,0,prop_delay_ns,5.2071,False
C_00292,LOT_007,24,prop_delay_ns,5.3585,False
C_00292,LOT_007,96,prop_delay_ns,5.2853,False
C_00292,LOT_007,168,prop_delay_ns,5.348,False
C_00293,LOT_007,0,leakage_ua,9.8238,False
C_00293,LOT_007,24,leakage_ua,9.8138,False
C_00293,LOT_007,96,leakage_ua,9.879,False
C_00293,LOT_007,168,leakage_ua,9.8705,False
C_00293,LOT_007,0,iddq_ua,25.6751,False
C_00293,LOT_007,24,iddq_ua,26.0041,False
C_00293,LOT_007,96,iddq_ua,25.996,False
C_00293,LOT_007,168,iddq_ua,26.8733,False
C_00293,LOT_007,0,prop_delay_ns,5.4207,False
C_00293,LOT_007,24,prop_delay_ns,5.3895,False
C_00293,LOT_007,96,prop_delay_ns,5.3156,False
C_00293,LOT_007,168,prop_delay_ns,5.5704,False
C_00294,LOT_007,0,leakage_ua,10.1017,False
C_00294,LOT_007,24,leakage_ua,10.3141,False
C_00294,LOT_007,96,leakage_ua,10.3902,False
C_00294,LOT_007,168,leakage_ua,10.4654,False
C_00294,LOT_007,0,iddq_ua,23.5357,False
C_00294,LOT_007,24,iddq_ua,23.8998,False
C_00294,LOT_007,96,iddq_ua,24.1904,False
C_00294,LOT_007,168,iddq_ua,24.1691,False
C_00294,LOT_007,0,prop_delay_ns,4.8007,False
C_00294,LOT_007,24,prop_delay_ns,4.8943,False
C_00294,LOT_007,96,prop_delay_ns,4.972,False
C_00294,LOT_007,168,prop_delay_ns,4.9568,False
C_00295,LOT_007,0,leakage_ua,9.2175,False
C_00295,LOT_007,24,leakage_ua,9.3421,False
C_00295,LOT_007,96,leakage_ua,9.0848,False
C_00295,LOT_007,168,leakage_ua,9.5335,False
C_00295,LOT_007,0,iddq_ua,27.078,False
C_00295,LOT_007,24,iddq_ua,27.497,False
C_00295,LOT_007,96,iddq_ua,28.5993,False
C_00295,LOT_007,168,iddq_ua,27.79,False
C_00295,LOT_007,0,prop_delay_ns,5.0159,False
C_00295,LOT_007,24,prop_delay_ns,4.979,False
C_00295,LOT_007,96,prop_delay_ns,5.1461,False
C_00295,LOT_007,168,prop_delay_ns,5.0889,False
C_00296,LOT_007,0,leakage_ua,8.6543,False
C_00296,LOT_007,24,leakage_ua,8.8168,False
C_00296,LOT_007,96,leakage_ua,9.0094,False
C_00296,LOT_007,168,leakage_ua,9.3451,False
C_00296,LOT_007,0,iddq_ua,25.9845,False
C_00296,LOT_007,24,iddq_ua,26.1178,False
C_00296,LOT_007,96,iddq_ua,26.3707,False
C_00296,LOT_007,168,iddq_ua,27.1398,False
C_00296,LOT_007,0,prop_delay_ns,4.9847,False
C_00296,LOT_007,24,prop_delay_ns,5.2319,False
C_00296,LOT_007,96,prop_delay_ns,5.2822,False
C_00296,LOT_007,168,prop_delay_ns,5.4745,False
C_00297,LOT_007,0,leakage_ua,7.76,False
C_00297,LOT_007,24,leakage_ua,8.071,False
C_00297,LOT_007,96,leakage_ua,8.2837,False
C_00297,LOT_007,168,leakage_ua,8.2489,False
C_00297,LOT_007,0,iddq_ua,25.8622,False
C_00297,LOT_007,24,iddq_ua,26.4275,False
C_00297,LOT_007,96,iddq_ua,26.8766,False
C_00297,LOT_007,168,iddq_ua,28.0817,False
C_00297,LOT_007,0,prop_delay_ns,4.0244,False
C_00297,LOT_007,24,prop_delay_ns,4.1112,False
C_00297,LOT_007,96,prop_delay_ns,4.1523,False
C_00297,LOT_007,168,prop_delay_ns,4.1317,False
C_00298,LOT_007,0,leakage_ua,8.9959,False
C_00298,LOT_007,24,leakage_ua,9.1179,False
C_00298,LOT_007,96,leakage_ua,8.9315,False
C_00298,LOT_007,168,leakage_ua,9.4196,False
C_00298,LOT_007,0,iddq_ua,25.0016,False
C_00298,LOT_007,24,iddq_ua,24.3378,False
C_00298,LOT_007,96,iddq_ua,25.1467,False
C_00298,LOT_007,168,iddq_ua,25.0657,False
C_00298,LOT_007,0,prop_delay_ns,4.6379,False
C_00298,LOT_007,24,prop_delay_ns,4.7423,False
C_00298,LOT_007,96,prop_delay_ns,4.8413,False
C_00298,LOT_007,168,prop_delay_ns,4.9523,False
C_00299,LOT_007,0,leakage_ua,7.7912,False
C_00299,LOT_007,24,leakage_ua,8.0038,False
C_00299,LOT_007,96,leakage_ua,8.2017,False
C_00299,LOT_007,168,leakage_ua,8.2275,False
C_00299,LOT_007,0,iddq_ua,24.2405,False
C_00299,LOT_007,24,iddq_ua,24.8823,False
C_00299,LOT_007,96,iddq_ua,25.4294,False
C_00299,LOT_007,168,iddq_ua,26.347,False
C_00299,LOT_007,0,prop_delay_ns,5.1361,False
C_00299,LOT_007,24,prop_delay_ns,5.2108,False
C_00299,LOT_007,96,prop_delay_ns,5.2923,False
C_00299,LOT_007,168,prop_delay_ns,5.2579,False
C_00300,LOT_007,0,leakage_ua,9.1999,False
C_00300,LOT_007,24,leakage_ua,9.3896,False
C_00300,LOT_007,96,leakage_ua,9.1451,False
C_00300,LOT_007,168,leakage_ua,9.4605,False
C_00300,LOT_007,0,iddq_ua,23.7708,False
C_00300,LOT_007,24,iddq_ua,24.7999,False
C_00300,LOT_007,96,iddq_ua,25.7052,False
C_00300,LOT_007,168,iddq_ua,26.0416,False
C_00300,LOT_007,0,prop_delay_ns,5.4539,False
C_00300,LOT_007,24,prop_delay_ns,5.6157,False
C_00300,LOT_007,96,prop_delay_ns,5.4917,False
C_00300,LOT_007,168,prop_delay_ns,5.5875,False
C_00301,LOT_007,0,leakage_ua,9.4169,False
C_00301,LOT_007,24,leakage_ua,9.6734,False
C_00301,LOT_007,96,leakage_ua,9.7175,False
C_00301,LOT_007,168,leakage_ua,9.7986,False
C_00301,LOT_007,0,iddq_ua,23.9047,False
C_00301,LOT_007,24,iddq_ua,23.7521,False
C_00301,LOT_007,96,iddq_ua,24.7714,False
C_00301,LOT_007,168,iddq_ua,24.8807,False
C_00301,LOT_007,0,prop_delay_ns,4.9292,False
C_00301,LOT_007,24,prop_delay_ns,4.9468,False
C_00301,LOT_007,96,prop_delay_ns,4.9214,False
C_00301,LOT_007,168,prop_delay_ns,4.9294,False
C_00302,LOT_007,0,leakage_ua,8.4046,False
C_00302,LOT_007,24,leakage_ua,8.3254,False
C_00302,LOT_007,96,leakage_ua,8.3425,False
C_00302,LOT_007,168,leakage_ua,8.8547,False
C_00302,LOT_007,0,iddq_ua,24.601,False
C_00302,LOT_007,24,iddq_ua,25.2575,False
C_00302,LOT_007,96,iddq_ua,24.6274,False
C_00302,LOT_007,168,iddq_ua,24.8836,False
C_00302,LOT_007,0,prop_delay_ns,5.5332,False
C_00302,LOT_007,24,prop_delay_ns,5.0094,False
C_00302,LOT_007,96,prop_delay_ns,5.3161,False
C_00302,LOT_007,168,prop_delay_ns,5.2747,False
C_00303,LOT_007,0,leakage_ua,8.3252,False
C_00303,LOT_007,24,leakage_ua,8.5979,False
C_00303,LOT_007,96,leakage_ua,8.9139,False
C_00303,LOT_007,168,leakage_ua,8.769,False
C_00303,LOT_007,0,iddq_ua,22.567,False
C_00303,LOT_007,24,iddq_ua,22.9031,False
C_00303,LOT_007,96,iddq_ua,23.892,False
C_00303,LOT_007,168,iddq_ua,24.8355,False
C_00303,LOT_007,0,prop_delay_ns,5.0882,False
C_00303,LOT_007,24,prop_delay_ns,5.122,False
C_00303,LOT_007,96,prop_delay_ns,5.0058,False
C_00303,LOT_007,168,prop_delay_ns,5.2917,False
C_00304,LOT_007,0,leakage_ua,9.5606,False
C_00304,LOT_007,24,leakage_ua,9.4651,False
C_00304,LOT_007,96,leakage_ua,10.1162,False
C_00304,LOT_007,168,leakage_ua,10.1184,False
C_00304,LOT_007,0,iddq_ua,23.3187,False
C_00304,LOT_007,24,iddq_ua,24.118,False
C_00304,LOT_007,96,iddq_ua,23.5516,False
C_00304,LOT_007,168,iddq_ua,24.907,False
C_00304,LOT_007,0,prop_delay_ns,4.5625,False
C_00304,LOT_007,24,prop_delay_ns,4.5561,False
C_00304,LOT_007,96,prop_delay_ns,4.6311,False
C_00304,LOT_007,168,prop_delay_ns,4.7829,False
C_00305,LOT_007,0,leakage_ua,9.1736,False
C_00305,LOT_007,24,leakage_ua,9.2323,False
C_00305,LOT_007,96,leakage_ua,9.3357,False
C_00305,LOT_007,168,leakage_ua,9.5627,False
C_00305,LOT_007,0,iddq_ua,26.2581,False
C_00305,LOT_007,24,iddq_ua,26.2031,False
C_00305,LOT_007,96,iddq_ua,25.5131,False
C_00305,LOT_007,168,iddq_ua,25.2244,False
C_00305,LOT_007,0,prop_delay_ns,5.0717,False
C_00305,LOT_007,24,prop_delay_ns,5.297,False
C_00305,LOT_007,96,prop_delay_ns,4.962,False
C_00305,LOT_007,168,prop_delay_ns,5.2525,False
C_00306,LOT_007,0,leakage_ua,8.6406,False
C_00306,LOT_007,24,leakage_ua,8.8928,False
C_00306,LOT_007,96,leakage_ua,8.8459,False
C_00306,LOT_007,168,leakage_ua,8.6341,False
C_00306,LOT_007,0,iddq_ua,23.2297,False
C_00306,LOT_007,24,iddq_ua,24.4556,False
C_00306,LOT_007,96,iddq_ua,24.2026,False
C_00306,LOT_007,168,iddq_ua,24.2478,False
C_00306,LOT_007,0,prop_delay_ns,4.8295,False
C_00306,LOT_007,24,prop_delay_ns,4.9682,False
C_00306,LOT_007,96,prop_delay_ns,4.9429,False
C_00306,LOT_007,168,prop_delay_ns,4.9226,False
C_00307,LOT_007,0,leakage_ua,8.4551,False
C_00307,LOT_007,24,leakage_ua,9.0902,False
C_00307,LOT_007,96,leakage_ua,9.2266,False
C_00307,LOT_007,168,leakage_ua,9.233,False
C_00307,LOT_007,0,iddq_ua,24.3515,False
C_00307,LOT_007,24,iddq_ua,24.4545,False
C_00307,LOT_007,96,iddq_ua,25.9791,False
C_00307,LOT_007,168,iddq_ua,25.2428,False
C_00307,LOT_007,0,prop_delay_ns,5.7097,False
C_00307,LOT_007,24,prop_delay_ns,5.5077,False
C_00307,LOT_007,96,prop_delay_ns,5.5106,False
C_00307,LOT_007,168,prop_delay_ns,5.4385,False
C_00308,LOT_007,0,leakage_ua,8.5545,False
C_00308,LOT_007,24,leakage_ua,8.5895,False
C_00308,LOT_007,96,leakage_ua,8.5303,False
C_00308,LOT_007,168,leakage_ua,8.4428,False
C_00308,LOT_007,0,iddq_ua,26.4568,False
C_00308,LOT_007,24,iddq_ua,27.3235,False
C_00308,LOT_007,96,iddq_ua,27.1942,False
C_00308,LOT_007,168,iddq_ua,27.8686,False
C_00308,LOT_007,0,prop_delay_ns,5.1031,False
C_00308,LOT_007,24,prop_delay_ns,5.2095,False
C_00308,LOT_007,96,prop_delay_ns,5.4415,False
C_00308,LOT_007,168,prop_delay_ns,5.237,False
C_00309,LOT_007,0,leakage_ua,8.0466,False
C_00309,LOT_007,24,leakage_ua,8.0514,False
C_00309,LOT_007,96,leakage_ua,8.4242,False
C_00309,LOT_007,168,leakage_ua,8.6179,False
C_00309,LOT_007,0,iddq_ua,24.8078,False
C_00309,LOT_007,24,iddq_ua,24.6299,False
C_00309,LOT_007,96,iddq_ua,25.4766,False
C_00309,LOT_007,168,iddq_ua,25.417,False
C_00309,LOT_007,0,prop_delay_ns,4.9759,False
C_00309,LOT_007,24,prop_delay_ns,4.9373,False
C_00309,LOT_007,96,prop_delay_ns,5.0169,False
C_00309,LOT_007,168,prop_delay_ns,5.0598,False
C_00310,LOT_007,0,leakage_ua,8.8137,False
C_00310,LOT_007,24,leakage_ua,8.7567,False
C_00310,LOT_007,96,leakage_ua,9.0184,False
C_00310,LOT_007,168,leakage_ua,8.5508,False
C_00310,LOT_007,0,iddq_ua,21.1554,False
C_00310,LOT_007,24,iddq_ua,21.5405,False
C_00310,LOT_007,96,iddq_ua,22.0877,False
C_00310,LOT_007,168,iddq_ua,21.3814,False
C_00310,LOT_007,0,prop_delay_ns,5.0228,False
C_00310,LOT_007,24,prop_delay_ns,5.2453,False
C_00310,LOT_007,96,prop_delay_ns,5.1418,False
C_00310,LOT_007,168,prop_delay_ns,5.3688,False
C_00311,LOT_007,0,leakage_ua,9.2006,False
C_00311,LOT_007,24,leakage_ua,9.1316,False
C_00311,LOT_007,96,leakage_ua,8.838,False
C_00311,LOT_007,168,leakage_ua,8.8626,False
C_00311,LOT_007,0,iddq_ua,26.863,False
C_00311,LOT_007,24,iddq_ua,28.4288,False
C_00311,LOT_007,96,iddq_ua,27.8714,False
C_00311,LOT_007,168,iddq_ua,27.51,False
C_00311,LOT_007,0,prop_delay_ns,4.9912,False
C_00311,LOT_007,24,prop_delay_ns,5.0746,False
C_00311,LOT_007,96,prop_delay_ns,4.9468,False
C_00311,LOT_007,168,prop_delay_ns,4.9321,False
C_00312,LOT_007,0,leakage_ua,9.5966,False
C_00312,LOT_007,24,leakage_ua,9.5261,False
C_00312,LOT_007,96,leakage_ua,9.8445,False
C_00312,LOT_007,168,leakage_ua,9.671,False
C_00312,LOT_007,0,iddq_ua,26.6395,False
C_00312,LOT_007,24,iddq_ua,26.9323,False
C_00312,LOT_007,96,iddq_ua,26.6754,False
C_00312,LOT_007,168,iddq_ua,27.9516,False
C_00312,LOT_007,0,prop_delay_ns,4.7076,False
C_00312,LOT_007,24,prop_delay_ns,4.5578,False
C_00312,LOT_007,96,prop_delay_ns,4.7317,False
C_00312,LOT_007,168,prop_delay_ns,4.8551,False
C_00313,LOT_007,0,leakage_ua,8.4039,False
C_00313,LOT_007,24,leakage_ua,8.6831,False
C_00313,LOT_007,96,leakage_ua,9.0069,False
C_00313,LOT_007,168,leakage_ua,8.7613,False
C_00313,LOT_007,0,iddq_ua,24.4998,False
C_00313,LOT_007,24,iddq_ua,24.297,False
C_00313,LOT_007,96,iddq_ua,24.9688,False
C_00313,LOT_007,168,iddq_ua,24.4777,False
C_00313,LOT_007,0,prop_delay_ns,4.7755,False
C_00313,LOT_007,24,prop_delay_ns,4.6009,False
C_00313,LOT_007,96,prop_delay_ns,4.7444,False
C_00313,LOT_007,168,prop_delay_ns,4.6478,False
C_00314,LOT_007,0,leakage_ua,8.5426,False
C_00314,LOT_007,24,leakage_ua,8.3741,False
C_00314,LOT_007,96,leakage_ua,8.3213,False
C_00314,LOT_007,168,leakage_ua,8.6354,False
C_00314,LOT_007,0,iddq_ua,28.1964,False
C_00314,LOT_007,24,iddq_ua,28.2791,False
C_00314,LOT_007,96,iddq_ua,28.5551,False
C_00314,LOT_007,168,iddq_ua,28.1631,False
C_00314,LOT_007,0,prop_delay_ns,5.4866,False
C_00314,LOT_007,24,prop_delay_ns,5.3899,False
C_00314,LOT_007,96,prop_delay_ns,5.3185,False
C_00314,LOT_007,168,prop_delay_ns,5.3023,False
C_00315,LOT_007,0,leakage_ua,8.438,False
C_00315,LOT_007,24,leakage_ua,8.4355,False
C_00315,LOT_007,96,leakage_ua,8.6013,False
C_00315,LOT_007,168,leakage_ua,8.9191,False
C_00315,LOT_007,0,iddq_ua,24.3556,False
C_00315,LOT_007,24,iddq_ua,24.6176,False
C_00315,LOT_007,96,iddq_ua,24.518,False
C_00315,LOT_007,168,iddq_ua,24.1169,False
C_00315,LOT_007,0,prop_delay_ns,4.9048,False
C_00315,LOT_007,24,prop_delay_ns,5.0045,False
C_00315,LOT_007,96,prop_delay_ns,4.9339,False
C_00315,LOT_007,168,prop_delay_ns,5.0274,False
C_00316,LOT_007,0,leakage_ua,9.7259,False
C_00316,LOT_007,24,leakage_ua,9.7816,False
C_00316,LOT_007,96,leakage_ua,10.1252,False
C_00316,LOT_007,168,leakage_ua,10.2923,False
C_00316,LOT_007,0,iddq_ua,24.8185,False
C_00316,LOT_007,24,iddq_ua,27.1407,False
C_00316,LOT_007,96,iddq_ua,26.3728,False
C_00316,LOT_007,168,iddq_ua,26.8946,False
C_00316,LOT_007,0,prop_delay_ns,5.2563,False
C_00316,LOT_007,24,prop_delay_ns,5.6795,False
C_00316,LOT_007,96,prop_delay_ns,5.5879,False
C_00316,LOT_007,168,prop_delay_ns,5.5314,False
C_00317,LOT_007,0,leakage_ua,7.7861,False
C_00317,LOT_007,24,leakage_ua,8.2735,False
C_00317,LOT_007,96,leakage_ua,8.3971,False
C_00317,LOT_007,168,leakage_ua,8.7216,False
C_00317,LOT_007,0,iddq_ua,22.5214,False
C_00317,LOT_007,24,iddq_ua,22.5398,False
C_00317,LOT_007,96,iddq_ua,23.0586,False
C_00317,LOT_007,168,iddq_ua,24.0542,False
C_00317,LOT_007,0,prop_delay_ns,4.5136,False
C_00317,LOT_007,24,prop_delay_ns,4.6089,False
C_00317,LOT_007,96,prop_delay_ns,4.7403,False
C_00317,LOT_007,168,prop_delay_ns,4.7229,False
C_00318,LOT_007,0,leakage_ua,8.8721,False
C_00318,LOT_007,24,leakage_ua,9.25,False
C_00318,LOT_007,96,leakage_ua,9.5582,False
C_00318,LOT_007,168,leakage_ua,9.378,False
C_00318,LOT_007,0,iddq_ua,23.4058,False
C_00318,LOT_007,24,iddq_ua,24.2891,False
C_00318,LOT_007,96,iddq_ua,23.4191,False
C_00318,LOT_007,168,iddq_ua,23.5902,False
C_00318,LOT_007,0,prop_delay_ns,4.7984,False
C_00318,LOT_007,24,prop_delay_ns,4.8441,False
C_00318,LOT_007,96,prop_delay_ns,4.8862,False
C_00318,LOT_007,168,prop_delay_ns,4.9709,False
C_00319,LOT_007,0,leakage_ua,9.4872,False
C_00319,LOT_007,24,leakage_ua,9.6476,False
C_00319,LOT_007,96,leakage_ua,10.0637,False
C_00319,LOT_007,168,leakage_ua,9.8703,False
C_00319,LOT_007,0,iddq_ua,26.9435,False
C_00319,LOT_007,24,iddq_ua,26.6706,False
C_00319,LOT_007,96,iddq_ua,26.8021,False
C_00319,LOT_007,168,iddq_ua,27.4648,False
C_00319,LOT_007,0,prop_delay_ns,4.8632,False
C_00319,LOT_007,24,prop_delay_ns,4.9023,False
C_00319,LOT_007,96,prop_delay_ns,4.8999,False
C_00319,LOT_007,168,prop_delay_ns,5.1283,False
C_00320,LOT_007,0,leakage_ua,9.4844,False
C_00320,LOT_007,24,leakage_ua,8.9399,False
C_00320,LOT_007,96,leakage_ua,9.8051,False
C_00320,LOT_007,168,leakage_ua,9.4179,False
C_00320,LOT_007,0,iddq_ua,25.4606,False
C_00320,LOT_007,24,iddq_ua,26.1169,False
C_00320,LOT_007,96,iddq_ua,26.2328,False
C_00320,LOT_007,168,iddq_ua,27.1103,False
C_00320,LOT_007,0,prop_delay_ns,4.9274,False
C_00320,LOT_007,24,prop_delay_ns,5.4257,False
C_00320,LOT_007,96,prop_delay_ns,5.1754,False
C_00320,LOT_007,168,prop_delay_ns,5.4449,False
C_00321,LOT_008,0,leakage_ua,10.6825,False
C_00321,LOT_008,24,leakage_ua,10.7159,False
C_00321,LOT_008,96,leakage_ua,10.9823,False
C_00321,LOT_008,168,leakage_ua,10.7834,False
C_00321,LOT_008,0,iddq_ua,28.5989,False
C_00321,LOT_008,24,iddq_ua,28.5547,False
C_00321,LOT_008,96,iddq_ua,28.8596,False
C_00321,LOT_008,168,iddq_ua,30.0153,False
C_00321,LOT_008,0,prop_delay_ns,4.5099,False
C_00321,LOT_008,24,prop_delay_ns,4.5452,False
C_00321,LOT_008,96,prop_delay_ns,4.5183,False
C_00321,LOT_008,168,prop_delay_ns,4.5088,False
C_00322,LOT_008,0,leakage_ua,10.1814,True
C_00322,LOT_008,24,leakage_ua,15.686,True
C_00322,LOT_008,96,leakage_ua,22.9061,True
C_00322,LOT_008,168,leakage_ua,28.7075,True
C_00322,LOT_008,0,iddq_ua,30.1762,True
C_00322,LOT_008,24,iddq_ua,37.7725,True
C_00322,LOT_008,96,iddq_ua,47.9014,True
C_00322,LOT_008,168,iddq_ua,53.1834,True
C_00322,LOT_008,0,prop_delay_ns,4.2576,True
C_00322,LOT_008,24,prop_delay_ns,4.8672,True
C_00322,LOT_008,96,prop_delay_ns,5.7632,True
C_00322,LOT_008,168,prop_delay_ns,6.4745,True
C_00323,LOT_008,0,leakage_ua,9.4762,False
C_00323,LOT_008,24,leakage_ua,9.3518,False
C_00323,LOT_008,96,leakage_ua,9.9034,False
C_00323,LOT_008,168,leakage_ua,10.1795,False
C_00323,LOT_008,0,iddq_ua,26.5666,False
C_00323,LOT_008,24,iddq_ua,26.5766,False
C_00323,LOT_008,96,iddq_ua,25.9453,False
C_00323,LOT_008,168,iddq_ua,27.2213,False
C_00323,LOT_008,0,prop_delay_ns,4.0483,False
C_00323,LOT_008,24,prop_delay_ns,4.0779,False
C_00323,LOT_008,96,prop_delay_ns,4.1406,False
C_00323,LOT_008,168,prop_delay_ns,4.2198,False
C_00324,LOT_008,0,leakage_ua,10.4148,False
C_00324,LOT_008,24,leakage_ua,9.8843,False
C_00324,LOT_008,96,leakage_ua,10.1074,False
C_00324,LOT_008,168,leakage_ua,11.0067,False
C_00324,LOT_008,0,iddq_ua,28.3693,False
C_00324,LOT_008,24,iddq_ua,29.6224,False
C_00324,LOT_008,96,iddq_ua,29.2422,False
C_00324,LOT_008,168,iddq_ua,29.2999,False
C_00324,LOT_008,0,prop_delay_ns,4.5662,False
C_00324,LOT_008,24,prop_delay_ns,4.5194,False
C_00324,LOT_008,96,prop_delay_ns,4.6678,False
C_00324,LOT_008,168,prop_delay_ns,4.7623,False
C_00325,LOT_008,0,leakage_ua,11.1725,False
C_00325,LOT_008,24,leakage_ua,11.3634,False
C_00325,LOT_008,96,leakage_ua,11.3814,False
C_00325,LOT_008,168,leakage_ua,11.8838,False
C_00325,LOT_008,0,iddq_ua,28.5695,False
C_00325,LOT_008,24,iddq_ua,29.2691,False
C_00325,LOT_008,96,iddq_ua,29.5629,False
C_00325,LOT_008,168,iddq_ua,29.5337,False
C_00325,LOT_008,0,prop_delay_ns,3.7834,False
C_00325,LOT_008,24,prop_delay_ns,3.7969,False
C_00325,LOT_008,96,prop_delay_ns,3.8394,False
C_00325,LOT_008,168,prop_delay_ns,4.0344,False
C_00326,LOT_008,0,leakage_ua,10.3148,False
C_00326,LOT_008,24,leakage_ua,10.4093,False
C_00326,LOT_008,96,leakage_ua,10.743,False
C_00326,LOT_008,168,leakage_ua,10.7505,False
C_00326,LOT_008,0,iddq_ua,28.2556,False
C_00326,LOT_008,24,iddq_ua,29.3836,False
C_00326,LOT_008,96,iddq_ua,28.9448,False
C_00326,LOT_008,168,iddq_ua,29.4817,False
C_00326,LOT_008,0,prop_delay_ns,3.9197,False
C_00326,LOT_008,24,prop_delay_ns,3.9577,False
C_00326,LOT_008,96,prop_delay_ns,4.1403,False
C_00326,LOT_008,168,prop_delay_ns,4.0145,False
C_00327,LOT_008,0,leakage_ua,9.5622,False
C_00327,LOT_008,24,leakage_ua,9.7078,False
C_00327,LOT_008,96,leakage_ua,9.8975,False
C_00327,LOT_008,168,leakage_ua,9.992,False
C_00327,LOT_008,0,iddq_ua,26.4335,False
C_00327,LOT_008,24,iddq_ua,27.3121,False
C_00327,LOT_008,96,iddq_ua,27.7722,False
C_00327,LOT_008,168,iddq_ua,27.7853,False
C_00327,LOT_008,0,prop_delay_ns,4.0488,False
C_00327,LOT_008,24,prop_delay_ns,4.0618,False
C_00327,LOT_008,96,prop_delay_ns,4.1935,False
C_00327,LOT_008,168,prop_delay_ns,4.2421,False
C_00328,LOT_008,0,leakage_ua,10.3857,False
C_00328,LOT_008,24,leakage_ua,10.4015,False
C_00328,LOT_008,96,leakage_ua,10.8033,False
C_00328,LOT_008,168,leakage_ua,10.6762,False
C_00328,LOT_008,0,iddq_ua,28.8985,False
C_00328,LOT_008,24,iddq_ua,29.9426,False
C_00328,LOT_008,96,iddq_ua,28.9738,False
C_00328,LOT_008,168,iddq_ua,29.4481,False
C_00328,LOT_008,0,prop_delay_ns,4.2261,False
C_00328,LOT_008,24,prop_delay_ns,4.4088,False
C_00328,LOT_008,96,prop_delay_ns,4.279,False
C_00328,LOT_008,168,prop_delay_ns,4.4344,False
C_00329,LOT_008,0,leakage_ua,10.3811,False
C_00329,LOT_008,24,leakage_ua,10.0797,False
C_00329,LOT_008,96,leakage_ua,10.5351,False
C_00329,LOT_008,168,leakage_ua,10.7067,False
C_00329,LOT_008,0,iddq_ua,26.8075,False
C_00329,LOT_008,24,iddq_ua,27.5127,False
C_00329,LOT_008,96,iddq_ua,27.9315,False
C_00329,LOT_008,168,iddq_ua,27.9273,False
C_00329,LOT_008,0,prop_delay_ns,4.4483,False
C_00329,LOT_008,24,prop_delay_ns,4.5697,False
C_00329,LOT_008,96,prop_delay_ns,4.703,False
C_00329,LOT_008,168,prop_delay_ns,4.7231,False
C_00330,LOT_008,0,leakage_ua,10.494,False
C_00330,LOT_008,24,leakage_ua,10.9329,False
C_00330,LOT_008,96,leakage_ua,10.9171,False
C_00330,LOT_008,168,leakage_ua,11.1406,False
C_00330,LOT_008,0,iddq_ua,28.7237,False
C_00330,LOT_008,24,iddq_ua,29.1822,False
C_00330,LOT_008,96,iddq_ua,31.0714,False
C_00330,LOT_008,168,iddq_ua,29.8512,False
C_00330,LOT_008,0,prop_delay_ns,3.9096,False
C_00330,LOT_008,24,prop_delay_ns,4.0713,False
C_00330,LOT_008,96,prop_delay_ns,4.0208,False
C_00330,LOT_008,168,prop_delay_ns,3.9284,False
C_00331,LOT_008,0,leakage_ua,9.9994,False
C_00331,LOT_008,24,leakage_ua,10.3776,False
C_00331,LOT_008,96,leakage_ua,10.22,False
C_00331,LOT_008,168,leakage_ua,10.6157,False
C_00331,LOT_008,0,iddq_ua,28.7107,False
C_00331,LOT_008,24,iddq_ua,28.9349,False
C_00331,LOT_008,96,iddq_ua,29.4166,False
C_00331,LOT_008,168,iddq_ua,29.6515,False
C_00331,LOT_008,0,prop_delay_ns,4.1589,False
C_00331,LOT_008,24,prop_delay_ns,4.1865,False
C_00331,LOT_008,96,prop_delay_ns,4.188,False
C_00331,LOT_008,168,prop_delay_ns,4.2779,False
C_00332,LOT_008,0,leakage_ua,9.905,False
C_00332,LOT_008,24,leakage_ua,9.7269,False
C_00332,LOT_008,96,leakage_ua,9.9547,False
C_00332,LOT_008,168,leakage_ua,9.9758,False
C_00332,LOT_008,0,iddq_ua,27.6289,False
C_00332,LOT_008,24,iddq_ua,28.2018,False
C_00332,LOT_008,96,iddq_ua,27.183,False
C_00332,LOT_008,168,iddq_ua,28.179,False
C_00332,LOT_008,0,prop_delay_ns,4.6155,False
C_00332,LOT_008,24,prop_delay_ns,4.5838,False
C_00332,LOT_008,96,prop_delay_ns,4.535,False
C_00332,LOT_008,168,prop_delay_ns,4.5225,False
C_00333,LOT_008,0,leakage_ua,10.4684,False
C_00333,LOT_008,24,leakage_ua,10.4243,False
C_00333,LOT_008,96,leakage_ua,11.3061,False
C_00333,LOT_008,168,leakage_ua,11.8133,False
C_00333,LOT_008,0,iddq_ua,25.8027,False
C_00333,LOT_008,24,iddq_ua,27.046,False
C_00333,LOT_008,96,iddq_ua,26.906,False
C_00333,LOT_008,168,iddq_ua,27.2633,False
C_00333,LOT_008,0,prop_delay_ns,4.2362,False
C_00333,LOT_008,24,prop_delay_ns,4.325,False
C_00333,LOT_008,96,prop_delay_ns,4.3542,False
C_00333,LOT_008,168,prop_delay_ns,4.4349,False
C_00334,LOT_008,0,leakage_ua,8.5728,False
C_00334,LOT_008,24,leakage_ua,8.9029,False
C_00334,LOT_008,96,leakage_ua,9.0,False
C_00334,LOT_008,168,leakage_ua,8.9673,False
C_00334,LOT_008,0,iddq_ua,29.0475,False
C_00334,LOT_008,24,iddq_ua,30.321,False
C_00334,LOT_008,96,iddq_ua,29.9401,False
C_00334,LOT_008,168,iddq_ua,30.272,False
C_00334,LOT_008,0,prop_delay_ns,4.0712,False
C_00334,LOT_008,24,prop_delay_ns,4.0988,False
C_00334,LOT_008,96,prop_delay_ns,4.1317,False
C_00334,LOT_008,168,prop_delay_ns,4.0021,False
C_00335,LOT_008,0,leakage_ua,9.5377,False
C_00335,LOT_008,24,leakage_ua,9.7464,False
C_00335,LOT_008,96,leakage_ua,10.1201,False
C_00335,LOT_008,168,leakage_ua,10.2751,False
C_00335,LOT_008,0,iddq_ua,27.4277,False
C_00335,LOT_008,24,iddq_ua,27.0917,False
C_00335,LOT_008,96,iddq_ua,27.9971,False
C_00335,LOT_008,168,iddq_ua,28.0489,False
C_00335,LOT_008,0,prop_delay_ns,3.7728,False
C_00335,LOT_008,24,prop_delay_ns,3.7477,False
C_00335,LOT_008,96,prop_delay_ns,3.8699,False
C_00335,LOT_008,168,prop_delay_ns,3.7679,False
C_00336,LOT_008,0,leakage_ua,8.4319,False
C_00336,LOT_008,24,leakage_ua,8.7282,False
C_00336,LOT_008,96,leakage_ua,9.0019,False
C_00336,LOT_008,168,leakage_ua,9.4187,False
C_00336,LOT_008,0,iddq_ua,25.5381,False
C_00336,LOT_008,24,iddq_ua,24.9178,False
C_00336,LOT_008,96,iddq_ua,25.8683,False
C_00336,LOT_008,168,iddq_ua,24.9437,False
C_00336,LOT_008,0,prop_delay_ns,4.1485,False
C_00336,LOT_008,24,prop_delay_ns,4.2962,False
C_00336,LOT_008,96,prop_delay_ns,4.1218,False
C_00336,LOT_008,168,prop_delay_ns,4.1957,False
C_00337,LOT_008,0,leakage_ua,9.6204,False
C_00337,LOT_008,24,leakage_ua,9.6867,False
C_00337,LOT_008,96,leakage_ua,10.0258,False
C_00337,LOT_008,168,leakage_ua,10.1124,False
C_00337,LOT_008,0,iddq_ua,28.344,False
C_00337,LOT_008,24,iddq_ua,28.6466,False
C_00337,LOT_008,96,iddq_ua,29.6162,False
C_00337,LOT_008,168,iddq_ua,28.8041,False
C_00337,LOT_008,0,prop_delay_ns,4.3754,False
C_00337,LOT_008,24,prop_delay_ns,4.3079,False
C_00337,LOT_008,96,prop_delay_ns,4.6637,False
C_00337,LOT_008,168,prop_delay_ns,4.6267,False
C_00338,LOT_008,0,leakage_ua,10.8513,False
C_00338,LOT_008,24,leakage_ua,10.6206,False
C_00338,LOT_008,96,leakage_ua,11.0193,False
C_00338,LOT_008,168,leakage_ua,11.4136,False
C_00338,LOT_008,0,iddq_ua,28.5447,False
C_00338,LOT_008,24,iddq_ua,27.6515,False
C_00338,LOT_008,96,iddq_ua,28.9429,False
C_00338,LOT_008,168,iddq_ua,30.4287,False
C_00338,LOT_008,0,prop_delay_ns,3.8543,False
C_00338,LOT_008,24,prop_delay_ns,3.7224,False
C_00338,LOT_008,96,prop_delay_ns,3.7512,False
C_00338,LOT_008,168,prop_delay_ns,3.8215,False
C_00339,LOT_008,0,leakage_ua,9.9632,False
C_00339,LOT_008,24,leakage_ua,10.2495,False
C_00339,LOT_008,96,leakage_ua,10.4162,False
C_00339,LOT_008,168,leakage_ua,10.913,False
C_00339,LOT_008,0,iddq_ua,28.6492,False
C_00339,LOT_008,24,iddq_ua,28.5126,False
C_00339,LOT_008,96,iddq_ua,29.0918,False
C_00339,LOT_008,168,iddq_ua,30.5583,False
C_00339,LOT_008,0,prop_delay_ns,4.0822,False
C_00339,LOT_008,24,prop_delay_ns,4.2537,False
C_00339,LOT_008,96,prop_delay_ns,4.4129,False
C_00339,LOT_008,168,prop_delay_ns,4.341,False
C_00340,LOT_008,0,leakage_ua,8.293,False
C_00340,LOT_008,24,leakage_ua,8.486,False
C_00340,LOT_008,96,leakage_ua,8.4614,False
C_00340,LOT_008,168,leakage_ua,8.5945,False
C_00340,LOT_008,0,iddq_ua,24.9723,False
C_00340,LOT_008,24,iddq_ua,25.668,False
C_00340,LOT_008,96,iddq_ua,27.4102,False
C_00340,LOT_008,168,iddq_ua,26.7699,False
C_00340,LOT_008,0,prop_delay_ns,4.261,False
C_00340,LOT_008,24,prop_delay_ns,4.0217,False
C_00340,LOT_008,96,prop_delay_ns,4.1904,False
C_00340,LOT_008,168,prop_delay_ns,4.2577,False
C_00341,LOT_008,0,leakage_ua,9.4512,False
C_00341,LOT_008,24,leakage_ua,9.5171,False
C_00341,LOT_008,96,leakage_ua,9.9582,False
C_00341,LOT_008,168,leakage_ua,9.6188,False
C_00341,LOT_008,0,iddq_ua,28.6158,False
C_00341,LOT_008,24,iddq_ua,29.4908,False
C_00341,LOT_008,96,iddq_ua,29.3939,False
C_00341,LOT_008,168,iddq_ua,30.0664,False
C_00341,LOT_008,0,prop_delay_ns,3.7883,False
C_00341,LOT_008,24,prop_delay_ns,3.8026,False
C_00341,LOT_008,96,prop_delay_ns,3.7449,False
C_00341,LOT_008,168,prop_delay_ns,3.9096,False
C_00342,LOT_008,0,leakage_ua,10.2203,False
C_00342,LOT_008,24,leakage_ua,10.3493,False
C_00342,LOT_008,96,leakage_ua,10.4748,False
C_00342,LOT_008,168,leakage_ua,11.3261,False
C_00342,LOT_008,0,iddq_ua,29.0837,False
C_00342,LOT_008,24,iddq_ua,28.5479,False
C_00342,LOT_008,96,iddq_ua,29.7226,False
C_00342,LOT_008,168,iddq_ua,29.6534,False
C_00342,LOT_008,0,prop_delay_ns,3.9179,False
C_00342,LOT_008,24,prop_delay_ns,4.1789,False
C_00342,LOT_008,96,prop_delay_ns,4.1073,False
C_00342,LOT_008,168,prop_delay_ns,4.0901,False
C_00343,LOT_008,0,leakage_ua,10.3433,False
C_00343,LOT_008,24,leakage_ua,10.6174,False
C_00343,LOT_008,96,leakage_ua,10.8812,False
C_00343,LOT_008,168,leakage_ua,10.9438,False
C_00343,LOT_008,0,iddq_ua,28.0282,False
C_00343,LOT_008,24,iddq_ua,28.5597,False
C_00343,LOT_008,96,iddq_ua,28.6768,False
C_00343,LOT_008,168,iddq_ua,29.055,False
C_00343,LOT_008,0,prop_delay_ns,3.9879,False
C_00343,LOT_008,24,prop_delay_ns,4.0837,False
C_00343,LOT_008,96,prop_delay_ns,4.1991,False
C_00343,LOT_008,168,prop_delay_ns,4.1682,False
C_00344,LOT_008,0,leakage_ua,10.4152,False
C_00344,LOT_008,24,leakage_ua,10.5108,False
C_00344,LOT_008,96,leakage_ua,10.7302,False
C_00344,LOT_008,168,leakage_ua,10.8968,False
C_00344,LOT_008,0,iddq_ua,31.0292,False
C_00344,LOT_008,24,iddq_ua,31.2374,False
C_00344,LOT_008,96,iddq_ua,30.2382,False
C_00344,LOT_008,168,iddq_ua,32.3592,False
C_00344,LOT_008,0,prop_delay_ns,3.9196,False
C_00344,LOT_008,24,prop_delay_ns,4.2008,False
C_00344,LOT_008,96,prop_delay_ns,4.0092,False
C_00344,LOT_008,168,prop_delay_ns,4.2117,False
C_00345,LOT_008,0,leakage_ua,9.7766,False
C_00345,LOT_008,24,leakage_ua,9.6987,False
C_00345,LOT_008,96,leakage_ua,10.0313,False
C_00345,LOT_008,168,leakage_ua,10.4378,False
C_00345,LOT_008,0,iddq_ua,28.609,False
C_00345,LOT_008,24,iddq_ua,28.5117,False
C_00345,LOT_008,96,iddq_ua,29.5256,False
C_00345,LOT_008,168,iddq_ua,29.1992,False
C_00345,LOT_008,0,prop_delay_ns,3.8332,False
C_00345,LOT_008,24,prop_delay_ns,3.8471,False
C_00345,LOT_008,96,prop_delay_ns,4.0309,False
C_00345,LOT_008,168,prop_delay_ns,3.9475,False
C_00346,LOT_008,0,leakage_ua,9.5746,False
C_00346,LOT_008,24,leakage_ua,10.1256,False
C_00346,LOT_008,96,leakage_ua,10.3641,False
C_00346,LOT_008,168,leakage_ua,10.4371,False
C_00346,LOT_008,0,iddq_ua,27.9052,False
C_00346,LOT_008,24,iddq_ua,28.4394,False
C_00346,LOT_008,96,iddq_ua,27.8081,False
C_00346,LOT_008,168,iddq_ua,28.9871,False
C_00346,LOT_008,0,prop_delay_ns,4.0222,False
C_00346,LOT_008,24,prop_delay_ns,4.0443,False
C_00346,LOT_008,96,prop_delay_ns,4.2097,False
C_00346,LOT_008,168,prop_delay_ns,4.1654,False
C_00347,LOT_008,0,leakage_ua,10.3569,False
C_00347,LOT_008,24,leakage_ua,10.7301,False
C_00347,LOT_008,96,leakage_ua,10.4541,False
C_00347,LOT_008,168,leakage_ua,10.6957,False
C_00347,LOT_008,0,iddq_ua,29.7498,False
C_00347,LOT_008,24,iddq_ua,29.3683,False
C_00347,LOT_008,96,iddq_ua,29.0143,False
C_00347,LOT_008,168,iddq_ua,28.8336,False
C_00347,LOT_008,0,prop_delay_ns,3.7969,False
C_00347,LOT_008,24,prop_delay_ns,3.7285,False
C_00347,LOT_008,96,prop_delay_ns,3.7192,False
C_00347,LOT_008,168,prop_delay_ns,3.7962,False
C_00348,LOT_008,0,leakage_ua,10.0447,False
C_00348,LOT_008,24,leakage_ua,10.1078,False
C_00348,LOT_008,96,leakage_ua,10.3459,False
C_00348,LOT_008,168,leakage_ua,10.8032,False
C_00348,LOT_008,0,iddq_ua,29.1569,False
C_00348,LOT_008,24,iddq_ua,28.313,False
C_00348,LOT_008,96,iddq_ua,29.1993,False
C_00348,LOT_008,168,iddq_ua,29.312,False
C_00348,LOT_008,0,prop_delay_ns,4.2346,False
C_00348,LOT_008,24,prop_delay_ns,3.899,False
C_00348,LOT_008,96,prop_delay_ns,4.0214,False
C_00348,LOT_008,168,prop_delay_ns,4.016,False
C_00349,LOT_008,0,leakage_ua,9.5579,False
C_00349,LOT_008,24,leakage_ua,9.3364,False
C_00349,LOT_008,96,leakage_ua,9.7212,False
C_00349,LOT_008,168,leakage_ua,9.7005,False
C_00349,LOT_008,0,iddq_ua,28.1456,False
C_00349,LOT_008,24,iddq_ua,29.1528,False
C_00349,LOT_008,96,iddq_ua,29.2926,False
C_00349,LOT_008,168,iddq_ua,29.3018,False
C_00349,LOT_008,0,prop_delay_ns,4.2595,False
C_00349,LOT_008,24,prop_delay_ns,4.4435,False
C_00349,LOT_008,96,prop_delay_ns,4.347,False
C_00349,LOT_008,168,prop_delay_ns,4.4825,False
C_00350,LOT_008,0,leakage_ua,9.9154,False
C_00350,LOT_008,24,leakage_ua,9.8696,False
C_00350,LOT_008,96,leakage_ua,10.3791,False
C_00350,LOT_008,168,leakage_ua,9.8618,False
C_00350,LOT_008,0,iddq_ua,27.792,False
C_00350,LOT_008,24,iddq_ua,28.2584,False
C_00350,LOT_008,96,iddq_ua,27.3671,False
C_00350,LOT_008,168,iddq_ua,27.5651,False
C_00350,LOT_008,0,prop_delay_ns,3.8335,False
C_00350,LOT_008,24,prop_delay_ns,3.7675,False
C_00350,LOT_008,96,prop_delay_ns,3.8276,False
C_00350,LOT_008,168,prop_delay_ns,3.9819,False
C_00351,LOT_008,0,leakage_ua,8.7502,False
C_00351,LOT_008,24,leakage_ua,9.1736,False
C_00351,LOT_008,96,leakage_ua,9.2121,False
C_00351,LOT_008,168,leakage_ua,9.0467,False
C_00351,LOT_008,0,iddq_ua,27.1513,False
C_00351,LOT_008,24,iddq_ua,28.8416,False
C_00351,LOT_008,96,iddq_ua,27.8877,False
C_00351,LOT_008,168,iddq_ua,29.3263,False
C_00351,LOT_008,0,prop_delay_ns,3.972,False
C_00351,LOT_008,24,prop_delay_ns,4.0894,False
C_00351,LOT_008,96,prop_delay_ns,3.9172,False
C_00351,LOT_008,168,prop_delay_ns,4.1461,False
C_00352,LOT_008,0,leakage_ua,9.6386,False
C_00352,LOT_008,24,leakage_ua,9.8506,False
C_00352,LOT_008,96,leakage_ua,10.2274,False
C_00352,LOT_008,168,leakage_ua,10.6112,False
C_00352,LOT_008,0,iddq_ua,24.6072,False
C_00352,LOT_008,24,iddq_ua,25.3097,False
C_00352,LOT_008,96,iddq_ua,25.5604,False
C_00352,LOT_008,168,iddq_ua,25.4663,False
C_00352,LOT_008,0,prop_delay_ns,3.6064,False
C_00352,LOT_008,24,prop_delay_ns,3.7033,False
C_00352,LOT_008,96,prop_delay_ns,3.8033,False
C_00352,LOT_008,168,prop_delay_ns,3.7213,False
C_00353,LOT_008,0,leakage_ua,9.3879,False
C_00353,LOT_008,24,leakage_ua,9.2019,False
C_00353,LOT_008,96,leakage_ua,9.4653,False
C_00353,LOT_008,168,leakage_ua,9.8597,False
C_00353,LOT_008,0,iddq_ua,27.423,False
C_00353,LOT_008,24,iddq_ua,28.1944,False
C_00353,LOT_008,96,iddq_ua,28.6937,False
C_00353,LOT_008,168,iddq_ua,28.8406,False
C_00353,LOT_008,0,prop_delay_ns,3.9901,False
C_00353,LOT_008,24,prop_delay_ns,4.2806,False
C_00353,LOT_008,96,prop_delay_ns,4.1256,False
C_00353,LOT_008,168,prop_delay_ns,4.2217,False
C_00354,LOT_008,0,leakage_ua,9.7871,False
C_00354,LOT_008,24,leakage_ua,9.8695,False
C_00354,LOT_008,96,leakage_ua,10.377,False
C_00354,LOT_008,168,leakage_ua,10.0597,False
C_00354,LOT_008,0,iddq_ua,26.7342,False
C_00354,LOT_008,24,iddq_ua,27.7246,False
C_00354,LOT_008,96,iddq_ua,28.226,False
C_00354,LOT_008,168,iddq_ua,27.8175,False
C_00354,LOT_008,0,prop_delay_ns,3.6917,False
C_00354,LOT_008,24,prop_delay_ns,3.8332,False
C_00354,LOT_008,96,prop_delay_ns,3.8384,False
C_00354,LOT_008,168,prop_delay_ns,3.8783,False
C_00355,LOT_008,0,leakage_ua,9.3509,False
C_00355,LOT_008,24,leakage_ua,9.05,False
C_00355,LOT_008,96,leakage_ua,9.8459,False
C_00355,LOT_008,168,leakage_ua,9.6406,False
C_00355,LOT_008,0,iddq_ua,29.5502,False
C_00355,LOT_008,24,iddq_ua,29.5241,False
C_00355,LOT_008,96,iddq_ua,30.9657,False
C_00355,LOT_008,168,iddq_ua,29.8652,False
C_00355,LOT_008,0,prop_delay_ns,4.2213,False
C_00355,LOT_008,24,prop_delay_ns,4.1174,False
C_00355,LOT_008,96,prop_delay_ns,4.3669,False
C_00355,LOT_008,168,prop_delay_ns,4.4043,False
C_00356,LOT_008,0,leakage_ua,10.0928,False
C_00356,LOT_008,24,leakage_ua,10.8641,False
C_00356,LOT_008,96,leakage_ua,11.021,False
C_00356,LOT_008,168,leakage_ua,11.1869,False
C_00356,LOT_008,0,iddq_ua,27.7773,False
C_00356,LOT_008,24,iddq_ua,28.8653,False
C_00356,LOT_008,96,iddq_ua,29.1011,False
C_00356,LOT_008,168,iddq_ua,29.0021,False
C_00356,LOT_008,0,prop_delay_ns,4.2794,False
C_00356,LOT_008,24,prop_delay_ns,4.3474,False
C_00356,LOT_008,96,prop_delay_ns,4.4468,False
C_00356,LOT_008,168,prop_delay_ns,4.1444,False
C_00357,LOT_008,0,leakage_ua,9.5405,False
C_00357,LOT_008,24,leakage_ua,9.9376,False
C_00357,LOT_008,96,leakage_ua,9.7638,False
C_00357,LOT_008,168,leakage_ua,9.9506,False
C_00357,LOT_008,0,iddq_ua,26.4256,False
C_00357,LOT_008,24,iddq_ua,26.6409,False
C_00357,LOT_008,96,iddq_ua,26.6789,False
C_00357,LOT_008,168,iddq_ua,27.8181,False
C_00357,LOT_008,0,prop_delay_ns,4.1115,False
C_00357,LOT_008,24,prop_delay_ns,4.0963,False
C_00357,LOT_008,96,prop_delay_ns,4.1886,False
C_00357,LOT_008,168,prop_delay_ns,4.2836,False
C_00358,LOT_008,0,leakage_ua,10.2242,False
C_00358,LOT_008,24,leakage_ua,10.6294,False
C_00358,LOT_008,96,leakage_ua,10.6303,False
C_00358,LOT_008,168,leakage_ua,11.0554,False
C_00358,LOT_008,0,iddq_ua,25.5053,False
C_00358,LOT_008,24,iddq_ua,25.6797,False
C_00358,LOT_008,96,iddq_ua,26.9605,False
C_00358,LOT_008,168,iddq_ua,26.7954,False
C_00358,LOT_008,0,prop_delay_ns,4.1417,False
C_00358,LOT_008,24,prop_delay_ns,3.9697,False
C_00358,LOT_008,96,prop_delay_ns,3.9536,False
C_00358,LOT_008,168,prop_delay_ns,4.1471,False
C_00359,LOT_008,0,leakage_ua,11.503,False
C_00359,LOT_008,24,leakage_ua,11.285,False
C_00359,LOT_008,96,leakage_ua,11.4511,False
C_00359,LOT_008,168,leakage_ua,11.9468,False
C_00359,LOT_008,0,iddq_ua,27.6764,False
C_00359,LOT_008,24,iddq_ua,29.7219,False
C_00359,LOT_008,96,iddq_ua,29.5121,False
C_00359,LOT_008,168,iddq_ua,29.7767,False
C_00359,LOT_008,0,prop_delay_ns,3.6594,False
C_00359,LOT_008,24,prop_delay_ns,3.7341,False
C_00359,LOT_008,96,prop_delay_ns,3.7944,False
C_00359,LOT_008,168,prop_delay_ns,3.9392,False
C_00360,LOT_008,0,leakage_ua,10.6281,False
C_00360,LOT_008,24,leakage_ua,10.4709,False
C_00360,LOT_008,96,leakage_ua,10.9813,False
C_00360,LOT_008,168,leakage_ua,10.9346,False
C_00360,LOT_008,0,iddq_ua,24.0638,False
C_00360,LOT_008,24,iddq_ua,25.8611,False
C_00360,LOT_008,96,iddq_ua,25.7603,False
C_00360,LOT_008,168,iddq_ua,27.1695,False
C_00360,LOT_008,0,prop_delay_ns,3.9934,False
C_00360,LOT_008,24,prop_delay_ns,4.0282,False
C_00360,LOT_008,96,prop_delay_ns,3.9943,False
C_00360,LOT_008,168,prop_delay_ns,4.0689,False
C_00361,LOT_009,0,leakage_ua,11.7248,False
C_00361,LOT_009,24,leakage_ua,11.8906,False
C_00361,LOT_009,96,leakage_ua,11.8393,False
C_00361,LOT_009,168,leakage_ua,11.6238,False
C_00361,LOT_009,0,iddq_ua,25.2867,False
C_00361,LOT_009,24,iddq_ua,24.5966,False
C_00361,LOT_009,96,iddq_ua,25.3525,False
C_00361,LOT_009,168,iddq_ua,27.4794,False
C_00361,LOT_009,0,prop_delay_ns,4.1179,False
C_00361,LOT_009,24,prop_delay_ns,4.21,False
C_00361,LOT_009,96,prop_delay_ns,4.1234,False
C_00361,LOT_009,168,prop_delay_ns,4.3462,False
C_00362,LOT_009,0,leakage_ua,11.5495,False
C_00362,LOT_009,24,leakage_ua,11.3037,False
C_00362,LOT_009,96,leakage_ua,11.9047,False
C_00362,LOT_009,168,leakage_ua,11.5123,False
C_00362,LOT_009,0,iddq_ua,26.8899,False
C_00362,LOT_009,24,iddq_ua,27.1019,False
C_00362,LOT_009,96,iddq_ua,27.0662,False
C_00362,LOT_009,168,iddq_ua,28.017,False
C_00362,LOT_009,0,prop_delay_ns,4.4538,False
C_00362,LOT_009,24,prop_delay_ns,4.4487,False
C_00362,LOT_009,96,prop_delay_ns,4.5198,False
C_00362,LOT_009,168,prop_delay_ns,4.4681,False
C_00363,LOT_009,0,leakage_ua,10.9894,False
C_00363,LOT_009,24,leakage_ua,11.6404,False
C_00363,LOT_009,96,leakage_ua,11.0093,False
C_00363,LOT_009,168,leakage_ua,11.4794,False
C_00363,LOT_009,0,iddq_ua,25.8607,False
C_00363,LOT_009,24,iddq_ua,26.9485,False
C_00363,LOT_009,96,iddq_ua,26.5218,False
C_00363,LOT_009,168,iddq_ua,27.1693,False
C_00363,LOT_009,0,prop_delay_ns,3.9136,False
C_00363,LOT_009,24,prop_delay_ns,3.8135,False
C_00363,LOT_009,96,prop_delay_ns,4.0008,False
C_00363,LOT_009,168,prop_delay_ns,3.852,False
C_00364,LOT_009,0,leakage_ua,10.2117,False
C_00364,LOT_009,24,leakage_ua,10.4242,False
C_00364,LOT_009,96,leakage_ua,10.6404,False
C_00364,LOT_009,168,leakage_ua,10.2651,False
C_00364,LOT_009,0,iddq_ua,27.629,False
C_00364,LOT_009,24,iddq_ua,27.5773,False
C_00364,LOT_009,96,iddq_ua,28.6927,False
C_00364,LOT_009,168,iddq_ua,29.0571,False
C_00364,LOT_009,0,prop_delay_ns,4.715,False
C_00364,LOT_009,24,prop_delay_ns,4.7139,False
C_00364,LOT_009,96,prop_delay_ns,4.7618,False
C_00364,LOT_009,168,prop_delay_ns,4.7485,False
C_00365,LOT_009,0,leakage_ua,9.8855,False
C_00365,LOT_009,24,leakage_ua,10.2721,False
C_00365,LOT_009,96,leakage_ua,10.0149,False
C_00365,LOT_009,168,leakage_ua,10.2469,False
C_00365,LOT_009,0,iddq_ua,26.9589,False
C_00365,LOT_009,24,iddq_ua,25.3538,False
C_00365,LOT_009,96,iddq_ua,26.5673,False
C_00365,LOT_009,168,iddq_ua,27.8113,False
C_00365,LOT_009,0,prop_delay_ns,4.7093,False
C_00365,LOT_009,24,prop_delay_ns,4.7616,False
C_00365,LOT_009,96,prop_delay_ns,4.7065,False
C_00365,LOT_009,168,prop_delay_ns,4.7658,False
C_00366,LOT_009,0,leakage_ua,11.625,False
C_00366,LOT_009,24,leakage_ua,11.7386,False
C_00366,LOT_009,96,leakage_ua,12.5862,False
C_00366,LOT_009,168,leakage_ua,12.6469,False
C_00366,LOT_009,0,iddq_ua,25.5398,False
C_00366,LOT_009,24,iddq_ua,26.6847,False
C_00366,LOT_009,96,iddq_ua,27.3994,False
C_00366,LOT_009,168,iddq_ua,27.7626,False
C_00366,LOT_009,0,prop_delay_ns,4.8083,False
C_00366,LOT_009,24,prop_delay_ns,4.5436,False
C_00366,LOT_009,96,prop_delay_ns,4.6349,False
C_00366,LOT_009,168,prop_delay_ns,4.7824,False
C_00367,LOT_009,0,leakage_ua,12.8224,False
C_00367,LOT_009,24,leakage_ua,12.3299,False
C_00367,LOT_009,96,leakage_ua,12.7322,False
C_00367,LOT_009,168,leakage_ua,12.874,False
C_00367,LOT_009,0,iddq_ua,26.9742,False
C_00367,LOT_009,24,iddq_ua,28.2192,False
C_00367,LOT_009,96,iddq_ua,30.2295,False
C_00367,LOT_009,168,iddq_ua,28.7582,False
C_00367,LOT_009,0,prop_delay_ns,4.4304,False
C_00367,LOT_009,24,prop_delay_ns,4.4151,False
C_00367,LOT_009,96,prop_delay_ns,4.4785,False
C_00367,LOT_009,168,prop_delay_ns,4.6504,False
C_00368,LOT_009,0,leakage_ua,10.7803,False
C_00368,LOT_009,24,leakage_ua,10.5024,False
C_00368,LOT_009,96,leakage_ua,11.1417,False
C_00368,LOT_009,168,leakage_ua,11.2902,False
C_00368,LOT_009,0,iddq_ua,22.1966,False
C_00368,LOT_009,24,iddq_ua,21.853,False
C_00368,LOT_009,96,iddq_ua,21.9826,False
C_00368,LOT_009,168,iddq_ua,22.8553,False
C_00368,LOT_009,0,prop_delay_ns,4.1824,False
C_00368,LOT_009,24,prop_delay_ns,4.3866,False
C_00368,LOT_009,96,prop_delay_ns,4.3733,False
C_00368,LOT_009,168,prop_delay_ns,4.4521,False
C_00369,LOT_009,0,leakage_ua,10.6347,False
C_00369,LOT_009,24,leakage_ua,10.8508,False
C_00369,LOT_009,96,leakage_ua,11.0266,False
C_00369,LOT_009,168,leakage_ua,10.8997,False
C_00369,LOT_009,0,iddq_ua,23.8791,False
C_00369,LOT_009,24,iddq_ua,24.8957,False
C_00369,LOT_009,96,iddq_ua,25.2068,False
C_00369,LOT_009,168,iddq_ua,24.599,False
C_00369,LOT_009,0,prop_delay_ns,4.6548,False
C_00369,LOT_009,24,prop_delay_ns,4.7232,False
C_00369,LOT_009,96,prop_delay_ns,4.7002,False
C_00369,LOT_009,168,prop_delay_ns,4.7681,False
C_00370,LOT_009,0,leakage_ua,10.9112,False
C_00370,LOT_009,24,leakage_ua,11.0747,False
C_00370,LOT_009,96,leakage_ua,11.1867,False
C_00370,LOT_009,168,leakage_ua,11.1813,False
C_00370,LOT_009,0,iddq_ua,23.973,False
C_00370,LOT_009,24,iddq_ua,24.7707,False
C_00370,LOT_009,96,iddq_ua,24.5315,False
C_00370,LOT_009,168,iddq_ua,25.7711,False
C_00370,LOT_009,0,prop_delay_ns,4.2693,False
C_00370,LOT_009,24,prop_delay_ns,4.4481,False
C_00370,LOT_009,96,prop_delay_ns,4.5984,False
C_00370,LOT_009,168,prop_delay_ns,4.5163,False
C_00371,LOT_009,0,leakage_ua,10.0139,False
C_00371,LOT_009,24,leakage_ua,10.0813,False
C_00371,LOT_009,96,leakage_ua,10.2607,False
C_00371,LOT_009,168,leakage_ua,10.3774,False
C_00371,LOT_009,0,iddq_ua,26.2629,False
C_00371,LOT_009,24,iddq_ua,26.4561,False
C_00371,LOT_009,96,iddq_ua,27.8063,False
C_00371,LOT_009,168,iddq_ua,27.1596,False
C_00371,LOT_009,0,prop_delay_ns,3.9848,False
C_00371,LOT_009,24,prop_delay_ns,3.9158,False
C_00371,LOT_009,96,prop_delay_ns,4.1766,False
C_00371,LOT_009,168,prop_delay_ns,3.9672,False
C_00372,LOT_009,0,leakage_ua,11.1494,False
C_00372,LOT_009,24,leakage_ua,11.0714,False
C_00372,LOT_009,96,leakage_ua,11.6659,False
C_00372,LOT_009,168,leakage_ua,11.4456,False
C_00372,LOT_009,0,iddq_ua,25.8795,False
C_00372,LOT_009,24,iddq_ua,26.2461,False
C_00372,LOT_009,96,iddq_ua,25.4429,False
C_00372,LOT_009,168,iddq_ua,26.7703,False
C_00372,LOT_009,0,prop_delay_ns,4.111,False
C_00372,LOT_009,24,prop_delay_ns,4.2358,False
C_00372,LOT_009,96,prop_delay_ns,4.1835,False
C_00372,LOT_009,168,prop_delay_ns,4.3894,False
C_00373,LOT_009,0,leakage_ua,10.5173,False
C_00373,LOT_009,24,leakage_ua,11.0368,False
C_00373,LOT_009,96,leakage_ua,10.917,False
C_00373,LOT_009,168,leakage_ua,11.0642,False
C_00373,LOT_009,0,iddq_ua,26.5541,False
C_00373,LOT_009,24,iddq_ua,26.7837,False
C_00373,LOT_009,96,iddq_ua,28.7292,False
C_00373,LOT_009,168,iddq_ua,28.6196,False
C_00373,LOT_009,0,prop_delay_ns,4.2533,False
C_00373,LOT_009,24,prop_delay_ns,4.344,False
C_00373,LOT_009,96,prop_delay_ns,4.4048,False
C_00373,LOT_009,168,prop_delay_ns,4.3792,False
C_00374,LOT_009,0,leakage_ua,10.8526,False
C_00374,LOT_009,24,leakage_ua,11.1219,False
C_00374,LOT_009,96,leakage_ua,11.3295,False
C_00374,LOT_009,168,leakage_ua,11.4035,False
C_00374,LOT_009,0,iddq_ua,24.4915,False
C_00374,LOT_009,24,iddq_ua,24.0542,False
C_00374,LOT_009,96,iddq_ua,24.0367,False
C_00374,LOT_009,168,iddq_ua,24.5177,False
C_00374,LOT_009,0,prop_delay_ns,4.0661,False
C_00374,LOT_009,24,prop_delay_ns,4.131,False
C_00374,LOT_009,96,prop_delay_ns,4.1318,False
C_00374,LOT_009,168,prop_delay_ns,4.305,False
C_00375,LOT_009,0,leakage_ua,11.0389,False
C_00375,LOT_009,24,leakage_ua,11.2395,False
C_00375,LOT_009,96,leakage_ua,11.0832,False
C_00375,LOT_009,168,leakage_ua,11.6566,False
C_00375,LOT_009,0,iddq_ua,25.6638,False
C_00375,LOT_009,24,iddq_ua,26.5138,False
C_00375,LOT_009,96,iddq_ua,25.6234,False
C_00375,LOT_009,168,iddq_ua,26.3316,False
C_00375,LOT_009,0,prop_delay_ns,4.8532,False
C_00375,LOT_009,24,prop_delay_ns,4.6779,False
C_00375,LOT_009,96,prop_delay_ns,4.7535,False
C_00375,LOT_009,168,prop_delay_ns,4.6411,False
C_00376,LOT_009,0,leakage_ua,10.7755,False
C_00376,LOT_009,24,leakage_ua,10.8275,False
C_00376,LOT_009,96,leakage_ua,11.0409,False
C_00376,LOT_009,168,leakage_ua,11.2595,False
C_00376,LOT_009,0,iddq_ua,27.1219,False
C_00376,LOT_009,24,iddq_ua,26.7772,False
C_00376,LOT_009,96,iddq_ua,27.9163,False
C_00376,LOT_009,168,iddq_ua,27.9476,False
C_00376,LOT_009,0,prop_delay_ns,4.8972,False
C_00376,LOT_009,24,prop_delay_ns,4.7712,False
C_00376,LOT_009,96,prop_delay_ns,4.8713,False
C_00376,LOT_009,168,prop_delay_ns,4.8686,False
C_00377,LOT_009,0,leakage_ua,10.7275,False
C_00377,LOT_009,24,leakage_ua,10.8805,False
C_00377,LOT_009,96,leakage_ua,10.7951,False
C_00377,LOT_009,168,leakage_ua,11.4004,False
C_00377,LOT_009,0,iddq_ua,23.4343,False
C_00377,LOT_009,24,iddq_ua,23.1483,False
C_00377,LOT_009,96,iddq_ua,24.2398,False
C_00377,LOT_009,168,iddq_ua,24.9208,False
C_00377,LOT_009,0,prop_delay_ns,4.2492,False
C_00377,LOT_009,24,prop_delay_ns,4.0194,False
C_00377,LOT_009,96,prop_delay_ns,4.4142,False
C_00377,LOT_009,168,prop_delay_ns,4.3034,False
C_00378,LOT_009,0,leakage_ua,10.6788,False
C_00378,LOT_009,24,leakage_ua,10.9891,False
C_00378,LOT_009,96,leakage_ua,10.9194,False
C_00378,LOT_009,168,leakage_ua,11.0861,False
C_00378,LOT_009,0,iddq_ua,25.5076,False
C_00378,LOT_009,24,iddq_ua,25.8839,False
C_00378,LOT_009,96,iddq_ua,26.0893,False
C_00378,LOT_009,168,iddq_ua,26.271,False
C_00378,LOT_009,0,prop_delay_ns,4.2638,False
C_00378,LOT_009,24,prop_delay_ns,4.5562,False
C_00378,LOT_009,96,prop_delay_ns,4.5536,False
C_00378,LOT_009,168,prop_delay_ns,4.4731,False
C_00379,LOT_009,0,leakage_ua,10.1745,False
C_00379,LOT_009,24,leakage_ua,10.6395,False
C_00379,LOT_009,96,leakage_ua,10.4927,False
C_00379,LOT_009,168,leakage_ua,10.4352,False
C_00379,LOT_009,0,iddq_ua,25.3095,False
C_00379,LOT_009,24,iddq_ua,25.846,False
C_00379,LOT_009,96,iddq_ua,25.357,False
C_00379,LOT_009,168,iddq_ua,25.7169,False
C_00379,LOT_009,0,prop_delay_ns,4.8194,False
C_00379,LOT_009,24,prop_delay_ns,4.9072,False
C_00379,LOT_009,96,prop_delay_ns,5.0693,False
C_00379,LOT_009,168,prop_delay_ns,4.9667,False
C_00380,LOT_009,0,leakage_ua,10.9503,False
C_00380,LOT_009,24,leakage_ua,10.7889,False
C_00380,LOT_009,96,leakage_ua,11.2549,False
C_00380,LOT_009,168,leakage_ua,11.1648,False
C_00380,LOT_009,0,iddq_ua,26.2719,False
C_00380,LOT_009,24,iddq_ua,25.2949,False
C_00380,LOT_009,96,iddq_ua,26.5332,False
C_00380,LOT_009,168,iddq_ua,27.1856,False
C_00380,LOT_009,0,prop_delay_ns,5.0771,False
C_00380,LOT_009,24,prop_delay_ns,4.8675,False
C_00380,LOT_009,96,prop_delay_ns,4.9391,False
C_00380,LOT_009,168,prop_delay_ns,5.0036,False
C_00381,LOT_009,0,leakage_ua,11.8325,True
C_00381,LOT_009,24,leakage_ua,16.5558,True
C_00381,LOT_009,96,leakage_ua,23.1519,True
C_00381,LOT_009,168,leakage_ua,27.5636,True
C_00381,LOT_009,0,iddq_ua,26.6072,True
C_00381,LOT_009,24,iddq_ua,33.0422,True
C_00381,LOT_009,96,iddq_ua,43.6745,True
C_00381,LOT_009,168,iddq_ua,49.856,True
C_00381,LOT_009,0,prop_delay_ns,4.7476,True
C_00381,LOT_009,24,prop_delay_ns,5.1214,True
C_00381,LOT_009,96,prop_delay_ns,5.4792,True
C_00381,LOT_009,168,prop_delay_ns,5.607,True
C_00382,LOT_009,0,leakage_ua,10.6698,False
C_00382,LOT_009,24,leakage_ua,10.8262,False
C_00382,LOT_009,96,leakage_ua,11.418,False
C_00382,LOT_009,168,leakage_ua,11.3903,False
C_00382,LOT_009,0,iddq_ua,27.2691,False
C_00382,LOT_009,24,iddq_ua,27.4739,False
C_00382,LOT_009,96,iddq_ua,27.4823,False
C_00382,LOT_009,168,iddq_ua,28.0707,False
C_00382,LOT_009,0,prop_delay_ns,4.7439,False
C_00382,LOT_009,24,prop_delay_ns,4.7715,False
C_00382,LOT_009,96,prop_delay_ns,4.9493,False
C_00382,LOT_009,168,prop_delay_ns,4.9184,False
C_00383,LOT_009,0,leakage_ua,11.1032,False
C_00383,LOT_009,24,leakage_ua,11.3172,False
C_00383,LOT_009,96,leakage_ua,11.422,False
C_00383,LOT_009,168,leakage_ua,11.1029,False
C_00383,LOT_009,0,iddq_ua,27.8268,False
C_00383,LOT_009,24,iddq_ua,28.2026,False
C_00383,LOT_009,96,iddq_ua,27.9571,False
C_00383,LOT_009,168,iddq_ua,28.486,False
C_00383,LOT_009,0,prop_delay_ns,4.5038,False
C_00383,LOT_009,24,prop_delay_ns,4.8393,False
C_00383,LOT_009,96,prop_delay_ns,4.7868,False
C_00383,LOT_009,168,prop_delay_ns,4.6658,False
C_00384,LOT_009,0,leakage_ua,11.3916,False
C_00384,LOT_009,24,leakage_ua,11.217,False
C_00384,LOT_009,96,leakage_ua,11.2542,False
C_00384,LOT_009,168,leakage_ua,11.7063,False
C_00384,LOT_009,0,iddq_ua,24.6574,False
C_00384,LOT_009,24,iddq_ua,25.4344,False
C_00384,LOT_009,96,iddq_ua,25.7728,False
C_00384,LOT_009,168,iddq_ua,25.3607,False
C_00384,LOT_009,0,prop_delay_ns,4.1463,False
C_00384,LOT_009,24,prop_delay_ns,4.0894,False
C_00384,LOT_009,96,prop_delay_ns,4.1802,False
C_00384,LOT_009,168,prop_delay_ns,4.2964,False
C_00385,LOT_009,0,leakage_ua,9.5742,False
C_00385,LOT_009,24,leakage_ua,9.9737,False
C_00385,LOT_009,96,leakage_ua,10.1126,False
C_00385,LOT_009,168,leakage_ua,10.3114,False
C_00385,LOT_009,0,iddq_ua,26.5617,False
C_00385,LOT_009,24,iddq_ua,26.2602,False
C_00385,LOT_009,96,iddq_ua,26.6949,False
C_00385,LOT_009,168,iddq_ua,26.9241,False
C_00385,LOT_009,0,prop_delay_ns,3.9769,False
C_00385,LOT_009,24,prop_delay_ns,4.0126,False
C_00385,LOT_009,96,prop_delay_ns,3.949,False
C_00385,LOT_009,168,prop_delay_ns,3.9787,False
C_00386,LOT_009,0,leakage_ua,12.2164,False
C_00386,LOT_009,24,leakage_ua,12.519,False
C_00386,LOT_009,96,leakage_ua,12.6334,False
C_00386,LOT_009,168,leakage_ua,12.714,False
C_00386,LOT_009,0,iddq_ua,23.1693,False
C_00386,LOT_009,24,iddq_ua,24.1413,False
C_00386,LOT_009,96,iddq_ua,24.3872,False
C_00386,LOT_009,168,iddq_ua,24.2495,False
C_00386,LOT_009,0,prop_delay_ns,4.4049,False
C_00386,LOT_009,24,prop_delay_ns,4.1756,False
C_00386,LOT_009,96,prop_delay_ns,4.1886,False
C_00386,LOT_009,168,prop_delay_ns,4.375,False
C_00387,LOT_009,0,leakage_ua,11.1574,False
C_00387,LOT_009,24,leakage_ua,11.1699,False
C_00387,LOT_009,96,leakage_ua,11.7618,False
C_00387,LOT_009,168,leakage_ua,11.4486,False
C_00387,LOT_009,0,iddq_ua,25.8039,False
C_00387,LOT_009,24,iddq_ua,26.521,False
C_00387,LOT_009,96,iddq_ua,27.4491,False
C_00387,LOT_009,168,iddq_ua,27.8523,False
C_00387,LOT_009,0,prop_delay_ns,4.5035,False
C_00387,LOT_009,24,prop_delay_ns,4.6763,False
C_00387,LOT_009,96,prop_delay_ns,4.6297,False
C_00387,LOT_009,168,prop_delay_ns,4.5674,False
C_00388,LOT_009,0,leakage_ua,10.6337,False
C_00388,LOT_009,24,leakage_ua,10.2842,False
C_00388,LOT_009,96,leakage_ua,10.5005,False
C_00388,LOT_009,168,leakage_ua,11.1633,False
C_00388,LOT_009,0,iddq_ua,25.8764,False
C_00388,LOT_009,24,iddq_ua,26.0895,False
C_00388,LOT_009,96,iddq_ua,27.3878,False
C_00388,LOT_009,168,iddq_ua,28.0675,False
C_00388,LOT_009,0,prop_delay_ns,4.1375,False
C_00388,LOT_009,24,prop_delay_ns,4.1241,False
C_00388,LOT_009,96,prop_delay_ns,4.2707,False
C_00388,LOT_009,168,prop_delay_ns,4.2939,False
C_00389,LOT_009,0,leakage_ua,11.061,False
C_00389,LOT_009,24,leakage_ua,11.1352,False
C_00389,LOT_009,96,leakage_ua,11.0421,False
C_00389,LOT_009,168,leakage_ua,11.1886,False
C_00389,LOT_009,0,iddq_ua,23.4808,False
C_00389,LOT_009,24,iddq_ua,23.4076,False
C_00389,LOT_009,96,iddq_ua,24.9428,False
C_00389,LOT_009,168,iddq_ua,24.1917,False
C_00389,LOT_009,0,prop_delay_ns,4.2713,False
C_00389,LOT_009,24,prop_delay_ns,4.4858,False
C_00389,LOT_009,96,prop_delay_ns,4.4083,False
C_00389,LOT_009,168,prop_delay_ns,4.416,False
C_00390,LOT_009,0,leakage_ua,11.8626,False
C_00390,LOT_009,24,leakage_ua,11.3628,False
C_00390,LOT_009,96,leakage_ua,11.9672,False
C_00390,LOT_009,168,leakage_ua,12.1335,False
C_00390,LOT_009,0,iddq_ua,25.6321,False
C_00390,LOT_009,24,iddq_ua,25.9869,False
C_00390,LOT_009,96,iddq_ua,26.5873,False
C_00390,LOT_009,168,iddq_ua,26.6236,False
C_00390,LOT_009,0,prop_delay_ns,4.2992,False
C_00390,LOT_009,24,prop_delay_ns,4.3644,False
C_00390,LOT_009,96,prop_delay_ns,4.4993,False
C_00390,LOT_009,168,prop_delay_ns,4.3227,False
C_00391,LOT_009,0,leakage_ua,10.4578,False
C_00391,LOT_009,24,leakage_ua,10.0232,False
C_00391,LOT_009,96,leakage_ua,10.1645,False
C_00391,LOT_009,168,leakage_ua,10.2913,False
C_00391,LOT_009,0,iddq_ua,23.9311,False
C_00391,LOT_009,24,iddq_ua,26.0456,False
C_00391,LOT_009,96,iddq_ua,26.3782,False
C_00391,LOT_009,168,iddq_ua,27.1546,False
C_00391,LOT_009,0,prop_delay_ns,4.6653,False
C_00391,LOT_009,24,prop_delay_ns,4.8648,False
C_00391,LOT_009,96,prop_delay_ns,4.7647,False
C_00391,LOT_009,168,prop_delay_ns,4.7259,False
C_00392,LOT_009,0,leakage_ua,11.6334,False
C_00392,LOT_009,24,leakage_ua,12.2212,False
C_00392,LOT_009,96,leakage_ua,12.0395,False
C_00392,LOT_009,168,leakage_ua,12.4042,False
C_00392,LOT_009,0,iddq_ua,25.5511,False
C_00392,LOT_009,24,iddq_ua,26.7722,False
C_00392,LOT_009,96,iddq_ua,27.716,False
C_00392,LOT_009,168,iddq_ua,26.872,False
C_00392,LOT_009,0,prop_delay_ns,3.9256,False
C_00392,LOT_009,24,prop_delay_ns,3.9977,False
C_00392,LOT_009,96,prop_delay_ns,3.9415,False
C_00392,LOT_009,168,prop_delay_ns,3.9728,False
C_00393,LOT_009,0,leakage_ua,11.572,False
C_00393,LOT_009,24,leakage_ua,12.0281,False
C_00393,LOT_009,96,leakage_ua,11.9149,False
C_00393,LOT_009,168,leakage_ua,11.9465,False
C_00393,LOT_009,0,iddq_ua,26.7341,False
C_00393,LOT_009,24,iddq_ua,27.02,False
C_00393,LOT_009,96,iddq_ua,27.6912,False
C_00393,LOT_009,168,iddq_ua,28.0129,False
C_00393,LOT_009,0,prop_delay_ns,3.7008,False
C_00393,LOT_009,24,prop_delay_ns,3.7478,False
C_00393,LOT_009,96,prop_delay_ns,3.8188,False
C_00393,LOT_009,168,prop_delay_ns,3.7814,False
C_00394,LOT_009,0,leakage_ua,10.9684,False
C_00394,LOT_009,24,leakage_ua,11.6799,False
C_00394,LOT_009,96,leakage_ua,11.6084,False
C_00394,LOT_009,168,leakage_ua,12.0944,False
C_00394,LOT_009,0,iddq_ua,25.823,False
C_00394,LOT_009,24,iddq_ua,27.3934,False
C_00394,LOT_009,96,iddq_ua,26.8342,False
C_00394,LOT_009,168,iddq_ua,26.3917,False
C_00394,LOT_009,0,prop_delay_ns,4.1928,False
C_00394,LOT_009,24,prop_delay_ns,4.2644,False
C_00394,LOT_009,96,prop_delay_ns,4.2969,False
C_00394,LOT_009,168,prop_delay_ns,4.2872,False
C_00395,LOT_009,0,leakage_ua,11.5861,False
C_00395,LOT_009,24,leakage_ua,11.2182,False
C_00395,LOT_009,96,leakage_ua,11.499,False
C_00395,LOT_009,168,leakage_ua,11.7435,False
C_00395,LOT_009,0,iddq_ua,25.3716,False
C_00395,LOT_009,24,iddq_ua,25.9216,False
C_00395,LOT_009,96,iddq_ua,26.8746,False
C_00395,LOT_009,168,iddq_ua,26.7266,False
C_00395,LOT_009,0,prop_delay_ns,4.3822,False
C_00395,LOT_009,24,prop_delay_ns,4.3018,False
C_00395,LOT_009,96,prop_delay_ns,4.2471,False
C_00395,LOT_009,168,prop_delay_ns,4.4279,False
C_00396,LOT_009,0,leakage_ua,11.4686,False
C_00396,LOT_009,24,leakage_ua,12.6062,False
C_00396,LOT_009,96,leakage_ua,12.4817,False
C_00396,LOT_009,168,leakage_ua,12.5465,False
C_00396,LOT_009,0,iddq_ua,26.7118,False
C_00396,LOT_009,24,iddq_ua,27.6595,False
C_00396,LOT_009,96,iddq_ua,27.3944,False
C_00396,LOT_009,168,iddq_ua,28.7876,False
C_00396,LOT_009,0,prop_delay_ns,4.3947,False
C_00396,LOT_009,24,prop_delay_ns,4.3617,False
C_00396,LOT_009,96,prop_delay_ns,4.5364,False
C_00396,LOT_009,168,prop_delay_ns,4.618,False
C_00397,LOT_009,0,leakage_ua,10.9129,False
C_00397,LOT_009,24,leakage_ua,11.1273,False
C_00397,LOT_009,96,leakage_ua,11.4647,False
C_00397,LOT_009,168,leakage_ua,11.3166,False
C_00397,LOT_009,0,iddq_ua,26.5484,False
C_00397,LOT_009,24,iddq_ua,27.0683,False
C_00397,LOT_009,96,iddq_ua,28.4969,False
C_00397,LOT_009,168,iddq_ua,29.8889,False
C_00397,LOT_009,0,prop_delay_ns,4.2422,False
C_00397,LOT_009,24,prop_delay_ns,4.362,False
C_00397,LOT_009,96,prop_delay_ns,4.2577,False
C_00397,LOT_009,168,prop_delay_ns,4.2483,False
C_00398,LOT_009,0,leakage_ua,11.2319,False
C_00398,LOT_009,24,leakage_ua,11.1699,False
C_00398,LOT_009,96,leakage_ua,11.4546,False
C_00398,LOT_009,168,leakage_ua,11.567,False
C_00398,LOT_009,0,iddq_ua,25.3017,False
C_00398,LOT_009,24,iddq_ua,25.0052,False
C_00398,LOT_009,96,iddq_ua,24.733,False
C_00398,LOT_009,168,iddq_ua,24.9052,False
C_00398,LOT_009,0,prop_delay_ns,3.9885,False
C_00398,LOT_009,24,prop_delay_ns,3.9976,False
C_00398,LOT_009,96,prop_delay_ns,4.0104,False
C_00398,LOT_009,168,prop_delay_ns,4.0706,False
C_00399,LOT_009,0,leakage_ua,9.4227,False
C_00399,LOT_009,24,leakage_ua,9.5397,False
C_00399,LOT_009,96,leakage_ua,9.1291,False
C_00399,LOT_009,168,leakage_ua,9.4185,False
C_00399,LOT_009,0,iddq_ua,23.3586,False
C_00399,LOT_009,24,iddq_ua,23.6979,False
C_00399,LOT_009,96,iddq_ua,24.8214,False
C_00399,LOT_009,168,iddq_ua,25.1408,False
C_00399,LOT_009,0,prop_delay_ns,4.8029,False
C_00399,LOT_009,24,prop_delay_ns,4.8283,False
C_00399,LOT_009,96,prop_delay_ns,4.7603,False
C_00399,LOT_009,168,prop_delay_ns,4.7643,False
C_00400,LOT_009,0,leakage_ua,12.0667,False
C_00400,LOT_009,24,leakage_ua,12.2085,False
C_00400,LOT_009,96,leakage_ua,12.1137,False
C_00400,LOT_009,168,leakage_ua,12.7954,False
C_00400,LOT_009,0,iddq_ua,26.0143,False
C_00400,LOT_009,24,iddq_ua,26.5695,False
C_00400,LOT_009,96,iddq_ua,26.4403,False
C_00400,LOT_009,168,iddq_ua,27.3506,False
C_00400,LOT_009,0,prop_delay_ns,4.0055,False
C_00400,LOT_009,24,prop_delay_ns,4.0427,False
C_00400,LOT_009,96,prop_delay_ns,4.142,False
C_00400,LOT_009,168,prop_delay_ns,4.0103,False
C_00401,LOT_010,0,leakage_ua,11.1545,False
C_00401,LOT_010,24,leakage_ua,11.1008,False
C_00401,LOT_010,96,leakage_ua,10.9377,False
C_00401,LOT_010,168,leakage_ua,11.4436,False
C_00401,LOT_010,0,iddq_ua,24.2434,False
C_00401,LOT_010,24,iddq_ua,24.6653,False
C_00401,LOT_010,96,iddq_ua,24.7993,False
C_00401,LOT_010,168,iddq_ua,24.3556,False
C_00401,LOT_010,0,prop_delay_ns,3.0969,False
C_00401,LOT_010,24,prop_delay_ns,3.0646,False
C_00401,LOT_010,96,prop_delay_ns,2.9823,False
C_00401,LOT_010,168,prop_delay_ns,3.0345,False
C_00402,LOT_010,0,leakage_ua,9.2933,False
C_00402,LOT_010,24,leakage_ua,9.2168,False
C_00402,LOT_010,96,leakage_ua,9.8,False
C_00402,LOT_010,168,leakage_ua,9.6511,False
C_00402,LOT_010,0,iddq_ua,26.4648,False
C_00402,LOT_010,24,iddq_ua,27.411,False
C_00402,LOT_010,96,iddq_ua,27.3783,False
C_00402,LOT_010,168,iddq_ua,26.7905,False
C_00402,LOT_010,0,prop_delay_ns,3.3,False
C_00402,LOT_010,24,prop_delay_ns,3.486,False
C_00402,LOT_010,96,prop_delay_ns,3.464,False
C_00402,LOT_010,168,prop_delay_ns,3.4181,False
C_00403,LOT_010,0,leakage_ua,9.3213,False
C_00403,LOT_010,24,leakage_ua,9.4825,False
C_00403,LOT_010,96,leakage_ua,9.3989,False
C_00403,LOT_010,168,leakage_ua,9.9506,False
C_00403,LOT_010,0,iddq_ua,27.5943,False
C_00403,LOT_010,24,iddq_ua,29.3722,False
C_00403,LOT_010,96,iddq_ua,28.6621,False
C_00403,LOT_010,168,iddq_ua,29.2944,False
C_00403,LOT_010,0,prop_delay_ns,3.7335,False
C_00403,LOT_010,24,prop_delay_ns,3.7951,False
C_00403,LOT_010,96,prop_delay_ns,3.7807,False
C_00403,LOT_010,168,prop_delay_ns,3.8203,False
C_00404,LOT_010,0,leakage_ua,9.4376,False
C_00404,LOT_010,24,leakage_ua,10.0469,False
C_00404,LOT_010,96,leakage_ua,10.5131,False
C_00404,LOT_010,168,leakage_ua,10.4114,False
C_00404,LOT_010,0,iddq_ua,27.6468,False
C_00404,LOT_010,24,iddq_ua,29.3344,False
C_00404,LOT_010,96,iddq_ua,28.1942,False
C_00404,LOT_010,168,iddq_ua,28.4848,False
C_00404,LOT_010,0,prop_delay_ns,3.6883,False
C_00404,LOT_010,24,prop_delay_ns,3.7043,False
C_00404,LOT_010,96,prop_delay_ns,3.6719,False
C_00404,LOT_010,168,prop_delay_ns,3.6234,False
C_00405,LOT_010,0,leakage_ua,10.3736,False
C_00405,LOT_010,24,leakage_ua,10.9079,False
C_00405,LOT_010,96,leakage_ua,10.924,False
C_00405,LOT_010,168,leakage_ua,10.9328,False
C_00405,LOT_010,0,iddq_ua,25.8645,False
C_00405,LOT_010,24,iddq_ua,26.3244,False
C_00405,LOT_010,96,iddq_ua,26.9613,False
C_00405,LOT_010,168,iddq_ua,28.1905,False
C_00405,LOT_010,0,prop_delay_ns,3.8629,False
C_00405,LOT_010,24,prop_delay_ns,3.6824,False
C_00405,LOT_010,96,prop_delay_ns,3.5926,False
C_00405,LOT_010,168,prop_delay_ns,3.7848,False
C_00406,LOT_010,0,leakage_ua,10.7231,False
C_00406,LOT_010,24,leakage_ua,11.2236,False
C_00406,LOT_010,96,leakage_ua,11.3098,False
C_00406,LOT_010,168,leakage_ua,11.7283,False
C_00406,LOT_010,0,iddq_ua,29.7134,False
C_00406,LOT_010,24,iddq_ua,29.9136,False
C_00406,LOT_010,96,iddq_ua,29.1324,False
C_00406,LOT_010,168,iddq_ua,29.2406,False
C_00406,LOT_010,0,prop_delay_ns,3.7422,False
C_00406,LOT_010,24,prop_delay_ns,3.8,False
C_00406,LOT_010,96,prop_delay_ns,3.7846,False
C_00406,LOT_010,168,prop_delay_ns,3.6867,False
C_00407,LOT_010,0,leakage_ua,10.9404,False
C_00407,LOT_010,24,leakage_ua,10.7068,False
C_00407,LOT_010,96,leakage_ua,11.1275,False
C_00407,LOT_010,168,leakage_ua,10.84,False
C_00407,LOT_010,0,iddq_ua,27.872,False
C_00407,LOT_010,24,iddq_ua,27.2115,False
C_00407,LOT_010,96,iddq_ua,27.5285,False
C_00407,LOT_010,168,iddq_ua,26.4943,False
C_00407,LOT_010,0,prop_delay_ns,3.2639,False
C_00407,LOT_010,24,prop_delay_ns,3.4396,False
C_00407,LOT_010,96,prop_delay_ns,3.4685,False
C_00407,LOT_010,168,prop_delay_ns,3.5435,False
C_00408,LOT_010,0,leakage_ua,8.9974,False
C_00408,LOT_010,24,leakage_ua,8.4539,False
C_00408,LOT_010,96,leakage_ua,8.9368,False
C_00408,LOT_010,168,leakage_ua,9.3241,False
C_00408,LOT_010,0,iddq_ua,26.2416,False
C_00408,LOT_010,24,iddq_ua,28.2358,False
C_00408,LOT_010,96,iddq_ua,27.9306,False
C_00408,LOT_010,168,iddq_ua,28.2207,False
C_00408,LOT_010,0,prop_delay_ns,3.3786,False
C_00408,LOT_010,24,prop_delay_ns,3.4945,False
C_00408,LOT_010,96,prop_delay_ns,3.3637,False
C_00408,LOT_010,168,prop_delay_ns,3.3019,False
C_00409,LOT_010,0,leakage_ua,9.1413,False
C_00409,LOT_010,24,leakage_ua,9.5078,False
C_00409,LOT_010,96,leakage_ua,9.868,False
C_00409,LOT_010,168,leakage_ua,9.6997,False
C_00409,LOT_010,0,iddq_ua,26.1371,False
C_00409,LOT_010,24,iddq_ua,26.9074,False
C_00409,LOT_010,96,iddq_ua,27.0891,False
C_00409,LOT_010,168,iddq_ua,28.3261,False
C_00409,LOT_010,0,prop_delay_ns,3.6689,False
C_00409,LOT_010,24,prop_delay_ns,3.5987,False
C_00409,LOT_010,96,prop_delay_ns,3.705,False
C_00409,LOT_010,168,prop_delay_ns,3.7436,False
C_00410,LOT_010,0,leakage_ua,10.5088,True
C_00410,LOT_010,24,leakage_ua,17.9794,True
C_00410,LOT_010,96,leakage_ua,27.0252,True
C_00410,LOT_010,168,leakage_ua,32.3885,True
C_00410,LOT_010,0,iddq_ua,29.6558,True
C_00410,LOT_010,24,iddq_ua,36.9259,True
C_00410,LOT_010,96,iddq_ua,43.8496,True
C_00410,LOT_010,168,iddq_ua,49.962,True
C_00410,LOT_010,0,prop_delay_ns,3.8028,True
C_00410,LOT_010,24,prop_delay_ns,3.8378,True
C_00410,LOT_010,96,prop_delay_ns,4.0622,True
C_00410,LOT_010,168,prop_delay_ns,4.2346,True
C_00411,LOT_010,0,leakage_ua,9.5775,False
C_00411,LOT_010,24,leakage_ua,10.1786,False
C_00411,LOT_010,96,leakage_ua,9.8021,False
C_00411,LOT_010,168,leakage_ua,10.023,False
C_00411,LOT_010,0,iddq_ua,28.3789,False
C_00411,LOT_010,24,iddq_ua,29.115,False
C_00411,LOT_010,96,iddq_ua,28.6163,False
C_00411,LOT_010,168,iddq_ua,29.8291,False
C_00411,LOT_010,0,prop_delay_ns,3.6619,False
C_00411,LOT_010,24,prop_delay_ns,3.8155,False
C_00411,LOT_010,96,prop_delay_ns,3.5864,False
C_00411,LOT_010,168,prop_delay_ns,3.8418,False
C_00412,LOT_010,0,leakage_ua,9.7875,False
C_00412,LOT_010,24,leakage_ua,9.873,False
C_00412,LOT_010,96,leakage_ua,9.9287,False
C_00412,LOT_010,168,leakage_ua,9.9814,False
C_00412,LOT_010,0,iddq_ua,26.4477,False
C_00412,LOT_010,24,iddq_ua,27.0671,False
C_00412,LOT_010,96,iddq_ua,26.8492,False
C_00412,LOT_010,168,iddq_ua,27.0307,False
C_00412,LOT_010,0,prop_delay_ns,3.1875,False
C_00412,LOT_010,24,prop_delay_ns,3.2526,False
C_00412,LOT_010,96,prop_delay_ns,3.0811,False
C_00412,LOT_010,168,prop_delay_ns,3.1668,False
C_00413,LOT_010,0,leakage_ua,10.073,False
C_00413,LOT_010,24,leakage_ua,10.5344,False
C_00413,LOT_010,96,leakage_ua,10.5185,False
C_00413,LOT_010,168,leakage_ua,10.3991,False
C_00413,LOT_010,0,iddq_ua,27.6389,False
C_00413,LOT_010,24,iddq_ua,26.8317,False
C_00413,LOT_010,96,iddq_ua,27.9453,False
C_00413,LOT_010,168,iddq_ua,27.971,False
C_00413,LOT_010,0,prop_delay_ns,3.631,False
C_00413,LOT_010,24,prop_delay_ns,3.7397,False
C_00413,LOT_010,96,prop_delay_ns,3.6302,False
C_00413,LOT_010,168,prop_delay_ns,3.6131,False
C_00414,LOT_010,0,leakage_ua,10.5828,False
C_00414,LOT_010,24,leakage_ua,10.1936,False
C_00414,LOT_010,96,leakage_ua,10.5983,False
C_00414,LOT_010,168,leakage_ua,10.9192,False
C_00414,LOT_010,0,iddq_ua,25.4074,False
C_00414,LOT_010,24,iddq_ua,25.9931,False
C_00414,LOT_010,96,iddq_ua,26.4973,False
C_00414,LOT_010,168,iddq_ua,26.2821,False
C_00414,LOT_010,0,prop_delay_ns,3.2961,False
C_00414,LOT_010,24,prop_delay_ns,3.3655,False
C_00414,LOT_010,96,prop_delay_ns,3.367,False
C_00414,LOT_010,168,prop_delay_ns,3.3968,False
C_00415,LOT_010,0,leakage_ua,8.7802,False
C_00415,LOT_010,24,leakage_ua,9.2841,False
C_00415,LOT_010,96,leakage_ua,9.5433,False
C_00415,LOT_010,168,leakage_ua,9.5425,False
C_00415,LOT_010,0,iddq_ua,26.552,False
C_00415,LOT_010,24,iddq_ua,26.6732,False
C_00415,LOT_010,96,iddq_ua,26.7714,False
C_00415,LOT_010,168,iddq_ua,26.4626,False
C_00415,LOT_010,0,prop_delay_ns,3.6353,False
C_00415,LOT_010,24,prop_delay_ns,3.7664,False
C_00415,LOT_010,96,prop_delay_ns,3.6205,False
C_00415,LOT_010,168,prop_delay_ns,3.7735,False
C_00416,LOT_010,0,leakage_ua,11.2896,False
C_00416,LOT_010,24,leakage_ua,11.1974,False
C_00416,LOT_010,96,leakage_ua,11.1,False
C_00416,LOT_010,168,leakage_ua,11.344,False
C_00416,LOT_010,0,iddq_ua,28.8597,False
C_00416,LOT_010,24,iddq_ua,29.4493,False
C_00416,LOT_010,96,iddq_ua,29.5112,False
C_00416,LOT_010,168,iddq_ua,31.4961,False
C_00416,LOT_010,0,prop_delay_ns,3.561,False
C_00416,LOT_010,24,prop_delay_ns,3.6745,False
C_00416,LOT_010,96,prop_delay_ns,3.501,False
C_00416,LOT_010,168,prop_delay_ns,3.6009,False
C_00417,LOT_010,0,leakage_ua,11.3374,False
C_00417,LOT_010,24,leakage_ua,11.1602,False
C_00417,LOT_010,96,leakage_ua,11.3446,False
C_00417,LOT_010,168,leakage_ua,11.6727,False
C_00417,LOT_010,0,iddq_ua,26.2191,False
C_00417,LOT_010,24,iddq_ua,25.3768,False
C_00417,LOT_010,96,iddq_ua,26.3673,False
C_00417,LOT_010,168,iddq_ua,25.9099,False
C_00417,LOT_010,0,prop_delay_ns,3.8017,False
C_00417,LOT_010,24,prop_delay_ns,3.8337,False
C_00417,LOT_010,96,prop_delay_ns,3.973,False
C_00417,LOT_010,168,prop_delay_ns,3.9042,False
C_00418,LOT_010,0,leakage_ua,11.1396,False
C_00418,LOT_010,24,leakage_ua,11.7033,False
C_00418,LOT_010,96,leakage_ua,10.8066,False
C_00418,LOT_010,168,leakage_ua,11.5183,False
C_00418,LOT_010,0,iddq_ua,27.6736,False
C_00418,LOT_010,24,iddq_ua,26.4891,False
C_00418,LOT_010,96,iddq_ua,28.6602,False
C_00418,LOT_010,168,iddq_ua,26.95,False
C_00418,LOT_010,0,prop_delay_ns,3.7799,False
C_00418,LOT_010,24,prop_delay_ns,3.8245,False
C_00418,LOT_010,96,prop_delay_ns,3.8626,False
C_00418,LOT_010,168,prop_delay_ns,3.7902,False
C_00419,LOT_010,0,leakage_ua,9.5465,False
C_00419,LOT_010,24,leakage_ua,9.7506,False
C_00419,LOT_010,96,leakage_ua,9.9891,False
C_00419,LOT_010,168,leakage_ua,9.9772,False
C_00419,LOT_010,0,iddq_ua,30.3125,False
C_00419,LOT_010,24,iddq_ua,30.966,False
C_00419,LOT_010,96,iddq_ua,31.1032,False
C_00419,LOT_010,168,iddq_ua,30.7048,False
C_00419,LOT_010,0,prop_delay_ns,3.4399,False
C_00419,LOT_010,24,prop_delay_ns,3.6407,False
C_00419,LOT_010,96,prop_delay_ns,3.5969,False
C_00419,LOT_010,168,prop_delay_ns,3.573,False
C_00420,LOT_010,0,leakage_ua,10.3947,False
C_00420,LOT_010,24,leakage_ua,10.1945,False
C_00420,LOT_010,96,leakage_ua,10.6268,False
C_00420,LOT_010,168,leakage_ua,10.7648,False
C_00420,LOT_010,0,iddq_ua,26.0078,False
C_00420,LOT_010,24,iddq_ua,24.9245,False
C_00420,LOT_010,96,iddq_ua,25.5685,False
C_00420,LOT_010,168,iddq_ua,26.3601,False
C_00420,LOT_010,0,prop_delay_ns,3.7133,False
C_00420,LOT_010,24,prop_delay_ns,3.4589,False
C_00420,LOT_010,96,prop_delay_ns,3.4506,False
C_00420,LOT_010,168,prop_delay_ns,3.6087,False
C_00421,LOT_010,0,leakage_ua,10.049,False
C_00421,LOT_010,24,leakage_ua,10.4128,False
C_00421,LOT_010,96,leakage_ua,10.3801,False
C_00421,LOT_010,168,leakage_ua,10.7528,False
C_00421,LOT_010,0,iddq_ua,26.713,False
C_00421,LOT_010,24,iddq_ua,26.3062,False
C_00421,LOT_010,96,iddq_ua,26.4825,False
C_00421,LOT_010,168,iddq_ua,27.6403,False
C_00421,LOT_010,0,prop_delay_ns,3.1575,False
C_00421,LOT_010,24,prop_delay_ns,3.1138,False
C_00421,LOT_010,96,prop_delay_ns,3.2507,False
C_00421,LOT_010,168,prop_delay_ns,3.2183,False
C_00422,LOT_010,0,leakage_ua,10.1356,False
C_00422,LOT_010,24,leakage_ua,10.4924,False
C_00422,LOT_010,96,leakage_ua,10.4802,False
C_00422,LOT_010,168,leakage_ua,10.7399,False
C_00422,LOT_010,0,iddq_ua,25.1198,False
C_00422,LOT_010,24,iddq_ua,26.1345,False
C_00422,LOT_010,96,iddq_ua,26.3083,False
C_00422,LOT_010,168,iddq_ua,26.2991,False
C_00422,LOT_010,0,prop_delay_ns,3.5172,False
C_00422,LOT_010,24,prop_delay_ns,3.4676,False
C_00422,LOT_010,96,prop_delay_ns,3.5823,False
C_00422,LOT_010,168,prop_delay_ns,3.5316,False
C_00423,LOT_010,0,leakage_ua,9.9898,False
C_00423,LOT_010,24,leakage_ua,10.1233,False
C_00423,LOT_010,96,leakage_ua,10.5328,False
C_00423,LOT_010,168,leakage_ua,10.0332,False
C_00423,LOT_010,0,iddq_ua,28.1029,False
C_00423,LOT_010,24,iddq_ua,29.7902,False
C_00423,LOT_010,96,iddq_ua,29.7075,False
C_00423,LOT_010,168,iddq_ua,29.292,False
C_00423,LOT_010,0,prop_delay_ns,3.5736,False
C_00423,LOT_010,24,prop_delay_ns,3.5626,False
C_00423,LOT_010,96,prop_delay_ns,3.643,False
C_00423,LOT_010,168,prop_delay_ns,3.6049,False
C_00424,LOT_010,0,leakage_ua,8.9808,False
C_00424,LOT_010,24,leakage_ua,9.1989,False
C_00424,LOT_010,96,leakage_ua,9.0453,False
C_00424,LOT_010,168,leakage_ua,9.3481,False
C_00424,LOT_010,0,iddq_ua,26.6706,False
C_00424,LOT_010,24,iddq_ua,26.568,False
C_00424,LOT_010,96,iddq_ua,27.2556,False
C_00424,LOT_010,168,iddq_ua,27.2911,False
C_00424,LOT_010,0,prop_delay_ns,3.3817,False
C_00424,LOT_010,24,prop_delay_ns,3.4399,False
C_00424,LOT_010,96,prop_delay_ns,3.3871,False
C_00424,LOT_010,168,prop_delay_ns,3.4461,False
C_00425,LOT_010,0,leakage_ua,9.4112,False
C_00425,LOT_010,24,leakage_ua,9.4856,False
C_00425,LOT_010,96,leakage_ua,10.2886,False
C_00425,LOT_010,168,leakage_ua,9.6935,False
C_00425,LOT_010,0,iddq_ua,24.3695,False
C_00425,LOT_010,24,iddq_ua,23.5463,False
C_00425,LOT_010,96,iddq_ua,24.6404,False
C_00425,LOT_010,168,iddq_ua,24.4978,False
C_00425,LOT_010,0,prop_delay_ns,3.5587,False
C_00425,LOT_010,24,prop_delay_ns,3.5372,False
C_00425,LOT_010,96,prop_delay_ns,3.4769,False
C_00425,LOT_010,168,prop_delay_ns,3.5223,False
C_00426,LOT_010,0,leakage_ua,10.4563,False
C_00426,LOT_010,24,leakage_ua,10.5781,False
C_00426,LOT_010,96,leakage_ua,10.9248,False
C_00426,LOT_010,168,leakage_ua,11.0121,False
C_00426,LOT_010,0,iddq_ua,27.4907,False
C_00426,LOT_010,24,iddq_ua,27.5994,False
C_00426,LOT_010,96,iddq_ua,29.5363,False
C_00426,LOT_010,168,iddq_ua,27.4156,False
C_00426,LOT_010,0,prop_delay_ns,3.9332,False
C_00426,LOT_010,24,prop_delay_ns,3.6811,False
C_00426,LOT_010,96,prop_delay_ns,3.7139,False
C_00426,LOT_010,168,prop_delay_ns,3.7771,False
C_00427,LOT_010,0,leakage_ua,10.5016,False
C_00427,LOT_010,24,leakage_ua,10.4942,False
C_00427,LOT_010,96,leakage_ua,10.9464,False
C_00427,LOT_010,168,leakage_ua,10.7336,False
C_00427,LOT_010,0,iddq_ua,29.8117,False
C_00427,LOT_010,24,iddq_ua,29.4186,False
C_00427,LOT_010,96,iddq_ua,29.1075,False
C_00427,LOT_010,168,iddq_ua,31.3771,False
C_00427,LOT_010,0,prop_delay_ns,3.3722,False
C_00427,LOT_010,24,prop_delay_ns,3.3671,False
C_00427,LOT_010,96,prop_delay_ns,3.2953,False
C_00427,LOT_010,168,prop_delay_ns,3.3383,False
C_00428,LOT_010,0,leakage_ua,10.5428,False
C_00428,LOT_010,24,leakage_ua,10.7749,False
C_00428,LOT_010,96,leakage_ua,10.6119,False
C_00428,LOT_010,168,leakage_ua,10.6392,False
C_00428,LOT_010,0,iddq_ua,25.1741,False
C_00428,LOT_010,24,iddq_ua,26.2105,False
C_00428,LOT_010,96,iddq_ua,25.6648,False
C_00428,LOT_010,168,iddq_ua,25.7551,False
C_00428,LOT_010,0,prop_delay_ns,3.4473,False
C_00428,LOT_010,24,prop_delay_ns,3.3741,False
C_00428,LOT_010,96,prop_delay_ns,3.4173,False
C_00428,LOT_010,168,prop_delay_ns,3.424,False
C_00429,LOT_010,0,leakage_ua,10.3967,False
C_00429,LOT_010,24,leakage_ua,10.4595,False
C_00429,LOT_010,96,leakage_ua,10.8326,False
C_00429,LOT_010,168,leakage_ua,10.7347,False
C_00429,LOT_010,0,iddq_ua,30.8916,False
C_00429,LOT_010,24,iddq_ua,30.703,False
C_00429,LOT_010,96,iddq_ua,31.9041,False
C_00429,LOT_010,168,iddq_ua,31.7261,False
C_00429,LOT_010,0,prop_delay_ns,3.8935,False
C_00429,LOT_010,24,prop_delay_ns,4.0348,False
C_00429,LOT_010,96,prop_delay_ns,3.8079,False
C_00429,LOT_010,168,prop_delay_ns,4.0757,False
C_00430,LOT_010,0,leakage_ua,9.5033,False
C_00430,LOT_010,24,leakage_ua,9.2625,False
C_00430,LOT_010,96,leakage_ua,9.5786,False
C_00430,LOT_010,168,leakage_ua,9.8208,False
C_00430,LOT_010,0,iddq_ua,25.8039,False
C_00430,LOT_010,24,iddq_ua,27.5716,False
C_00430,LOT_010,96,iddq_ua,26.9122,False
C_00430,LOT_010,168,iddq_ua,26.5592,False
C_00430,LOT_010,0,prop_delay_ns,3.3792,False
C_00430,LOT_010,24,prop_delay_ns,3.458,False
C_00430,LOT_010,96,prop_delay_ns,3.3742,False
C_00430,LOT_010,168,prop_delay_ns,3.3858,False
C_00431,LOT_010,0,leakage_ua,9.1784,False
C_00431,LOT_010,24,leakage_ua,9.6643,False
C_00431,LOT_010,96,leakage_ua,9.4591,False
C_00431,LOT_010,168,leakage_ua,10.0054,False
C_00431,LOT_010,0,iddq_ua,26.1279,False
C_00431,LOT_010,24,iddq_ua,26.1519,False
C_00431,LOT_010,96,iddq_ua,27.4772,False
C_00431,LOT_010,168,iddq_ua,27.676,False
C_00431,LOT_010,0,prop_delay_ns,3.9027,False
C_00431,LOT_010,24,prop_delay_ns,3.9269,False
C_00431,LOT_010,96,prop_delay_ns,3.958,False
C_00431,LOT_010,168,prop_delay_ns,4.061,False
C_00432,LOT_010,0,leakage_ua,9.5076,False
C_00432,LOT_010,24,leakage_ua,9.2176,False
C_00432,LOT_010,96,leakage_ua,10.076,False
C_00432,LOT_010,168,leakage_ua,10.1056,False
C_00432,LOT_010,0,iddq_ua,27.0595,False
C_00432,LOT_010,24,iddq_ua,27.7617,False
C_00432,LOT_010,96,iddq_ua,28.1581,False
C_00432,LOT_010,168,iddq_ua,27.8908,False
C_00432,LOT_010,0,prop_delay_ns,3.7538,False
C_00432,LOT_010,24,prop_delay_ns,3.6532,False
C_00432,LOT_010,96,prop_delay_ns,3.7918,False
C_00432,LOT_010,168,prop_delay_ns,3.6727,False
C_00433,LOT_010,0,leakage_ua,8.983,False
C_00433,LOT_010,24,leakage_ua,9.2028,False
C_00433,LOT_010,96,leakage_ua,9.6074,False
C_00433,LOT_010,168,leakage_ua,9.3226,False
C_00433,LOT_010,0,iddq_ua,25.5271,False
C_00433,LOT_010,24,iddq_ua,25.768,False
C_00433,LOT_010,96,iddq_ua,26.8108,False
C_00433,LOT_010,168,iddq_ua,27.0006,False
C_00433,LOT_010,0,prop_delay_ns,3.2262,False
C_00433,LOT_010,24,prop_delay_ns,3.2712,False
C_00433,LOT_010,96,prop_delay_ns,3.3832,False
C_00433,LOT_010,168,prop_delay_ns,3.19,False
C_00434,LOT_010,0,leakage_ua,10.5188,False
C_00434,LOT_010,24,leakage_ua,10.1359,False
C_00434,LOT_010,96,leakage_ua,10.8179,False
C_00434,LOT_010,168,leakage_ua,10.821,False
C_00434,LOT_010,0,iddq_ua,29.0149,False
C_00434,LOT_010,24,iddq_ua,28.2235,False
C_00434,LOT_010,96,iddq_ua,29.0731,False
C_00434,LOT_010,168,iddq_ua,30.3819,False
C_00434,LOT_010,0,prop_delay_ns,3.4682,False
C_00434,LOT_010,24,prop_delay_ns,3.4701,False
C_00434,LOT_010,96,prop_delay_ns,3.5922,False
C_00434,LOT_010,168,prop_delay_ns,3.5879,False
C_00435,LOT_010,0,leakage_ua,10.9588,True
C_00435,LOT_010,24,leakage_ua,14.2231,True
C_00435,LOT_010,96,leakage_ua,18.4628,True
C_00435,LOT_010,168,leakage_ua,20.5652,True
C_00435,LOT_010,0,iddq_ua,27.9965,True
C_00435,LOT_010,24,iddq_ua,36.6567,True
C_00435,LOT_010,96,iddq_ua,47.3156,True
C_00435,LOT_010,168,iddq_ua,53.8296,True
C_00435,LOT_010,0,prop_delay_ns,3.3601,True
C_00435,LOT_010,24,prop_delay_ns,3.6415,True
C_00435,LOT_010,96,prop_delay_ns,4.0738,True
C_00435,LOT_010,168,prop_delay_ns,4.1564,True
C_00436,LOT_010,0,leakage_ua,9.3492,False
C_00436,LOT_010,24,leakage_ua,9.3005,False
C_00436,LOT_010,96,leakage_ua,9.5561,False
C_00436,LOT_010,168,leakage_ua,9.5827,False
C_00436,LOT_010,0,iddq_ua,28.81,False
C_00436,LOT_010,24,iddq_ua,28.5691,False
C_00436,LOT_010,96,iddq_ua,30.2385,False
C_00436,LOT_010,168,iddq_ua,30.6633,False
C_00436,LOT_010,0,prop_delay_ns,3.9188,False
C_00436,LOT_010,24,prop_delay_ns,3.909,False
C_00436,LOT_010,96,prop_delay_ns,3.8093,False
C_00436,LOT_010,168,prop_delay_ns,3.9578,False
C_00437,LOT_010,0,leakage_ua,10.3548,False
C_00437,LOT_010,24,leakage_ua,10.6685,False
C_00437,LOT_010,96,leakage_ua,10.0258,False
C_00437,LOT_010,168,leakage_ua,10.7095,False
C_00437,LOT_010,0,iddq_ua,30.0327,False
C_00437,LOT_010,24,iddq_ua,29.7042,False
C_00437,LOT_010,96,iddq_ua,30.2764,False
C_00437,LOT_010,168,iddq_ua,31.0432,False
C_00437,LOT_010,0,prop_delay_ns,3.4582,False
C_00437,LOT_010,24,prop_delay_ns,3.5867,False
C_00437,LOT_010,96,prop_delay_ns,3.5653,False
C_00437,LOT_010,168,prop_delay_ns,3.5496,False
C_00438,LOT_010,0,leakage_ua,10.0556,False
C_00438,LOT_010,24,leakage_ua,9.7653,False
C_00438,LOT_010,96,leakage_ua,9.8373,False
C_00438,LOT_010,168,leakage_ua,10.3515,False
C_00438,LOT_010,0,iddq_ua,25.6679,False
C_00438,LOT_010,24,iddq_ua,25.5198,False
C_00438,LOT_010,96,iddq_ua,25.8567,False
C_00438,LOT_010,168,iddq_ua,26.8662,False
C_00438,LOT_010,0,prop_delay_ns,3.0216,False
C_00438,LOT_010,24,prop_delay_ns,3.1272,False
C_00438,LOT_010,96,prop_delay_ns,3.0613,False
C_00438,LOT_010,168,prop_delay_ns,3.08,False
C_00439,LOT_010,0,leakage_ua,9.7701,False
C_00439,LOT_010,24,leakage_ua,10.1992,False
C_00439,LOT_010,96,leakage_ua,10.2406,False
C_00439,LOT_010,168,leakage_ua,10.3978,False
C_00439,LOT_010,0,iddq_ua,26.7276,False
C_00439,LOT_010,24,iddq_ua,26.05,False
C_00439,LOT_010,96,iddq_ua,25.3083,False
C_00439,LOT_010,168,iddq_ua,25.9257,False
C_00439,LOT_010,0,prop_delay_ns,3.6796,False
C_00439,LOT_010,24,prop_delay_ns,3.6947,False
C_00439,LOT_010,96,prop_delay_ns,3.7147,False
C_00439,LOT_010,168,prop_delay_ns,3.8054,False
C_00440,LOT_010,0,leakage_ua,9.1403,False
C_00440,LOT_010,24,leakage_ua,9.5131,False
C_00440,LOT_010,96,leakage_ua,9.5172,False
C_00440,LOT_010,168,leakage_ua,9.6814,False
C_00440,LOT_010,0,iddq_ua,28.331,False
C_00440,LOT_010,24,iddq_ua,28.5356,False
C_00440,LOT_010,96,iddq_ua,30.1364,False
C_00440,LOT_010,168,iddq_ua,30.1268,False
C_00440,LOT_010,0,prop_delay_ns,3.9487,False
C_00440,LOT_010,24,prop_delay_ns,3.9133,False
C_00440,LOT_010,96,prop_delay_ns,3.9748,False
C_00440,LOT_010,168,prop_delay_ns,3.9643,False
C_00441,LOT_011,0,leakage_ua,9.9257,False
C_00441,LOT_011,24,leakage_ua,10.5217,False
C_00441,LOT_011,96,leakage_ua,11.073,False
C_00441,LOT_011,168,leakage_ua,11.3363,False
C_00441,LOT_011,0,iddq_ua,26.7724,False
C_00441,LOT_011,24,iddq_ua,26.2815,False
C_00441,LOT_011,96,iddq_ua,25.9192,False
C_00441,LOT_011,168,iddq_ua,26.9603,False
C_00441,LOT_011,0,prop_delay_ns,4.3513,False
C_00441,LOT_011,24,prop_delay_ns,4.4519,False
C_00441,LOT_011,96,prop_delay_ns,4.3676,False
C_00441,LOT_011,168,prop_delay_ns,4.5035,False
C_00442,LOT_011,0,leakage_ua,9.4014,True
C_00442,LOT_011,24,leakage_ua,22.4651,True
C_00442,LOT_011,96,leakage_ua,45.0453,True
C_00442,LOT_011,168,leakage_ua,62.6976,True
C_00442,LOT_011,0,iddq_ua,23.0303,True
C_00442,LOT_011,24,iddq_ua,29.3119,True
C_00442,LOT_011,96,iddq_ua,39.2297,True
C_00442,LOT_011,168,iddq_ua,46.3084,True
C_00442,LOT_011,0,prop_delay_ns,4.2924,True
C_00442,LOT_011,24,prop_delay_ns,4.7743,True
C_00442,LOT_011,96,prop_delay_ns,5.4295,True
C_00442,LOT_011,168,prop_delay_ns,6.3097,True
C_00443,LOT_011,0,leakage_ua,11.7519,False
C_00443,LOT_011,24,leakage_ua,11.2263,False
C_00443,LOT_011,96,leakage_ua,12.6314,False
C_00443,LOT_011,168,leakage_ua,13.5172,False
C_00443,LOT_011,0,iddq_ua,24.4264,False
C_00443,LOT_011,24,iddq_ua,26.1203,False
C_00443,LOT_011,96,iddq_ua,25.1646,False
C_00443,LOT_011,168,iddq_ua,26.8748,False
C_00443,LOT_011,0,prop_delay_ns,4.3944,False
C_00443,LOT_011,24,prop_delay_ns,4.4574,False
C_00443,LOT_011,96,prop_delay_ns,4.3721,False
C_00443,LOT_011,168,prop_delay_ns,4.5574,False
C_00444,LOT_011,0,leakage_ua,9.3328,False
C_00444,LOT_011,24,leakage_ua,9.3057,False
C_00444,LOT_011,96,leakage_ua,10.0288,False
C_00444,LOT_011,168,leakage_ua,9.9087,False
C_00444,LOT_011,0,iddq_ua,25.0048,False
C_00444,LOT_011,24,iddq_ua,25.2377,False
C_00444,LOT_011,96,iddq_ua,25.7673,False
C_00444,LOT_011,168,iddq_ua,24.7718,False
C_00444,LOT_011,0,prop_delay_ns,3.722,False
C_00444,LOT_011,24,prop_delay_ns,3.7043,False
C_00444,LOT_011,96,prop_delay_ns,3.7848,False
C_00444,LOT_011,168,prop_delay_ns,3.6808,False
C_00445,LOT_011,0,leakage_ua,9.7592,False
C_00445,LOT_011,24,leakage_ua,9.8729,False
C_00445,LOT_011,96,leakage_ua,9.9066,False
C_00445,LOT_011,168,leakage_ua,10.4179,False
C_00445,LOT_011,0,iddq_ua,24.9171,False
C_00445,LOT_011,24,iddq_ua,25.1181,False
C_00445,LOT_011,96,iddq_ua,26.435,False
C_00445,LOT_011,168,iddq_ua,26.934,False
C_00445,LOT_011,0,prop_delay_ns,4.207,False
C_00445,LOT_011,24,prop_delay_ns,4.1662,False
C_00445,LOT_011,96,prop_delay_ns,4.2646,False
C_00445,LOT_011,168,prop_delay_ns,4.2249,False
C_00446,LOT_011,0,leakage_ua,10.2006,False
C_00446,LOT_011,24,leakage_ua,10.6442,False
C_00446,LOT_011,96,leakage_ua,10.701,False
C_00446,LOT_011,168,leakage_ua,11.1791,False
C_00446,LOT_011,0,iddq_ua,23.7803,False
C_00446,LOT_011,24,iddq_ua,24.0358,False
C_00446,LOT_011,96,iddq_ua,24.0471,False
C_00446,LOT_011,168,iddq_ua,24.7388,False
C_00446,LOT_011,0,prop_delay_ns,4.0078,False
C_00446,LOT_011,24,prop_delay_ns,4.0301,False
C_00446,LOT_011,96,prop_delay_ns,3.9514,False
C_00446,LOT_011,168,prop_delay_ns,4.1642,False
C_00447,LOT_011,0,leakage_ua,10.6716,False
C_00447,LOT_011,24,leakage_ua,11.2114,False
C_00447,LOT_011,96,leakage_ua,11.853,False
C_00447,LOT_011,168,leakage_ua,12.154,False
C_00447,LOT_011,0,iddq_ua,23.3912,False
C_00447,LOT_011,24,iddq_ua,23.1024,False
C_00447,LOT_011,96,iddq_ua,24.5168,False
C_00447,LOT_011,168,iddq_ua,24.2362,False
C_00447,LOT_011,0,prop_delay_ns,4.1809,False
C_00447,LOT_011,24,prop_delay_ns,4.2452,False
C_00447,LOT_011,96,prop_delay_ns,4.3021,False
C_00447,LOT_011,168,prop_delay_ns,4.295,False
C_00448,LOT_011,0,leakage_ua,11.0493,False
C_00448,LOT_011,24,leakage_ua,11.5326,False
C_00448,LOT_011,96,leakage_ua,12.0798,False
C_00448,LOT_011,168,leakage_ua,12.1717,False
C_00448,LOT_011,0,iddq_ua,24.5305,False
C_00448,LOT_011,24,iddq_ua,25.2793,False
C_00448,LOT_011,96,iddq_ua,26.7049,False
C_00448,LOT_011,168,iddq_ua,27.1232,False
C_00448,LOT_011,0,prop_delay_ns,4.2187,False
C_00448,LOT_011,24,prop_delay_ns,4.0715,False
C_00448,LOT_011,96,prop_delay_ns,4.1927,False
C_00448,LOT_011,168,prop_delay_ns,4.3903,False
C_00449,LOT_011,0,leakage_ua,9.8341,False
C_00449,LOT_011,24,leakage_ua,10.1407,False
C_00449,LOT_011,96,leakage_ua,10.5389,False
C_00449,LOT_011,168,leakage_ua,11.0404,False
C_00449,LOT_011,0,iddq_ua,23.929,False
C_00449,LOT_011,24,iddq_ua,23.7929,False
C_00449,LOT_011,96,iddq_ua,24.8618,False
C_00449,LOT_011,168,iddq_ua,25.4776,False
C_00449,LOT_011,0,prop_delay_ns,4.2055,False
C_00449,LOT_011,24,prop_delay_ns,4.3367,False
C_00449,LOT_011,96,prop_delay_ns,4.1663,False
C_00449,LOT_011,168,prop_delay_ns,4.2786,False
C_00450,LOT_011,0,leakage_ua,10.0771,False
C_00450,LOT_011,24,leakage_ua,9.974,False
C_00450,LOT_011,96,leakage_ua,10.1535,False
C_00450,LOT_011,168,leakage_ua,10.7831,False
C_00450,LOT_011,0,iddq_ua,24.5805,False
C_00450,LOT_011,24,iddq_ua,23.6459,False
C_00450,LOT_011,96,iddq_ua,24.9388,False
C_00450,LOT_011,168,iddq_ua,25.4892,False
C_00450,LOT_011,0,prop_delay_ns,4.3087,False
C_00450,LOT_011,24,prop_delay_ns,4.3435,False
C_00450,LOT_011,96,prop_delay_ns,4.2397,False
C_00450,LOT_011,168,prop_delay_ns,4.4586,False
C_00451,LOT_011,0,leakage_ua,10.7081,False
C_00451,LOT_011,24,leakage_ua,11.081,False
C_00451,LOT_011,96,leakage_ua,11.2107,False
C_00451,LOT_011,168,leakage_ua,11.2118,False
C_00451,LOT_011,0,iddq_ua,24.6962,False
C_00451,LOT_011,24,iddq_ua,25.5482,False
C_00451,LOT_011,96,iddq_ua,25.6054,False
C_00451,LOT_011,168,iddq_ua,24.7538,False
C_00451,LOT_011,0,prop_delay_ns,4.013,False
C_00451,LOT_011,24,prop_delay_ns,4.1404,False
C_00451,LOT_011,96,prop_delay_ns,4.1707,False
C_00451,LOT_011,168,prop_delay_ns,4.228,False
C_00452,LOT_011,0,leakage_ua,11.3316,False
C_00452,LOT_011,24,leakage_ua,11.3471,False
C_00452,LOT_011,96,leakage_ua,12.1781,False
C_00452,LOT_011,168,leakage_ua,12.4489,False
C_00452,LOT_011,0,iddq_ua,25.2136,False
C_00452,LOT_011,24,iddq_ua,25.9999,False
C_00452,LOT_011,96,iddq_ua,26.1182,False
C_00452,LOT_011,168,iddq_ua,26.437,False
C_00452,LOT_011,0,prop_delay_ns,4.3629,False
C_00452,LOT_011,24,prop_delay_ns,4.2277,False
C_00452,LOT_011,96,prop_delay_ns,4.4644,False
C_00452,LOT_011,168,prop_delay_ns,4.4594,False
C_00453,LOT_011,0,leakage_ua,9.751,True
C_00453,LOT_011,24,leakage_ua,15.7589,True
C_00453,LOT_011,96,leakage_ua,24.9764,True
C_00453,LOT_011,168,leakage_ua,32.8298,True
C_00453,LOT_011,0,iddq_ua,25.9317,True
C_00453,LOT_011,24,iddq_ua,38.3111,True
C_00453,LOT_011,96,iddq_ua,54.2653,True
C_00453,LOT_011,168,iddq_ua,64.7722,True
C_00453,LOT_011,0,prop_delay_ns,3.6209,True
C_00453,LOT_011,24,prop_delay_ns,4.1142,True
C_00453,LOT_011,96,prop_delay_ns,4.5379,True
C_00453,LOT_011,168,prop_delay_ns,4.974,True
C_00454,LOT_011,0,leakage_ua,10.1033,False
C_00454,LOT_011,24,leakage_ua,10.6852,False
C_00454,LOT_011,96,leakage_ua,10.5241,False
C_00454,LOT_011,168,leakage_ua,11.029,False
C_00454,LOT_011,0,iddq_ua,24.7856,False
C_00454,LOT_011,24,iddq_ua,24.9963,False
C_00454,LOT_011,96,iddq_ua,26.6008,False
C_00454,LOT_011,168,iddq_ua,26.8932,False
C_00454,LOT_011,0,prop_delay_ns,4.0071,False
C_00454,LOT_011,24,prop_delay_ns,4.0454,False
C_00454,LOT_011,96,prop_delay_ns,4.1678,False
C_00454,LOT_011,168,prop_delay_ns,4.2643,False
C_00455,LOT_011,0,leakage_ua,10.3015,False
C_00455,LOT_011,24,leakage_ua,10.3557,False
C_00455,LOT_011,96,leakage_ua,11.0147,False
C_00455,LOT_011,168,leakage_ua,10.8757,False
C_00455,LOT_011,0,iddq_ua,24.1993,False
C_00455,LOT_011,24,iddq_ua,24.2553,False
C_00455,LOT_011,96,iddq_ua,24.581,False
C_00455,LOT_011,168,iddq_ua,24.6929,False
C_00455,LOT_011,0,prop_delay_ns,4.5399,False
C_00455,LOT_011,24,prop_delay_ns,4.5965,False
C_00455,LOT_011,96,prop_delay_ns,4.612,False
C_00455,LOT_011,168,prop_delay_ns,4.7427,False
C_00456,LOT_011,0,leakage_ua,11.3092,False
C_00456,LOT_011,24,leakage_ua,11.2884,False
C_00456,LOT_011,96,leakage_ua,12.3734,False
C_00456,LOT_011,168,leakage_ua,12.09,False
C_00456,LOT_011,0,iddq_ua,23.1861,False
C_00456,LOT_011,24,iddq_ua,23.0478,False
C_00456,LOT_011,96,iddq_ua,24.0066,False
C_00456,LOT_011,168,iddq_ua,24.7704,False
C_00456,LOT_011,0,prop_delay_ns,4.0593,False
C_00456,LOT_011,24,prop_delay_ns,4.1777,False
C_00456,LOT_011,96,prop_delay_ns,4.2057,False
C_00456,LOT_011,168,prop_delay_ns,4.1362,False
C_00457,LOT_011,0,leakage_ua,10.5283,False
C_00457,LOT_011,24,leakage_ua,10.6163,False
C_00457,LOT_011,96,leakage_ua,11.1015,False
C_00457,LOT_011,168,leakage_ua,11.7642,False
C_00457,LOT_011,0,iddq_ua,24.5828,False
C_00457,LOT_011,24,iddq_ua,25.1651,False
C_00457,LOT_011,96,iddq_ua,24.7939,False
C_00457,LOT_011,168,iddq_ua,27.1914,False
C_00457,LOT_011,0,prop_delay_ns,4.3592,False
C_00457,LOT_011,24,prop_delay_ns,4.5092,False
C_00457,LOT_011,96,prop_delay_ns,4.7403,False
C_00457,LOT_011,168,prop_delay_ns,4.6299,False
C_00458,LOT_011,0,leakage_ua,8.9995,False
C_00458,LOT_011,24,leakage_ua,9.4072,False
C_00458,LOT_011,96,leakage_ua,9.7837,False
C_00458,LOT_011,168,leakage_ua,10.3485,False
C_00458,LOT_011,0,iddq_ua,24.7216,False
C_00458,LOT_011,24,iddq_ua,25.4377,False
C_00458,LOT_011,96,iddq_ua,25.033,False
C_00458,LOT_011,168,iddq_ua,26.9212,False
C_00458,LOT_011,0,prop_delay_ns,3.9648,False
C_00458,LOT_011,24,prop_delay_ns,3.8642,False
C_00458,LOT_011,96,prop_delay_ns,4.0572,False
C_00458,LOT_011,168,prop_delay_ns,3.9074,False
C_00459,LOT_011,0,leakage_ua,10.0233,False
C_00459,LOT_011,24,leakage_ua,9.5254,False
C_00459,LOT_011,96,leakage_ua,9.9666,False
C_00459,LOT_011,168,leakage_ua,10.0657,False
C_00459,LOT_011,0,iddq_ua,22.8814,False
C_00459,LOT_011,24,iddq_ua,24.3447,False
C_00459,LOT_011,96,iddq_ua,23.7521,False
C_00459,LOT_011,168,iddq_ua,23.2723,False
C_00459,LOT_011,0,prop_delay_ns,3.8984,False
C_00459,LOT_011,24,prop_delay_ns,3.9426,False
C_00459,LOT_011,96,prop_delay_ns,4.0367,False
C_00459,LOT_011,168,prop_delay_ns,4.1656,False
C_00460,LOT_011,0,leakage_ua,11.4703,False
C_00460,LOT_011,24,leakage_ua,11.255,False
C_00460,LOT_011,96,leakage_ua,11.4872,False
C_00460,LOT_011,168,leakage_ua,12.312,False
C_00460,LOT_011,0,iddq_ua,23.022,False
C_00460,LOT_011,24,iddq_ua,23.5828,False
C_00460,LOT_011,96,iddq_ua,23.8488,False
C_00460,LOT_011,168,iddq_ua,23.7782,False
C_00460,LOT_011,0,prop_delay_ns,3.9961,False
C_00460,LOT_011,24,prop_delay_ns,4.2458,False
C_00460,LOT_011,96,prop_delay_ns,4.0901,False
C_00460,LOT_011,168,prop_delay_ns,4.1425,False
C_00461,LOT_011,0,leakage_ua,11.1129,False
C_00461,LOT_011,24,leakage_ua,11.561,False
C_00461,LOT_011,96,leakage_ua,12.0814,False
C_00461,LOT_011,168,leakage_ua,12.2336,False
C_00461,LOT_011,0,iddq_ua,23.8641,False
C_00461,LOT_011,24,iddq_ua,24.5671,False
C_00461,LOT_011,96,iddq_ua,24.2392,False
C_00461,LOT_011,168,iddq_ua,25.8277,False
C_00461,LOT_011,0,prop_delay_ns,3.8861,False
C_00461,LOT_011,24,prop_delay_ns,3.876,False
C_00461,LOT_011,96,prop_delay_ns,3.9301,False
C_00461,LOT_011,168,prop_delay_ns,3.956,False
C_00462,LOT_011,0,leakage_ua,9.9025,False
C_00462,LOT_011,24,leakage_ua,10.0949,False
C_00462,LOT_011,96,leakage_ua,10.7005,False
C_00462,LOT_011,168,leakage_ua,10.6683,False
C_00462,LOT_011,0,iddq_ua,23.8054,False
C_00462,LOT_011,24,iddq_ua,23.343,False
C_00462,LOT_011,96,iddq_ua,23.999,False
C_00462,LOT_011,168,iddq_ua,24.8786,False
C_00462,LOT_011,0,prop_delay_ns,3.7947,False
C_00462,LOT_011,24,prop_delay_ns,4.0535,False
C_00462,LOT_011,96,prop_delay_ns,3.8542,False
C_00462,LOT_011,168,prop_delay_ns,3.95,False
C_00463,LOT_011,0,leakage_ua,10.7456,False
C_00463,LOT_011,24,leakage_ua,10.821,False
C_00463,LOT_011,96,leakage_ua,11.2168,False
C_00463,LOT_011,168,leakage_ua,12.0426,False
C_00463,LOT_011,0,iddq_ua,23.1909,False
C_00463,LOT_011,24,iddq_ua,23.5607,False
C_00463,LOT_011,96,iddq_ua,24.5887,False
C_00463,LOT_011,168,iddq_ua,23.8458,False
C_00463,LOT_011,0,prop_delay_ns,4.0672,False
C_00463,LOT_011,24,prop_delay_ns,4.1275,False
C_00463,LOT_011,96,prop_delay_ns,4.1515,False
C_00463,LOT_011,168,prop_delay_ns,4.1095,False
C_00464,LOT_011,0,leakage_ua,9.644,False
C_00464,LOT_011,24,leakage_ua,9.4572,False
C_00464,LOT_011,96,leakage_ua,9.5931,False
C_00464,LOT_011,168,leakage_ua,10.0062,False
C_00464,LOT_011,0,iddq_ua,23.2976,False
C_00464,LOT_011,24,iddq_ua,23.4022,False
C_00464,LOT_011,96,iddq_ua,24.6747,False
C_00464,LOT_011,168,iddq_ua,25.4671,False
C_00464,LOT_011,0,prop_delay_ns,4.1629,False
C_00464,LOT_011,24,prop_delay_ns,4.1042,False
C_00464,LOT_011,96,prop_delay_ns,4.2392,False
C_00464,LOT_011,168,prop_delay_ns,4.363,False
C_00465,LOT_011,0,leakage_ua,10.8694,True
C_00465,LOT_011,24,leakage_ua,15.7295,True
C_00465,LOT_011,96,leakage_ua,24.4917,True
C_00465,LOT_011,168,leakage_ua,30.4649,True
C_00465,LOT_011,0,iddq_ua,24.7522,True
C_00465,LOT_011,24,iddq_ua,31.915,True
C_00465,LOT_011,96,iddq_ua,42.1695,True
C_00465,LOT_011,168,iddq_ua,50.3395,True
C_00465,LOT_011,0,prop_delay_ns,4.3565,True
C_00465,LOT_011,24,prop_delay_ns,5.1399,True
C_00465,LOT_011,96,prop_delay_ns,6.0252,True
C_00465,LOT_011,168,prop_delay_ns,6.6587,True
C_00466,LOT_011,0,leakage_ua,10.8742,False
C_00466,LOT_011,24,leakage_ua,10.9156,False
C_00466,LOT_011,96,leakage_ua,11.4243,False
C_00466,LOT_011,168,leakage_ua,11.6719,False
C_00466,LOT_011,0,iddq_ua,23.2863,False
C_00466,LOT_011,24,iddq_ua,23.5469,False
C_00466,LOT_011,96,iddq_ua,24.7229,False
C_00466,LOT_011,168,iddq_ua,24.3376,False
C_00466,LOT_011,0,prop_delay_ns,4.1999,False
C_00466,LOT_011,24,prop_delay_ns,4.6005,False
C_00466,LOT_011,96,prop_delay_ns,4.5548,False
C_00466,LOT_011,168,prop_delay_ns,4.5687,False
C_00467,LOT_011,0,leakage_ua,10.4286,False
C_00467,LOT_011,24,leakage_ua,10.5647,False
C_00467,LOT_011,96,leakage_ua,10.9214,False
C_00467,LOT_011,168,leakage_ua,11.3174,False
C_00467,LOT_011,0,iddq_ua,25.0691,False
C_00467,LOT_011,24,iddq_ua,25.6596,False
C_00467,LOT_011,96,iddq_ua,26.3413,False
C_00467,LOT_011,168,iddq_ua,26.1883,False
C_00467,LOT_011,0,prop_delay_ns,3.8914,False
C_00467,LOT_011,24,prop_delay_ns,3.9568,False
C_00467,LOT_011,96,prop_delay_ns,3.7886,False
C_00467,LOT_011,168,prop_delay_ns,3.8722,False
C_00468,LOT_011,0,leakage_ua,10.6158,False
C_00468,LOT_011,24,leakage_ua,11.1808,False
C_00468,LOT_011,96,leakage_ua,11.3045,False
C_00468,LOT_011,168,leakage_ua,11.4067,False
C_00468,LOT_011,0,iddq_ua,23.5958,False
C_00468,LOT_011,24,iddq_ua,24.9989,False
C_00468,LOT_011,96,iddq_ua,24.9453,False
C_00468,LOT_011,168,iddq_ua,25.5903,False
C_00468,LOT_011,0,prop_delay_ns,4.2907,False
C_00468,LOT_011,24,prop_delay_ns,4.3434,False
C_00468,LOT_011,96,prop_delay_ns,4.3781,False
C_00468,LOT_011,168,prop_delay_ns,4.2185,False
C_00469,LOT_011,0,leakage_ua,10.3728,False
C_00469,LOT_011,24,leakage_ua,10.448,False
C_00469,LOT_011,96,leakage_ua,10.5214,False
C_00469,LOT_011,168,leakage_ua,10.9315,False
C_00469,LOT_011,0,iddq_ua,24.7857,False
C_00469,LOT_011,24,iddq_ua,24.7778,False
C_00469,LOT_011,96,iddq_ua,24.443,False
C_00469,LOT_011,168,iddq_ua,25.7477,False
C_00469,LOT_011,0,prop_delay_ns,3.9879,False
C_00469,LOT_011,24,prop_delay_ns,3.9867,False
C_00469,LOT_011,96,prop_delay_ns,4.032,False
C_00469,LOT_011,168,prop_delay_ns,4.1234,False
C_00470,LOT_011,0,leakage_ua,10.1548,False
C_00470,LOT_011,24,leakage_ua,10.5422,False
C_00470,LOT_011,96,leakage_ua,10.7642,False
C_00470,LOT_011,168,leakage_ua,11.0426,False
C_00470,LOT_011,0,iddq_ua,20.8803,False
C_00470,LOT_011,24,iddq_ua,21.7273,False
C_00470,LOT_011,96,iddq_ua,22.2846,False
C_00470,LOT_011,168,iddq_ua,21.0193,False
C_00470,LOT_011,0,prop_delay_ns,3.8273,False
C_00470,LOT_011,24,prop_delay_ns,4.0747,False
C_00470,LOT_011,96,prop_delay_ns,3.979,False
C_00470,LOT_011,168,prop_delay_ns,3.9915,False
C_00471,LOT_011,0,leakage_ua,10.1316,False
C_00471,LOT_011,24,leakage_ua,10.514,False
C_00471,LOT_011,96,leakage_ua,11.4897,False
C_00471,LOT_011,168,leakage_ua,11.4776,False
C_00471,LOT_011,0,iddq_ua,24.1081,False
C_00471,LOT_011,24,iddq_ua,24.2007,False
C_00471,LOT_011,96,iddq_ua,24.9526,False
C_00471,LOT_011,168,iddq_ua,26.3758,False
C_00471,LOT_011,0,prop_delay_ns,4.4398,False
C_00471,LOT_011,24,prop_delay_ns,4.621,False
C_00471,LOT_011,96,prop_delay_ns,4.6678,False
C_00471,LOT_011,168,prop_delay_ns,4.7558,False
C_00472,LOT_011,0,leakage_ua,10.4143,False
C_00472,LOT_011,24,leakage_ua,10.4174,False
C_00472,LOT_011,96,leakage_ua,10.9994,False
C_00472,LOT_011,168,leakage_ua,11.2864,False
C_00472,LOT_011,0,iddq_ua,23.9586,False
C_00472,LOT_011,24,iddq_ua,24.6914,False
C_00472,LOT_011,96,iddq_ua,24.5583,False
C_00472,LOT_011,168,iddq_ua,25.3764,False
C_00472,LOT_011,0,prop_delay_ns,4.1114,False
C_00472,LOT_011,24,prop_delay_ns,4.0848,False
C_00472,LOT_011,96,prop_delay_ns,4.0706,False
C_00472,LOT_011,168,prop_delay_ns,4.1659,False
C_00473,LOT_011,0,leakage_ua,10.7899,False
C_00473,LOT_011,24,leakage_ua,11.2984,False
C_00473,LOT_011,96,leakage_ua,11.1955,False
C_00473,LOT_011,168,leakage_ua,12.3939,False
C_00473,LOT_011,0,iddq_ua,25.7718,False
C_00473,LOT_011,24,iddq_ua,24.8993,False
C_00473,LOT_011,96,iddq_ua,25.2162,False
C_00473,LOT_011,168,iddq_ua,25.5328,False
C_00473,LOT_011,0,prop_delay_ns,4.2361,False
C_00473,LOT_011,24,prop_delay_ns,4.1793,False
C_00473,LOT_011,96,prop_delay_ns,4.3138,False
C_00473,LOT_011,168,prop_delay_ns,4.2121,False
C_00474,LOT_011,0,leakage_ua,9.8153,False
C_00474,LOT_011,24,leakage_ua,10.0562,False
C_00474,LOT_011,96,leakage_ua,10.5202,False
C_00474,LOT_011,168,leakage_ua,10.9358,False
C_00474,LOT_011,0,iddq_ua,21.9439,False
C_00474,LOT_011,24,iddq_ua,21.6782,False
C_00474,LOT_011,96,iddq_ua,22.5753,False
C_00474,LOT_011,168,iddq_ua,22.3033,False
C_00474,LOT_011,0,prop_delay_ns,3.9406,False
C_00474,LOT_011,24,prop_delay_ns,3.9071,False
C_00474,LOT_011,96,prop_delay_ns,4.0416,False
C_00474,LOT_011,168,prop_delay_ns,4.0399,False
C_00475,LOT_011,0,leakage_ua,10.3159,False
C_00475,LOT_011,24,leakage_ua,10.6356,False
C_00475,LOT_011,96,leakage_ua,10.9123,False
C_00475,LOT_011,168,leakage_ua,11.0773,False
C_00475,LOT_011,0,iddq_ua,26.0618,False
C_00475,LOT_011,24,iddq_ua,26.5895,False
C_00475,LOT_011,96,iddq_ua,26.7984,False
C_00475,LOT_011,168,iddq_ua,26.8922,False
C_00475,LOT_011,0,prop_delay_ns,4.1508,False
C_00475,LOT_011,24,prop_delay_ns,4.1089,False
C_00475,LOT_011,96,prop_delay_ns,4.0908,False
C_00475,LOT_011,168,prop_delay_ns,4.1365,False
C_00476,LOT_011,0,leakage_ua,11.5299,False
C_00476,LOT_011,24,leakage_ua,11.707,False
C_00476,LOT_011,96,leakage_ua,11.91,False
C_00476,LOT_011,168,leakage_ua,11.9939,False
C_00476,LOT_011,0,iddq_ua,23.4794,False
C_00476,LOT_011,24,iddq_ua,24.0134,False
C_00476,LOT_011,96,iddq_ua,23.7213,False
C_00476,LOT_011,168,iddq_ua,24.4795,False
C_00476,LOT_011,0,prop_delay_ns,4.1808,False
C_00476,LOT_011,24,prop_delay_ns,4.1103,False
C_00476,LOT_011,96,prop_delay_ns,4.1567,False
C_00476,LOT_011,168,prop_delay_ns,4.1942,False
C_00477,LOT_011,0,leakage_ua,9.1608,False
C_00477,LOT_011,24,leakage_ua,9.4148,False
C_00477,LOT_011,96,leakage_ua,9.9174,False
C_00477,LOT_011,168,leakage_ua,10.1876,False
C_00477,LOT_011,0,iddq_ua,25.054,False
C_00477,LOT_011,24,iddq_ua,24.7892,False
C_00477,LOT_011,96,iddq_ua,25.825,False
C_00477,LOT_011,168,iddq_ua,26.1953,False
C_00477,LOT_011,0,prop_delay_ns,3.9249,False
C_00477,LOT_011,24,prop_delay_ns,3.9593,False
C_00477,LOT_011,96,prop_delay_ns,3.8707,False
C_00477,LOT_011,168,prop_delay_ns,4.0666,False
C_00478,LOT_011,0,leakage_ua,11.3747,False
C_00478,LOT_011,24,leakage_ua,11.6448,False
C_00478,LOT_011,96,leakage_ua,11.7603,False
C_00478,LOT_011,168,leakage_ua,11.8679,False
C_00478,LOT_011,0,iddq_ua,24.3264,False
C_00478,LOT_011,24,iddq_ua,25.5745,False
C_00478,LOT_011,96,iddq_ua,23.9465,False
C_00478,LOT_011,168,iddq_ua,25.2376,False
C_00478,LOT_011,0,prop_delay_ns,4.4385,False
C_00478,LOT_011,24,prop_delay_ns,4.433,False
C_00478,LOT_011,96,prop_delay_ns,4.5488,False
C_00478,LOT_011,168,prop_delay_ns,4.4364,False
C_00479,LOT_011,0,leakage_ua,10.9715,False
C_00479,LOT_011,24,leakage_ua,11.0862,False
C_00479,LOT_011,96,leakage_ua,11.0196,False
C_00479,LOT_011,168,leakage_ua,11.2146,False
C_00479,LOT_011,0,iddq_ua,23.3502,False
C_00479,LOT_011,24,iddq_ua,23.1378,False
C_00479,LOT_011,96,iddq_ua,23.249,False
C_00479,LOT_011,168,iddq_ua,24.3685,False
C_00479,LOT_011,0,prop_delay_ns,3.9389,False
C_00479,LOT_011,24,prop_delay_ns,4.0903,False
C_00479,LOT_011,96,prop_delay_ns,3.9955,False
C_00479,LOT_011,168,prop_delay_ns,4.1506,False
C_00480,LOT_011,0,leakage_ua,9.8416,False
C_00480,LOT_011,24,leakage_ua,10.3763,False
C_00480,LOT_011,96,leakage_ua,10.7415,False
C_00480,LOT_011,168,leakage_ua,10.6111,False
C_00480,LOT_011,0,iddq_ua,23.6161,False
C_00480,LOT_011,24,iddq_ua,24.7227,False
C_00480,LOT_011,96,iddq_ua,24.725,False
C_00480,LOT_011,168,iddq_ua,24.6556,False
C_00480,LOT_011,0,prop_delay_ns,4.1029,False
C_00480,LOT_011,24,prop_delay_ns,4.3067,False
C_00480,LOT_011,96,prop_delay_ns,4.3389,False
C_00480,LOT_011,168,prop_delay_ns,4.325,False
C_00481,LOT_012,0,leakage_ua,9.3551,False
C_00481,LOT_012,24,leakage_ua,9.3698,False
C_00481,LOT_012,96,leakage_ua,9.6348,False
C_00481,LOT_012,168,leakage_ua,9.7809,False
C_00481,LOT_012,0,iddq_ua,23.2067,False
C_00481,LOT_012,24,iddq_ua,23.5226,False
C_00481,LOT_012,96,iddq_ua,24.2214,False
C_00481,LOT_012,168,iddq_ua,24.4476,False
C_00481,LOT_012,0,prop_delay_ns,4.6627,False
C_00481,LOT_012,24,prop_delay_ns,4.5575,False
C_00481,LOT_012,96,prop_delay_ns,4.9021,False
C_00481,LOT_012,168,prop_delay_ns,4.7905,False
C_00482,LOT_012,0,leakage_ua,9.6441,True
C_00482,LOT_012,24,leakage_ua,12.4948,True
C_00482,LOT_012,96,leakage_ua,17.1346,True
C_00482,LOT_012,168,leakage_ua,20.8536,True
C_00482,LOT_012,0,iddq_ua,24.133,True
C_00482,LOT_012,24,iddq_ua,33.8187,True
C_00482,LOT_012,96,iddq_ua,46.2304,True
C_00482,LOT_012,168,iddq_ua,54.8745,True
C_00482,LOT_012,0,prop_delay_ns,4.5757,True
C_00482,LOT_012,24,prop_delay_ns,5.4492,True
C_00482,LOT_012,96,prop_delay_ns,6.1119,True
C_00482,LOT_012,168,prop_delay_ns,6.7817,True
C_00483,LOT_012,0,leakage_ua,9.9935,False
C_00483,LOT_012,24,leakage_ua,10.3983,False
C_00483,LOT_012,96,leakage_ua,10.2987,False
C_00483,LOT_012,168,leakage_ua,10.7409,False
C_00483,LOT_012,0,iddq_ua,22.038,False
C_00483,LOT_012,24,iddq_ua,22.7024,False
C_00483,LOT_012,96,iddq_ua,22.3868,False
C_00483,LOT_012,168,iddq_ua,22.4247,False
C_00483,LOT_012,0,prop_delay_ns,4.6147,False
C_00483,LOT_012,24,prop_delay_ns,4.6887,False
C_00483,LOT_012,96,prop_delay_ns,4.6484,False
C_00483,LOT_012,168,prop_delay_ns,4.8045,False
C_00484,LOT_012,0,leakage_ua,9.3264,False
C_00484,LOT_012,24,leakage_ua,8.8688,False
C_00484,LOT_012,96,leakage_ua,9.4659,False
C_00484,LOT_012,168,leakage_ua,9.7718,False
C_00484,LOT_012,0,iddq_ua,21.3612,False
C_00484,LOT_012,24,iddq_ua,20.8198,False
C_00484,LOT_012,96,iddq_ua,21.1778,False
C_00484,LOT_012,168,iddq_ua,21.0291,False
C_00484,LOT_012,0,prop_delay_ns,4.5156,False
C_00484,LOT_012,24,prop_delay_ns,4.571,False
C_00484,LOT_012,96,prop_delay_ns,4.6601,False
C_00484,LOT_012,168,prop_delay_ns,4.5993,False
C_00485,LOT_012,0,leakage_ua,9.9511,False
C_00485,LOT_012,24,leakage_ua,10.3632,False
C_00485,LOT_012,96,leakage_ua,10.1879,False
C_00485,LOT_012,168,leakage_ua,10.5817,False
C_00485,LOT_012,0,iddq_ua,20.0996,False
C_00485,LOT_012,24,iddq_ua,20.8417,False
C_00485,LOT_012,96,iddq_ua,21.4264,False
C_00485,LOT_012,168,iddq_ua,20.9808,False
C_00485,LOT_012,0,prop_delay_ns,4.6502,False
C_00485,LOT_012,24,prop_delay_ns,4.7838,False
C_00485,LOT_012,96,prop_delay_ns,4.6136,False
C_00485,LOT_012,168,prop_delay_ns,4.6284,False
C_00486,LOT_012,0,leakage_ua,9.1179,False
C_00486,LOT_012,24,leakage_ua,9.6021,False
C_00486,LOT_012,96,leakage_ua,10.1554,False
C_00486,LOT_012,168,leakage_ua,10.2807,False
C_00486,LOT_012,0,iddq_ua,22.3289,False
C_00486,LOT_012,24,iddq_ua,22.6466,False
C_00486,LOT_012,96,iddq_ua,22.7283,False
C_00486,LOT_012,168,iddq_ua,23.0819,False
C_00486,LOT_012,0,prop_delay_ns,4.5129,False
C_00486,LOT_012,24,prop_delay_ns,4.5654,False
C_00486,LOT_012,96,prop_delay_ns,4.5335,False
C_00486,LOT_012,168,prop_delay_ns,4.4371,False
C_00487,LOT_012,0,leakage_ua,8.557,False
C_00487,LOT_012,24,leakage_ua,8.6874,False
C_00487,LOT_012,96,leakage_ua,8.7224,False
C_00487,LOT_012,168,leakage_ua,8.6985,False
C_00487,LOT_012,0,iddq_ua,21.34,False
C_00487,LOT_012,24,iddq_ua,22.3576,False
C_00487,LOT_012,96,iddq_ua,22.3359,False
C_00487,LOT_012,168,iddq_ua,22.883,False
C_00487,LOT_012,0,prop_delay_ns,4.0333,False
C_00487,LOT_012,24,prop_delay_ns,4.0894,False
C_00487,LOT_012,96,prop_delay_ns,4.0481,False
C_00487,LOT_012,168,prop_delay_ns,4.1083,False
C_00488,LOT_012,0,leakage_ua,8.2075,False
C_00488,LOT_012,24,leakage_ua,8.0293,False
C_00488,LOT_012,96,leakage_ua,8.4452,False
C_00488,LOT_012,168,leakage_ua,8.3377,False
C_00488,LOT_012,0,iddq_ua,24.6504,False
C_00488,LOT_012,24,iddq_ua,23.8745,False
C_00488,LOT_012,96,iddq_ua,24.644,False
C_00488,LOT_012,168,iddq_ua,25.0664,False
C_00488,LOT_012,0,prop_delay_ns,4.4018,False
C_00488,LOT_012,24,prop_delay_ns,4.3401,False
C_00488,LOT_012,96,prop_delay_ns,4.4612,False
C_00488,LOT_012,168,prop_delay_ns,4.5485,False
C_00489,LOT_012,0,leakage_ua,9.451,False
C_00489,LOT_012,24,leakage_ua,9.3461,False
C_00489,LOT_012,96,leakage_ua,9.6562,False
C_00489,LOT_012,168,leakage_ua,10.0043,False
C_00489,LOT_012,0,iddq_ua,21.2061,False
C_00489,LOT_012,24,iddq_ua,20.9439,False
C_00489,LOT_012,96,iddq_ua,21.8839,False
C_00489,LOT_012,168,iddq_ua,22.4303,False
C_00489,LOT_012,0,prop_delay_ns,3.8696,False
C_00489,LOT_012,24,prop_delay_ns,4.0772,False
C_00489,LOT_012,96,prop_delay_ns,3.9629,False
C_00489,LOT_012,168,prop_delay_ns,4.0384,False
C_00490,LOT_012,0,leakage_ua,8.3631,False
C_00490,LOT_012,24,leakage_ua,7.9792,False
C_00490,LOT_012,96,leakage_ua,8.297,False
C_00490,LOT_012,168,leakage_ua,8.3451,False
C_00490,LOT_012,0,iddq_ua,20.349,False
C_00490,LOT_012,24,iddq_ua,20.6735,False
C_00490,LOT_012,96,iddq_ua,21.0545,False
C_00490,LOT_012,168,iddq_ua,21.3734,False
C_00490,LOT_012,0,prop_delay_ns,3.9351,False
C_00490,LOT_012,24,prop_delay_ns,4.0294,False
C_00490,LOT_012,96,prop_delay_ns,4.0722,False
C_00490,LOT_012,168,prop_delay_ns,4.0366,False
C_00491,LOT_012,0,leakage_ua,9.9669,False
C_00491,LOT_012,24,leakage_ua,10.3026,False
C_00491,LOT_012,96,leakage_ua,11.3007,False
C_00491,LOT_012,168,leakage_ua,11.4352,False
C_00491,LOT_012,0,iddq_ua,22.5692,False
C_00491,LOT_012,24,iddq_ua,22.975,False
C_00491,LOT_012,96,iddq_ua,23.1135,False
C_00491,LOT_012,168,iddq_ua,24.2929,False
C_00491,LOT_012,0,prop_delay_ns,4.064,False
C_00491,LOT_012,24,prop_delay_ns,4.0513,False
C_00491,LOT_012,96,prop_delay_ns,4.1277,False
C_00491,LOT_012,168,prop_delay_ns,4.2176,False
C_00492,LOT_012,0,leakage_ua,8.9376,False
C_00492,LOT_012,24,leakage_ua,8.8545,False
C_00492,LOT_012,96,leakage_ua,9.0812,False
C_00492,LOT_012,168,leakage_ua,9.259,False
C_00492,LOT_012,0,iddq_ua,23.356,False
C_00492,LOT_012,24,iddq_ua,23.3949,False
C_00492,LOT_012,96,iddq_ua,24.5187,False
C_00492,LOT_012,168,iddq_ua,24.6587,False
C_00492,LOT_012,0,prop_delay_ns,4.6495,False
C_00492,LOT_012,24,prop_delay_ns,4.6686,False
C_00492,LOT_012,96,prop_delay_ns,4.633,False
C_00492,LOT_012,168,prop_delay_ns,4.8667,False
C_00493,LOT_012,0,leakage_ua,9.378,False
C_00493,LOT_012,24,leakage_ua,9.4563,False
C_00493,LOT_012,96,leakage_ua,9.4437,False
C_00493,LOT_012,168,leakage_ua,9.9003,False
C_00493,LOT_012,0,iddq_ua,23.2202,False
C_00493,LOT_012,24,iddq_ua,25.1497,False
C_00493,LOT_012,96,iddq_ua,24.134,False
C_00493,LOT_012,168,iddq_ua,24.963,False
C_00493,LOT_012,0,prop_delay_ns,3.8351,False
C_00493,LOT_012,24,prop_delay_ns,3.9758,False
C_00493,LOT_012,96,prop_delay_ns,3.9995,False
C_00493,LOT_012,168,prop_delay_ns,4.1944,False
C_00494,LOT_012,0,leakage_ua,8.4729,False
C_00494,LOT_012,24,leakage_ua,8.3019,False
C_00494,LOT_012,96,leakage_ua,8.5691,False
C_00494,LOT_012,168,leakage_ua,8.6943,False
C_00494,LOT_012,0,iddq_ua,21.821,False
C_00494,LOT_012,24,iddq_ua,21.1913,False
C_00494,LOT_012,96,iddq_ua,21.4672,False
C_00494,LOT_012,168,iddq_ua,21.6822,False
C_00494,LOT_012,0,prop_delay_ns,4.8404,False
C_00494,LOT_012,24,prop_delay_ns,4.9017,False
C_00494,LOT_012,96,prop_delay_ns,4.9755,False
C_00494,LOT_012,168,prop_delay_ns,4.9352,False
C_00495,LOT_012,0,leakage_ua,9.6016,False
C_00495,LOT_012,24,leakage_ua,9.4116,False
C_00495,LOT_012,96,leakage_ua,9.9312,False
C_00495,LOT_012,168,leakage_ua,9.8557,False
C_00495,LOT_012,0,iddq_ua,21.8834,False
C_00495,LOT_012,24,iddq_ua,22.6121,False
C_00495,LOT_012,96,iddq_ua,22.2711,False
C_00495,LOT_012,168,iddq_ua,22.6341,False
C_00495,LOT_012,0,prop_delay_ns,3.9388,False
C_00495,LOT_012,24,prop_delay_ns,4.1106,False
C_00495,LOT_012,96,prop_delay_ns,4.131,False
C_00495,LOT_012,168,prop_delay_ns,4.1247,False
C_00496,LOT_012,0,leakage_ua,8.5141,True
C_00496,LOT_012,24,leakage_ua,14.9286,True
C_00496,LOT_012,96,leakage_ua,25.1866,True
C_00496,LOT_012,168,leakage_ua,32.9121,True
C_00496,LOT_012,0,iddq_ua,21.8067,True
C_00496,LOT_012,24,iddq_ua,32.3393,True
C_00496,LOT_012,96,iddq_ua,44.2411,True
C_00496,LOT_012,168,iddq_ua,53.8624,True
C_00496,LOT_012,0,prop_delay_ns,4.0285,True
C_00496,LOT_012,24,prop_delay_ns,4.8848,True
C_00496,LOT_012,96,prop_delay_ns,5.5189,True
C_00496,LOT_012,168,prop_delay_ns,6.2258,True
C_00497,LOT_012,0,leakage_ua,9.157,False
C_00497,LOT_012,24,leakage_ua,9.6902,False
C_00497,LOT_012,96,leakage_ua,10.0709,False
C_00497,LOT_012,168,leakage_ua,10.0414,False
C_00497,LOT_012,0,iddq_ua,24.2342,False
C_00497,LOT_012,24,iddq_ua,23.852,False
C_00497,LOT_012,96,iddq_ua,24.3015,False
C_00497,LOT_012,168,iddq_ua,24.6403,False
C_00497,LOT_012,0,prop_delay_ns,4.2232,False
C_00497,LOT_012,24,prop_delay_ns,4.4962,False
C_00497,LOT_012,96,prop_delay_ns,4.5153,False
C_00497,LOT_012,168,prop_delay_ns,4.4691,False
C_00498,LOT_012,0,leakage_ua,8.3279,False
C_00498,LOT_012,24,leakage_ua,8.1512,False
C_00498,LOT_012,96,leakage_ua,8.8854,False
C_00498,LOT_012,168,leakage_ua,9.0876,False
C_00498,LOT_012,0,iddq_ua,24.149,False
C_00498,LOT_012,24,iddq_ua,23.4871,False
C_00498,LOT_012,96,iddq_ua,24.9751,False
C_00498,LOT_012,168,iddq_ua,25.5952,False
C_00498,LOT_012,0,prop_delay_ns,4.2026,False
C_00498,LOT_012,24,prop_delay_ns,4.4727,False
C_00498,LOT_012,96,prop_delay_ns,4.5202,False
C_00498,LOT_012,168,prop_delay_ns,4.3938,False
C_00499,LOT_012,0,leakage_ua,8.2007,False
C_00499,LOT_012,24,leakage_ua,8.6919,False
C_00499,LOT_012,96,leakage_ua,8.9442,False
C_00499,LOT_012,168,leakage_ua,9.1235,False
C_00499,LOT_012,0,iddq_ua,24.4264,False
C_00499,LOT_012,24,iddq_ua,24.6289,False
C_00499,LOT_012,96,iddq_ua,24.9129,False
C_00499,LOT_012,168,iddq_ua,25.7924,False
C_00499,LOT_012,0,prop_delay_ns,4.4561,False
C_00499,LOT_012,24,prop_delay_ns,4.4862,False
C_00499,LOT_012,96,prop_delay_ns,4.5007,False
C_00499,LOT_012,168,prop_delay_ns,4.6432,False
C_00500,LOT_012,0,leakage_ua,9.8126,False
C_00500,LOT_012,24,leakage_ua,9.5802,False
C_00500,LOT_012,96,leakage_ua,9.7647,False
C_00500,LOT_012,168,leakage_ua,9.8373,False
C_00500,LOT_012,0,iddq_ua,23.4433,False
C_00500,LOT_012,24,iddq_ua,23.4049,False
C_00500,LOT_012,96,iddq_ua,25.2114,False
C_00500,LOT_012,168,iddq_ua,25.0602,False
C_00500,LOT_012,0,prop_delay_ns,4.3238,False
C_00500,LOT_012,24,prop_delay_ns,4.3665,False
C_00500,LOT_012,96,prop_delay_ns,4.2269,False
C_00500,LOT_012,168,prop_delay_ns,4.4018,False
C_00501,LOT_012,0,leakage_ua,10.4023,False
C_00501,LOT_012,24,leakage_ua,10.2645,False
C_00501,LOT_012,96,leakage_ua,10.6906,False
C_00501,LOT_012,168,leakage_ua,10.862,False
C_00501,LOT_012,0,iddq_ua,20.6433,False
C_00501,LOT_012,24,iddq_ua,20.5895,False
C_00501,LOT_012,96,iddq_ua,21.0961,False
C_00501,LOT_012,168,iddq_ua,21.3988,False
C_00501,LOT_012,0,prop_delay_ns,4.2571,False
C_00501,LOT_012,24,prop_delay_ns,4.366,False
C_00501,LOT_012,96,prop_delay_ns,4.4889,False
C_00501,LOT_012,168,prop_delay_ns,4.619,False
C_00502,LOT_012,0,leakage_ua,9.6562,False
C_00502,LOT_012,24,leakage_ua,10.1946,False
C_00502,LOT_012,96,leakage_ua,10.1496,False
C_00502,LOT_012,168,leakage_ua,10.5436,False
C_00502,LOT_012,0,iddq_ua,26.1391,False
C_00502,LOT_012,24,iddq_ua,25.9633,False
C_00502,LOT_012,96,iddq_ua,26.1261,False
C_00502,LOT_012,168,iddq_ua,27.9922,False
C_00502,LOT_012,0,prop_delay_ns,4.5718,False
C_00502,LOT_012,24,prop_delay_ns,4.7725,False
C_00502,LOT_012,96,prop_delay_ns,4.7095,False
C_00502,LOT_012,168,prop_delay_ns,4.4371,False
C_00503,LOT_012,0,leakage_ua,9.1718,False
C_00503,LOT_012,24,leakage_ua,9.3823,False
C_00503,LOT_012,96,leakage_ua,9.4176,False
C_00503,LOT_012,168,leakage_ua,9.4587,False
C_00503,LOT_012,0,iddq_ua,21.9834,False
C_00503,LOT_012,24,iddq_ua,23.207,False
C_00503,LOT_012,96,iddq_ua,22.9162,False
C_00503,LOT_012,168,iddq_ua,23.2603,False
C_00503,LOT_012,0,prop_delay_ns,4.1812,False
C_00503,LOT_012,24,prop_delay_ns,4.2714,False
C_00503,LOT_012,96,prop_delay_ns,4.3129,False
C_00503,LOT_012,168,prop_delay_ns,4.4248,False
C_00504,LOT_012,0,leakage_ua,9.682,False
C_00504,LOT_012,24,leakage_ua,10.0321,False
C_00504,LOT_012,96,leakage_ua,10.4927,False
C_00504,LOT_012,168,leakage_ua,10.8033,False
C_00504,LOT_012,0,iddq_ua,23.3335,False
C_00504,LOT_012,24,iddq_ua,23.4153,False
C_00504,LOT_012,96,iddq_ua,23.3302,False
C_00504,LOT_012,168,iddq_ua,23.1982,False
C_00504,LOT_012,0,prop_delay_ns,4.1438,False
C_00504,LOT_012,24,prop_delay_ns,4.0076,False
C_00504,LOT_012,96,prop_delay_ns,4.1199,False
C_00504,LOT_012,168,prop_delay_ns,4.2106,False
C_00505,LOT_012,0,leakage_ua,9.2323,False
C_00505,LOT_012,24,leakage_ua,9.4145,False
C_00505,LOT_012,96,leakage_ua,9.3719,False
C_00505,LOT_012,168,leakage_ua,9.6246,False
C_00505,LOT_012,0,iddq_ua,21.8618,False
C_00505,LOT_012,24,iddq_ua,22.5581,False
C_00505,LOT_012,96,iddq_ua,22.4,False
C_00505,LOT_012,168,iddq_ua,23.013,False
C_00505,LOT_012,0,prop_delay_ns,4.9584,False
C_00505,LOT_012,24,prop_delay_ns,4.8129,False
C_00505,LOT_012,96,prop_delay_ns,4.7703,False
C_00505,LOT_012,168,prop_delay_ns,4.8147,False
C_00506,LOT_012,0,leakage_ua,9.6299,False
C_00506,LOT_012,24,leakage_ua,10.0499,False
C_00506,LOT_012,96,leakage_ua,9.948,False
C_00506,LOT_012,168,leakage_ua,10.2836,False
C_00506,LOT_012,0,iddq_ua,20.9078,False
C_00506,LOT_012,24,iddq_ua,20.4031,False
C_00506,LOT_012,96,iddq_ua,21.544,False
C_00506,LOT_012,168,iddq_ua,21.2875,False
C_00506,LOT_012,0,prop_delay_ns,4.2024,False
C_00506,LOT_012,24,prop_delay_ns,4.5255,False
C_00506,LOT_012,96,prop_delay_ns,4.2507,False
C_00506,LOT_012,168,prop_delay_ns,4.4821,False
C_00507,LOT_012,0,leakage_ua,8.8668,False
C_00507,LOT_012,24,leakage_ua,8.889,False
C_00507,LOT_012,96,leakage_ua,9.2717,False
C_00507,LOT_012,168,leakage_ua,9.0798,False
C_00507,LOT_012,0,iddq_ua,22.0347,False
C_00507,LOT_012,24,iddq_ua,22.703,False
C_00507,LOT_012,96,iddq_ua,23.3611,False
C_00507,LOT_012,168,iddq_ua,23.9975,False
C_00507,LOT_012,0,prop_delay_ns,4.2958,False
C_00507,LOT_012,24,prop_delay_ns,4.264,False
C_00507,LOT_012,96,prop_delay_ns,4.3024,False
C_00507,LOT_012,168,prop_delay_ns,4.3462,False
C_00508,LOT_012,0,leakage_ua,8.1589,False
C_00508,LOT_012,24,leakage_ua,8.6865,False
C_00508,LOT_012,96,leakage_ua,8.7577,False
C_00508,LOT_012,168,leakage_ua,9.2925,False
C_00508,LOT_012,0,iddq_ua,21.1046,False
C_00508,LOT_012,24,iddq_ua,21.3631,False
C_00508,LOT_012,96,iddq_ua,21.8045,False
C_00508,LOT_012,168,iddq_ua,21.7437,False
C_00508,LOT_012,0,prop_delay_ns,4.2174,False
C_00508,LOT_012,24,prop_delay_ns,4.2589,False
C_00508,LOT_012,96,prop_delay_ns,4.1476,False
C_00508,LOT_012,168,prop_delay_ns,4.3591,False
C_00509,LOT_012,0,leakage_ua,9.9299,False
C_00509,LOT_012,24,leakage_ua,9.6061,False
C_00509,LOT_012,96,leakage_ua,9.697,False
C_00509,LOT_012,168,leakage_ua,9.78,False
C_00509,LOT_012,0,iddq_ua,23.8977,False
C_00509,LOT_012,24,iddq_ua,24.5827,False
C_00509,LOT_012,96,iddq_ua,25.9669,False
C_00509,LOT_012,168,iddq_ua,25.1957,False
C_00509,LOT_012,0,prop_delay_ns,3.8481,False
C_00509,LOT_012,24,prop_delay_ns,3.8361,False
C_00509,LOT_012,96,prop_delay_ns,3.9515,False
C_00509,LOT_012,168,prop_delay_ns,3.8506,False
C_00510,LOT_012,0,leakage_ua,8.9793,False
C_00510,LOT_012,24,leakage_ua,9.0488,False
C_00510,LOT_012,96,leakage_ua,9.0947,False
C_00510,LOT_012,168,leakage_ua,9.083,False
C_00510,LOT_012,0,iddq_ua,19.0034,False
C_00510,LOT_012,24,iddq_ua,19.781,False
C_00510,LOT_012,96,iddq_ua,19.9204,False
C_00510,LOT_012,168,iddq_ua,20.0525,False
C_00510,LOT_012,0,prop_delay_ns,3.7689,False
C_00510,LOT_012,24,prop_delay_ns,3.7287,False
C_00510,LOT_012,96,prop_delay_ns,3.803,False
C_00510,LOT_012,168,prop_delay_ns,3.9523,False
C_00511,LOT_012,0,leakage_ua,9.256,False
C_00511,LOT_012,24,leakage_ua,9.6862,False
C_00511,LOT_012,96,leakage_ua,9.9362,False
C_00511,LOT_012,168,leakage_ua,10.39,False
C_00511,LOT_012,0,iddq_ua,21.7655,False
C_00511,LOT_012,24,iddq_ua,21.484,False
C_00511,LOT_012,96,iddq_ua,22.2398,False
C_00511,LOT_012,168,iddq_ua,21.4069,False
C_00511,LOT_012,0,prop_delay_ns,3.8723,False
C_00511,LOT_012,24,prop_delay_ns,3.9704,False
C_00511,LOT_012,96,prop_delay_ns,4.0094,False
C_00511,LOT_012,168,prop_delay_ns,3.9033,False
C_00512,LOT_012,0,leakage_ua,9.0648,True
C_00512,LOT_012,24,leakage_ua,15.5457,True
C_00512,LOT_012,96,leakage_ua,25.9403,True
C_00512,LOT_012,168,leakage_ua,33.3858,True
C_00512,LOT_012,0,iddq_ua,21.3497,True
C_00512,LOT_012,24,iddq_ua,28.351,True
C_00512,LOT_012,96,iddq_ua,38.8491,True
C_00512,LOT_012,168,iddq_ua,45.4049,True
C_00512,LOT_012,0,prop_delay_ns,4.5468,True
C_00512,LOT_012,24,prop_delay_ns,4.9433,True
C_00512,LOT_012,96,prop_delay_ns,5.6044,True
C_00512,LOT_012,168,prop_delay_ns,6.2587,True
C_00513,LOT_012,0,leakage_ua,9.0576,False
C_00513,LOT_012,24,leakage_ua,9.0966,False
C_00513,LOT_012,96,leakage_ua,9.3475,False
C_00513,LOT_012,168,leakage_ua,9.2939,False
C_00513,LOT_012,0,iddq_ua,18.3249,False
C_00513,LOT_012,24,iddq_ua,18.4015,False
C_00513,LOT_012,96,iddq_ua,18.39,False
C_00513,LOT_012,168,iddq_ua,19.2809,False
C_00513,LOT_012,0,prop_delay_ns,4.4576,False
C_00513,LOT_012,24,prop_delay_ns,4.354,False
C_00513,LOT_012,96,prop_delay_ns,4.5132,False
C_00513,LOT_012,168,prop_delay_ns,4.3406,False
C_00514,LOT_012,0,leakage_ua,8.5954,False
C_00514,LOT_012,24,leakage_ua,9.1524,False
C_00514,LOT_012,96,leakage_ua,9.8925,False
C_00514,LOT_012,168,leakage_ua,9.969,False
C_00514,LOT_012,0,iddq_ua,22.9012,False
C_00514,LOT_012,24,iddq_ua,22.7773,False
C_00514,LOT_012,96,iddq_ua,23.6874,False
C_00514,LOT_012,168,iddq_ua,22.8178,False
C_00514,LOT_012,0,prop_delay_ns,4.4049,False
C_00514,LOT_012,24,prop_delay_ns,4.4919,False
C_00514,LOT_012,96,prop_delay_ns,4.7352,False
C_00514,LOT_012,168,prop_delay_ns,4.6419,False
C_00515,LOT_012,0,leakage_ua,8.5311,False
C_00515,LOT_012,24,leakage_ua,8.6935,False
C_00515,LOT_012,96,leakage_ua,8.8659,False
C_00515,LOT_012,168,leakage_ua,8.7943,False
C_00515,LOT_012,0,iddq_ua,21.3656,False
C_00515,LOT_012,24,iddq_ua,22.5677,False
C_00515,LOT_012,96,iddq_ua,21.678,False
C_00515,LOT_012,168,iddq_ua,22.7889,False
C_00515,LOT_012,0,prop_delay_ns,3.983,False
C_00515,LOT_012,24,prop_delay_ns,3.9572,False
C_00515,LOT_012,96,prop_delay_ns,3.9488,False
C_00515,LOT_012,168,prop_delay_ns,4.0985,False
C_00516,LOT_012,0,leakage_ua,8.3679,False
C_00516,LOT_012,24,leakage_ua,8.3387,False
C_00516,LOT_012,96,leakage_ua,8.7119,False
C_00516,LOT_012,168,leakage_ua,8.7871,False
C_00516,LOT_012,0,iddq_ua,19.837,False
C_00516,LOT_012,24,iddq_ua,21.0113,False
C_00516,LOT_012,96,iddq_ua,20.6791,False
C_00516,LOT_012,168,iddq_ua,20.1091,False
C_00516,LOT_012,0,prop_delay_ns,4.2866,False
C_00516,LOT_012,24,prop_delay_ns,4.1235,False
C_00516,LOT_012,96,prop_delay_ns,4.292,False
C_00516,LOT_012,168,prop_delay_ns,4.3795,False
C_00517,LOT_012,0,leakage_ua,8.1145,False
C_00517,LOT_012,24,leakage_ua,8.4903,False
C_00517,LOT_012,96,leakage_ua,8.3863,False
C_00517,LOT_012,168,leakage_ua,8.5773,False
C_00517,LOT_012,0,iddq_ua,20.2055,False
C_00517,LOT_012,24,iddq_ua,20.3306,False
C_00517,LOT_012,96,iddq_ua,20.7099,False
C_00517,LOT_012,168,iddq_ua,20.4893,False
C_00517,LOT_012,0,prop_delay_ns,4.1704,False
C_00517,LOT_012,24,prop_delay_ns,4.0988,False
C_00517,LOT_012,96,prop_delay_ns,4.125,False
C_00517,LOT_012,168,prop_delay_ns,4.2232,False
C_00518,LOT_012,0,leakage_ua,8.1078,True
C_00518,LOT_012,24,leakage_ua,10.651,True
C_00518,LOT_012,96,leakage_ua,15.3834,True
C_00518,LOT_012,168,leakage_ua,18.5674,True
C_00518,LOT_012,0,iddq_ua,19.971,True
C_00518,LOT_012,24,iddq_ua,25.6275,True
C_00518,LOT_012,96,iddq_ua,32.737,True
C_00518,LOT_012,168,iddq_ua,38.0804,True
C_00518,LOT_012,0,prop_delay_ns,4.3462,True
C_00518,LOT_012,24,prop_delay_ns,4.9176,True
C_00518,LOT_012,96,prop_delay_ns,5.654,True
C_00518,LOT_012,168,prop_delay_ns,6.0904,True
C_00519,LOT_012,0,leakage_ua,8.7697,False
C_00519,LOT_012,24,leakage_ua,8.8207,False
C_00519,LOT_012,96,leakage_ua,9.3749,False
C_00519,LOT_012,168,leakage_ua,9.3803,False
C_00519,LOT_012,0,iddq_ua,23.9553,False
C_00519,LOT_012,24,iddq_ua,24.2643,False
C_00519,LOT_012,96,iddq_ua,24.5082,False
C_00519,LOT_012,168,iddq_ua,23.4839,False
C_00519,LOT_012,0,prop_delay_ns,4.1406,False
C_00519,LOT_012,24,prop_delay_ns,4.1611,False
C_00519,LOT_012,96,prop_delay_ns,4.103,False
C_00519,LOT_012,168,prop_delay_ns,4.0454,False
C_00520,LOT_012,0,leakage_ua,9.9074,False
C_00520,LOT_012,24,leakage_ua,10.4659,False
C_00520,LOT_012,96,leakage_ua,10.3442,False
C_00520,LOT_012,168,leakage_ua,10.3976,False
C_00520,LOT_012,0,iddq_ua,23.2175,False
C_00520,LOT_012,24,iddq_ua,24.6786,False
C_00520,LOT_012,96,iddq_ua,24.5589,False
C_00520,LOT_012,168,iddq_ua,24.1125,False
C_00520,LOT_012,0,prop_delay_ns,3.7031,False
C_00520,LOT_012,24,prop_delay_ns,3.7946,False
C_00520,LOT_012,96,prop_delay_ns,3.8396,False
C_00520,LOT_012,168,prop_delay_ns,3.899,False
C_00521,LOT_013,0,leakage_ua,11.8578,False
C_00521,LOT_013,24,leakage_ua,12.7758,False
C_00521,LOT_013,96,leakage_ua,13.4865,False
C_00521,LOT_013,168,leakage_ua,14.5738,False
C_00521,LOT_013,0,iddq_ua,22.6458,False
C_00521,LOT_013,24,iddq_ua,22.5942,False
C_00521,LOT_013,96,iddq_ua,22.9728,False
C_00521,LOT_013,168,iddq_ua,22.9179,False
C_00521,LOT_013,0,prop_delay_ns,4.5465,False
C_00521,LOT_013,24,prop_delay_ns,4.4638,False
C_00521,LOT_013,96,prop_delay_ns,4.4767,False
C_00521,LOT_013,168,prop_delay_ns,4.6411,False
C_00522,LOT_013,0,leakage_ua,11.8878,False
C_00522,LOT_013,24,leakage_ua,12.4443,False
C_00522,LOT_013,96,leakage_ua,12.8113,False
C_00522,LOT_013,168,leakage_ua,13.637,False
C_00522,LOT_013,0,iddq_ua,25.5003,False
C_00522,LOT_013,24,iddq_ua,26.2226,False
C_00522,LOT_013,96,iddq_ua,25.5768,False
C_00522,LOT_013,168,iddq_ua,26.1401,False
C_00522,LOT_013,0,prop_delay_ns,4.4338,False
C_00522,LOT_013,24,prop_delay_ns,4.4372,False
C_00522,LOT_013,96,prop_delay_ns,4.5345,False
C_00522,LOT_013,168,prop_delay_ns,4.4358,False
C_00523,LOT_013,0,leakage_ua,12.8742,False
C_00523,LOT_013,24,leakage_ua,13.093,False
C_00523,LOT_013,96,leakage_ua,13.1776,False
C_00523,LOT_013,168,leakage_ua,13.2033,False
C_00523,LOT_013,0,iddq_ua,25.0074,False
C_00523,LOT_013,24,iddq_ua,24.964,False
C_00523,LOT_013,96,iddq_ua,24.6744,False
C_00523,LOT_013,168,iddq_ua,26.3306,False
C_00523,LOT_013,0,prop_delay_ns,4.5673,False
C_00523,LOT_013,24,prop_delay_ns,4.6114,False
C_00523,LOT_013,96,prop_delay_ns,4.5566,False
C_00523,LOT_013,168,prop_delay_ns,4.5962,False
C_00524,LOT_013,0,leakage_ua,12.6165,False
C_00524,LOT_013,24,leakage_ua,12.4873,False
C_00524,LOT_013,96,leakage_ua,13.2714,False
C_00524,LOT_013,168,leakage_ua,13.7833,False
C_00524,LOT_013,0,iddq_ua,23.5893,False
C_00524,LOT_013,24,iddq_ua,23.5238,False
C_00524,LOT_013,96,iddq_ua,25.0368,False
C_00524,LOT_013,168,iddq_ua,24.5111,False
C_00524,LOT_013,0,prop_delay_ns,4.4897,False
C_00524,LOT_013,24,prop_delay_ns,4.4084,False
C_00524,LOT_013,96,prop_delay_ns,4.3444,False
C_00524,LOT_013,168,prop_delay_ns,4.4311,False
C_00525,LOT_013,0,leakage_ua,12.3523,False
C_00525,LOT_013,24,leakage_ua,12.4027,False
C_00525,LOT_013,96,leakage_ua,12.9523,False
C_00525,LOT_013,168,leakage_ua,12.9436,False
C_00525,LOT_013,0,iddq_ua,28.2238,False
C_00525,LOT_013,24,iddq_ua,27.9665,False
C_00525,LOT_013,96,iddq_ua,28.5812,False
C_00525,LOT_013,168,iddq_ua,28.8456,False
C_00525,LOT_013,0,prop_delay_ns,4.3138,False
C_00525,LOT_013,24,prop_delay_ns,4.2516,False
C_00525,LOT_013,96,prop_delay_ns,4.2609,False
C_00525,LOT_013,168,prop_delay_ns,4.0782,False
C_00526,LOT_013,0,leakage_ua,13.3048,False
C_00526,LOT_013,24,leakage_ua,14.2524,False
C_00526,LOT_013,96,leakage_ua,15.79,False
C_00526,LOT_013,168,leakage_ua,17.7737,False
C_00526,LOT_013,0,iddq_ua,23.0416,False
C_00526,LOT_013,24,iddq_ua,22.751,False
C_00526,LOT_013,96,iddq_ua,23.0558,False
C_00526,LOT_013,168,iddq_ua,23.1692,False
C_00526,LOT_013,0,prop_delay_ns,3.9961,False
C_00526,LOT_013,24,prop_delay_ns,4.0828,False
C_00526,LOT_013,96,prop_delay_ns,4.0508,False
C_00526,LOT_013,168,prop_delay_ns,4.198,False
C_00527,LOT_013,0,leakage_ua,10.8799,False
C_00527,LOT_013,24,leakage_ua,11.3866,False
C_00527,LOT_013,96,leakage_ua,11.6559,False
C_00527,LOT_013,168,leakage_ua,12.1452,False
C_00527,LOT_013,0,iddq_ua,23.8608,False
C_00527,LOT_013,24,iddq_ua,24.8942,False
C_00527,LOT_013,96,iddq_ua,25.1073,False
C_00527,LOT_013,168,iddq_ua,24.715,False
C_00527,LOT_013,0,prop_delay_ns,4.7099,False
C_00527,LOT_013,24,prop_delay_ns,4.7422,False
C_00527,LOT_013,96,prop_delay_ns,4.685,False
C_00527,LOT_013,168,prop_delay_ns,4.6393,False
C_00528,LOT_013,0,leakage_ua,12.048,False
C_00528,LOT_013,24,leakage_ua,12.1044,False
C_00528,LOT_013,96,leakage_ua,12.1075,False
C_00528,LOT_013,168,leakage_ua,11.8874,False
C_00528,LOT_013,0,iddq_ua,26.2159,False
C_00528,LOT_013,24,iddq_ua,25.131,False
C_00528,LOT_013,96,iddq_ua,24.5043,False
C_00528,LOT_013,168,iddq_ua,25.7141,False
C_00528,LOT_013,0,prop_delay_ns,4.4092,False
C_00528,LOT_013,24,prop_delay_ns,4.5231,False
C_00528,LOT_013,96,prop_delay_ns,4.4635,False
C_00528,LOT_013,168,prop_delay_ns,4.6387,False
C_00529,LOT_013,0,leakage_ua,11.5886,False
C_00529,LOT_013,24,leakage_ua,11.7698,False
C_00529,LOT_013,96,leakage_ua,12.0178,False
C_00529,LOT_013,168,leakage_ua,12.16,False
C_00529,LOT_013,0,iddq_ua,23.637,False
C_00529,LOT_013,24,iddq_ua,22.2876,False
C_00529,LOT_013,96,iddq_ua,22.9751,False
C_00529,LOT_013,168,iddq_ua,23.3986,False
C_00529,LOT_013,0,prop_delay_ns,4.3089,False
C_00529,LOT_013,24,prop_delay_ns,4.4231,False
C_00529,LOT_013,96,prop_delay_ns,4.5382,False
C_00529,LOT_013,168,prop_delay_ns,4.5233,False
C_00530,LOT_013,0,leakage_ua,11.8584,False
C_00530,LOT_013,24,leakage_ua,12.0935,False
C_00530,LOT_013,96,leakage_ua,12.2284,False
C_00530,LOT_013,168,leakage_ua,12.945,False
C_00530,LOT_013,0,iddq_ua,24.53,False
C_00530,LOT_013,24,iddq_ua,23.8305,False
C_00530,LOT_013,96,iddq_ua,24.8153,False
C_00530,LOT_013,168,iddq_ua,25.0678,False
C_00530,LOT_013,0,prop_delay_ns,4.6154,False
C_00530,LOT_013,24,prop_delay_ns,4.5748,False
C_00530,LOT_013,96,prop_delay_ns,4.6568,False
C_00530,LOT_013,168,prop_delay_ns,4.7496,False
C_00531,LOT_013,0,leakage_ua,11.5066,False
C_00531,LOT_013,24,leakage_ua,11.6492,False
C_00531,LOT_013,96,leakage_ua,12.008,False
C_00531,LOT_013,168,leakage_ua,12.8638,False
C_00531,LOT_013,0,iddq_ua,21.8887,False
C_00531,LOT_013,24,iddq_ua,22.5326,False
C_00531,LOT_013,96,iddq_ua,23.0128,False
C_00531,LOT_013,168,iddq_ua,23.8552,False
C_00531,LOT_013,0,prop_delay_ns,4.513,False
C_00531,LOT_013,24,prop_delay_ns,4.3367,False
C_00531,LOT_013,96,prop_delay_ns,4.396,False
C_00531,LOT_013,168,prop_delay_ns,4.3219,False
C_00532,LOT_013,0,leakage_ua,13.0873,False
C_00532,LOT_013,24,leakage_ua,13.4205,False
C_00532,LOT_013,96,leakage_ua,13.5629,False
C_00532,LOT_013,168,leakage_ua,13.6321,False
C_00532,LOT_013,0,iddq_ua,24.2071,False
C_00532,LOT_013,24,iddq_ua,23.7209,False
C_00532,LOT_013,96,iddq_ua,25.2851,False
C_00532,LOT_013,168,iddq_ua,24.3845,False
C_00532,LOT_013,0,prop_delay_ns,4.4604,False
C_00532,LOT_013,24,prop_delay_ns,4.5762,False
C_00532,LOT_013,96,prop_delay_ns,4.4441,False
C_00532,LOT_013,168,prop_delay_ns,4.4863,False
C_00533,LOT_013,0,leakage_ua,12.2463,False
C_00533,LOT_013,24,leakage_ua,12.6767,False
C_00533,LOT_013,96,leakage_ua,12.8125,False
C_00533,LOT_013,168,leakage_ua,13.857,False
C_00533,LOT_013,0,iddq_ua,21.4687,False
C_00533,LOT_013,24,iddq_ua,22.1019,False
C_00533,LOT_013,96,iddq_ua,22.3603,False
C_00533,LOT_013,168,iddq_ua,22.5182,False
C_00533,LOT_013,0,prop_delay_ns,4.2071,False
C_00533,LOT_013,24,prop_delay_ns,4.0919,False
C_00533,LOT_013,96,prop_delay_ns,4.2032,False
C_00533,LOT_013,168,prop_delay_ns,4.3279,False
C_00534,LOT_013,0,leakage_ua,11.3055,False
C_00534,LOT_013,24,leakage_ua,11.2894,False
C_00534,LOT_013,96,leakage_ua,11.8484,False
C_00534,LOT_013,168,leakage_ua,12.2393,False
C_00534,LOT_013,0,iddq_ua,23.5462,False
C_00534,LOT_013,24,iddq_ua,23.0121,False
C_00534,LOT_013,96,iddq_ua,23.3391,False
C_00534,LOT_013,168,iddq_ua,23.4349,False
C_00534,LOT_013,0,prop_delay_ns,4.1131,False
C_00534,LOT_013,24,prop_delay_ns,4.2319,False
C_00534,LOT_013,96,prop_delay_ns,4.2596,False
C_00534,LOT_013,168,prop_delay_ns,4.0309,False
C_00535,LOT_013,0,leakage_ua,11.7733,False
C_00535,LOT_013,24,leakage_ua,12.7221,False
C_00535,LOT_013,96,leakage_ua,12.7907,False
C_00535,LOT_013,168,leakage_ua,12.6918,False
C_00535,LOT_013,0,iddq_ua,23.124,False
C_00535,LOT_013,24,iddq_ua,22.8689,False
C_00535,LOT_013,96,iddq_ua,24.0332,False
C_00535,LOT_013,168,iddq_ua,24.3968,False
C_00535,LOT_013,0,prop_delay_ns,4.4005,False
C_00535,LOT_013,24,prop_delay_ns,4.3246,False
C_00535,LOT_013,96,prop_delay_ns,4.3842,False
C_00535,LOT_013,168,prop_delay_ns,4.4306,False
C_00536,LOT_013,0,leakage_ua,12.1984,False
C_00536,LOT_013,24,leakage_ua,12.252,False
C_00536,LOT_013,96,leakage_ua,13.239,False
C_00536,LOT_013,168,leakage_ua,12.8271,False
C_00536,LOT_013,0,iddq_ua,24.6358,False
C_00536,LOT_013,24,iddq_ua,24.8606,False
C_00536,LOT_013,96,iddq_ua,26.9987,False
C_00536,LOT_013,168,iddq_ua,26.3111,False
C_00536,LOT_013,0,prop_delay_ns,4.3937,False
C_00536,LOT_013,24,prop_delay_ns,4.6597,False
C_00536,LOT_013,96,prop_delay_ns,4.5326,False
C_00536,LOT_013,168,prop_delay_ns,4.4613,False
C_00537,LOT_013,0,leakage_ua,11.7782,False
C_00537,LOT_013,24,leakage_ua,11.3892,False
C_00537,LOT_013,96,leakage_ua,12.4748,False
C_00537,LOT_013,168,leakage_ua,12.6149,False
C_00537,LOT_013,0,iddq_ua,23.8129,False
C_00537,LOT_013,24,iddq_ua,23.3442,False
C_00537,LOT_013,96,iddq_ua,24.2128,False
C_00537,LOT_013,168,iddq_ua,24.6764,False
C_00537,LOT_013,0,prop_delay_ns,4.7826,False
C_00537,LOT_013,24,prop_delay_ns,4.6695,False
C_00537,LOT_013,96,prop_delay_ns,4.6256,False
C_00537,LOT_013,168,prop_delay_ns,4.6079,False
C_00538,LOT_013,0,leakage_ua,11.2921,False
C_00538,LOT_013,24,leakage_ua,11.895,False
C_00538,LOT_013,96,leakage_ua,12.2832,False
C_00538,LOT_013,168,leakage_ua,12.9186,False
C_00538,LOT_013,0,iddq_ua,25.7363,False
C_00538,LOT_013,24,iddq_ua,25.0567,False
C_00538,LOT_013,96,iddq_ua,26.5136,False
C_00538,LOT_013,168,iddq_ua,26.6709,False
C_00538,LOT_013,0,prop_delay_ns,4.7417,False
C_00538,LOT_013,24,prop_delay_ns,4.6417,False
C_00538,LOT_013,96,prop_delay_ns,4.7205,False
C_00538,LOT_013,168,prop_delay_ns,4.6885,False
C_00539,LOT_013,0,leakage_ua,11.9653,False
C_00539,LOT_013,24,leakage_ua,12.4818,False
C_00539,LOT_013,96,leakage_ua,12.3879,False
C_00539,LOT_013,168,leakage_ua,12.9157,False
C_00539,LOT_013,0,iddq_ua,22.9531,False
C_00539,LOT_013,24,iddq_ua,24.5328,False
C_00539,LOT_013,96,iddq_ua,25.3441,False
C_00539,LOT_013,168,iddq_ua,25.1683,False
C_00539,LOT_013,0,prop_delay_ns,4.7035,False
C_00539,LOT_013,24,prop_delay_ns,4.915,False
C_00539,LOT_013,96,prop_delay_ns,4.7095,False
C_00539,LOT_013,168,prop_delay_ns,4.7174,False
C_00540,LOT_013,0,leakage_ua,12.7495,False
C_00540,LOT_013,24,leakage_ua,13.0769,False
C_00540,LOT_013,96,leakage_ua,13.6592,False
C_00540,LOT_013,168,leakage_ua,13.4185,False
C_00540,LOT_013,0,iddq_ua,25.946,False
C_00540,LOT_013,24,iddq_ua,26.0398,False
C_00540,LOT_013,96,iddq_ua,26.7936,False
C_00540,LOT_013,168,iddq_ua,26.6133,False
C_00540,LOT_013,0,prop_delay_ns,3.8092,False
C_00540,LOT_013,24,prop_delay_ns,3.9425,False
C_00540,LOT_013,96,prop_delay_ns,3.8026,False
C_00540,LOT_013,168,prop_delay_ns,3.9497,False
C_00541,LOT_013,0,leakage_ua,11.9117,False
C_00541,LOT_013,24,leakage_ua,12.2989,False
C_00541,LOT_013,96,leakage_ua,12.6518,False
C_00541,LOT_013,168,leakage_ua,12.6907,False
C_00541,LOT_013,0,iddq_ua,25.7787,False
C_00541,LOT_013,24,iddq_ua,24.8156,False
C_00541,LOT_013,96,iddq_ua,25.1397,False
C_00541,LOT_013,168,iddq_ua,25.3484,False
C_00541,LOT_013,0,prop_delay_ns,4.1055,False
C_00541,LOT_013,24,prop_delay_ns,4.128,False
C_00541,LOT_013,96,prop_delay_ns,4.1157,False
C_00541,LOT_013,168,prop_delay_ns,4.0693,False
C_00542,LOT_013,0,leakage_ua,12.8521,False
C_00542,LOT_013,24,leakage_ua,13.0484,False
C_00542,LOT_013,96,leakage_ua,13.8375,False
C_00542,LOT_013,168,leakage_ua,13.6891,False
C_00542,LOT_013,0,iddq_ua,24.2923,False
C_00542,LOT_013,24,iddq_ua,24.2553,False
C_00542,LOT_013,96,iddq_ua,25.2249,False
C_00542,LOT_013,168,iddq_ua,24.8054,False
C_00542,LOT_013,0,prop_delay_ns,4.6021,False
C_00542,LOT_013,24,prop_delay_ns,4.4364,False
C_00542,LOT_013,96,prop_delay_ns,4.6129,False
C_00542,LOT_013,168,prop_delay_ns,4.5741,False
C_00543,LOT_013,0,leakage_ua,12.461,False
C_00543,LOT_013,24,leakage_ua,12.2448,False
C_00543,LOT_013,96,leakage_ua,12.4634,False
C_00543,LOT_013,168,leakage_ua,12.9957,False
C_00543,LOT_013,0,iddq_ua,25.2229,False
C_00543,LOT_013,24,iddq_ua,25.5817,False
C_00543,LOT_013,96,iddq_ua,26.0602,False
C_00543,LOT_013,168,iddq_ua,26.4078,False
C_00543,LOT_013,0,prop_delay_ns,4.6855,False
C_00543,LOT_013,24,prop_delay_ns,4.7884,False
C_00543,LOT_013,96,prop_delay_ns,4.5724,False
C_00543,LOT_013,168,prop_delay_ns,4.5888,False
C_00544,LOT_013,0,leakage_ua,13.0239,False
C_00544,LOT_013,24,leakage_ua,13.2063,False
C_00544,LOT_013,96,leakage_ua,13.6108,False
C_00544,LOT_013,168,leakage_ua,13.394,False
C_00544,LOT_013,0,iddq_ua,22.0831,False
C_00544,LOT_013,24,iddq_ua,23.1633,False
C_00544,LOT_013,96,iddq_ua,22.9016,False
C_00544,LOT_013,168,iddq_ua,23.1016,False
C_00544,LOT_013,0,prop_delay_ns,4.4006,False
C_00544,LOT_013,24,prop_delay_ns,4.3748,False
C_00544,LOT_013,96,prop_delay_ns,4.4918,False
C_00544,LOT_013,168,prop_delay_ns,4.5386,False
C_00545,LOT_013,0,leakage_ua,10.7093,False
C_00545,LOT_013,24,leakage_ua,11.4722,False
C_00545,LOT_013,96,leakage_ua,11.5225,False
C_00545,LOT_013,168,leakage_ua,12.2348,False
C_00545,LOT_013,0,iddq_ua,22.9535,False
C_00545,LOT_013,24,iddq_ua,24.0065,False
C_00545,LOT_013,96,iddq_ua,24.9156,False
C_00545,LOT_013,168,iddq_ua,25.4514,False
C_00545,LOT_013,0,prop_delay_ns,3.9545,False
C_00545,LOT_013,24,prop_delay_ns,3.9499,False
C_00545,LOT_013,96,prop_delay_ns,4.029,False
C_00545,LOT_013,168,prop_delay_ns,4.0677,False
C_00546,LOT_013,0,leakage_ua,12.7891,False
C_00546,LOT_013,24,leakage_ua,12.5422,False
C_00546,LOT_013,96,leakage_ua,13.0643,False
C_00546,LOT_013,168,leakage_ua,13.7014,False
C_00546,LOT_013,0,iddq_ua,24.2384,False
C_00546,LOT_013,24,iddq_ua,26.4283,False
C_00546,LOT_013,96,iddq_ua,25.9601,False
C_00546,LOT_013,168,iddq_ua,27.0058,False
C_00546,LOT_013,0,prop_delay_ns,3.9158,False
C_00546,LOT_013,24,prop_delay_ns,3.9117,False
C_00546,LOT_013,96,prop_delay_ns,3.9347,False
C_00546,LOT_013,168,prop_delay_ns,3.8378,False
C_00547,LOT_013,0,leakage_ua,11.9372,False
C_00547,LOT_013,24,leakage_ua,11.8437,False
C_00547,LOT_013,96,leakage_ua,12.6044,False
C_00547,LOT_013,168,leakage_ua,13.5424,False
C_00547,LOT_013,0,iddq_ua,27.0851,False
C_00547,LOT_013,24,iddq_ua,26.6162,False
C_00547,LOT_013,96,iddq_ua,26.632,False
C_00547,LOT_013,168,iddq_ua,26.8511,False
C_00547,LOT_013,0,prop_delay_ns,4.5505,False
C_00547,LOT_013,24,prop_delay_ns,4.4849,False
C_00547,LOT_013,96,prop_delay_ns,4.6904,False
C_00547,LOT_013,168,prop_delay_ns,4.4595,False
C_00548,LOT_013,0,leakage_ua,11.118,False
C_00548,LOT_013,24,leakage_ua,11.988,False
C_00548,LOT_013,96,leakage_ua,13.1134,False
C_00548,LOT_013,168,leakage_ua,13.8911,False
C_00548,LOT_013,0,iddq_ua,27.0146,False
C_00548,LOT_013,24,iddq_ua,28.9259,False
C_00548,LOT_013,96,iddq_ua,28.5274,False
C_00548,LOT_013,168,iddq_ua,28.8645,False
C_00548,LOT_013,0,prop_delay_ns,4.2791,False
C_00548,LOT_013,24,prop_delay_ns,4.3735,False
C_00548,LOT_013,96,prop_delay_ns,4.2915,False
C_00548,LOT_013,168,prop_delay_ns,4.2257,False
C_00549,LOT_013,0,leakage_ua,12.0689,False
C_00549,LOT_013,24,leakage_ua,12.5138,False
C_00549,LOT_013,96,leakage_ua,13.1723,False
C_00549,LOT_013,168,leakage_ua,12.9721,False
C_00549,LOT_013,0,iddq_ua,24.3209,False
C_00549,LOT_013,24,iddq_ua,24.6906,False
C_00549,LOT_013,96,iddq_ua,24.5741,False
C_00549,LOT_013,168,iddq_ua,25.6522,False
C_00549,LOT_013,0,prop_delay_ns,4.4187,False
C_00549,LOT_013,24,prop_delay_ns,4.5588,False
C_00549,LOT_013,96,prop_delay_ns,4.6436,False
C_00549,LOT_013,168,prop_delay_ns,4.5893,False
C_00550,LOT_013,0,leakage_ua,12.1663,False
C_00550,LOT_013,24,leakage_ua,12.1139,False
C_00550,LOT_013,96,leakage_ua,12.7682,False
C_00550,LOT_013,168,leakage_ua,13.2826,False
C_00550,LOT_013,0,iddq_ua,24.8168,False
C_00550,LOT_013,24,iddq_ua,25.2064,False
C_00550,LOT_013,96,iddq_ua,25.2442,False
C_00550,LOT_013,168,iddq_ua,25.7289,False
C_00550,LOT_013,0,prop_delay_ns,4.8807,False
C_00550,LOT_013,24,prop_delay_ns,4.8678,False
C_00550,LOT_013,96,prop_delay_ns,4.8693,False
C_00550,LOT_013,168,prop_delay_ns,4.9477,False
C_00551,LOT_013,0,leakage_ua,12.0658,False
C_00551,LOT_013,24,leakage_ua,12.0192,False
C_00551,LOT_013,96,leakage_ua,11.842,False
C_00551,LOT_013,168,leakage_ua,12.6612,False
C_00551,LOT_013,0,iddq_ua,23.6923,False
C_00551,LOT_013,24,iddq_ua,25.0678,False
C_00551,LOT_013,96,iddq_ua,24.7739,False
C_00551,LOT_013,168,iddq_ua,23.8692,False
C_00551,LOT_013,0,prop_delay_ns,4.3909,False
C_00551,LOT_013,24,prop_delay_ns,4.4611,False
C_00551,LOT_013,96,prop_delay_ns,4.4487,False
C_00551,LOT_013,168,prop_delay_ns,4.34,False
C_00552,LOT_013,0,leakage_ua,12.0378,False
C_00552,LOT_013,24,leakage_ua,11.7114,False
C_00552,LOT_013,96,leakage_ua,12.3389,False
C_00552,LOT_013,168,leakage_ua,12.3971,False
C_00552,LOT_013,0,iddq_ua,23.4407,False
C_00552,LOT_013,24,iddq_ua,23.7332,False
C_00552,LOT_013,96,iddq_ua,23.5011,False
C_00552,LOT_013,168,iddq_ua,24.002,False
C_00552,LOT_013,0,prop_delay_ns,4.5562,False
C_00552,LOT_013,24,prop_delay_ns,4.5578,False
C_00552,LOT_013,96,prop_delay_ns,4.6935,False
C_00552,LOT_013,168,prop_delay_ns,4.6281,False
C_00553,LOT_013,0,leakage_ua,12.6045,False
C_00553,LOT_013,24,leakage_ua,13.485,False
C_00553,LOT_013,96,leakage_ua,13.8587,False
C_00553,LOT_013,168,leakage_ua,14.7999,False
C_00553,LOT_013,0,iddq_ua,25.341,False
C_00553,LOT_013,24,iddq_ua,24.7703,False
C_00553,LOT_013,96,iddq_ua,26.4839,False
C_00553,LOT_013,168,iddq_ua,26.3383,False
C_00553,LOT_013,0,prop_delay_ns,4.173,False
C_00553,LOT_013,24,prop_delay_ns,4.2587,False
C_00553,LOT_013,96,prop_delay_ns,4.2026,False
C_00553,LOT_013,168,prop_delay_ns,4.2642,False
C_00554,LOT_013,0,leakage_ua,11.5992,False
C_00554,LOT_013,24,leakage_ua,12.1815,False
C_00554,LOT_013,96,leakage_ua,12.9411,False
C_00554,LOT_013,168,leakage_ua,12.8761,False
C_00554,LOT_013,0,iddq_ua,23.0761,False
C_00554,LOT_013,24,iddq_ua,23.8442,False
C_00554,LOT_013,96,iddq_ua,23.9296,False
C_00554,LOT_013,168,iddq_ua,24.6434,False
C_00554,LOT_013,0,prop_delay_ns,4.1971,False
C_00554,LOT_013,24,prop_delay_ns,4.1722,False
C_00554,LOT_013,96,prop_delay_ns,4.1464,False
C_00554,LOT_013,168,prop_delay_ns,4.2561,False
C_00555,LOT_013,0,leakage_ua,11.627,False
C_00555,LOT_013,24,leakage_ua,12.2629,False
C_00555,LOT_013,96,leakage_ua,12.5021,False
C_00555,LOT_013,168,leakage_ua,12.6127,False
C_00555,LOT_013,0,iddq_ua,23.6121,False
C_00555,LOT_013,24,iddq_ua,22.9094,False
C_00555,LOT_013,96,iddq_ua,23.4041,False
C_00555,LOT_013,168,iddq_ua,23.6331,False
C_00555,LOT_013,0,prop_delay_ns,4.6733,False
C_00555,LOT_013,24,prop_delay_ns,4.5885,False
C_00555,LOT_013,96,prop_delay_ns,4.7944,False
C_00555,LOT_013,168,prop_delay_ns,4.6852,False
C_00556,LOT_013,0,leakage_ua,12.0911,False
C_00556,LOT_013,24,leakage_ua,12.0402,False
C_00556,LOT_013,96,leakage_ua,12.5731,False
C_00556,LOT_013,168,leakage_ua,13.3604,False
C_00556,LOT_013,0,iddq_ua,22.5299,False
C_00556,LOT_013,24,iddq_ua,23.2383,False
C_00556,LOT_013,96,iddq_ua,23.4697,False
C_00556,LOT_013,168,iddq_ua,24.2019,False
C_00556,LOT_013,0,prop_delay_ns,4.9114,False
C_00556,LOT_013,24,prop_delay_ns,4.9293,False
C_00556,LOT_013,96,prop_delay_ns,4.9329,False
C_00556,LOT_013,168,prop_delay_ns,4.8804,False
C_00557,LOT_013,0,leakage_ua,11.8465,False
C_00557,LOT_013,24,leakage_ua,11.9226,False
C_00557,LOT_013,96,leakage_ua,12.5624,False
C_00557,LOT_013,168,leakage_ua,12.0247,False
C_00557,LOT_013,0,iddq_ua,25.7412,False
C_00557,LOT_013,24,iddq_ua,25.7746,False
C_00557,LOT_013,96,iddq_ua,27.2147,False
C_00557,LOT_013,168,iddq_ua,27.6928,False
C_00557,LOT_013,0,prop_delay_ns,4.5016,False
C_00557,LOT_013,24,prop_delay_ns,4.1867,False
C_00557,LOT_013,96,prop_delay_ns,4.4277,False
C_00557,LOT_013,168,prop_delay_ns,4.3484,False
C_00558,LOT_013,0,leakage_ua,11.9574,False
C_00558,LOT_013,24,leakage_ua,12.4463,False
C_00558,LOT_013,96,leakage_ua,12.8501,False
C_00558,LOT_013,168,leakage_ua,13.4278,False
C_00558,LOT_013,0,iddq_ua,21.7338,False
C_00558,LOT_013,24,iddq_ua,22.0603,False
C_00558,LOT_013,96,iddq_ua,22.2142,False
C_00558,LOT_013,168,iddq_ua,23.29,False
C_00558,LOT_013,0,prop_delay_ns,4.4412,False
C_00558,LOT_013,24,prop_delay_ns,4.2176,False
C_00558,LOT_013,96,prop_delay_ns,4.3725,False
C_00558,LOT_013,168,prop_delay_ns,4.3462,False
C_00559,LOT_013,0,leakage_ua,12.7408,False
C_00559,LOT_013,24,leakage_ua,12.9898,False
C_00559,LOT_013,96,leakage_ua,13.712,False
C_00559,LOT_013,168,leakage_ua,14.0989,False
C_00559,LOT_013,0,iddq_ua,23.756,False
C_00559,LOT_013,24,iddq_ua,24.8242,False
C_00559,LOT_013,96,iddq_ua,24.4282,False
C_00559,LOT_013,168,iddq_ua,24.9319,False
C_00559,LOT_013,0,prop_delay_ns,4.7328,False
C_00559,LOT_013,24,prop_delay_ns,4.5948,False
C_00559,LOT_013,96,prop_delay_ns,4.6724,False
C_00559,LOT_013,168,prop_delay_ns,4.6662,False
C_00560,LOT_013,0,leakage_ua,11.8371,False
C_00560,LOT_013,24,leakage_ua,12.5168,False
C_00560,LOT_013,96,leakage_ua,12.9213,False
C_00560,LOT_013,168,leakage_ua,13.2748,False
C_00560,LOT_013,0,iddq_ua,26.4962,False
C_00560,LOT_013,24,iddq_ua,25.5833,False
C_00560,LOT_013,96,iddq_ua,25.6399,False
C_00560,LOT_013,168,iddq_ua,27.3479,False
C_00560,LOT_013,0,prop_delay_ns,4.3282,False
C_00560,LOT_013,24,prop_delay_ns,4.3663,False
C_00560,LOT_013,96,prop_delay_ns,4.4729,False
C_00560,LOT_013,168,prop_delay_ns,4.4014,False
C_00561,LOT_014,0,leakage_ua,10.6185,False
C_00561,LOT_014,24,leakage_ua,10.63,False
C_00561,LOT_014,96,leakage_ua,10.8587,False
C_00561,LOT_014,168,leakage_ua,10.5687,False
C_00561,LOT_014,0,iddq_ua,22.5143,False
C_00561,LOT_014,24,iddq_ua,22.9126,False
C_00561,LOT_014,96,iddq_ua,23.8294,False
C_00561,LOT_014,168,iddq_ua,23.4614,False
C_00561,LOT_014,0,prop_delay_ns,4.4064,False
C_00561,LOT_014,24,prop_delay_ns,4.4383,False
C_00561,LOT_014,96,prop_delay_ns,4.3707,False
C_00561,LOT_014,168,prop_delay_ns,4.3915,False
C_00562,LOT_014,0,leakage_ua,10.5985,False
C_00562,LOT_014,24,leakage_ua,10.8115,False
C_00562,LOT_014,96,leakage_ua,10.7577,False
C_00562,LOT_014,168,leakage_ua,11.127,False
C_00562,LOT_014,0,iddq_ua,22.264,False
C_00562,LOT_014,24,iddq_ua,22.6283,False
C_00562,LOT_014,96,iddq_ua,22.1387,False
C_00562,LOT_014,168,iddq_ua,22.6664,False
C_00562,LOT_014,0,prop_delay_ns,4.1928,False
C_00562,LOT_014,24,prop_delay_ns,4.3033,False
C_00562,LOT_014,96,prop_delay_ns,4.2742,False
C_00562,LOT_014,168,prop_delay_ns,4.0943,False
C_00563,LOT_014,0,leakage_ua,10.4807,False
C_00563,LOT_014,24,leakage_ua,10.4094,False
C_00563,LOT_014,96,leakage_ua,10.6579,False
C_00563,LOT_014,168,leakage_ua,11.0414,False
C_00563,LOT_014,0,iddq_ua,22.104,False
C_00563,LOT_014,24,iddq_ua,22.019,False
C_00563,LOT_014,96,iddq_ua,22.8885,False
C_00563,LOT_014,168,iddq_ua,23.8758,False
C_00563,LOT_014,0,prop_delay_ns,4.6295,False
C_00563,LOT_014,24,prop_delay_ns,4.6166,False
C_00563,LOT_014,96,prop_delay_ns,4.5707,False
C_00563,LOT_014,168,prop_delay_ns,4.6648,False
C_00564,LOT_014,0,leakage_ua,9.6651,False
C_00564,LOT_014,24,leakage_ua,9.6551,False
C_00564,LOT_014,96,leakage_ua,9.9291,False
C_00564,LOT_014,168,leakage_ua,10.2264,False
C_00564,LOT_014,0,iddq_ua,21.9811,False
C_00564,LOT_014,24,iddq_ua,21.9289,False
C_00564,LOT_014,96,iddq_ua,22.332,False
C_00564,LOT_014,168,iddq_ua,23.536,False
C_00564,LOT_014,0,prop_delay_ns,4.2688,False
C_00564,LOT_014,24,prop_delay_ns,4.1206,False
C_00564,LOT_014,96,prop_delay_ns,4.1522,False
C_00564,LOT_014,168,prop_delay_ns,4.216,False
C_00565,LOT_014,0,leakage_ua,10.3385,False
C_00565,LOT_014,24,leakage_ua,10.5436,False
C_00565,LOT_014,96,leakage_ua,11.0877,False
C_00565,LOT_014,168,leakage_ua,10.536,False
C_00565,LOT_014,0,iddq_ua,22.2101,False
C_00565,LOT_014,24,iddq_ua,22.0228,False
C_00565,LOT_014,96,iddq_ua,22.5193,False
C_00565,LOT_014,168,iddq_ua,22.5144,False
C_00565,LOT_014,0,prop_delay_ns,4.6729,False
C_00565,LOT_014,24,prop_delay_ns,4.6574,False
C_00565,LOT_014,96,prop_delay_ns,4.6419,False
C_00565,LOT_014,168,prop_delay_ns,4.87,False
C_00566,LOT_014,0,leakage_ua,10.2347,False
C_00566,LOT_014,24,leakage_ua,10.2998,False
C_00566,LOT_014,96,leakage_ua,10.4023,False
C_00566,LOT_014,168,leakage_ua,10.3826,False
C_00566,LOT_014,0,iddq_ua,23.6123,False
C_00566,LOT_014,24,iddq_ua,23.2207,False
C_00566,LOT_014,96,iddq_ua,24.5249,False
C_00566,LOT_014,168,iddq_ua,24.6157,False
C_00566,LOT_014,0,prop_delay_ns,4.1607,False
C_00566,LOT_014,24,prop_delay_ns,4.192,False
C_00566,LOT_014,96,prop_delay_ns,4.2967,False
C_00566,LOT_014,168,prop_delay_ns,4.4981,False
C_00567,LOT_014,0,leakage_ua,10.711,False
C_00567,LOT_014,24,leakage_ua,10.7173,False
C_00567,LOT_014,96,leakage_ua,10.9036,False
C_00567,LOT_014,168,leakage_ua,10.7409,False
C_00567,LOT_014,0,iddq_ua,24.0922,False
C_00567,LOT_014,24,iddq_ua,24.2251,False
C_00567,LOT_014,96,iddq_ua,24.4259,False
C_00567,LOT_014,168,iddq_ua,24.5176,False
C_00567,LOT_014,0,prop_delay_ns,4.4788,False
C_00567,LOT_014,24,prop_delay_ns,4.6304,False
C_00567,LOT_014,96,prop_delay_ns,4.5389,False
C_00567,LOT_014,168,prop_delay_ns,4.4247,False
C_00568,LOT_014,0,leakage_ua,10.351,False
C_00568,LOT_014,24,leakage_ua,10.3603,False
C_00568,LOT_014,96,leakage_ua,10.7371,False
C_00568,LOT_014,168,leakage_ua,10.3967,False
C_00568,LOT_014,0,iddq_ua,25.7445,False
C_00568,LOT_014,24,iddq_ua,26.0255,False
C_00568,LOT_014,96,iddq_ua,26.23,False
C_00568,LOT_014,168,iddq_ua,26.6799,False
C_00568,LOT_014,0,prop_delay_ns,4.7576,False
C_00568,LOT_014,24,prop_delay_ns,4.916,False
C_00568,LOT_014,96,prop_delay_ns,4.7978,False
C_00568,LOT_014,168,prop_delay_ns,4.9154,False
C_00569,LOT_014,0,leakage_ua,10.0203,False
C_00569,LOT_014,24,leakage_ua,10.2219,False
C_00569,LOT_014,96,leakage_ua,10.4504,False
C_00569,LOT_014,168,leakage_ua,10.3675,False
C_00569,LOT_014,0,iddq_ua,19.1217,False
C_00569,LOT_014,24,iddq_ua,19.3837,False
C_00569,LOT_014,96,iddq_ua,20.1998,False
C_00569,LOT_014,168,iddq_ua,20.477,False
C_00569,LOT_014,0,prop_delay_ns,4.575,False
C_00569,LOT_014,24,prop_delay_ns,4.4824,False
C_00569,LOT_014,96,prop_delay_ns,4.5262,False
C_00569,LOT_014,168,prop_delay_ns,4.4064,False
C_00570,LOT_014,0,leakage_ua,10.151,False
C_00570,LOT_014,24,leakage_ua,10.3056,False
C_00570,LOT_014,96,leakage_ua,10.6995,False
C_00570,LOT_014,168,leakage_ua,10.8384,False
C_00570,LOT_014,0,iddq_ua,23.0247,False
C_00570,LOT_014,24,iddq_ua,23.9173,False
C_00570,LOT_014,96,iddq_ua,24.2362,False
C_00570,LOT_014,168,iddq_ua,24.154,False
C_00570,LOT_014,0,prop_delay_ns,4.5545,False
C_00570,LOT_014,24,prop_delay_ns,4.6662,False
C_00570,LOT_014,96,prop_delay_ns,4.7574,False
C_00570,LOT_014,168,prop_delay_ns,4.887,False
C_00571,LOT_014,0,leakage_ua,10.9572,False
C_00571,LOT_014,24,leakage_ua,11.1371,False
C_00571,LOT_014,96,leakage_ua,11.3817,False
C_00571,LOT_014,168,leakage_ua,11.327,False
C_00571,LOT_014,0,iddq_ua,27.3706,False
C_00571,LOT_014,24,iddq_ua,27.952,False
C_00571,LOT_014,96,iddq_ua,27.4242,False
C_00571,LOT_014,168,iddq_ua,28.3151,False
C_00571,LOT_014,0,prop_delay_ns,4.7799,False
C_00571,LOT_014,24,prop_delay_ns,4.9906,False
C_00571,LOT_014,96,prop_delay_ns,4.9454,False
C_00571,LOT_014,168,prop_delay_ns,5.0181,False
C_00572,LOT_014,0,leakage_ua,11.6199,False
C_00572,LOT_014,24,leakage_ua,11.437,False
C_00572,LOT_014,96,leakage_ua,11.6496,False
C_00572,LOT_014,168,leakage_ua,11.7374,False
C_00572,LOT_014,0,iddq_ua,21.748,False
C_00572,LOT_014,24,iddq_ua,21.5597,False
C_00572,LOT_014,96,iddq_ua,21.7412,False
C_00572,LOT_014,168,iddq_ua,22.2036,False
C_00572,LOT_014,0,prop_delay_ns,4.7771,False
C_00572,LOT_014,24,prop_delay_ns,4.8841,False
C_00572,LOT_014,96,prop_delay_ns,4.8574,False
C_00572,LOT_014,168,prop_delay_ns,4.9671,False
C_00573,LOT_014,0,leakage_ua,11.5883,False
C_00573,LOT_014,24,leakage_ua,11.7571,False
C_00573,LOT_014,96,leakage_ua,12.0137,False
C_00573,LOT_014,168,leakage_ua,11.9557,False
C_00573,LOT_014,0,iddq_ua,22.1777,False
C_00573,LOT_014,24,iddq_ua,23.8497,False
C_00573,LOT_014,96,iddq_ua,23.4907,False
C_00573,LOT_014,168,iddq_ua,23.4241,False
C_00573,LOT_014,0,prop_delay_ns,4.3172,False
C_00573,LOT_014,24,prop_delay_ns,4.3469,False
C_00573,LOT_014,96,prop_delay_ns,4.2969,False
C_00573,LOT_014,168,prop_delay_ns,4.47,False
C_00574,LOT_014,0,leakage_ua,9.9875,False
C_00574,LOT_014,24,leakage_ua,9.9302,False
C_00574,LOT_014,96,leakage_ua,10.2141,False
C_00574,LOT_014,168,leakage_ua,10.2613,False
C_00574,LOT_014,0,iddq_ua,22.25,False
C_00574,LOT_014,24,iddq_ua,22.1478,False
C_00574,LOT_014,96,iddq_ua,22.8841,False
C_00574,LOT_014,168,iddq_ua,22.3967,False
C_00574,LOT_014,0,prop_delay_ns,4.3522,False
C_00574,LOT_014,24,prop_delay_ns,4.3312,False
C_00574,LOT_014,96,prop_delay_ns,4.5106,False
C_00574,LOT_014,168,prop_delay_ns,4.3668,False
C_00575,LOT_014,0,leakage_ua,10.0003,False
C_00575,LOT_014,24,leakage_ua,9.9568,False
C_00575,LOT_014,96,leakage_ua,10.7264,False
C_00575,LOT_014,168,leakage_ua,10.3257,False
C_00575,LOT_014,0,iddq_ua,24.1739,False
C_00575,LOT_014,24,iddq_ua,24.2314,False
C_00575,LOT_014,96,iddq_ua,25.3345,False
C_00575,LOT_014,168,iddq_ua,24.2558,False
C_00575,LOT_014,0,prop_delay_ns,4.2524,False
C_00575,LOT_014,24,prop_delay_ns,4.3373,False
C_00575,LOT_014,96,prop_delay_ns,4.3257,False
C_00575,LOT_014,168,prop_delay_ns,4.4495,False
C_00576,LOT_014,0,leakage_ua,10.6489,False
C_00576,LOT_014,24,leakage_ua,10.935,False
C_00576,LOT_014,96,leakage_ua,11.0341,False
C_00576,LOT_014,168,leakage_ua,10.927,False
C_00576,LOT_014,0,iddq_ua,21.4686,False
C_00576,LOT_014,24,iddq_ua,21.8586,False
C_00576,LOT_014,96,iddq_ua,21.4548,False
C_00576,LOT_014,168,iddq_ua,22.3119,False
C_00576,LOT_014,0,prop_delay_ns,4.8881,False
C_00576,LOT_014,24,prop_delay_ns,4.9302,False
C_00576,LOT_014,96,prop_delay_ns,4.8557,False
C_00576,LOT_014,168,prop_delay_ns,5.1163,False
C_00577,LOT_014,0,leakage_ua,10.209,False
C_00577,LOT_014,24,leakage_ua,10.6072,False
C_00577,LOT_014,96,leakage_ua,11.0589,False
C_00577,LOT_014,168,leakage_ua,11.8307,False
C_00577,LOT_014,0,iddq_ua,23.7436,False
C_00577,LOT_014,24,iddq_ua,23.8848,False
C_00577,LOT_014,96,iddq_ua,23.4756,False
C_00577,LOT_014,168,iddq_ua,23.03,False
C_00577,LOT_014,0,prop_delay_ns,4.294,False
C_00577,LOT_014,24,prop_delay_ns,4.4759,False
C_00577,LOT_014,96,prop_delay_ns,4.5179,False
C_00577,LOT_014,168,prop_delay_ns,4.3709,False
C_00578,LOT_014,0,leakage_ua,9.7081,True
C_00578,LOT_014,24,leakage_ua,12.7844,True
C_00578,LOT_014,96,leakage_ua,17.1732,True
C_00578,LOT_014,168,leakage_ua,19.2929,True
C_00578,LOT_014,0,iddq_ua,26.1827,True
C_00578,LOT_014,24,iddq_ua,33.6251,True
C_00578,LOT_014,96,iddq_ua,45.9949,True
C_00578,LOT_014,168,iddq_ua,53.8382,True
C_00578,LOT_014,0,prop_delay_ns,4.3394,True
C_00578,LOT_014,24,prop_delay_ns,4.6875,True
C_00578,LOT_014,96,prop_delay_ns,5.0614,True
C_00578,LOT_014,168,prop_delay_ns,5.2232,True
C_00579,LOT_014,0,leakage_ua,10.605,True
C_00579,LOT_014,24,leakage_ua,14.0879,True
C_00579,LOT_014,96,leakage_ua,18.7077,True
C_00579,LOT_014,168,leakage_ua,21.0527,True
C_00579,LOT_014,0,iddq_ua,24.273,True
C_00579,LOT_014,24,iddq_ua,33.7981,True
C_00579,LOT_014,96,iddq_ua,46.5325,True
C_00579,LOT_014,168,iddq_ua,55.2754,True
C_00579,LOT_014,0,prop_delay_ns,4.7175,True
C_00579,LOT_014,24,prop_delay_ns,4.9014,True
C_00579,LOT_014,96,prop_delay_ns,5.681,True
C_00579,LOT_014,168,prop_delay_ns,5.8962,True
C_00580,LOT_014,0,leakage_ua,11.1495,False
C_00580,LOT_014,24,leakage_ua,11.385,False
C_00580,LOT_014,96,leakage_ua,11.6605,False
C_00580,LOT_014,168,leakage_ua,11.8447,False
C_00580,LOT_014,0,iddq_ua,24.6993,False
C_00580,LOT_014,24,iddq_ua,24.3968,False
C_00580,LOT_014,96,iddq_ua,24.9173,False
C_00580,LOT_014,168,iddq_ua,26.6589,False
C_00580,LOT_014,0,prop_delay_ns,4.5373,False
C_00580,LOT_014,24,prop_delay_ns,4.5265,False
C_00580,LOT_014,96,prop_delay_ns,4.6667,False
C_00580,LOT_014,168,prop_delay_ns,4.6322,False
C_00581,LOT_014,0,leakage_ua,10.2526,True
C_00581,LOT_014,24,leakage_ua,14.4251,True
C_00581,LOT_014,96,leakage_ua,18.0254,True
C_00581,LOT_014,168,leakage_ua,20.7151,True
C_00581,LOT_014,0,iddq_ua,22.0623,True
C_00581,LOT_014,24,iddq_ua,30.2884,True
C_00581,LOT_014,96,iddq_ua,41.7834,True
C_00581,LOT_014,168,iddq_ua,49.1732,True
C_00581,LOT_014,0,prop_delay_ns,4.2827,True
C_00581,LOT_014,24,prop_delay_ns,4.6747,True
C_00581,LOT_014,96,prop_delay_ns,5.1257,True
C_00581,LOT_014,168,prop_delay_ns,5.4207,True
C_00582,LOT_014,0,leakage_ua,9.6507,False
C_00582,LOT_014,24,leakage_ua,10.0224,False
C_00582,LOT_014,96,leakage_ua,10.3101,False
C_00582,LOT_014,168,leakage_ua,9.9433,False
C_00582,LOT_014,0,iddq_ua,23.8695,False
C_00582,LOT_014,24,iddq_ua,25.1354,False
C_00582,LOT_014,96,iddq_ua,25.0756,False
C_00582,LOT_014,168,iddq_ua,24.2461,False
C_00582,LOT_014,0,prop_delay_ns,4.7156,False
C_00582,LOT_014,24,prop_delay_ns,4.7937,False
C_00582,LOT_014,96,prop_delay_ns,4.769,False
C_00582,LOT_014,168,prop_delay_ns,4.8359,False
C_00583,LOT_014,0,leakage_ua,10.2653,False
C_00583,LOT_014,24,leakage_ua,9.9657,False
C_00583,LOT_014,96,leakage_ua,10.5818,False
C_00583,LOT_014,168,leakage_ua,10.3994,False
C_00583,LOT_014,0,iddq_ua,24.3974,False
C_00583,LOT_014,24,iddq_ua,24.0831,False
C_00583,LOT_014,96,iddq_ua,25.229,False
C_00583,LOT_014,168,iddq_ua,25.1616,False
C_00583,LOT_014,0,prop_delay_ns,4.8084,False
C_00583,LOT_014,24,prop_delay_ns,4.7185,False
C_00583,LOT_014,96,prop_delay_ns,4.7256,False
C_00583,LOT_014,168,prop_delay_ns,4.7997,False
C_00584,LOT_014,0,leakage_ua,10.0996,False
C_00584,LOT_014,24,leakage_ua,9.6316,False
C_00584,LOT_014,96,leakage_ua,10.1843,False
C_00584,LOT_014,168,leakage_ua,9.9312,False
C_00584,LOT_014,0,iddq_ua,24.4331,False
C_00584,LOT_014,24,iddq_ua,24.4431,False
C_00584,LOT_014,96,iddq_ua,24.0642,False
C_00584,LOT_014,168,iddq_ua,23.5556,False
C_00584,LOT_014,0,prop_delay_ns,4.4772,False
C_00584,LOT_014,24,prop_delay_ns,4.366,False
C_00584,LOT_014,96,prop_delay_ns,4.3395,False
C_00584,LOT_014,168,prop_delay_ns,4.5119,False
C_00585,LOT_014,0,leakage_ua,10.2684,False
C_00585,LOT_014,24,leakage_ua,10.401,False
C_00585,LOT_014,96,leakage_ua,11.0265,False
C_00585,LOT_014,168,leakage_ua,11.2563,False
C_00585,LOT_014,0,iddq_ua,23.7761,False
C_00585,LOT_014,24,iddq_ua,23.7819,False
C_00585,LOT_014,96,iddq_ua,24.3584,False
C_00585,LOT_014,168,iddq_ua,24.8595,False
C_00585,LOT_014,0,prop_delay_ns,4.4596,False
C_00585,LOT_014,24,prop_delay_ns,4.4674,False
C_00585,LOT_014,96,prop_delay_ns,4.5993,False
C_00585,LOT_014,168,prop_delay_ns,4.3887,False
C_00586,LOT_014,0,leakage_ua,10.3048,False
C_00586,LOT_014,24,leakage_ua,10.3969,False
C_00586,LOT_014,96,leakage_ua,10.5379,False
C_00586,LOT_014,168,leakage_ua,10.8168,False
C_00586,LOT_014,0,iddq_ua,23.4381,False
C_00586,LOT_014,24,iddq_ua,24.6561,False
C_00586,LOT_014,96,iddq_ua,25.7466,False
C_00586,LOT_014,168,iddq_ua,25.3219,False
C_00586,LOT_014,0,prop_delay_ns,4.2826,False
C_00586,LOT_014,24,prop_delay_ns,4.4793,False
C_00586,LOT_014,96,prop_delay_ns,4.3559,False
C_00586,LOT_014,168,prop_delay_ns,4.3801,False
C_00587,LOT_014,0,leakage_ua,9.1112,False
C_00587,LOT_014,24,leakage_ua,9.4019,False
C_00587,LOT_014,96,leakage_ua,9.7179,False
C_00587,LOT_014,168,leakage_ua,9.6404,False
C_00587,LOT_014,0,iddq_ua,21.0191,False
C_00587,LOT_014,24,iddq_ua,21.3555,False
C_00587,LOT_014,96,iddq_ua,20.6407,False
C_00587,LOT_014,168,iddq_ua,21.5209,False
C_00587,LOT_014,0,prop_delay_ns,4.466,False
C_00587,LOT_014,24,prop_delay_ns,4.2691,False
C_00587,LOT_014,96,prop_delay_ns,4.6682,False
C_00587,LOT_014,168,prop_delay_ns,4.6074,False
C_00588,LOT_014,0,leakage_ua,10.4989,False
C_00588,LOT_014,24,leakage_ua,10.884,False
C_00588,LOT_014,96,leakage_ua,10.7297,False
C_00588,LOT_014,168,leakage_ua,10.7568,False
C_00588,LOT_014,0,iddq_ua,25.5653,False
C_00588,LOT_014,24,iddq_ua,25.1615,False
C_00588,LOT_014,96,iddq_ua,25.6417,False
C_00588,LOT_014,168,iddq_ua,26.3038,False
C_00588,LOT_014,0,prop_delay_ns,4.2459,False
C_00588,LOT_014,24,prop_delay_ns,4.2374,False
C_00588,LOT_014,96,prop_delay_ns,4.2481,False
C_00588,LOT_014,168,prop_delay_ns,4.0945,False
C_00589,LOT_014,0,leakage_ua,10.459,False
C_00589,LOT_014,24,leakage_ua,10.6985,False
C_00589,LOT_014,96,leakage_ua,11.3825,False
C_00589,LOT_014,168,leakage_ua,11.2616,False
C_00589,LOT_014,0,iddq_ua,23.2039,False
C_00589,LOT_014,24,iddq_ua,23.1543,False
C_00589,LOT_014,96,iddq_ua,24.2995,False
C_00589,LOT_014,168,iddq_ua,23.6935,False
C_00589,LOT_014,0,prop_delay_ns,4.6325,False
C_00589,LOT_014,24,prop_delay_ns,4.5941,False
C_00589,LOT_014,96,prop_delay_ns,4.5993,False
C_00589,LOT_014,168,prop_delay_ns,4.6852,False
C_00590,LOT_014,0,leakage_ua,10.6855,False
C_00590,LOT_014,24,leakage_ua,10.4972,False
C_00590,LOT_014,96,leakage_ua,10.785,False
C_00590,LOT_014,168,leakage_ua,10.9267,False
C_00590,LOT_014,0,iddq_ua,24.8142,False
C_00590,LOT_014,24,iddq_ua,24.44,False
C_00590,LOT_014,96,iddq_ua,25.5882,False
C_00590,LOT_014,168,iddq_ua,25.9681,False
C_00590,LOT_014,0,prop_delay_ns,4.7013,False
C_00590,LOT_014,24,prop_delay_ns,4.8245,False
C_00590,LOT_014,96,prop_delay_ns,4.8577,False
C_00590,LOT_014,168,prop_delay_ns,4.718,False
C_00591,LOT_014,0,leakage_ua,9.4514,False
C_00591,LOT_014,24,leakage_ua,9.6926,False
C_00591,LOT_014,96,leakage_ua,9.7939,False
C_00591,LOT_014,168,leakage_ua,9.696,False
C_00591,LOT_014,0,iddq_ua,24.3638,False
C_00591,LOT_014,24,iddq_ua,24.065,False
C_00591,LOT_014,96,iddq_ua,24.452,False
C_00591,LOT_014,168,iddq_ua,25.7048,False
C_00591,LOT_014,0,prop_delay_ns,4.4497,False
C_00591,LOT_014,24,prop_delay_ns,4.5573,False
C_00591,LOT_014,96,prop_delay_ns,4.5974,False
C_00591,LOT_014,168,prop_delay_ns,4.5483,False
C_00592,LOT_014,0,leakage_ua,9.7159,False
C_00592,LOT_014,24,leakage_ua,9.7105,False
C_00592,LOT_014,96,leakage_ua,9.7148,False
C_00592,LOT_014,168,leakage_ua,9.3961,False
C_00592,LOT_014,0,iddq_ua,23.329,False
C_00592,LOT_014,24,iddq_ua,22.7393,False
C_00592,LOT_014,96,iddq_ua,23.0642,False
C_00592,LOT_014,168,iddq_ua,23.6554,False
C_00592,LOT_014,0,prop_delay_ns,4.1164,False
C_00592,LOT_014,24,prop_delay_ns,4.1086,False
C_00592,LOT_014,96,prop_delay_ns,4.1251,False
C_00592,LOT_014,168,prop_delay_ns,4.211,False
C_00593,LOT_014,0,leakage_ua,10.3712,True
C_00593,LOT_014,24,leakage_ua,14.2287,True
C_00593,LOT_014,96,leakage_ua,19.1221,True
C_00593,LOT_014,168,leakage_ua,22.485,True
C_00593,LOT_014,0,iddq_ua,22.738,True
C_00593,LOT_014,24,iddq_ua,37.8878,True
C_00593,LOT_014,96,iddq_ua,56.3329,True
C_00593,LOT_014,168,iddq_ua,70.3559,True
C_00593,LOT_014,0,prop_delay_ns,4.5567,True
C_00593,LOT_014,24,prop_delay_ns,4.8573,True
C_00593,LOT_014,96,prop_delay_ns,5.577,True
C_00593,LOT_014,168,prop_delay_ns,6.1835,True
C_00594,LOT_014,0,leakage_ua,12.2305,False
C_00594,LOT_014,24,leakage_ua,11.5391,False
C_00594,LOT_014,96,leakage_ua,11.6499,False
C_00594,LOT_014,168,leakage_ua,11.9453,False
C_00594,LOT_014,0,iddq_ua,25.0259,False
C_00594,LOT_014,24,iddq_ua,25.9217,False
C_00594,LOT_014,96,iddq_ua,25.6558,False
C_00594,LOT_014,168,iddq_ua,25.4715,False
C_00594,LOT_014,0,prop_delay_ns,4.8611,False
C_00594,LOT_014,24,prop_delay_ns,4.941,False
C_00594,LOT_014,96,prop_delay_ns,5.0222,False
C_00594,LOT_014,168,prop_delay_ns,5.0635,False
C_00595,LOT_014,0,leakage_ua,10.5648,False
C_00595,LOT_014,24,leakage_ua,10.3899,False
C_00595,LOT_014,96,leakage_ua,10.3129,False
C_00595,LOT_014,168,leakage_ua,10.2288,False
C_00595,LOT_014,0,iddq_ua,25.2731,False
C_00595,LOT_014,24,iddq_ua,24.0274,False
C_00595,LOT_014,96,iddq_ua,25.329,False
C_00595,LOT_014,168,iddq_ua,25.8856,False
C_00595,LOT_014,0,prop_delay_ns,4.7562,False
C_00595,LOT_014,24,prop_delay_ns,4.9437,False
C_00595,LOT_014,96,prop_delay_ns,4.9474,False
C_00595,LOT_014,168,prop_delay_ns,4.6538,False
C_00596,LOT_014,0,leakage_ua,10.9513,False
C_00596,LOT_014,24,leakage_ua,10.9217,False
C_00596,LOT_014,96,leakage_ua,10.9357,False
C_00596,LOT_014,168,leakage_ua,11.2762,False
C_00596,LOT_014,0,iddq_ua,23.7271,False
C_00596,LOT_014,24,iddq_ua,24.5329,False
C_00596,LOT_014,96,iddq_ua,24.2776,False
C_00596,LOT_014,168,iddq_ua,24.087,False
C_00596,LOT_014,0,prop_delay_ns,4.6119,False
C_00596,LOT_014,24,prop_delay_ns,4.9224,False
C_00596,LOT_014,96,prop_delay_ns,4.8471,False
C_00596,LOT_014,168,prop_delay_ns,4.7715,False
C_00597,LOT_014,0,leakage_ua,10.9032,False
C_00597,LOT_014,24,leakage_ua,11.5022,False
C_00597,LOT_014,96,leakage_ua,11.1843,False
C_00597,LOT_014,168,leakage_ua,11.6451,False
C_00597,LOT_014,0,iddq_ua,22.8704,False
C_00597,LOT_014,24,iddq_ua,23.3278,False
C_00597,LOT_014,96,iddq_ua,22.9598,False
C_00597,LOT_014,168,iddq_ua,23.4681,False
C_00597,LOT_014,0,prop_delay_ns,4.9228,False
C_00597,LOT_014,24,prop_delay_ns,4.9805,False
C_00597,LOT_014,96,prop_delay_ns,4.9884,False
C_00597,LOT_014,168,prop_delay_ns,4.9159,False
C_00598,LOT_014,0,leakage_ua,10.6699,False
C_00598,LOT_014,24,leakage_ua,10.6405,False
C_00598,LOT_014,96,leakage_ua,10.5688,False
C_00598,LOT_014,168,leakage_ua,10.6589,False
C_00598,LOT_014,0,iddq_ua,26.5997,False
C_00598,LOT_014,24,iddq_ua,26.4543,False
C_00598,LOT_014,96,iddq_ua,26.3715,False
C_00598,LOT_014,168,iddq_ua,26.6883,False
C_00598,LOT_014,0,prop_delay_ns,4.4483,False
C_00598,LOT_014,24,prop_delay_ns,4.4168,False
C_00598,LOT_014,96,prop_delay_ns,4.491,False
C_00598,LOT_014,168,prop_delay_ns,4.5536,False
C_00599,LOT_014,0,leakage_ua,10.9276,False
C_00599,LOT_014,24,leakage_ua,10.9914,False
C_00599,LOT_014,96,leakage_ua,10.9391,False
C_00599,LOT_014,168,leakage_ua,10.8836,False
C_00599,LOT_014,0,iddq_ua,20.8428,False
C_00599,LOT_014,24,iddq_ua,20.7819,False
C_00599,LOT_014,96,iddq_ua,21.3074,False
C_00599,LOT_014,168,iddq_ua,21.712,False
C_00599,LOT_014,0,prop_delay_ns,4.6171,False
C_00599,LOT_014,24,prop_delay_ns,4.7017,False
C_00599,LOT_014,96,prop_delay_ns,4.3955,False
C_00599,LOT_014,168,prop_delay_ns,4.4793,False
C_00600,LOT_014,0,leakage_ua,10.4046,False
C_00600,LOT_014,24,leakage_ua,10.4618,False
C_00600,LOT_014,96,leakage_ua,10.6683,False
C_00600,LOT_014,168,leakage_ua,10.5116,False
C_00600,LOT_014,0,iddq_ua,24.1655,False
C_00600,LOT_014,24,iddq_ua,24.0509,False
C_00600,LOT_014,96,iddq_ua,23.8436,False
C_00600,LOT_014,168,iddq_ua,24.8362,False
C_00600,LOT_014,0,prop_delay_ns,4.3128,False
C_00600,LOT_014,24,prop_delay_ns,4.4193,False
C_00600,LOT_014,96,prop_delay_ns,4.4683,False
C_00600,LOT_014,168,prop_delay_ns,4.4936,False
C_00601,LOT_015,0,leakage_ua,9.9435,False
C_00601,LOT_015,24,leakage_ua,10.1814,False
C_00601,LOT_015,96,leakage_ua,10.1787,False
C_00601,LOT_015,168,leakage_ua,10.5899,False
C_00601,LOT_015,0,iddq_ua,27.7679,False
C_00601,LOT_015,24,iddq_ua,27.8994,False
C_00601,LOT_015,96,iddq_ua,27.2342,False
C_00601,LOT_015,168,iddq_ua,27.813,False
C_00601,LOT_015,0,prop_delay_ns,5.0075,False
C_00601,LOT_015,24,prop_delay_ns,4.8853,False
C_00601,LOT_015,96,prop_delay_ns,5.1741,False
C_00601,LOT_015,168,prop_delay_ns,5.1559,False
C_00602,LOT_015,0,leakage_ua,10.6248,False
C_00602,LOT_015,24,leakage_ua,10.5208,False
C_00602,LOT_015,96,leakage_ua,10.5854,False
C_00602,LOT_015,168,leakage_ua,11.0813,False
C_00602,LOT_015,0,iddq_ua,26.8651,False
C_00602,LOT_015,24,iddq_ua,27.6382,False
C_00602,LOT_015,96,iddq_ua,29.4176,False
C_00602,LOT_015,168,iddq_ua,29.0457,False
C_00602,LOT_015,0,prop_delay_ns,4.8147,False
C_00602,LOT_015,24,prop_delay_ns,4.8168,False
C_00602,LOT_015,96,prop_delay_ns,4.7438,False
C_00602,LOT_015,168,prop_delay_ns,4.7023,False
C_00603,LOT_015,0,leakage_ua,11.3314,False
C_00603,LOT_015,24,leakage_ua,11.6604,False
C_00603,LOT_015,96,leakage_ua,11.683,False
C_00603,LOT_015,168,leakage_ua,11.8958,False
C_00603,LOT_015,0,iddq_ua,23.3845,False
C_00603,LOT_015,24,iddq_ua,24.1165,False
C_00603,LOT_015,96,iddq_ua,24.8201,False
C_00603,LOT_015,168,iddq_ua,24.1079,False
C_00603,LOT_015,0,prop_delay_ns,4.5701,False
C_00603,LOT_015,24,prop_delay_ns,4.9132,False
C_00603,LOT_015,96,prop_delay_ns,4.606,False
C_00603,LOT_015,168,prop_delay_ns,4.8967,False
C_00604,LOT_015,0,leakage_ua,10.2917,False
C_00604,LOT_015,24,leakage_ua,10.6329,False
C_00604,LOT_015,96,leakage_ua,10.7759,False
C_00604,LOT_015,168,leakage_ua,10.8322,False
C_00604,LOT_015,0,iddq_ua,26.8102,False
C_00604,LOT_015,24,iddq_ua,25.9305,False
C_00604,LOT_015,96,iddq_ua,27.3447,False
C_00604,LOT_015,168,iddq_ua,27.4412,False
C_00604,LOT_015,0,prop_delay_ns,4.5945,False
C_00604,LOT_015,24,prop_delay_ns,4.469,False
C_00604,LOT_015,96,prop_delay_ns,4.5882,False
C_00604,LOT_015,168,prop_delay_ns,4.5239,False
C_00605,LOT_015,0,leakage_ua,11.2212,False
C_00605,LOT_015,24,leakage_ua,11.5718,False
C_00605,LOT_015,96,leakage_ua,11.9117,False
C_00605,LOT_015,168,leakage_ua,11.959,False
C_00605,LOT_015,0,iddq_ua,28.5885,False
C_00605,LOT_015,24,iddq_ua,28.9157,False
C_00605,LOT_015,96,iddq_ua,31.3637,False
C_00605,LOT_015,168,iddq_ua,31.3441,False
C_00605,LOT_015,0,prop_delay_ns,4.5178,False
C_00605,LOT_015,24,prop_delay_ns,4.5678,False
C_00605,LOT_015,96,prop_delay_ns,4.7379,False
C_00605,LOT_015,168,prop_delay_ns,4.8919,False
C_00606,LOT_015,0,leakage_ua,10.3403,False
C_00606,LOT_015,24,leakage_ua,10.3015,False
C_00606,LOT_015,96,leakage_ua,10.2402,False
C_00606,LOT_015,168,leakage_ua,10.3382,False
C_00606,LOT_015,0,iddq_ua,25.2938,False
C_00606,LOT_015,24,iddq_ua,25.3631,False
C_00606,LOT_015,96,iddq_ua,27.0327,False
C_00606,LOT_015,168,iddq_ua,25.3698,False
C_00606,LOT_015,0,prop_delay_ns,4.8526,False
C_00606,LOT_015,24,prop_delay_ns,4.9515,False
C_00606,LOT_015,96,prop_delay_ns,4.9475,False
C_00606,LOT_015,168,prop_delay_ns,5.1215,False
C_00607,LOT_015,0,leakage_ua,10.5744,False
C_00607,LOT_015,24,leakage_ua,10.9104,False
C_00607,LOT_015,96,leakage_ua,10.4836,False
C_00607,LOT_015,168,leakage_ua,11.2113,False
C_00607,LOT_015,0,iddq_ua,28.5621,False
C_00607,LOT_015,24,iddq_ua,27.4807,False
C_00607,LOT_015,96,iddq_ua,29.3576,False
C_00607,LOT_015,168,iddq_ua,29.0372,False
C_00607,LOT_015,0,prop_delay_ns,5.2865,False
C_00607,LOT_015,24,prop_delay_ns,5.2667,False
C_00607,LOT_015,96,prop_delay_ns,5.1545,False
C_00607,LOT_015,168,prop_delay_ns,5.2796,False
C_00608,LOT_015,0,leakage_ua,10.5475,False
C_00608,LOT_015,24,leakage_ua,10.394,False
C_00608,LOT_015,96,leakage_ua,11.0459,False
C_00608,LOT_015,168,leakage_ua,10.6479,False
C_00608,LOT_015,0,iddq_ua,25.3636,False
C_00608,LOT_015,24,iddq_ua,25.2226,False
C_00608,LOT_015,96,iddq_ua,25.4791,False
C_00608,LOT_015,168,iddq_ua,25.1511,False
C_00608,LOT_015,0,prop_delay_ns,4.684,False
C_00608,LOT_015,24,prop_delay_ns,4.7339,False
C_00608,LOT_015,96,prop_delay_ns,4.6887,False
C_00608,LOT_015,168,prop_delay_ns,4.5952,False
C_00609,LOT_015,0,leakage_ua,10.9688,False
C_00609,LOT_015,24,leakage_ua,11.5764,False
C_00609,LOT_015,96,leakage_ua,11.047,False
C_00609,LOT_015,168,leakage_ua,11.2292,False
C_00609,LOT_015,0,iddq_ua,25.0343,False
C_00609,LOT_015,24,iddq_ua,25.7592,False
C_00609,LOT_015,96,iddq_ua,25.5485,False
C_00609,LOT_015,168,iddq_ua,26.1075,False
C_00609,LOT_015,0,prop_delay_ns,5.3372,False
C_00609,LOT_015,24,prop_delay_ns,5.2737,False
C_00609,LOT_015,96,prop_delay_ns,5.5143,False
C_00609,LOT_015,168,prop_delay_ns,5.5302,False
C_00610,LOT_015,0,leakage_ua,11.3247,False
C_00610,LOT_015,24,leakage_ua,11.6574,False
C_00610,LOT_015,96,leakage_ua,11.5689,False
C_00610,LOT_015,168,leakage_ua,11.5875,False
C_00610,LOT_015,0,iddq_ua,28.7024,False
C_00610,LOT_015,24,iddq_ua,29.6768,False
C_00610,LOT_015,96,iddq_ua,30.8286,False
C_00610,LOT_015,168,iddq_ua,31.6231,False
C_00610,LOT_015,0,prop_delay_ns,5.4065,False
C_00610,LOT_015,24,prop_delay_ns,5.2921,False
C_00610,LOT_015,96,prop_delay_ns,5.4913,False
C_00610,LOT_015,168,prop_delay_ns,5.5001,False
C_00611,LOT_015,0,leakage_ua,11.32,False
C_00611,LOT_015,24,leakage_ua,11.515,False
C_00611,LOT_015,96,leakage_ua,11.3196,False
C_00611,LOT_015,168,leakage_ua,11.3305,False
C_00611,LOT_015,0,iddq_ua,27.7735,False
C_00611,LOT_015,24,iddq_ua,27.3468,False
C_00611,LOT_015,96,iddq_ua,28.6619,False
C_00611,LOT_015,168,iddq_ua,28.6641,False
C_00611,LOT_015,0,prop_delay_ns,4.6469,False
C_00611,LOT_015,24,prop_delay_ns,4.7318,False
C_00611,LOT_015,96,prop_delay_ns,4.7578,False
C_00611,LOT_015,168,prop_delay_ns,4.8052,False
C_00612,LOT_015,0,leakage_ua,10.6581,False
C_00612,LOT_015,24,leakage_ua,11.3117,False
C_00612,LOT_015,96,leakage_ua,11.4076,False
C_00612,LOT_015,168,leakage_ua,11.1245,False
C_00612,LOT_015,0,iddq_ua,28.9123,False
C_00612,LOT_015,24,iddq_ua,29.1128,False
C_00612,LOT_015,96,iddq_ua,30.0645,False
C_00612,LOT_015,168,iddq_ua,30.3225,False
C_00612,LOT_015,0,prop_delay_ns,4.6647,False
C_00612,LOT_015,24,prop_delay_ns,4.7932,False
C_00612,LOT_015,96,prop_delay_ns,4.8022,False
C_00612,LOT_015,168,prop_delay_ns,4.7539,False
C_00613,LOT_015,0,leakage_ua,11.529,False
C_00613,LOT_015,24,leakage_ua,11.1105,False
C_00613,LOT_015,96,leakage_ua,11.3386,False
C_00613,LOT_015,168,leakage_ua,11.2319,False
C_00613,LOT_015,0,iddq_ua,27.6201,False
C_00613,LOT_015,24,iddq_ua,28.2665,False
C_00613,LOT_015,96,iddq_ua,28.0121,False
C_00613,LOT_015,168,iddq_ua,27.8136,False
C_00613,LOT_015,0,prop_delay_ns,5.0823,False
C_00613,LOT_015,24,prop_delay_ns,4.9326,False
C_00613,LOT_015,96,prop_delay_ns,5.1134,False
C_00613,LOT_015,168,prop_delay_ns,5.0125,False
C_00614,LOT_015,0,leakage_ua,11.0825,False
C_00614,LOT_015,24,leakage_ua,10.8767,False
C_00614,LOT_015,96,leakage_ua,10.7069,False
C_00614,LOT_015,168,leakage_ua,10.926,False
C_00614,LOT_015,0,iddq_ua,28.0079,False
C_00614,LOT_015,24,iddq_ua,29.2565,False
C_00614,LOT_015,96,iddq_ua,29.6959,False
C_00614,LOT_015,168,iddq_ua,29.296,False
C_00614,LOT_015,0,prop_delay_ns,4.7064,False
C_00614,LOT_015,24,prop_delay_ns,4.5609,False
C_00614,LOT_015,96,prop_delay_ns,4.8464,False
C_00614,LOT_015,168,prop_delay_ns,4.8692,False
C_00615,LOT_015,0,leakage_ua,11.2022,False
C_00615,LOT_015,24,leakage_ua,11.25,False
C_00615,LOT_015,96,leakage_ua,11.9643,False
C_00615,LOT_015,168,leakage_ua,11.7607,False
C_00615,LOT_015,0,iddq_ua,25.2034,False
C_00615,LOT_015,24,iddq_ua,26.2608,False
C_00615,LOT_015,96,iddq_ua,25.7355,False
C_00615,LOT_015,168,iddq_ua,27.2912,False
C_00615,LOT_015,0,prop_delay_ns,4.6248,False
C_00615,LOT_015,24,prop_delay_ns,4.6568,False
C_00615,LOT_015,96,prop_delay_ns,4.8332,False
C_00615,LOT_015,168,prop_delay_ns,4.8159,False
C_00616,LOT_015,0,leakage_ua,11.0015,False
C_00616,LOT_015,24,leakage_ua,10.9269,False
C_00616,LOT_015,96,leakage_ua,11.3186,False
C_00616,LOT_015,168,leakage_ua,11.731,False
C_00616,LOT_015,0,iddq_ua,26.2666,False
C_00616,LOT_015,24,iddq_ua,26.4003,False
C_00616,LOT_015,96,iddq_ua,27.6826,False
C_00616,LOT_015,168,iddq_ua,28.4344,False
C_00616,LOT_015,0,prop_delay_ns,4.3462,False
C_00616,LOT_015,24,prop_delay_ns,4.4608,False
C_00616,LOT_015,96,prop_delay_ns,4.6793,False
C_00616,LOT_015,168,prop_delay_ns,4.5597,False
C_00617,LOT_015,0,leakage_ua,11.4806,False
C_00617,LOT_015,24,leakage_ua,11.1031,False
C_00617,LOT_015,96,leakage_ua,11.3324,False
C_00617,LOT_015,168,leakage_ua,11.319,False
C_00617,LOT_015,0,iddq_ua,27.0301,False
C_00617,LOT_015,24,iddq_ua,28.5999,False
C_00617,LOT_015,96,iddq_ua,29.1085,False
C_00617,LOT_015,168,iddq_ua,29.9441,False
C_00617,LOT_015,0,prop_delay_ns,4.8616,False
C_00617,LOT_015,24,prop_delay_ns,4.9532,False
C_00617,LOT_015,96,prop_delay_ns,4.8834,False
C_00617,LOT_015,168,prop_delay_ns,4.9031,False
C_00618,LOT_015,0,leakage_ua,10.115,False
C_00618,LOT_015,24,leakage_ua,9.777,False
C_00618,LOT_015,96,leakage_ua,10.0411,False
C_00618,LOT_015,168,leakage_ua,10.1201,False
C_00618,LOT_015,0,iddq_ua,28.7879,False
C_00618,LOT_015,24,iddq_ua,29.5215,False
C_00618,LOT_015,96,iddq_ua,29.977,False
C_00618,LOT_015,168,iddq_ua,29.8311,False
C_00618,LOT_015,0,prop_delay_ns,4.3334,False
C_00618,LOT_015,24,prop_delay_ns,4.2743,False
C_00618,LOT_015,96,prop_delay_ns,4.4893,False
C_00618,LOT_015,168,prop_delay_ns,4.435,False
C_00619,LOT_015,0,leakage_ua,10.9398,False
C_00619,LOT_015,24,leakage_ua,10.7285,False
C_00619,LOT_015,96,leakage_ua,11.0915,False
C_00619,LOT_015,168,leakage_ua,11.2914,False
C_00619,LOT_015,0,iddq_ua,26.8415,False
C_00619,LOT_015,24,iddq_ua,26.9406,False
C_00619,LOT_015,96,iddq_ua,27.7643,False
C_00619,LOT_015,168,iddq_ua,28.8286,False
C_00619,LOT_015,0,prop_delay_ns,4.3455,False
C_00619,LOT_015,24,prop_delay_ns,4.3488,False
C_00619,LOT_015,96,prop_delay_ns,4.5365,False
C_00619,LOT_015,168,prop_delay_ns,4.4192,False
C_00620,LOT_015,0,leakage_ua,10.2529,False
C_00620,LOT_015,24,leakage_ua,10.1288,False
C_00620,LOT_015,96,leakage_ua,10.4594,False
C_00620,LOT_015,168,leakage_ua,10.7418,False
C_00620,LOT_015,0,iddq_ua,29.9549,False
C_00620,LOT_015,24,iddq_ua,29.8723,False
C_00620,LOT_015,96,iddq_ua,29.5227,False
C_00620,LOT_015,168,iddq_ua,32.0542,False
C_00620,LOT_015,0,prop_delay_ns,4.4072,False
C_00620,LOT_015,24,prop_delay_ns,4.5693,False
C_00620,LOT_015,96,prop_delay_ns,4.8173,False
C_00620,LOT_015,168,prop_delay_ns,4.8316,False
C_00621,LOT_015,0,leakage_ua,10.8005,False
C_00621,LOT_015,24,leakage_ua,10.8316,False
C_00621,LOT_015,96,leakage_ua,10.4744,False
C_00621,LOT_015,168,leakage_ua,11.0357,False
C_00621,LOT_015,0,iddq_ua,27.0894,False
C_00621,LOT_015,24,iddq_ua,27.31,False
C_00621,LOT_015,96,iddq_ua,26.8962,False
C_00621,LOT_015,168,iddq_ua,27.6334,False
C_00621,LOT_015,0,prop_delay_ns,4.8401,False
C_00621,LOT_015,24,prop_delay_ns,4.5285,False
C_00621,LOT_015,96,prop_delay_ns,4.7233,False
C_00621,LOT_015,168,prop_delay_ns,4.7503,False
C_00622,LOT_015,0,leakage_ua,10.658,False
C_00622,LOT_015,24,leakage_ua,10.2446,False
C_00622,LOT_015,96,leakage_ua,10.4263,False
C_00622,LOT_015,168,leakage_ua,11.0232,False
C_00622,LOT_015,0,iddq_ua,26.0837,False
C_00622,LOT_015,24,iddq_ua,25.2837,False
C_00622,LOT_015,96,iddq_ua,26.193,False
C_00622,LOT_015,168,iddq_ua,27.1528,False
C_00622,LOT_015,0,prop_delay_ns,5.3971,False
C_00622,LOT_015,24,prop_delay_ns,5.4479,False
C_00622,LOT_015,96,prop_delay_ns,5.5082,False
C_00622,LOT_015,168,prop_delay_ns,5.388,False
C_00623,LOT_015,0,leakage_ua,11.1556,False
C_00623,LOT_015,24,leakage_ua,11.127,False
C_00623,LOT_015,96,leakage_ua,12.0094,False
C_00623,LOT_015,168,leakage_ua,11.7918,False
C_00623,LOT_015,0,iddq_ua,27.6175,False
C_00623,LOT_015,24,iddq_ua,27.6163,False
C_00623,LOT_015,96,iddq_ua,30.1011,False
C_00623,LOT_015,168,iddq_ua,29.8391,False
C_00623,LOT_015,0,prop_delay_ns,4.9595,False
C_00623,LOT_015,24,prop_delay_ns,5.0502,False
C_00623,LOT_015,96,prop_delay_ns,4.8661,False
C_00623,LOT_015,168,prop_delay_ns,5.0281,False
C_00624,LOT_015,0,leakage_ua,11.2098,False
C_00624,LOT_015,24,leakage_ua,11.2567,False
C_00624,LOT_015,96,leakage_ua,11.455,False
C_00624,LOT_015,168,leakage_ua,11.9559,False
C_00624,LOT_015,0,iddq_ua,27.8879,False
C_00624,LOT_015,24,iddq_ua,28.1802,False
C_00624,LOT_015,96,iddq_ua,25.882,False
C_00624,LOT_015,168,iddq_ua,28.5873,False
C_00624,LOT_015,0,prop_delay_ns,4.8833,False
C_00624,LOT_015,24,prop_delay_ns,4.9588,False
C_00624,LOT_015,96,prop_delay_ns,4.9305,False
C_00624,LOT_015,168,prop_delay_ns,5.1534,False
C_00625,LOT_015,0,leakage_ua,11.6092,False
C_00625,LOT_015,24,leakage_ua,11.5105,False
C_00625,LOT_015,96,leakage_ua,11.9553,False
C_00625,LOT_015,168,leakage_ua,11.9032,False
C_00625,LOT_015,0,iddq_ua,31.2083,False
C_00625,LOT_015,24,iddq_ua,29.1168,False
C_00625,LOT_015,96,iddq_ua,31.5688,False
C_00625,LOT_015,168,iddq_ua,31.3813,False
C_00625,LOT_015,0,prop_delay_ns,5.3102,False
C_00625,LOT_015,24,prop_delay_ns,5.303,False
C_00625,LOT_015,96,prop_delay_ns,5.4206,False
C_00625,LOT_015,168,prop_delay_ns,5.4778,False
C_00626,LOT_015,0,leakage_ua,10.8253,False
C_00626,LOT_015,24,leakage_ua,11.4023,False
C_00626,LOT_015,96,leakage_ua,11.6171,False
C_00626,LOT_015,168,leakage_ua,11.7756,False
C_00626,LOT_015,0,iddq_ua,29.1077,False
C_00626,LOT_015,24,iddq_ua,29.9521,False
C_00626,LOT_015,96,iddq_ua,28.1746,False
C_00626,LOT_015,168,iddq_ua,28.6057,False
C_00626,LOT_015,0,prop_delay_ns,4.8623,False
C_00626,LOT_015,24,prop_delay_ns,4.8066,False
C_00626,LOT_015,96,prop_delay_ns,4.8346,False
C_00626,LOT_015,168,prop_delay_ns,4.9045,False
C_00627,LOT_015,0,leakage_ua,11.7077,False
C_00627,LOT_015,24,leakage_ua,11.6374,False
C_00627,LOT_015,96,leakage_ua,12.0728,False
C_00627,LOT_015,168,leakage_ua,11.6917,False
C_00627,LOT_015,0,iddq_ua,24.4881,False
C_00627,LOT_015,24,iddq_ua,25.9707,False
C_00627,LOT_015,96,iddq_ua,26.8265,False
C_00627,LOT_015,168,iddq_ua,25.9746,False
C_00627,LOT_015,0,prop_delay_ns,5.1354,False
C_00627,LOT_015,24,prop_delay_ns,5.3466,False
C_00627,LOT_015,96,prop_delay_ns,5.18,False
C_00627,LOT_015,168,prop_delay_ns,5.3021,False
C_00628,LOT_015,0,leakage_ua,11.3357,False
C_00628,LOT_015,24,leakage_ua,11.0167,False
C_00628,LOT_015,96,leakage_ua,11.6973,False
C_00628,LOT_015,168,leakage_ua,11.207,False
C_00628,LOT_015,0,iddq_ua,26.3802,False
C_00628,LOT_015,24,iddq_ua,25.4737,False
C_00628,LOT_015,96,iddq_ua,26.3103,False
C_00628,LOT_015,168,iddq_ua,26.7843,False
C_00628,LOT_015,0,prop_delay_ns,5.0102,False
C_00628,LOT_015,24,prop_delay_ns,5.1785,False
C_00628,LOT_015,96,prop_delay_ns,5.0646,False
C_00628,LOT_015,168,prop_delay_ns,5.2844,False
C_00629,LOT_015,0,leakage_ua,10.9444,False
C_00629,LOT_015,24,leakage_ua,10.6916,False
C_00629,LOT_015,96,leakage_ua,11.289,False
C_00629,LOT_015,168,leakage_ua,11.4992,False
C_00629,LOT_015,0,iddq_ua,26.6582,False
C_00629,LOT_015,24,iddq_ua,27.6654,False
C_00629,LOT_015,96,iddq_ua,28.9047,False
C_00629,LOT_015,168,iddq_ua,28.9694,False
C_00629,LOT_015,0,prop_delay_ns,4.4918,False
C_00629,LOT_015,24,prop_delay_ns,4.4683,False
C_00629,LOT_015,96,prop_delay_ns,4.5283,False
C_00629,LOT_015,168,prop_delay_ns,4.6366,False
C_00630,LOT_015,0,leakage_ua,11.6606,False
C_00630,LOT_015,24,leakage_ua,11.5332,False
C_00630,LOT_015,96,leakage_ua,11.7879,False
C_00630,LOT_015,168,leakage_ua,12.0753,False
C_00630,LOT_015,0,iddq_ua,28.1603,False
C_00630,LOT_015,24,iddq_ua,29.5617,False
C_00630,LOT_015,96,iddq_ua,30.7475,False
C_00630,LOT_015,168,iddq_ua,30.8166,False
C_00630,LOT_015,0,prop_delay_ns,3.7826,False
C_00630,LOT_015,24,prop_delay_ns,3.9119,False
C_00630,LOT_015,96,prop_delay_ns,3.9411,False
C_00630,LOT_015,168,prop_delay_ns,3.8868,False
C_00631,LOT_015,0,leakage_ua,10.0121,False
C_00631,LOT_015,24,leakage_ua,10.3395,False
C_00631,LOT_015,96,leakage_ua,10.663,False
C_00631,LOT_015,168,leakage_ua,10.732,False
C_00631,LOT_015,0,iddq_ua,27.9964,False
C_00631,LOT_015,24,iddq_ua,28.1005,False
C_00631,LOT_015,96,iddq_ua,28.1617,False
C_00631,LOT_015,168,iddq_ua,29.7407,False
C_00631,LOT_015,0,prop_delay_ns,4.8327,False
C_00631,LOT_015,24,prop_delay_ns,5.1193,False
C_00631,LOT_015,96,prop_delay_ns,4.8544,False
C_00631,LOT_015,168,prop_delay_ns,4.948,False
C_00632,LOT_015,0,leakage_ua,11.8429,False
C_00632,LOT_015,24,leakage_ua,12.5468,False
C_00632,LOT_015,96,leakage_ua,12.4969,False
C_00632,LOT_015,168,leakage_ua,12.8854,False
C_00632,LOT_015,0,iddq_ua,26.3134,False
C_00632,LOT_015,24,iddq_ua,27.0168,False
C_00632,LOT_015,96,iddq_ua,27.1259,False
C_00632,LOT_015,168,iddq_ua,28.5131,False
C_00632,LOT_015,0,prop_delay_ns,5.0032,False
C_00632,LOT_015,24,prop_delay_ns,5.2137,False
C_00632,LOT_015,96,prop_delay_ns,5.2239,False
C_00632,LOT_015,168,prop_delay_ns,5.3353,False
C_00633,LOT_015,0,leakage_ua,10.6837,False
C_00633,LOT_015,24,leakage_ua,10.8274,False
C_00633,LOT_015,96,leakage_ua,10.9585,False
C_00633,LOT_015,168,leakage_ua,11.3355,False
C_00633,LOT_015,0,iddq_ua,25.962,False
C_00633,LOT_015,24,iddq_ua,26.5192,False
C_00633,LOT_015,96,iddq_ua,26.7364,False
C_00633,LOT_015,168,iddq_ua,27.6629,False
C_00633,LOT_015,0,prop_delay_ns,5.4459,False
C_00633,LOT_015,24,prop_delay_ns,5.4228,False
C_00633,LOT_015,96,prop_delay_ns,5.4788,False
C_00633,LOT_015,168,prop_delay_ns,5.4788,False
C_00634,LOT_015,0,leakage_ua,11.2985,False
C_00634,LOT_015,24,leakage_ua,11.2052,False
C_00634,LOT_015,96,leakage_ua,11.3422,False
C_00634,LOT_015,168,leakage_ua,11.3151,False
C_00634,LOT_015,0,iddq_ua,23.7934,False
C_00634,LOT_015,24,iddq_ua,24.8236,False
C_00634,LOT_015,96,iddq_ua,26.5061,False
C_00634,LOT_015,168,iddq_ua,26.1643,False
C_00634,LOT_015,0,prop_delay_ns,4.715,False
C_00634,LOT_015,24,prop_delay_ns,4.8467,False
C_00634,LOT_015,96,prop_delay_ns,4.7855,False
C_00634,LOT_015,168,prop_delay_ns,4.6871,False
C_00635,LOT_015,0,leakage_ua,12.4256,False
C_00635,LOT_015,24,leakage_ua,11.7006,False
C_00635,LOT_015,96,leakage_ua,12.1037,False
C_00635,LOT_015,168,leakage_ua,12.0278,False
C_00635,LOT_015,0,iddq_ua,25.7276,False
C_00635,LOT_015,24,iddq_ua,25.1904,False
C_00635,LOT_015,96,iddq_ua,25.3279,False
C_00635,LOT_015,168,iddq_ua,26.4092,False
C_00635,LOT_015,0,prop_delay_ns,4.932,False
C_00635,LOT_015,24,prop_delay_ns,4.9878,False
C_00635,LOT_015,96,prop_delay_ns,5.024,False
C_00635,LOT_015,168,prop_delay_ns,5.1991,False
C_00636,LOT_015,0,leakage_ua,10.9903,False
C_00636,LOT_015,24,leakage_ua,11.4295,False
C_00636,LOT_015,96,leakage_ua,11.506,False
C_00636,LOT_015,168,leakage_ua,11.4167,False
C_00636,LOT_015,0,iddq_ua,28.3882,False
C_00636,LOT_015,24,iddq_ua,28.6932,False
C_00636,LOT_015,96,iddq_ua,29.6491,False
C_00636,LOT_015,168,iddq_ua,29.9834,False
C_00636,LOT_015,0,prop_delay_ns,4.8001,False
C_00636,LOT_015,24,prop_delay_ns,4.8425,False
C_00636,LOT_015,96,prop_delay_ns,4.8815,False
C_00636,LOT_015,168,prop_delay_ns,4.8896,False
C_00637,LOT_015,0,leakage_ua,10.3339,False
C_00637,LOT_015,24,leakage_ua,10.8838,False
C_00637,LOT_015,96,leakage_ua,11.339,False
C_00637,LOT_015,168,leakage_ua,11.3301,False
C_00637,LOT_015,0,iddq_ua,23.4892,False
C_00637,LOT_015,24,iddq_ua,23.8633,False
C_00637,LOT_015,96,iddq_ua,25.1646,False
C_00637,LOT_015,168,iddq_ua,25.0431,False
C_00637,LOT_015,0,prop_delay_ns,4.6412,False
C_00637,LOT_015,24,prop_delay_ns,4.5492,False
C_00637,LOT_015,96,prop_delay_ns,4.6227,False
C_00637,LOT_015,168,prop_delay_ns,4.743,False
C_00638,LOT_015,0,leakage_ua,10.5689,False
C_00638,LOT_015,24,leakage_ua,10.4989,False
C_00638,LOT_015,96,leakage_ua,10.457,False
C_00638,LOT_015,168,leakage_ua,10.7255,False
C_00638,LOT_015,0,iddq_ua,27.9013,False
C_00638,LOT_015,24,iddq_ua,27.8457,False
C_00638,LOT_015,96,iddq_ua,28.891,False
C_00638,LOT_015,168,iddq_ua,28.9423,False
C_00638,LOT_015,0,prop_delay_ns,4.8122,False
C_00638,LOT_015,24,prop_delay_ns,4.9697,False
C_00638,LOT_015,96,prop_delay_ns,4.9675,False
C_00638,LOT_015,168,prop_delay_ns,4.9688,False
C_00639,LOT_015,0,leakage_ua,9.406,False
C_00639,LOT_015,24,leakage_ua,9.8054,False
C_00639,LOT_015,96,leakage_ua,9.8279,False
C_00639,LOT_015,168,leakage_ua,10.1311,False
C_00639,LOT_015,0,iddq_ua,24.4265,False
C_00639,LOT_015,24,iddq_ua,25.9561,False
C_00639,LOT_015,96,iddq_ua,25.2509,False
C_00639,LOT_015,168,iddq_ua,26.2478,False
C_00639,LOT_015,0,prop_delay_ns,5.0858,False
C_00639,LOT_015,24,prop_delay_ns,5.0618,False
C_00639,LOT_015,96,prop_delay_ns,5.284,False
C_00639,LOT_015,168,prop_delay_ns,5.3989,False
C_00640,LOT_015,0,leakage_ua,9.6846,False
C_00640,LOT_015,24,leakage_ua,9.3459,False
C_00640,LOT_015,96,leakage_ua,9.4421,False
C_00640,LOT_015,168,leakage_ua,10.096,False
C_00640,LOT_015,0,iddq_ua,26.0473,False
C_00640,LOT_015,24,iddq_ua,25.6403,False
C_00640,LOT_015,96,iddq_ua,26.5166,False
C_00640,LOT_015,168,iddq_ua,26.1281,False
C_00640,LOT_015,0,prop_delay_ns,4.2663,False
C_00640,LOT_015,24,prop_delay_ns,4.2913,False
C_00640,LOT_015,96,prop_delay_ns,4.5369,False
C_00640,LOT_015,168,prop_delay_ns,4.5222,False
C_00641,LOT_016,0,leakage_ua,11.7209,False
C_00641,LOT_016,24,leakage_ua,11.7133,False
C_00641,LOT_016,96,leakage_ua,12.0505,False
C_00641,LOT_016,168,leakage_ua,12.0041,False
C_00641,LOT_016,0,iddq_ua,22.0877,False
C_00641,LOT_016,24,iddq_ua,22.4562,False
C_00641,LOT_016,96,iddq_ua,23.2807,False
C_00641,LOT_016,168,iddq_ua,23.6038,False
C_00641,LOT_016,0,prop_delay_ns,4.8495,False
C_00641,LOT_016,24,prop_delay_ns,5.036,False
C_00641,LOT_016,96,prop_delay_ns,4.9286,False
C_00641,LOT_016,168,prop_delay_ns,4.9425,False
C_00642,LOT_016,0,leakage_ua,11.6698,False
C_00642,LOT_016,24,leakage_ua,11.6416,False
C_00642,LOT_016,96,leakage_ua,11.8902,False
C_00642,LOT_016,168,leakage_ua,11.534,False
C_00642,LOT_016,0,iddq_ua,18.055,False
C_00642,LOT_016,24,iddq_ua,19.1926,False
C_00642,LOT_016,96,iddq_ua,19.1204,False
C_00642,LOT_016,168,iddq_ua,20.0308,False
C_00642,LOT_016,0,prop_delay_ns,5.1441,False
C_00642,LOT_016,24,prop_delay_ns,5.0813,False
C_00642,LOT_016,96,prop_delay_ns,5.0818,False
C_00642,LOT_016,168,prop_delay_ns,5.2141,False
C_00643,LOT_016,0,leakage_ua,11.7855,False
C_00643,LOT_016,24,leakage_ua,11.6772,False
C_00643,LOT_016,96,leakage_ua,12.3406,False
C_00643,LOT_016,168,leakage_ua,12.046,False
C_00643,LOT_016,0,iddq_ua,25.506,False
C_00643,LOT_016,24,iddq_ua,25.3159,False
C_00643,LOT_016,96,iddq_ua,26.2847,False
C_00643,LOT_016,168,iddq_ua,26.4962,False
C_00643,LOT_016,0,prop_delay_ns,4.3902,False
C_00643,LOT_016,24,prop_delay_ns,4.4166,False
C_00643,LOT_016,96,prop_delay_ns,4.563,False
C_00643,LOT_016,168,prop_delay_ns,4.5875,False
C_00644,LOT_016,0,leakage_ua,12.2823,False
C_00644,LOT_016,24,leakage_ua,12.7099,False
C_00644,LOT_016,96,leakage_ua,13.1867,False
C_00644,LOT_016,168,leakage_ua,13.9718,False
C_00644,LOT_016,0,iddq_ua,25.0275,False
C_00644,LOT_016,24,iddq_ua,24.9766,False
C_00644,LOT_016,96,iddq_ua,25.6598,False
C_00644,LOT_016,168,iddq_ua,26.1447,False
C_00644,LOT_016,0,prop_delay_ns,4.6329,False
C_00644,LOT_016,24,prop_delay_ns,4.6076,False
C_00644,LOT_016,96,prop_delay_ns,4.5528,False
C_00644,LOT_016,168,prop_delay_ns,4.7647,False
C_00645,LOT_016,0,leakage_ua,10.5,True
C_00645,LOT_016,24,leakage_ua,14.8797,True
C_00645,LOT_016,96,leakage_ua,22.4939,True
C_00645,LOT_016,168,leakage_ua,28.827,True
C_00645,LOT_016,0,iddq_ua,21.0571,True
C_00645,LOT_016,24,iddq_ua,30.1,True
C_00645,LOT_016,96,iddq_ua,44.6772,True
C_00645,LOT_016,168,iddq_ua,53.9809,True
C_00645,LOT_016,0,prop_delay_ns,4.5708,True
C_00645,LOT_016,24,prop_delay_ns,5.1684,True
C_00645,LOT_016,96,prop_delay_ns,5.1077,True
C_00645,LOT_016,168,prop_delay_ns,5.4122,True
C_00646,LOT_016,0,leakage_ua,11.2527,False
C_00646,LOT_016,24,leakage_ua,11.1374,False
C_00646,LOT_016,96,leakage_ua,11.3025,False
C_00646,LOT_016,168,leakage_ua,11.7987,False
C_00646,LOT_016,0,iddq_ua,21.7148,False
C_00646,LOT_016,24,iddq_ua,22.0727,False
C_00646,LOT_016,96,iddq_ua,23.4241,False
C_00646,LOT_016,168,iddq_ua,23.0086,False
C_00646,LOT_016,0,prop_delay_ns,4.3381,False
C_00646,LOT_016,24,prop_delay_ns,4.4848,False
C_00646,LOT_016,96,prop_delay_ns,4.4907,False
C_00646,LOT_016,168,prop_delay_ns,4.3242,False
C_00647,LOT_016,0,leakage_ua,12.4297,False
C_00647,LOT_016,24,leakage_ua,12.1833,False
C_00647,LOT_016,96,leakage_ua,13.1427,False
C_00647,LOT_016,168,leakage_ua,12.8975,False
C_00647,LOT_016,0,iddq_ua,26.1578,False
C_00647,LOT_016,24,iddq_ua,25.5991,False
C_00647,LOT_016,96,iddq_ua,26.3014,False
C_00647,LOT_016,168,iddq_ua,27.0232,False
C_00647,LOT_016,0,prop_delay_ns,4.4274,False
C_00647,LOT_016,24,prop_delay_ns,4.4232,False
C_00647,LOT_016,96,prop_delay_ns,4.4979,False
C_00647,LOT_016,168,prop_delay_ns,4.3918,False
C_00648,LOT_016,0,leakage_ua,9.797,False
C_00648,LOT_016,24,leakage_ua,10.2664,False
C_00648,LOT_016,96,leakage_ua,10.6619,False
C_00648,LOT_016,168,leakage_ua,11.3514,False
C_00648,LOT_016,0,iddq_ua,25.0506,False
C_00648,LOT_016,24,iddq_ua,25.9016,False
C_00648,LOT_016,96,iddq_ua,26.7704,False
C_00648,LOT_016,168,iddq_ua,28.5673,False
C_00648,LOT_016,0,prop_delay_ns,4.4999,False
C_00648,LOT_016,24,prop_delay_ns,4.3754,False
C_00648,LOT_016,96,prop_delay_ns,4.543,False
C_00648,LOT_016,168,prop_delay_ns,4.627,False
C_00649,LOT_016,0,leakage_ua,10.8031,False
C_00649,LOT_016,24,leakage_ua,11.0547,False
C_00649,LOT_016,96,leakage_ua,11.0497,False
C_00649,LOT_016,168,leakage_ua,11.8628,False
C_00649,LOT_016,0,iddq_ua,23.8748,False
C_00649,LOT_016,24,iddq_ua,25.2997,False
C_00649,LOT_016,96,iddq_ua,25.2501,False
C_00649,LOT_016,168,iddq_ua,25.822,False
C_00649,LOT_016,0,prop_delay_ns,4.5618,False
C_00649,LOT_016,24,prop_delay_ns,4.5292,False
C_00649,LOT_016,96,prop_delay_ns,4.5464,False
C_00649,LOT_016,168,prop_delay_ns,4.7285,False
C_00650,LOT_016,0,leakage_ua,12.193,True
C_00650,LOT_016,24,leakage_ua,15.8364,True
C_00650,LOT_016,96,leakage_ua,21.455,True
C_00650,LOT_016,168,leakage_ua,25.4412,True
C_00650,LOT_016,0,iddq_ua,24.0493,True
C_00650,LOT_016,24,iddq_ua,38.7397,True
C_00650,LOT_016,96,iddq_ua,61.2517,True
C_00650,LOT_016,168,iddq_ua,79.1676,True
C_00650,LOT_016,0,prop_delay_ns,4.5251,True
C_00650,LOT_016,24,prop_delay_ns,5.0336,True
C_00650,LOT_016,96,prop_delay_ns,5.5754,True
C_00650,LOT_016,168,prop_delay_ns,5.9693,True
C_00651,LOT_016,0,leakage_ua,12.3369,False
C_00651,LOT_016,24,leakage_ua,12.7371,False
C_00651,LOT_016,96,leakage_ua,12.9619,False
C_00651,LOT_016,168,leakage_ua,13.7901,False
C_00651,LOT_016,0,iddq_ua,21.5663,False
C_00651,LOT_016,24,iddq_ua,21.8452,False
C_00651,LOT_016,96,iddq_ua,22.6401,False
C_00651,LOT_016,168,iddq_ua,23.4773,False
C_00651,LOT_016,0,prop_delay_ns,4.4267,False
C_00651,LOT_016,24,prop_delay_ns,4.4927,False
C_00651,LOT_016,96,prop_delay_ns,4.4864,False
C_00651,LOT_016,168,prop_delay_ns,4.6218,False
C_00652,LOT_016,0,leakage_ua,10.7831,False
C_00652,LOT_016,24,leakage_ua,10.7681,False
C_00652,LOT_016,96,leakage_ua,11.3329,False
C_00652,LOT_016,168,leakage_ua,11.7614,False
C_00652,LOT_016,0,iddq_ua,24.1349,False
C_00652,LOT_016,24,iddq_ua,23.5505,False
C_00652,LOT_016,96,iddq_ua,23.4015,False
C_00652,LOT_016,168,iddq_ua,24.2885,False
C_00652,LOT_016,0,prop_delay_ns,5.3937,False
C_00652,LOT_016,24,prop_delay_ns,4.9565,False
C_00652,LOT_016,96,prop_delay_ns,5.1541,False
C_00652,LOT_016,168,prop_delay_ns,5.0794,False
C_00653,LOT_016,0,leakage_ua,11.8358,False
C_00653,LOT_016,24,leakage_ua,11.4622,False
C_00653,LOT_016,96,leakage_ua,11.4795,False
C_00653,LOT_016,168,leakage_ua,11.8803,False
C_00653,LOT_016,0,iddq_ua,23.0135,False
C_00653,LOT_016,24,iddq_ua,23.341,False
C_00653,LOT_016,96,iddq_ua,23.0463,False
C_00653,LOT_016,168,iddq_ua,23.4606,False
C_00653,LOT_016,0,prop_delay_ns,4.6985,False
C_00653,LOT_016,24,prop_delay_ns,4.5723,False
C_00653,LOT_016,96,prop_delay_ns,4.4833,False
C_00653,LOT_016,168,prop_delay_ns,4.6411,False
C_00654,LOT_016,0,leakage_ua,11.2817,False
C_00654,LOT_016,24,leakage_ua,11.4776,False
C_00654,LOT_016,96,leakage_ua,12.3159,False
C_00654,LOT_016,168,leakage_ua,12.3997,False
C_00654,LOT_016,0,iddq_ua,24.9621,False
C_00654,LOT_016,24,iddq_ua,24.8244,False
C_00654,LOT_016,96,iddq_ua,25.012,False
C_00654,LOT_016,168,iddq_ua,25.5856,False
C_00654,LOT_016,0,prop_delay_ns,4.2804,False
C_00654,LOT_016,24,prop_delay_ns,4.2818,False
C_00654,LOT_016,96,prop_delay_ns,4.2526,False
C_00654,LOT_016,168,prop_delay_ns,4.1464,False
C_00655,LOT_016,0,leakage_ua,11.0457,False
C_00655,LOT_016,24,leakage_ua,10.9665,False
C_00655,LOT_016,96,leakage_ua,11.5074,False
C_00655,LOT_016,168,leakage_ua,11.1911,False
C_00655,LOT_016,0,iddq_ua,23.1087,False
C_00655,LOT_016,24,iddq_ua,23.4688,False
C_00655,LOT_016,96,iddq_ua,23.1916,False
C_00655,LOT_016,168,iddq_ua,23.9563,False
C_00655,LOT_016,0,prop_delay_ns,4.8733,False
C_00655,LOT_016,24,prop_delay_ns,4.7629,False
C_00655,LOT_016,96,prop_delay_ns,4.7669,False
C_00655,LOT_016,168,prop_delay_ns,5.0386,False
C_00656,LOT_016,0,leakage_ua,11.3251,False
C_00656,LOT_016,24,leakage_ua,11.3402,False
C_00656,LOT_016,96,leakage_ua,11.8013,False
C_00656,LOT_016,168,leakage_ua,12.4809,False
C_00656,LOT_016,0,iddq_ua,23.1743,False
C_00656,LOT_016,24,iddq_ua,22.9976,False
C_00656,LOT_016,96,iddq_ua,23.8322,False
C_00656,LOT_016,168,iddq_ua,23.2499,False
C_00656,LOT_016,0,prop_delay_ns,4.683,False
C_00656,LOT_016,24,prop_delay_ns,4.8906,False
C_00656,LOT_016,96,prop_delay_ns,4.7615,False
C_00656,LOT_016,168,prop_delay_ns,4.9404,False
C_00657,LOT_016,0,leakage_ua,12.6501,False
C_00657,LOT_016,24,leakage_ua,12.7569,False
C_00657,LOT_016,96,leakage_ua,12.9689,False
C_00657,LOT_016,168,leakage_ua,12.9926,False
C_00657,LOT_016,0,iddq_ua,22.7544,False
C_00657,LOT_016,24,iddq_ua,23.1447,False
C_00657,LOT_016,96,iddq_ua,23.7958,False
C_00657,LOT_016,168,iddq_ua,25.1457,False
C_00657,LOT_016,0,prop_delay_ns,4.2283,False
C_00657,LOT_016,24,prop_delay_ns,4.4277,False
C_00657,LOT_016,96,prop_delay_ns,4.1924,False
C_00657,LOT_016,168,prop_delay_ns,4.4755,False
C_00658,LOT_016,0,leakage_ua,9.8756,False
C_00658,LOT_016,24,leakage_ua,10.0769,False
C_00658,LOT_016,96,leakage_ua,10.4657,False
C_00658,LOT_016,168,leakage_ua,11.6538,False
C_00658,LOT_016,0,iddq_ua,21.2415,False
C_00658,LOT_016,24,iddq_ua,21.738,False
C_00658,LOT_016,96,iddq_ua,22.9344,False
C_00658,LOT_016,168,iddq_ua,22.951,False
C_00658,LOT_016,0,prop_delay_ns,4.4169,False
C_00658,LOT_016,24,prop_delay_ns,4.3724,False
C_00658,LOT_016,96,prop_delay_ns,4.4097,False
C_00658,LOT_016,168,prop_delay_ns,4.4218,False
C_00659,LOT_016,0,leakage_ua,11.7999,False
C_00659,LOT_016,24,leakage_ua,12.3111,False
C_00659,LOT_016,96,leakage_ua,13.3004,False
C_00659,LOT_016,168,leakage_ua,12.864,False
C_00659,LOT_016,0,iddq_ua,22.813,False
C_00659,LOT_016,24,iddq_ua,23.9133,False
C_00659,LOT_016,96,iddq_ua,24.1542,False
C_00659,LOT_016,168,iddq_ua,24.763,False
C_00659,LOT_016,0,prop_delay_ns,4.8122,False
C_00659,LOT_016,24,prop_delay_ns,4.9307,False
C_00659,LOT_016,96,prop_delay_ns,4.8578,False
C_00659,LOT_016,168,prop_delay_ns,4.7023,False
C_00660,LOT_016,0,leakage_ua,11.9935,False
C_00660,LOT_016,24,leakage_ua,12.0689,False
C_00660,LOT_016,96,leakage_ua,12.9621,False
C_00660,LOT_016,168,leakage_ua,13.2621,False
C_00660,LOT_016,0,iddq_ua,24.0163,False
C_00660,LOT_016,24,iddq_ua,24.2013,False
C_00660,LOT_016,96,iddq_ua,25.3938,False
C_00660,LOT_016,168,iddq_ua,24.5307,False
C_00660,LOT_016,0,prop_delay_ns,4.8256,False
C_00660,LOT_016,24,prop_delay_ns,4.6447,False
C_00660,LOT_016,96,prop_delay_ns,4.6089,False
C_00660,LOT_016,168,prop_delay_ns,4.8498,False
C_00661,LOT_016,0,leakage_ua,9.9104,False
C_00661,LOT_016,24,leakage_ua,10.3325,False
C_00661,LOT_016,96,leakage_ua,10.602,False
C_00661,LOT_016,168,leakage_ua,11.0212,False
C_00661,LOT_016,0,iddq_ua,24.5539,False
C_00661,LOT_016,24,iddq_ua,25.213,False
C_00661,LOT_016,96,iddq_ua,25.3861,False
C_00661,LOT_016,168,iddq_ua,25.8969,False
C_00661,LOT_016,0,prop_delay_ns,4.2108,False
C_00661,LOT_016,24,prop_delay_ns,4.1543,False
C_00661,LOT_016,96,prop_delay_ns,4.2152,False
C_00661,LOT_016,168,prop_delay_ns,4.2107,False
C_00662,LOT_016,0,leakage_ua,11.9061,False
C_00662,LOT_016,24,leakage_ua,11.8473,False
C_00662,LOT_016,96,leakage_ua,12.3183,False
C_00662,LOT_016,168,leakage_ua,12.6018,False
C_00662,LOT_016,0,iddq_ua,23.3735,False
C_00662,LOT_016,24,iddq_ua,23.6677,False
C_00662,LOT_016,96,iddq_ua,23.9715,False
C_00662,LOT_016,168,iddq_ua,25.4474,False
C_00662,LOT_016,0,prop_delay_ns,4.3459,False
C_00662,LOT_016,24,prop_delay_ns,4.2631,False
C_00662,LOT_016,96,prop_delay_ns,4.3693,False
C_00662,LOT_016,168,prop_delay_ns,4.4494,False
C_00663,LOT_016,0,leakage_ua,11.3904,False
C_00663,LOT_016,24,leakage_ua,11.833,False
C_00663,LOT_016,96,leakage_ua,12.1287,False
C_00663,LOT_016,168,leakage_ua,12.2801,False
C_00663,LOT_016,0,iddq_ua,22.4279,False
C_00663,LOT_016,24,iddq_ua,23.6111,False
C_00663,LOT_016,96,iddq_ua,23.8866,False
C_00663,LOT_016,168,iddq_ua,23.9943,False
C_00663,LOT_016,0,prop_delay_ns,4.8337,False
C_00663,LOT_016,24,prop_delay_ns,4.8807,False
C_00663,LOT_016,96,prop_delay_ns,4.8423,False
C_00663,LOT_016,168,prop_delay_ns,5.012,False
C_00664,LOT_016,0,leakage_ua,11.5887,False
C_00664,LOT_016,24,leakage_ua,11.834,False
C_00664,LOT_016,96,leakage_ua,12.9164,False
C_00664,LOT_016,168,leakage_ua,12.8236,False
C_00664,LOT_016,0,iddq_ua,23.8674,False
C_00664,LOT_016,24,iddq_ua,23.6455,False
C_00664,LOT_016,96,iddq_ua,25.0891,False
C_00664,LOT_016,168,iddq_ua,25.4684,False
C_00664,LOT_016,0,prop_delay_ns,4.7947,False
C_00664,LOT_016,24,prop_delay_ns,5.1197,False
C_00664,LOT_016,96,prop_delay_ns,4.8821,False
C_00664,LOT_016,168,prop_delay_ns,5.0408,False
C_00665,LOT_016,0,leakage_ua,11.196,False
C_00665,LOT_016,24,leakage_ua,11.1268,False
C_00665,LOT_016,96,leakage_ua,11.6413,False
C_00665,LOT_016,168,leakage_ua,11.7977,False
C_00665,LOT_016,0,iddq_ua,22.8521,False
C_00665,LOT_016,24,iddq_ua,22.3345,False
C_00665,LOT_016,96,iddq_ua,24.4877,False
C_00665,LOT_016,168,iddq_ua,24.4607,False
C_00665,LOT_016,0,prop_delay_ns,4.6659,False
C_00665,LOT_016,24,prop_delay_ns,4.5133,False
C_00665,LOT_016,96,prop_delay_ns,4.373,False
C_00665,LOT_016,168,prop_delay_ns,4.5728,False
C_00666,LOT_016,0,leakage_ua,11.2723,False
C_00666,LOT_016,24,leakage_ua,11.9578,False
C_00666,LOT_016,96,leakage_ua,11.7991,False
C_00666,LOT_016,168,leakage_ua,11.5904,False
C_00666,LOT_016,0,iddq_ua,23.2994,False
C_00666,LOT_016,24,iddq_ua,23.6567,False
C_00666,LOT_016,96,iddq_ua,25.2757,False
C_00666,LOT_016,168,iddq_ua,25.3298,False
C_00666,LOT_016,0,prop_delay_ns,4.6137,False
C_00666,LOT_016,24,prop_delay_ns,4.6563,False
C_00666,LOT_016,96,prop_delay_ns,4.8061,False
C_00666,LOT_016,168,prop_delay_ns,4.8447,False
C_00667,LOT_016,0,leakage_ua,11.6344,False
C_00667,LOT_016,24,leakage_ua,11.3259,False
C_00667,LOT_016,96,leakage_ua,12.2382,False
C_00667,LOT_016,168,leakage_ua,12.3111,False
C_00667,LOT_016,0,iddq_ua,24.9776,False
C_00667,LOT_016,24,iddq_ua,25.7026,False
C_00667,LOT_016,96,iddq_ua,25.9839,False
C_00667,LOT_016,168,iddq_ua,26.4716,False
C_00667,LOT_016,0,prop_delay_ns,4.0248,False
C_00667,LOT_016,24,prop_delay_ns,4.0915,False
C_00667,LOT_016,96,prop_delay_ns,4.1526,False
C_00667,LOT_016,168,prop_delay_ns,4.1091,False
C_00668,LOT_016,0,leakage_ua,12.2805,False
C_00668,LOT_016,24,leakage_ua,12.1603,False
C_00668,LOT_016,96,leakage_ua,12.2217,False
C_00668,LOT_016,168,leakage_ua,12.1506,False
C_00668,LOT_016,0,iddq_ua,25.1109,False
C_00668,LOT_016,24,iddq_ua,25.5549,False
C_00668,LOT_016,96,iddq_ua,25.9283,False
C_00668,LOT_016,168,iddq_ua,26.2409,False
C_00668,LOT_016,0,prop_delay_ns,4.405,False
C_00668,LOT_016,24,prop_delay_ns,4.5633,False
C_00668,LOT_016,96,prop_delay_ns,4.489,False
C_00668,LOT_016,168,prop_delay_ns,4.5056,False
C_00669,LOT_016,0,leakage_ua,13.0525,False
C_00669,LOT_016,24,leakage_ua,12.8946,False
C_00669,LOT_016,96,leakage_ua,13.5369,False
C_00669,LOT_016,168,leakage_ua,13.5795,False
C_00669,LOT_016,0,iddq_ua,23.1534,False
C_00669,LOT_016,24,iddq_ua,24.803,False
C_00669,LOT_016,96,iddq_ua,24.6012,False
C_00669,LOT_016,168,iddq_ua,25.7164,False
C_00669,LOT_016,0,prop_delay_ns,4.2671,False
C_00669,LOT_016,24,prop_delay_ns,4.2238,False
C_00669,LOT_016,96,prop_delay_ns,4.2737,False
C_00669,LOT_016,168,prop_delay_ns,4.2916,False
C_00670,LOT_016,0,leakage_ua,10.7611,False
C_00670,LOT_016,24,leakage_ua,10.7178,False
C_00670,LOT_016,96,leakage_ua,11.1311,False
C_00670,LOT_016,168,leakage_ua,10.7531,False
C_00670,LOT_016,0,iddq_ua,22.2549,False
C_00670,LOT_016,24,iddq_ua,23.4503,False
C_00670,LOT_016,96,iddq_ua,23.3896,False
C_00670,LOT_016,168,iddq_ua,23.7366,False
C_00670,LOT_016,0,prop_delay_ns,4.6077,False
C_00670,LOT_016,24,prop_delay_ns,4.5787,False
C_00670,LOT_016,96,prop_delay_ns,4.6644,False
C_00670,LOT_016,168,prop_delay_ns,4.8196,False
C_00671,LOT_016,0,leakage_ua,11.6337,False
C_00671,LOT_016,24,leakage_ua,12.0403,False
C_00671,LOT_016,96,leakage_ua,12.4864,False
C_00671,LOT_016,168,leakage_ua,12.7656,False
C_00671,LOT_016,0,iddq_ua,24.2414,False
C_00671,LOT_016,24,iddq_ua,25.9326,False
C_00671,LOT_016,96,iddq_ua,26.7633,False
C_00671,LOT_016,168,iddq_ua,26.4995,False
C_00671,LOT_016,0,prop_delay_ns,4.6433,False
C_00671,LOT_016,24,prop_delay_ns,4.624,False
C_00671,LOT_016,96,prop_delay_ns,4.4949,False
C_00671,LOT_016,168,prop_delay_ns,4.7436,False
C_00672,LOT_016,0,leakage_ua,10.8137,False
C_00672,LOT_016,24,leakage_ua,10.9336,False
C_00672,LOT_016,96,leakage_ua,11.0567,False
C_00672,LOT_016,168,leakage_ua,11.3695,False
C_00672,LOT_016,0,iddq_ua,21.7017,False
C_00672,LOT_016,24,iddq_ua,22.2303,False
C_00672,LOT_016,96,iddq_ua,22.4063,False
C_00672,LOT_016,168,iddq_ua,22.5374,False
C_00672,LOT_016,0,prop_delay_ns,4.8266,False
C_00672,LOT_016,24,prop_delay_ns,4.932,False
C_00672,LOT_016,96,prop_delay_ns,4.9501,False
C_00672,LOT_016,168,prop_delay_ns,4.8075,False
C_00673,LOT_016,0,leakage_ua,10.3244,False
C_00673,LOT_016,24,leakage_ua,10.4917,False
C_00673,LOT_016,96,leakage_ua,10.718,False
C_00673,LOT_016,168,leakage_ua,10.9144,False
C_00673,LOT_016,0,iddq_ua,23.166,False
C_00673,LOT_016,24,iddq_ua,24.5876,False
C_00673,LOT_016,96,iddq_ua,23.2094,False
C_00673,LOT_016,168,iddq_ua,24.7361,False
C_00673,LOT_016,0,prop_delay_ns,4.8149,False
C_00673,LOT_016,24,prop_delay_ns,4.834,False
C_00673,LOT_016,96,prop_delay_ns,4.945,False
C_00673,LOT_016,168,prop_delay_ns,4.9623,False
C_00674,LOT_016,0,leakage_ua,12.7796,False
C_00674,LOT_016,24,leakage_ua,13.0562,False
C_00674,LOT_016,96,leakage_ua,13.3362,False
C_00674,LOT_016,168,leakage_ua,13.663,False
C_00674,LOT_016,0,iddq_ua,23.5558,False
C_00674,LOT_016,24,iddq_ua,23.6681,False
C_00674,LOT_016,96,iddq_ua,24.4804,False
C_00674,LOT_016,168,iddq_ua,24.7934,False
C_00674,LOT_016,0,prop_delay_ns,4.7818,False
C_00674,LOT_016,24,prop_delay_ns,4.8112,False
C_00674,LOT_016,96,prop_delay_ns,4.8514,False
C_00674,LOT_016,168,prop_delay_ns,4.8615,False
C_00675,LOT_016,0,leakage_ua,11.7546,True
C_00675,LOT_016,24,leakage_ua,20.1788,True
C_00675,LOT_016,96,leakage_ua,32.9815,True
C_00675,LOT_016,168,leakage_ua,44.0232,True
C_00675,LOT_016,0,iddq_ua,20.9534,True
C_00675,LOT_016,24,iddq_ua,28.2358,True
C_00675,LOT_016,96,iddq_ua,39.927,True
C_00675,LOT_016,168,iddq_ua,49.2451,True
C_00675,LOT_016,0,prop_delay_ns,4.344,True
C_00675,LOT_016,24,prop_delay_ns,4.6381,True
C_00675,LOT_016,96,prop_delay_ns,4.7654,True
C_00675,LOT_016,168,prop_delay_ns,5.2583,True
C_00676,LOT_016,0,leakage_ua,12.1262,False
C_00676,LOT_016,24,leakage_ua,11.7113,False
C_00676,LOT_016,96,leakage_ua,11.8146,False
C_00676,LOT_016,168,leakage_ua,12.052,False
C_00676,LOT_016,0,iddq_ua,20.755,False
C_00676,LOT_016,24,iddq_ua,21.2076,False
C_00676,LOT_016,96,iddq_ua,22.337,False
C_00676,LOT_016,168,iddq_ua,23.2519,False
C_00676,LOT_016,0,prop_delay_ns,4.1363,False
C_00676,LOT_016,24,prop_delay_ns,4.1995,False
C_00676,LOT_016,96,prop_delay_ns,4.416,False
C_00676,LOT_016,168,prop_delay_ns,4.1721,False
C_00677,LOT_016,0,leakage_ua,12.2584,False
C_00677,LOT_016,24,leakage_ua,12.4972,False
C_00677,LOT_016,96,leakage_ua,12.7089,False
C_00677,LOT_016,168,leakage_ua,12.7727,False
C_00677,LOT_016,0,iddq_ua,23.21,False
C_00677,LOT_016,24,iddq_ua,23.7494,False
C_00677,LOT_016,96,iddq_ua,23.4588,False
C_00677,LOT_016,168,iddq_ua,24.1713,False
C_00677,LOT_016,0,prop_delay_ns,4.6811,False
C_00677,LOT_016,24,prop_delay_ns,4.8494,False
C_00677,LOT_016,96,prop_delay_ns,4.9659,False
C_00677,LOT_016,168,prop_delay_ns,4.8952,False
C_00678,LOT_016,0,leakage_ua,12.3011,False
C_00678,LOT_016,24,leakage_ua,12.5871,False
C_00678,LOT_016,96,leakage_ua,12.8232,False
C_00678,LOT_016,168,leakage_ua,13.3066,False
C_00678,LOT_016,0,iddq_ua,21.5569,False
C_00678,LOT_016,24,iddq_ua,21.8629,False
C_00678,LOT_016,96,iddq_ua,22.4578,False
C_00678,LOT_016,168,iddq_ua,22.0703,False
C_00678,LOT_016,0,prop_delay_ns,4.1518,False
C_00678,LOT_016,24,prop_delay_ns,4.1615,False
C_00678,LOT_016,96,prop_delay_ns,4.2856,False
C_00678,LOT_016,168,prop_delay_ns,4.1559,False
C_00679,LOT_016,0,leakage_ua,11.2354,False
C_00679,LOT_016,24,leakage_ua,10.9836,False
C_00679,LOT_016,96,leakage_ua,11.6114,False
C_00679,LOT_016,168,leakage_ua,11.7937,False
C_00679,LOT_016,0,iddq_ua,21.1713,False
C_00679,LOT_016,24,iddq_ua,21.7929,False
C_00679,LOT_016,96,iddq_ua,21.7699,False
C_00679,LOT_016,168,iddq_ua,22.0773,False
C_00679,LOT_016,0,prop_delay_ns,4.294,False
C_00679,LOT_016,24,prop_delay_ns,4.1854,False
C_00679,LOT_016,96,prop_delay_ns,4.2909,False
C_00679,LOT_016,168,prop_delay_ns,4.4001,False
C_00680,LOT_016,0,leakage_ua,11.2098,False
C_00680,LOT_016,24,leakage_ua,11.002,False
C_00680,LOT_016,96,leakage_ua,11.8804,False
C_00680,LOT_016,168,leakage_ua,12.0288,False
C_00680,LOT_016,0,iddq_ua,23.0383,False
C_00680,LOT_016,24,iddq_ua,24.4635,False
C_00680,LOT_016,96,iddq_ua,25.4651,False
C_00680,LOT_016,168,iddq_ua,24.8783,False
C_00680,LOT_016,0,prop_delay_ns,4.5499,False
C_00680,LOT_016,24,prop_delay_ns,4.5921,False
C_00680,LOT_016,96,prop_delay_ns,4.5025,False
C_00680,LOT_016,168,prop_delay_ns,4.6123,False
C_00681,LOT_017,0,leakage_ua,10.34,False
C_00681,LOT_017,24,leakage_ua,10.4957,False
C_00681,LOT_017,96,leakage_ua,10.3011,False
C_00681,LOT_017,168,leakage_ua,10.5639,False
C_00681,LOT_017,0,iddq_ua,19.1624,False
C_00681,LOT_017,24,iddq_ua,21.0983,False
C_00681,LOT_017,96,iddq_ua,21.2239,False
C_00681,LOT_017,168,iddq_ua,22.1479,False
C_00681,LOT_017,0,prop_delay_ns,3.9747,False
C_00681,LOT_017,24,prop_delay_ns,4.1068,False
C_00681,LOT_017,96,prop_delay_ns,4.1972,False
C_00681,LOT_017,168,prop_delay_ns,4.1658,False
C_00682,LOT_017,0,leakage_ua,9.8752,False
C_00682,LOT_017,24,leakage_ua,10.0961,False
C_00682,LOT_017,96,leakage_ua,9.8031,False
C_00682,LOT_017,168,leakage_ua,10.1365,False
C_00682,LOT_017,0,iddq_ua,18.3459,False
C_00682,LOT_017,24,iddq_ua,19.308,False
C_00682,LOT_017,96,iddq_ua,20.5254,False
C_00682,LOT_017,168,iddq_ua,20.3177,False
C_00682,LOT_017,0,prop_delay_ns,3.8716,False
C_00682,LOT_017,24,prop_delay_ns,4.0238,False
C_00682,LOT_017,96,prop_delay_ns,4.0859,False
C_00682,LOT_017,168,prop_delay_ns,4.1649,False
C_00683,LOT_017,0,leakage_ua,10.0939,False
C_00683,LOT_017,24,leakage_ua,10.0659,False
C_00683,LOT_017,96,leakage_ua,10.4705,False
C_00683,LOT_017,168,leakage_ua,10.579,False
C_00683,LOT_017,0,iddq_ua,21.0674,False
C_00683,LOT_017,24,iddq_ua,20.7727,False
C_00683,LOT_017,96,iddq_ua,21.933,False
C_00683,LOT_017,168,iddq_ua,22.0409,False
C_00683,LOT_017,0,prop_delay_ns,4.051,False
C_00683,LOT_017,24,prop_delay_ns,4.0949,False
C_00683,LOT_017,96,prop_delay_ns,4.1062,False
C_00683,LOT_017,168,prop_delay_ns,4.0147,False
C_00684,LOT_017,0,leakage_ua,11.2592,False
C_00684,LOT_017,24,leakage_ua,11.1965,False
C_00684,LOT_017,96,leakage_ua,11.6696,False
C_00684,LOT_017,168,leakage_ua,11.5143,False
C_00684,LOT_017,0,iddq_ua,21.0741,False
C_00684,LOT_017,24,iddq_ua,21.5164,False
C_00684,LOT_017,96,iddq_ua,21.8902,False
C_00684,LOT_017,168,iddq_ua,23.9164,False
C_00684,LOT_017,0,prop_delay_ns,3.8795,False
C_00684,LOT_017,24,prop_delay_ns,3.8212,False
C_00684,LOT_017,96,prop_delay_ns,3.8289,False
C_00684,LOT_017,168,prop_delay_ns,3.9168,False
C_00685,LOT_017,0,leakage_ua,10.003,True
C_00685,LOT_017,24,leakage_ua,12.6596,True
C_00685,LOT_017,96,leakage_ua,16.5377,True
C_00685,LOT_017,168,leakage_ua,19.2137,True
C_00685,LOT_017,0,iddq_ua,21.5969,True
C_00685,LOT_017,24,iddq_ua,32.2202,True
C_00685,LOT_017,96,iddq_ua,50.7112,True
C_00685,LOT_017,168,iddq_ua,63.6903,True
C_00685,LOT_017,0,prop_delay_ns,3.6349,True
C_00685,LOT_017,24,prop_delay_ns,3.949,True
C_00685,LOT_017,96,prop_delay_ns,4.0546,True
C_00685,LOT_017,168,prop_delay_ns,4.5946,True
C_00686,LOT_017,0,leakage_ua,9.136,False
C_00686,LOT_017,24,leakage_ua,9.4072,False
C_00686,LOT_017,96,leakage_ua,9.5184,False
C_00686,LOT_017,168,leakage_ua,9.3269,False
C_00686,LOT_017,0,iddq_ua,21.758,False
C_00686,LOT_017,24,iddq_ua,20.8164,False
C_00686,LOT_017,96,iddq_ua,21.3443,False
C_00686,LOT_017,168,iddq_ua,21.4758,False
C_00686,LOT_017,0,prop_delay_ns,3.9079,False
C_00686,LOT_017,24,prop_delay_ns,3.9608,False
C_00686,LOT_017,96,prop_delay_ns,3.992,False
C_00686,LOT_017,168,prop_delay_ns,3.8411,False
C_00687,LOT_017,0,leakage_ua,10.7081,False
C_00687,LOT_017,24,leakage_ua,10.888,False
C_00687,LOT_017,96,leakage_ua,11.1729,False
C_00687,LOT_017,168,leakage_ua,11.6373,False
C_00687,LOT_017,0,iddq_ua,22.4181,False
C_00687,LOT_017,24,iddq_ua,22.8948,False
C_00687,LOT_017,96,iddq_ua,23.482,False
C_00687,LOT_017,168,iddq_ua,24.7332,False
C_00687,LOT_017,0,prop_delay_ns,4.1018,False
C_00687,LOT_017,24,prop_delay_ns,4.1191,False
C_00687,LOT_017,96,prop_delay_ns,4.0265,False
C_00687,LOT_017,168,prop_delay_ns,4.1846,False
C_00688,LOT_017,0,leakage_ua,9.9426,False
C_00688,LOT_017,24,leakage_ua,9.6478,False
C_00688,LOT_017,96,leakage_ua,10.2702,False
C_00688,LOT_017,168,leakage_ua,10.1321,False
C_00688,LOT_017,0,iddq_ua,19.9803,False
C_00688,LOT_017,24,iddq_ua,21.2589,False
C_00688,LOT_017,96,iddq_ua,22.2509,False
C_00688,LOT_017,168,iddq_ua,21.1097,False
C_00688,LOT_017,0,prop_delay_ns,3.8019,False
C_00688,LOT_017,24,prop_delay_ns,3.7519,False
C_00688,LOT_017,96,prop_delay_ns,3.7432,False
C_00688,LOT_017,168,prop_delay_ns,3.7891,False
C_00689,LOT_017,0,leakage_ua,9.5687,False
C_00689,LOT_017,24,leakage_ua,9.5691,False
C_00689,LOT_017,96,leakage_ua,9.3095,False
C_00689,LOT_017,168,leakage_ua,9.785,False
C_00689,LOT_017,0,iddq_ua,22.9373,False
C_00689,LOT_017,24,iddq_ua,23.0543,False
C_00689,LOT_017,96,iddq_ua,24.6333,False
C_00689,LOT_017,168,iddq_ua,25.4259,False
C_00689,LOT_017,0,prop_delay_ns,4.3445,False
C_00689,LOT_017,24,prop_delay_ns,4.3946,False
C_00689,LOT_017,96,prop_delay_ns,4.4436,False
C_00689,LOT_017,168,prop_delay_ns,4.3475,False
C_00690,LOT_017,0,leakage_ua,10.401,False
C_00690,LOT_017,24,leakage_ua,10.756,False
C_00690,LOT_017,96,leakage_ua,11.1844,False
C_00690,LOT_017,168,leakage_ua,11.04,False
C_00690,LOT_017,0,iddq_ua,19.5781,False
C_00690,LOT_017,24,iddq_ua,19.732,False
C_00690,LOT_017,96,iddq_ua,20.4765,False
C_00690,LOT_017,168,iddq_ua,20.6564,False
C_00690,LOT_017,0,prop_delay_ns,4.4956,False
C_00690,LOT_017,24,prop_delay_ns,4.7237,False
C_00690,LOT_017,96,prop_delay_ns,4.4367,False
C_00690,LOT_017,168,prop_delay_ns,4.6351,False
C_00691,LOT_017,0,leakage_ua,8.9812,False
C_00691,LOT_017,24,leakage_ua,9.2619,False
C_00691,LOT_017,96,leakage_ua,9.632,False
C_00691,LOT_017,168,leakage_ua,9.4198,False
C_00691,LOT_017,0,iddq_ua,19.3502,False
C_00691,LOT_017,24,iddq_ua,19.7539,False
C_00691,LOT_017,96,iddq_ua,20.1542,False
C_00691,LOT_017,168,iddq_ua,20.9673,False
C_00691,LOT_017,0,prop_delay_ns,4.0649,False
C_00691,LOT_017,24,prop_delay_ns,3.9954,False
C_00691,LOT_017,96,prop_delay_ns,3.9741,False
C_00691,LOT_017,168,prop_delay_ns,4.0549,False
C_00692,LOT_017,0,leakage_ua,9.0125,False
C_00692,LOT_017,24,leakage_ua,8.7675,False
C_00692,LOT_017,96,leakage_ua,9.1177,False
C_00692,LOT_017,168,leakage_ua,9.2522,False
C_00692,LOT_017,0,iddq_ua,21.5496,False
C_00692,LOT_017,24,iddq_ua,22.1282,False
C_00692,LOT_017,96,iddq_ua,22.9075,False
C_00692,LOT_017,168,iddq_ua,22.501,False
C_00692,LOT_017,0,prop_delay_ns,3.7977,False
C_00692,LOT_017,24,prop_delay_ns,3.942,False
C_00692,LOT_017,96,prop_delay_ns,3.9986,False
C_00692,LOT_017,168,prop_delay_ns,3.9637,False
C_00693,LOT_017,0,leakage_ua,10.0034,False
C_00693,LOT_017,24,leakage_ua,10.4265,False
C_00693,LOT_017,96,leakage_ua,11.1024,False
C_00693,LOT_017,168,leakage_ua,10.6732,False
C_00693,LOT_017,0,iddq_ua,22.3642,False
C_00693,LOT_017,24,iddq_ua,22.9075,False
C_00693,LOT_017,96,iddq_ua,23.2675,False
C_00693,LOT_017,168,iddq_ua,23.6745,False
C_00693,LOT_017,0,prop_delay_ns,3.7875,False
C_00693,LOT_017,24,prop_delay_ns,3.8149,False
C_00693,LOT_017,96,prop_delay_ns,3.9542,False
C_00693,LOT_017,168,prop_delay_ns,3.7858,False
C_00694,LOT_017,0,leakage_ua,10.6923,False
C_00694,LOT_017,24,leakage_ua,10.8737,False
C_00694,LOT_017,96,leakage_ua,10.8683,False
C_00694,LOT_017,168,leakage_ua,11.1978,False
C_00694,LOT_017,0,iddq_ua,20.5884,False
C_00694,LOT_017,24,iddq_ua,20.3336,False
C_00694,LOT_017,96,iddq_ua,21.1433,False
C_00694,LOT_017,168,iddq_ua,21.4271,False
C_00694,LOT_017,0,prop_delay_ns,4.0177,False
C_00694,LOT_017,24,prop_delay_ns,4.018,False
C_00694,LOT_017,96,prop_delay_ns,4.1294,False
C_00694,LOT_017,168,prop_delay_ns,4.099,False
C_00695,LOT_017,0,leakage_ua,10.2447,False
C_00695,LOT_017,24,leakage_ua,10.3058,False
C_00695,LOT_017,96,leakage_ua,10.513,False
C_00695,LOT_017,168,leakage_ua,10.5701,False
C_00695,LOT_017,0,iddq_ua,19.7874,False
C_00695,LOT_017,24,iddq_ua,19.5851,False
C_00695,LOT_017,96,iddq_ua,20.4701,False
C_00695,LOT_017,168,iddq_ua,20.1675,False
C_00695,LOT_017,0,prop_delay_ns,4.1853,False
C_00695,LOT_017,24,prop_delay_ns,4.3188,False
C_00695,LOT_017,96,prop_delay_ns,4.461,False
C_00695,LOT_017,168,prop_delay_ns,4.4073,False
C_00696,LOT_017,0,leakage_ua,8.7951,False
C_00696,LOT_017,24,leakage_ua,9.3205,False
C_00696,LOT_017,96,leakage_ua,9.2388,False
C_00696,LOT_017,168,leakage_ua,9.7049,False
C_00696,LOT_017,0,iddq_ua,24.6392,False
C_00696,LOT_017,24,iddq_ua,24.5354,False
C_00696,LOT_017,96,iddq_ua,25.9755,False
C_00696,LOT_017,168,iddq_ua,25.5525,False
C_00696,LOT_017,0,prop_delay_ns,4.0706,False
C_00696,LOT_017,24,prop_delay_ns,4.0329,False
C_00696,LOT_017,96,prop_delay_ns,4.0407,False
C_00696,LOT_017,168,prop_delay_ns,4.0339,False
C_00697,LOT_017,0,leakage_ua,9.1144,False
C_00697,LOT_017,24,leakage_ua,9.5403,False
C_00697,LOT_017,96,leakage_ua,10.2654,False
C_00697,LOT_017,168,leakage_ua,10.2746,False
C_00697,LOT_017,0,iddq_ua,21.4455,False
C_00697,LOT_017,24,iddq_ua,21.3195,False
C_00697,LOT_017,96,iddq_ua,22.5391,False
C_00697,LOT_017,168,iddq_ua,22.6634,False
C_00697,LOT_017,0,prop_delay_ns,3.9199,False
C_00697,LOT_017,24,prop_delay_ns,3.9885,False
C_00697,LOT_017,96,prop_delay_ns,3.9466,False
C_00697,LOT_017,168,prop_delay_ns,3.9439,False
C_00698,LOT_017,0,leakage_ua,10.558,False
C_00698,LOT_017,24,leakage_ua,10.476,False
C_00698,LOT_017,96,leakage_ua,10.5613,False
C_00698,LOT_017,168,leakage_ua,10.7213,False
C_00698,LOT_017,0,iddq_ua,22.3307,False
C_00698,LOT_017,24,iddq_ua,22.3579,False
C_00698,LOT_017,96,iddq_ua,23.2863,False
C_00698,LOT_017,168,iddq_ua,23.1236,False
C_00698,LOT_017,0,prop_delay_ns,4.2055,False
C_00698,LOT_017,24,prop_delay_ns,4.2061,False
C_00698,LOT_017,96,prop_delay_ns,4.3482,False
C_00698,LOT_017,168,prop_delay_ns,4.1653,False
C_00699,LOT_017,0,leakage_ua,10.1352,False
C_00699,LOT_017,24,leakage_ua,9.7678,False
C_00699,LOT_017,96,leakage_ua,10.1469,False
C_00699,LOT_017,168,leakage_ua,9.9355,False
C_00699,LOT_017,0,iddq_ua,22.2306,False
C_00699,LOT_017,24,iddq_ua,22.1034,False
C_00699,LOT_017,96,iddq_ua,22.5985,False
C_00699,LOT_017,168,iddq_ua,23.2672,False
C_00699,LOT_017,0,prop_delay_ns,4.1579,False
C_00699,LOT_017,24,prop_delay_ns,4.2164,False
C_00699,LOT_017,96,prop_delay_ns,4.3143,False
C_00699,LOT_017,168,prop_delay_ns,4.1188,False
C_00700,LOT_017,0,leakage_ua,10.5394,False
C_00700,LOT_017,24,leakage_ua,11.0747,False
C_00700,LOT_017,96,leakage_ua,11.2678,False
C_00700,LOT_017,168,leakage_ua,11.5142,False
C_00700,LOT_017,0,iddq_ua,22.3117,False
C_00700,LOT_017,24,iddq_ua,21.9313,False
C_00700,LOT_017,96,iddq_ua,23.1745,False
C_00700,LOT_017,168,iddq_ua,24.3645,False
C_00700,LOT_017,0,prop_delay_ns,4.029,False
C_00700,LOT_017,24,prop_delay_ns,4.1027,False
C_00700,LOT_017,96,prop_delay_ns,4.0677,False
C_00700,LOT_017,168,prop_delay_ns,4.1708,False
C_00701,LOT_017,0,leakage_ua,9.0978,False
C_00701,LOT_017,24,leakage_ua,9.3286,False
C_00701,LOT_017,96,leakage_ua,9.3498,False
C_00701,LOT_017,168,leakage_ua,9.9064,False
C_00701,LOT_017,0,iddq_ua,20.7578,False
C_00701,LOT_017,24,iddq_ua,20.2141,False
C_00701,LOT_017,96,iddq_ua,20.5394,False
C_00701,LOT_017,168,iddq_ua,21.3,False
C_00701,LOT_017,0,prop_delay_ns,4.2126,False
C_00701,LOT_017,24,prop_delay_ns,4.0824,False
C_00701,LOT_017,96,prop_delay_ns,4.1729,False
C_00701,LOT_017,168,prop_delay_ns,4.3653,False
C_00702,LOT_017,0,leakage_ua,10.1155,False
C_00702,LOT_017,24,leakage_ua,10.2866,False
C_00702,LOT_017,96,leakage_ua,10.1554,False
C_00702,LOT_017,168,leakage_ua,10.4259,False
C_00702,LOT_017,0,iddq_ua,23.1327,False
C_00702,LOT_017,24,iddq_ua,23.2639,False
C_00702,LOT_017,96,iddq_ua,24.1505,False
C_00702,LOT_017,168,iddq_ua,24.4711,False
C_00702,LOT_017,0,prop_delay_ns,3.9952,False
C_00702,LOT_017,24,prop_delay_ns,4.1222,False
C_00702,LOT_017,96,prop_delay_ns,4.1905,False
C_00702,LOT_017,168,prop_delay_ns,4.1169,False
C_00703,LOT_017,0,leakage_ua,10.7444,False
C_00703,LOT_017,24,leakage_ua,10.5559,False
C_00703,LOT_017,96,leakage_ua,10.8736,False
C_00703,LOT_017,168,leakage_ua,11.1374,False
C_00703,LOT_017,0,iddq_ua,21.988,False
C_00703,LOT_017,24,iddq_ua,22.0894,False
C_00703,LOT_017,96,iddq_ua,22.5431,False
C_00703,LOT_017,168,iddq_ua,22.5316,False
C_00703,LOT_017,0,prop_delay_ns,4.166,False
C_00703,LOT_017,24,prop_delay_ns,4.2335,False
C_00703,LOT_017,96,prop_delay_ns,4.2619,False
C_00703,LOT_017,168,prop_delay_ns,4.4355,False
C_00704,LOT_017,0,leakage_ua,9.8734,False
C_00704,LOT_017,24,leakage_ua,10.1316,False
C_00704,LOT_017,96,leakage_ua,10.0127,False
C_00704,LOT_017,168,leakage_ua,10.4763,False
C_00704,LOT_017,0,iddq_ua,19.2396,False
C_00704,LOT_017,24,iddq_ua,19.238,False
C_00704,LOT_017,96,iddq_ua,19.7437,False
C_00704,LOT_017,168,iddq_ua,19.8974,False
C_00704,LOT_017,0,prop_delay_ns,3.9676,False
C_00704,LOT_017,24,prop_delay_ns,4.0626,False
C_00704,LOT_017,96,prop_delay_ns,4.1178,False
C_00704,LOT_017,168,prop_delay_ns,4.0265,False
C_00705,LOT_017,0,leakage_ua,10.1448,False
C_00705,LOT_017,24,leakage_ua,9.6432,False
C_00705,LOT_017,96,leakage_ua,10.1505,False
C_00705,LOT_017,168,leakage_ua,10.393,False
C_00705,LOT_017,0,iddq_ua,21.6595,False
C_00705,LOT_017,24,iddq_ua,21.21,False
C_00705,LOT_017,96,iddq_ua,21.1385,False
C_00705,LOT_017,168,iddq_ua,22.5245,False
C_00705,LOT_017,0,prop_delay_ns,4.0656,False
C_00705,LOT_017,24,prop_delay_ns,4.1904,False
C_00705,LOT_017,96,prop_delay_ns,3.9821,False
C_00705,LOT_017,168,prop_delay_ns,4.0023,False
C_00706,LOT_017,0,leakage_ua,10.1939,False
C_00706,LOT_017,24,leakage_ua,10.1363,False
C_00706,LOT_017,96,leakage_ua,10.3328,False
C_00706,LOT_017,168,leakage_ua,10.3757,False
C_00706,LOT_017,0,iddq_ua,20.7844,False
C_00706,LOT_017,24,iddq_ua,21.4983,False
C_00706,LOT_017,96,iddq_ua,21.9874,False
C_00706,LOT_017,168,iddq_ua,21.5206,False
C_00706,LOT_017,0,prop_delay_ns,3.933,False
C_00706,LOT_017,24,prop_delay_ns,3.9069,False
C_00706,LOT_017,96,prop_delay_ns,4.0623,False
C_00706,LOT_017,168,prop_delay_ns,4.0134,False
C_00707,LOT_017,0,leakage_ua,9.7222,False
C_00707,LOT_017,24,leakage_ua,10.1868,False
C_00707,LOT_017,96,leakage_ua,9.6355,False
C_00707,LOT_017,168,leakage_ua,10.2934,False
C_00707,LOT_017,0,iddq_ua,24.1385,False
C_00707,LOT_017,24,iddq_ua,23.7745,False
C_00707,LOT_017,96,iddq_ua,24.3391,False
C_00707,LOT_017,168,iddq_ua,25.0621,False
C_00707,LOT_017,0,prop_delay_ns,3.7707,False
C_00707,LOT_017,24,prop_delay_ns,3.8409,False
C_00707,LOT_017,96,prop_delay_ns,3.7504,False
C_00707,LOT_017,168,prop_delay_ns,3.8762,False
C_00708,LOT_017,0,leakage_ua,9.3666,False
C_00708,LOT_017,24,leakage_ua,9.4833,False
C_00708,LOT_017,96,leakage_ua,9.5047,False
C_00708,LOT_017,168,leakage_ua,9.5668,False
C_00708,LOT_017,0,iddq_ua,22.9156,False
C_00708,LOT_017,24,iddq_ua,22.2422,False
C_00708,LOT_017,96,iddq_ua,22.7251,False
C_00708,LOT_017,168,iddq_ua,23.113,False
C_00708,LOT_017,0,prop_delay_ns,3.5409,False
C_00708,LOT_017,24,prop_delay_ns,3.727,False
C_00708,LOT_017,96,prop_delay_ns,3.6194,False
C_00708,LOT_017,168,prop_delay_ns,3.8177,False
C_00709,LOT_017,0,leakage_ua,10.1714,False
C_00709,LOT_017,24,leakage_ua,10.0924,False
C_00709,LOT_017,96,leakage_ua,10.3264,False
C_00709,LOT_017,168,leakage_ua,9.9508,False
C_00709,LOT_017,0,iddq_ua,22.2942,False
C_00709,LOT_017,24,iddq_ua,22.52,False
C_00709,LOT_017,96,iddq_ua,22.818,False
C_00709,LOT_017,168,iddq_ua,23.4023,False
C_00709,LOT_017,0,prop_delay_ns,4.2988,False
C_00709,LOT_017,24,prop_delay_ns,4.3566,False
C_00709,LOT_017,96,prop_delay_ns,4.2041,False
C_00709,LOT_017,168,prop_delay_ns,4.1207,False
C_00710,LOT_017,0,leakage_ua,9.5957,False
C_00710,LOT_017,24,leakage_ua,9.8458,False
C_00710,LOT_017,96,leakage_ua,10.0767,False
C_00710,LOT_017,168,leakage_ua,10.7578,False
C_00710,LOT_017,0,iddq_ua,21.5839,False
C_00710,LOT_017,24,iddq_ua,21.7231,False
C_00710,LOT_017,96,iddq_ua,22.3322,False
C_00710,LOT_017,168,iddq_ua,23.1716,False
C_00710,LOT_017,0,prop_delay_ns,3.7091,False
C_00710,LOT_017,24,prop_delay_ns,3.6696,False
C_00710,LOT_017,96,prop_delay_ns,3.6653,False
C_00710,LOT_017,168,prop_delay_ns,3.6208,False
C_00711,LOT_017,0,leakage_ua,9.983,False
C_00711,LOT_017,24,leakage_ua,10.3548,False
C_00711,LOT_017,96,leakage_ua,10.3136,False
C_00711,LOT_017,168,leakage_ua,10.5785,False
C_00711,LOT_017,0,iddq_ua,22.3911,False
C_00711,LOT_017,24,iddq_ua,22.7106,False
C_00711,LOT_017,96,iddq_ua,23.436,False
C_00711,LOT_017,168,iddq_ua,24.0546,False
C_00711,LOT_017,0,prop_delay_ns,4.3025,False
C_00711,LOT_017,24,prop_delay_ns,4.3613,False
C_00711,LOT_017,96,prop_delay_ns,4.2606,False
C_00711,LOT_017,168,prop_delay_ns,4.2524,False
C_00712,LOT_017,0,leakage_ua,9.6619,True
C_00712,LOT_017,24,leakage_ua,11.9783,True
C_00712,LOT_017,96,leakage_ua,15.2996,True
C_00712,LOT_017,168,leakage_ua,17.8667,True
C_00712,LOT_017,0,iddq_ua,18.6722,True
C_00712,LOT_017,24,iddq_ua,29.9902,True
C_00712,LOT_017,96,iddq_ua,50.0096,True
C_00712,LOT_017,168,iddq_ua,63.9792,True
C_00712,LOT_017,0,prop_delay_ns,3.8106,True
C_00712,LOT_017,24,prop_delay_ns,4.097,True
C_00712,LOT_017,96,prop_delay_ns,4.4231,True
C_00712,LOT_017,168,prop_delay_ns,4.5763,True
C_00713,LOT_017,0,leakage_ua,10.3629,False
C_00713,LOT_017,24,leakage_ua,10.407,False
C_00713,LOT_017,96,leakage_ua,10.8286,False
C_00713,LOT_017,168,leakage_ua,10.3137,False
C_00713,LOT_017,0,iddq_ua,21.4209,False
C_00713,LOT_017,24,iddq_ua,20.9507,False
C_00713,LOT_017,96,iddq_ua,21.8446,False
C_00713,LOT_017,168,iddq_ua,22.552,False
C_00713,LOT_017,0,prop_delay_ns,4.3082,False
C_00713,LOT_017,24,prop_delay_ns,4.3359,False
C_00713,LOT_017,96,prop_delay_ns,4.243,False
C_00713,LOT_017,168,prop_delay_ns,4.3148,False
C_00714,LOT_017,0,leakage_ua,9.2308,False
C_00714,LOT_017,24,leakage_ua,9.3663,False
C_00714,LOT_017,96,leakage_ua,9.5403,False
C_00714,LOT_017,168,leakage_ua,9.5368,False
C_00714,LOT_017,0,iddq_ua,20.9775,False
C_00714,LOT_017,24,iddq_ua,21.0868,False
C_00714,LOT_017,96,iddq_ua,21.5966,False
C_00714,LOT_017,168,iddq_ua,21.6797,False
C_00714,LOT_017,0,prop_delay_ns,3.8897,False
C_00714,LOT_017,24,prop_delay_ns,3.8849,False
C_00714,LOT_017,96,prop_delay_ns,3.9918,False
C_00714,LOT_017,168,prop_delay_ns,3.98,False
C_00715,LOT_017,0,leakage_ua,10.4984,False
C_00715,LOT_017,24,leakage_ua,10.3509,False
C_00715,LOT_017,96,leakage_ua,10.3963,False
C_00715,LOT_017,168,leakage_ua,11.1683,False
C_00715,LOT_017,0,iddq_ua,20.1943,False
C_00715,LOT_017,24,iddq_ua,20.5694,False
C_00715,LOT_017,96,iddq_ua,20.8035,False
C_00715,LOT_017,168,iddq_ua,21.4905,False
C_00715,LOT_017,0,prop_delay_ns,3.8959,False
C_00715,LOT_017,24,prop_delay_ns,4.0051,False
C_00715,LOT_017,96,prop_delay_ns,4.031,False
C_00715,LOT_017,168,prop_delay_ns,4.0544,False
C_00716,LOT_017,0,leakage_ua,10.1542,False
C_00716,LOT_017,24,leakage_ua,10.147,False
C_00716,LOT_017,96,leakage_ua,10.2292,False
C_00716,LOT_017,168,leakage_ua,9.8452,False
C_00716,LOT_017,0,iddq_ua,20.4164,False
C_00716,LOT_017,24,iddq_ua,21.1365,False
C_00716,LOT_017,96,iddq_ua,21.2915,False
C_00716,LOT_017,168,iddq_ua,21.8912,False
C_00716,LOT_017,0,prop_delay_ns,4.3137,False
C_00716,LOT_017,24,prop_delay_ns,4.2076,False
C_00716,LOT_017,96,prop_delay_ns,4.1979,False
C_00716,LOT_017,168,prop_delay_ns,4.3241,False
C_00717,LOT_017,0,leakage_ua,9.3811,False
C_00717,LOT_017,24,leakage_ua,9.6146,False
C_00717,LOT_017,96,leakage_ua,9.3594,False
C_00717,LOT_017,168,leakage_ua,9.4281,False
C_00717,LOT_017,0,iddq_ua,21.2028,False
C_00717,LOT_017,24,iddq_ua,22.3815,False
C_00717,LOT_017,96,iddq_ua,23.312,False
C_00717,LOT_017,168,iddq_ua,22.4725,False
C_00717,LOT_017,0,prop_delay_ns,4.1334,False
C_00717,LOT_017,24,prop_delay_ns,4.1456,False
C_00717,LOT_017,96,prop_delay_ns,4.223,False
C_00717,LOT_017,168,prop_delay_ns,4.3019,False
C_00718,LOT_017,0,leakage_ua,8.9029,False
C_00718,LOT_017,24,leakage_ua,9.2548,False
C_00718,LOT_017,96,leakage_ua,9.3761,False
C_00718,LOT_017,168,leakage_ua,9.1436,False
C_00718,LOT_017,0,iddq_ua,21.9153,False
C_00718,LOT_017,24,iddq_ua,21.7665,False
C_00718,LOT_017,96,iddq_ua,21.964,False
C_00718,LOT_017,168,iddq_ua,21.9084,False
C_00718,LOT_017,0,prop_delay_ns,3.9736,False
C_00718,LOT_017,24,prop_delay_ns,4.0186,False
C_00718,LOT_017,96,prop_delay_ns,3.923,False
C_00718,LOT_017,168,prop_delay_ns,3.9885,False
C_00719,LOT_017,0,leakage_ua,10.6041,False
C_00719,LOT_017,24,leakage_ua,10.5762,False
C_00719,LOT_017,96,leakage_ua,10.5412,False
C_00719,LOT_017,168,leakage_ua,11.2227,False
C_00719,LOT_017,0,iddq_ua,21.7612,False
C_00719,LOT_017,24,iddq_ua,22.3135,False
C_00719,LOT_017,96,iddq_ua,22.507,False
C_00719,LOT_017,168,iddq_ua,24.8889,False
C_00719,LOT_017,0,prop_delay_ns,4.1144,False
C_00719,LOT_017,24,prop_delay_ns,4.1574,False
C_00719,LOT_017,96,prop_delay_ns,4.2343,False
C_00719,LOT_017,168,prop_delay_ns,4.2121,False
C_00720,LOT_017,0,leakage_ua,9.6827,False
C_00720,LOT_017,24,leakage_ua,10.3729,False
C_00720,LOT_017,96,leakage_ua,10.5818,False
C_00720,LOT_017,168,leakage_ua,10.6039,False
C_00720,LOT_017,0,iddq_ua,22.2479,False
C_00720,LOT_017,24,iddq_ua,22.0132,False
C_00720,LOT_017,96,iddq_ua,23.5287,False
C_00720,LOT_017,168,iddq_ua,23.7476,False
C_00720,LOT_017,0,prop_delay_ns,3.6544,False
C_00720,LOT_017,24,prop_delay_ns,3.64,False
C_00720,LOT_017,96,prop_delay_ns,3.6607,False
C_00720,LOT_017,168,prop_delay_ns,3.7692,False
C_00721,LOT_018,0,leakage_ua,12.5305,False
C_00721,LOT_018,24,leakage_ua,11.9508,False
C_00721,LOT_018,96,leakage_ua,12.5462,False
C_00721,LOT_018,168,leakage_ua,12.421,False
C_00721,LOT_018,0,iddq_ua,17.1108,False
C_00721,LOT_018,24,iddq_ua,17.9296,False
C_00721,LOT_018,96,iddq_ua,18.4943,False
C_00721,LOT_018,168,iddq_ua,19.3493,False
C_00721,LOT_018,0,prop_delay_ns,5.9832,False
C_00721,LOT_018,24,prop_delay_ns,6.1754,False
C_00721,LOT_018,96,prop_delay_ns,6.1216,False
C_00721,LOT_018,168,prop_delay_ns,6.1019,False
C_00722,LOT_018,0,leakage_ua,12.3221,False
C_00722,LOT_018,24,leakage_ua,12.3779,False
C_00722,LOT_018,96,leakage_ua,12.4485,False
C_00722,LOT_018,168,leakage_ua,12.5954,False
C_00722,LOT_018,0,iddq_ua,18.3947,False
C_00722,LOT_018,24,iddq_ua,18.7493,False
C_00722,LOT_018,96,iddq_ua,18.6272,False
C_00722,LOT_018,168,iddq_ua,19.0828,False
C_00722,LOT_018,0,prop_delay_ns,5.5006,False
C_00722,LOT_018,24,prop_delay_ns,5.4494,False
C_00722,LOT_018,96,prop_delay_ns,5.4602,False
C_00722,LOT_018,168,prop_delay_ns,5.6146,False
C_00723,LOT_018,0,leakage_ua,10.8207,False
C_00723,LOT_018,24,leakage_ua,11.1947,False
C_00723,LOT_018,96,leakage_ua,11.6405,False
C_00723,LOT_018,168,leakage_ua,11.8701,False
C_00723,LOT_018,0,iddq_ua,19.8556,False
C_00723,LOT_018,24,iddq_ua,20.4842,False
C_00723,LOT_018,96,iddq_ua,21.1702,False
C_00723,LOT_018,168,iddq_ua,21.5795,False
C_00723,LOT_018,0,prop_delay_ns,6.164,False
C_00723,LOT_018,24,prop_delay_ns,6.4863,False
C_00723,LOT_018,96,prop_delay_ns,6.6876,False
C_00723,LOT_018,168,prop_delay_ns,6.6868,False
C_00724,LOT_018,0,leakage_ua,13.2096,True
C_00724,LOT_018,24,leakage_ua,16.7653,True
C_00724,LOT_018,96,leakage_ua,21.6662,True
C_00724,LOT_018,168,leakage_ua,24.6149,True
C_00724,LOT_018,0,iddq_ua,18.4183,True
C_00724,LOT_018,24,iddq_ua,27.3579,True
C_00724,LOT_018,96,iddq_ua,39.7616,True
C_00724,LOT_018,168,iddq_ua,48.8037,True
C_00724,LOT_018,0,prop_delay_ns,5.8478,True
C_00724,LOT_018,24,prop_delay_ns,6.4411,True
C_00724,LOT_018,96,prop_delay_ns,6.8312,True
C_00724,LOT_018,168,prop_delay_ns,7.2922,True
C_00725,LOT_018,0,leakage_ua,11.8293,True
C_00725,LOT_018,24,leakage_ua,15.9418,True
C_00725,LOT_018,96,leakage_ua,20.1562,True
C_00725,LOT_018,168,leakage_ua,23.2869,True
C_00725,LOT_018,0,iddq_ua,19.1004,True
C_00725,LOT_018,24,iddq_ua,28.6363,True
C_00725,LOT_018,96,iddq_ua,43.2395,True
C_00725,LOT_018,168,iddq_ua,54.2802,True
C_00725,LOT_018,0,prop_delay_ns,5.2541,True
C_00725,LOT_018,24,prop_delay_ns,5.9349,True
C_00725,LOT_018,96,prop_delay_ns,6.1154,True
C_00725,LOT_018,168,prop_delay_ns,6.6212,True
C_00726,LOT_018,0,leakage_ua,11.8496,False
C_00726,LOT_018,24,leakage_ua,11.6993,False
C_00726,LOT_018,96,leakage_ua,12.1241,False
C_00726,LOT_018,168,leakage_ua,12.9607,False
C_00726,LOT_018,0,iddq_ua,17.7152,False
C_00726,LOT_018,24,iddq_ua,18.5933,False
C_00726,LOT_018,96,iddq_ua,18.695,False
C_00726,LOT_018,168,iddq_ua,19.2602,False
C_00726,LOT_018,0,prop_delay_ns,5.8782,False
C_00726,LOT_018,24,prop_delay_ns,5.8654,False
C_00726,LOT_018,96,prop_delay_ns,5.844,False
C_00726,LOT_018,168,prop_delay_ns,5.9594,False
C_00727,LOT_018,0,leakage_ua,12.2124,False
C_00727,LOT_018,24,leakage_ua,12.123,False
C_00727,LOT_018,96,leakage_ua,12.0354,False
C_00727,LOT_018,168,leakage_ua,12.7603,False
C_00727,LOT_018,0,iddq_ua,18.0325,False
C_00727,LOT_018,24,iddq_ua,18.6043,False
C_00727,LOT_018,96,iddq_ua,18.2887,False
C_00727,LOT_018,168,iddq_ua,19.1997,False
C_00727,LOT_018,0,prop_delay_ns,6.0208,False
C_00727,LOT_018,24,prop_delay_ns,6.0151,False
C_00727,LOT_018,96,prop_delay_ns,6.0859,False
C_00727,LOT_018,168,prop_delay_ns,5.9997,False
C_00728,LOT_018,0,leakage_ua,11.822,False
C_00728,LOT_018,24,leakage_ua,11.7322,False
C_00728,LOT_018,96,leakage_ua,12.2785,False
C_00728,LOT_018,168,leakage_ua,12.2584,False
C_00728,LOT_018,0,iddq_ua,18.2819,False
C_00728,LOT_018,24,iddq_ua,17.8176,False
C_00728,LOT_018,96,iddq_ua,18.4354,False
C_00728,LOT_018,168,iddq_ua,18.9113,False
C_00728,LOT_018,0,prop_delay_ns,6.6305,False
C_00728,LOT_018,24,prop_delay_ns,6.3482,False
C_00728,LOT_018,96,prop_delay_ns,6.4994,False
C_00728,LOT_018,168,prop_delay_ns,6.6334,False
C_00729,LOT_018,0,leakage_ua,10.9692,False
C_00729,LOT_018,24,leakage_ua,10.9588,False
C_00729,LOT_018,96,leakage_ua,11.3326,False
C_00729,LOT_018,168,leakage_ua,11.5679,False
C_00729,LOT_018,0,iddq_ua,18.3177,False
C_00729,LOT_018,24,iddq_ua,18.9898,False
C_00729,LOT_018,96,iddq_ua,19.4784,False
C_00729,LOT_018,168,iddq_ua,19.8597,False
C_00729,LOT_018,0,prop_delay_ns,5.8943,False
C_00729,LOT_018,24,prop_delay_ns,5.9792,False
C_00729,LOT_018,96,prop_delay_ns,6.1602,False
C_00729,LOT_018,168,prop_delay_ns,6.1938,False
C_00730,LOT_018,0,leakage_ua,12.9308,False
C_00730,LOT_018,24,leakage_ua,13.3372,False
C_00730,LOT_018,96,leakage_ua,13.4926,False
C_00730,LOT_018,168,leakage_ua,13.6909,False
C_00730,LOT_018,0,iddq_ua,18.4956,False
C_00730,LOT_018,24,iddq_ua,18.3846,False
C_00730,LOT_018,96,iddq_ua,18.9669,False
C_00730,LOT_018,168,iddq_ua,18.6702,False
C_00730,LOT_018,0,prop_delay_ns,5.956,False
C_00730,LOT_018,24,prop_delay_ns,5.9141,False
C_00730,LOT_018,96,prop_delay_ns,6.0846,False
C_00730,LOT_018,168,prop_delay_ns,6.0175,False
C_00731,LOT_018,0,leakage_ua,12.1135,False
C_00731,LOT_018,24,leakage_ua,12.9084,False
C_00731,LOT_018,96,leakage_ua,12.9025,False
C_00731,LOT_018,168,leakage_ua,12.9976,False
C_00731,LOT_018,0,iddq_ua,18.1046,False
C_00731,LOT_018,24,iddq_ua,19.4259,False
C_00731,LOT_018,96,iddq_ua,19.7584,False
C_00731,LOT_018,168,iddq_ua,20.0425,False
C_00731,LOT_018,0,prop_delay_ns,6.09,False
C_00731,LOT_018,24,prop_delay_ns,6.0141,False
C_00731,LOT_018,96,prop_delay_ns,5.6952,False
C_00731,LOT_018,168,prop_delay_ns,5.9296,False
C_00732,LOT_018,0,leakage_ua,11.5746,False
C_00732,LOT_018,24,leakage_ua,12.0465,False
C_00732,LOT_018,96,leakage_ua,12.1918,False
C_00732,LOT_018,168,leakage_ua,12.117,False
C_00732,LOT_018,0,iddq_ua,17.0524,False
C_00732,LOT_018,24,iddq_ua,17.4998,False
C_00732,LOT_018,96,iddq_ua,17.6176,False
C_00732,LOT_018,168,iddq_ua,17.924,False
C_00732,LOT_018,0,prop_delay_ns,5.864,False
C_00732,LOT_018,24,prop_delay_ns,6.1731,False
C_00732,LOT_018,96,prop_delay_ns,5.7155,False
C_00732,LOT_018,168,prop_delay_ns,5.7999,False
C_00733,LOT_018,0,leakage_ua,11.6882,False
C_00733,LOT_018,24,leakage_ua,12.1913,False
C_00733,LOT_018,96,leakage_ua,12.3512,False
C_00733,LOT_018,168,leakage_ua,12.5103,False
C_00733,LOT_018,0,iddq_ua,17.2394,False
C_00733,LOT_018,24,iddq_ua,17.0879,False
C_00733,LOT_018,96,iddq_ua,17.1972,False
C_00733,LOT_018,168,iddq_ua,17.4165,False
C_00733,LOT_018,0,prop_delay_ns,5.9696,False
C_00733,LOT_018,24,prop_delay_ns,5.8656,False
C_00733,LOT_018,96,prop_delay_ns,6.1013,False
C_00733,LOT_018,168,prop_delay_ns,5.9978,False
C_00734,LOT_018,0,leakage_ua,11.7978,False
C_00734,LOT_018,24,leakage_ua,12.2697,False
C_00734,LOT_018,96,leakage_ua,12.4943,False
C_00734,LOT_018,168,leakage_ua,12.6804,False
C_00734,LOT_018,0,iddq_ua,19.0513,False
C_00734,LOT_018,24,iddq_ua,19.8962,False
C_00734,LOT_018,96,iddq_ua,20.1679,False
C_00734,LOT_018,168,iddq_ua,21.1005,False
C_00734,LOT_018,0,prop_delay_ns,5.9141,False
C_00734,LOT_018,24,prop_delay_ns,5.8885,False
C_00734,LOT_018,96,prop_delay_ns,6.328,False
C_00734,LOT_018,168,prop_delay_ns,5.9847,False
C_00735,LOT_018,0,leakage_ua,12.2914,False
C_00735,LOT_018,24,leakage_ua,12.2814,False
C_00735,LOT_018,96,leakage_ua,11.7802,False
C_00735,LOT_018,168,leakage_ua,12.2582,False
C_00735,LOT_018,0,iddq_ua,19.3266,False
C_00735,LOT_018,24,iddq_ua,20.5744,False
C_00735,LOT_018,96,iddq_ua,20.6086,False
C_00735,LOT_018,168,iddq_ua,21.6769,False
C_00735,LOT_018,0,prop_delay_ns,5.9602,False
C_00735,LOT_018,24,prop_delay_ns,5.9847,False
C_00735,LOT_018,96,prop_delay_ns,5.8768,False
C_00735,LOT_018,168,prop_delay_ns,6.2619,False
C_00736,LOT_018,0,leakage_ua,13.5938,False
C_00736,LOT_018,24,leakage_ua,13.3404,False
C_00736,LOT_018,96,leakage_ua,13.4804,False
C_00736,LOT_018,168,leakage_ua,13.2519,False
C_00736,LOT_018,0,iddq_ua,17.8725,False
C_00736,LOT_018,24,iddq_ua,18.2092,False
C_00736,LOT_018,96,iddq_ua,18.8472,False
C_00736,LOT_018,168,iddq_ua,19.7089,False
C_00736,LOT_018,0,prop_delay_ns,5.853,False
C_00736,LOT_018,24,prop_delay_ns,5.9013,False
C_00736,LOT_018,96,prop_delay_ns,5.9073,False
C_00736,LOT_018,168,prop_delay_ns,5.9351,False
C_00737,LOT_018,0,leakage_ua,13.0359,False
C_00737,LOT_018,24,leakage_ua,12.9947,False
C_00737,LOT_018,96,leakage_ua,13.2422,False
C_00737,LOT_018,168,leakage_ua,13.5694,False
C_00737,LOT_018,0,iddq_ua,17.217,False
C_00737,LOT_018,24,iddq_ua,17.4913,False
C_00737,LOT_018,96,iddq_ua,18.4023,False
C_00737,LOT_018,168,iddq_ua,19.8342,False
C_00737,LOT_018,0,prop_delay_ns,6.8614,False
C_00737,LOT_018,24,prop_delay_ns,6.9924,False
C_00737,LOT_018,96,prop_delay_ns,7.1909,False
C_00737,LOT_018,168,prop_delay_ns,7.1182,False
C_00738,LOT_018,0,leakage_ua,12.211,False
C_00738,LOT_018,24,leakage_ua,12.4565,False
C_00738,LOT_018,96,leakage_ua,13.1462,False
C_00738,LOT_018,168,leakage_ua,13.3114,False
C_00738,LOT_018,0,iddq_ua,17.7207,False
C_00738,LOT_018,24,iddq_ua,18.4451,False
C_00738,LOT_018,96,iddq_ua,19.7627,False
C_00738,LOT_018,168,iddq_ua,19.4461,False
C_00738,LOT_018,0,prop_delay_ns,5.3195,False
C_00738,LOT_018,24,prop_delay_ns,5.6479,False
C_00738,LOT_018,96,prop_delay_ns,5.6168,False
C_00738,LOT_018,168,prop_delay_ns,5.496,False
C_00739,LOT_018,0,leakage_ua,11.7565,False
C_00739,LOT_018,24,leakage_ua,11.7723,False
C_00739,LOT_018,96,leakage_ua,12.0983,False
C_00739,LOT_018,168,leakage_ua,12.5679,False
C_00739,LOT_018,0,iddq_ua,18.6963,False
C_00739,LOT_018,24,iddq_ua,19.3895,False
C_00739,LOT_018,96,iddq_ua,19.7339,False
C_00739,LOT_018,168,iddq_ua,19.6921,False
C_00739,LOT_018,0,prop_delay_ns,4.9783,False
C_00739,LOT_018,24,prop_delay_ns,5.0456,False
C_00739,LOT_018,96,prop_delay_ns,5.1928,False
C_00739,LOT_018,168,prop_delay_ns,5.1222,False
C_00740,LOT_018,0,leakage_ua,10.9117,False
C_00740,LOT_018,24,leakage_ua,10.8764,False
C_00740,LOT_018,96,leakage_ua,11.5086,False
C_00740,LOT_018,168,leakage_ua,11.399,False
C_00740,LOT_018,0,iddq_ua,19.294,False
C_00740,LOT_018,24,iddq_ua,20.0576,False
C_00740,LOT_018,96,iddq_ua,21.0509,False
C_00740,LOT_018,168,iddq_ua,20.7919,False
C_00740,LOT_018,0,prop_delay_ns,6.1154,False
C_00740,LOT_018,24,prop_delay_ns,6.047,False
C_00740,LOT_018,96,prop_delay_ns,5.9652,False
C_00740,LOT_018,168,prop_delay_ns,5.9707,False
C_00741,LOT_018,0,leakage_ua,12.7169,False
C_00741,LOT_018,24,leakage_ua,12.5871,False
C_00741,LOT_018,96,leakage_ua,12.9631,False
C_00741,LOT_018,168,leakage_ua,13.2362,False
C_00741,LOT_018,0,iddq_ua,19.237,False
C_00741,LOT_018,24,iddq_ua,19.0464,False
C_00741,LOT_018,96,iddq_ua,19.8387,False
C_00741,LOT_018,168,iddq_ua,20.9073,False
C_00741,LOT_018,0,prop_delay_ns,5.5154,False
C_00741,LOT_018,24,prop_delay_ns,5.5538,False
C_00741,LOT_018,96,prop_delay_ns,5.712,False
C_00741,LOT_018,168,prop_delay_ns,5.5326,False
C_00742,LOT_018,0,leakage_ua,10.9387,False
C_00742,LOT_018,24,leakage_ua,10.9854,False
C_00742,LOT_018,96,leakage_ua,11.3609,False
C_00742,LOT_018,168,leakage_ua,11.7909,False
C_00742,LOT_018,0,iddq_ua,17.6612,False
C_00742,LOT_018,24,iddq_ua,17.7194,False
C_00742,LOT_018,96,iddq_ua,18.2881,False
C_00742,LOT_018,168,iddq_ua,19.1581,False
C_00742,LOT_018,0,prop_delay_ns,6.1757,False
C_00742,LOT_018,24,prop_delay_ns,6.0457,False
C_00742,LOT_018,96,prop_delay_ns,6.4294,False
C_00742,LOT_018,168,prop_delay_ns,6.1694,False
C_00743,LOT_018,0,leakage_ua,12.3536,False
C_00743,LOT_018,24,leakage_ua,12.8623,False
C_00743,LOT_018,96,leakage_ua,12.9042,False
C_00743,LOT_018,168,leakage_ua,13.2434,False
C_00743,LOT_018,0,iddq_ua,18.469,False
C_00743,LOT_018,24,iddq_ua,18.2675,False
C_00743,LOT_018,96,iddq_ua,19.4246,False
C_00743,LOT_018,168,iddq_ua,19.4753,False
C_00743,LOT_018,0,prop_delay_ns,6.0647,False
C_00743,LOT_018,24,prop_delay_ns,5.8177,False
C_00743,LOT_018,96,prop_delay_ns,6.0837,False
C_00743,LOT_018,168,prop_delay_ns,6.1382,False
C_00744,LOT_018,0,leakage_ua,12.4397,False
C_00744,LOT_018,24,leakage_ua,12.3286,False
C_00744,LOT_018,96,leakage_ua,12.3511,False
C_00744,LOT_018,168,leakage_ua,12.2999,False
C_00744,LOT_018,0,iddq_ua,19.5077,False
C_00744,LOT_018,24,iddq_ua,20.4668,False
C_00744,LOT_018,96,iddq_ua,20.1099,False
C_00744,LOT_018,168,iddq_ua,20.7832,False
C_00744,LOT_018,0,prop_delay_ns,6.1303,False
C_00744,LOT_018,24,prop_delay_ns,6.0609,False
C_00744,LOT_018,96,prop_delay_ns,6.0273,False
C_00744,LOT_018,168,prop_delay_ns,6.0511,False
C_00745,LOT_018,0,leakage_ua,13.6478,False
C_00745,LOT_018,24,leakage_ua,13.9216,False
C_00745,LOT_018,96,leakage_ua,14.362,False
C_00745,LOT_018,168,leakage_ua,14.2014,False
C_00745,LOT_018,0,iddq_ua,17.9527,False
C_00745,LOT_018,24,iddq_ua,18.3197,False
C_00745,LOT_018,96,iddq_ua,18.8632,False
C_00745,LOT_018,168,iddq_ua,18.8206,False
C_00745,LOT_018,0,prop_delay_ns,6.0143,False
C_00745,LOT_018,24,prop_delay_ns,6.1585,False
C_00745,LOT_018,96,prop_delay_ns,6.1235,False
C_00745,LOT_018,168,prop_delay_ns,6.219,False
C_00746,LOT_018,0,leakage_ua,11.2832,False
C_00746,LOT_018,24,leakage_ua,11.2908,False
C_00746,LOT_018,96,leakage_ua,12.0339,False
C_00746,LOT_018,168,leakage_ua,11.9686,False
C_00746,LOT_018,0,iddq_ua,18.2898,False
C_00746,LOT_018,24,iddq_ua,18.4225,False
C_00746,LOT_018,96,iddq_ua,18.694,False
C_00746,LOT_018,168,iddq_ua,18.7152,False
C_00746,LOT_018,0,prop_delay_ns,5.8109,False
C_00746,LOT_018,24,prop_delay_ns,5.8495,False
C_00746,LOT_018,96,prop_delay_ns,5.7883,False
C_00746,LOT_018,168,prop_delay_ns,5.8541,False
C_00747,LOT_018,0,leakage_ua,10.6106,False
C_00747,LOT_018,24,leakage_ua,10.8083,False
C_00747,LOT_018,96,leakage_ua,11.074,False
C_00747,LOT_018,168,leakage_ua,10.8769,False
C_00747,LOT_018,0,iddq_ua,17.7199,False
C_00747,LOT_018,24,iddq_ua,17.7863,False
C_00747,LOT_018,96,iddq_ua,18.5882,False
C_00747,LOT_018,168,iddq_ua,19.2823,False
C_00747,LOT_018,0,prop_delay_ns,5.7513,False
C_00747,LOT_018,24,prop_delay_ns,5.8004,False
C_00747,LOT_018,96,prop_delay_ns,5.5657,False
C_00747,LOT_018,168,prop_delay_ns,5.7208,False
C_00748,LOT_018,0,leakage_ua,12.9616,True
C_00748,LOT_018,24,leakage_ua,20.4794,True
C_00748,LOT_018,96,leakage_ua,28.2466,True
C_00748,LOT_018,168,leakage_ua,33.9105,True
C_00748,LOT_018,0,iddq_ua,18.1266,True
C_00748,LOT_018,24,iddq_ua,25.1955,True
C_00748,LOT_018,96,iddq_ua,35.7602,True
C_00748,LOT_018,168,iddq_ua,44.0677,True
C_00748,LOT_018,0,prop_delay_ns,6.4322,True
C_00748,LOT_018,24,prop_delay_ns,6.8129,True
C_00748,LOT_018,96,prop_delay_ns,7.0587,True
C_00748,LOT_018,168,prop_delay_ns,7.5301,True
C_00749,LOT_018,0,leakage_ua,11.8712,False
C_00749,LOT_018,24,leakage_ua,12.3357,False
C_00749,LOT_018,96,leakage_ua,12.8645,False
C_00749,LOT_018,168,leakage_ua,12.8961,False
C_00749,LOT_018,0,iddq_ua,18.0795,False
C_00749,LOT_018,24,iddq_ua,19.5802,False
C_00749,LOT_018,96,iddq_ua,19.8218,False
C_00749,LOT_018,168,iddq_ua,20.0459,False
C_00749,LOT_018,0,prop_delay_ns,6.0161,False
C_00749,LOT_018,24,prop_delay_ns,6.0147,False
C_00749,LOT_018,96,prop_delay_ns,5.8995,False
C_00749,LOT_018,168,prop_delay_ns,6.0888,False
C_00750,LOT_018,0,leakage_ua,11.8272,False
C_00750,LOT_018,24,leakage_ua,11.7353,False
C_00750,LOT_018,96,leakage_ua,11.7674,False
C_00750,LOT_018,168,leakage_ua,11.9766,False
C_00750,LOT_018,0,iddq_ua,18.2547,False
C_00750,LOT_018,24,iddq_ua,19.1352,False
C_00750,LOT_018,96,iddq_ua,19.8958,False
C_00750,LOT_018,168,iddq_ua,19.53,False
C_00750,LOT_018,0,prop_delay_ns,5.7724,False
C_00750,LOT_018,24,prop_delay_ns,5.7959,False
C_00750,LOT_018,96,prop_delay_ns,5.8882,False
C_00750,LOT_018,168,prop_delay_ns,5.8482,False
C_00751,LOT_018,0,leakage_ua,11.4017,False
C_00751,LOT_018,24,leakage_ua,11.384,False
C_00751,LOT_018,96,leakage_ua,11.9925,False
C_00751,LOT_018,168,leakage_ua,12.4444,False
C_00751,LOT_018,0,iddq_ua,17.5939,False
C_00751,LOT_018,24,iddq_ua,18.197,False
C_00751,LOT_018,96,iddq_ua,18.9301,False
C_00751,LOT_018,168,iddq_ua,20.0054,False
C_00751,LOT_018,0,prop_delay_ns,6.3041,False
C_00751,LOT_018,24,prop_delay_ns,6.1151,False
C_00751,LOT_018,96,prop_delay_ns,6.2914,False
C_00751,LOT_018,168,prop_delay_ns,6.6668,False
C_00752,LOT_018,0,leakage_ua,12.2198,False
C_00752,LOT_018,24,leakage_ua,12.422,False
C_00752,LOT_018,96,leakage_ua,12.4918,False
C_00752,LOT_018,168,leakage_ua,12.7136,False
C_00752,LOT_018,0,iddq_ua,18.2393,False
C_00752,LOT_018,24,iddq_ua,18.2521,False
C_00752,LOT_018,96,iddq_ua,19.5525,False
C_00752,LOT_018,168,iddq_ua,20.0295,False
C_00752,LOT_018,0,prop_delay_ns,6.3715,False
C_00752,LOT_018,24,prop_delay_ns,6.0901,False
C_00752,LOT_018,96,prop_delay_ns,6.2903,False
C_00752,LOT_018,168,prop_delay_ns,6.114,False
C_00753,LOT_018,0,leakage_ua,11.4739,False
C_00753,LOT_018,24,leakage_ua,11.7844,False
C_00753,LOT_018,96,leakage_ua,11.8114,False
C_00753,LOT_018,168,leakage_ua,11.6129,False
C_00753,LOT_018,0,iddq_ua,18.8529,False
C_00753,LOT_018,24,iddq_ua,18.7227,False
C_00753,LOT_018,96,iddq_ua,19.1239,False
C_00753,LOT_018,168,iddq_ua,19.8946,False
C_00753,LOT_018,0,prop_delay_ns,5.8206,False
C_00753,LOT_018,24,prop_delay_ns,5.9517,False
C_00753,LOT_018,96,prop_delay_ns,5.9333,False
C_00753,LOT_018,168,prop_delay_ns,5.9408,False
C_00754,LOT_018,0,leakage_ua,12.8399,False
C_00754,LOT_018,24,leakage_ua,12.9061,False
C_00754,LOT_018,96,leakage_ua,12.6293,False
C_00754,LOT_018,168,leakage_ua,13.5019,False
C_00754,LOT_018,0,iddq_ua,16.1216,False
C_00754,LOT_018,24,iddq_ua,16.0037,False
C_00754,LOT_018,96,iddq_ua,16.8164,False
C_00754,LOT_018,168,iddq_ua,16.6054,False
C_00754,LOT_018,0,prop_delay_ns,5.9831,False
C_00754,LOT_018,24,prop_delay_ns,5.8704,False
C_00754,LOT_018,96,prop_delay_ns,5.9493,False
C_00754,LOT_018,168,prop_delay_ns,5.8802,False
C_00755,LOT_018,0,leakage_ua,10.8885,False
C_00755,LOT_018,24,leakage_ua,11.1501,False
C_00755,LOT_018,96,leakage_ua,11.4386,False
C_00755,LOT_018,168,leakage_ua,11.6217,False
C_00755,LOT_018,0,iddq_ua,17.5043,False
C_00755,LOT_018,24,iddq_ua,18.0931,False
C_00755,LOT_018,96,iddq_ua,18.6165,False
C_00755,LOT_018,168,iddq_ua,18.8909,False
C_00755,LOT_018,0,prop_delay_ns,5.976,False
C_00755,LOT_018,24,prop_delay_ns,5.8925,False
C_00755,LOT_018,96,prop_delay_ns,6.2772,False
C_00755,LOT_018,168,prop_delay_ns,6.1983,False
C_00756,LOT_018,0,leakage_ua,12.3641,False
C_00756,LOT_018,24,leakage_ua,12.7761,False
C_00756,LOT_018,96,leakage_ua,12.471,False
C_00756,LOT_018,168,leakage_ua,12.9332,False
C_00756,LOT_018,0,iddq_ua,18.2949,False
C_00756,LOT_018,24,iddq_ua,18.1426,False
C_00756,LOT_018,96,iddq_ua,18.4643,False
C_00756,LOT_018,168,iddq_ua,19.858,False
C_00756,LOT_018,0,prop_delay_ns,6.2309,False
C_00756,LOT_018,24,prop_delay_ns,6.1051,False
C_00756,LOT_018,96,prop_delay_ns,6.3145,False
C_00756,LOT_018,168,prop_delay_ns,6.1486,False
C_00757,LOT_018,0,leakage_ua,11.4248,False
C_00757,LOT_018,24,leakage_ua,11.6205,False
C_00757,LOT_018,96,leakage_ua,11.7121,False
C_00757,LOT_018,168,leakage_ua,12.152,False
C_00757,LOT_018,0,iddq_ua,19.2468,False
C_00757,LOT_018,24,iddq_ua,19.4005,False
C_00757,LOT_018,96,iddq_ua,19.8252,False
C_00757,LOT_018,168,iddq_ua,20.36,False
C_00757,LOT_018,0,prop_delay_ns,5.1593,False
C_00757,LOT_018,24,prop_delay_ns,5.0294,False
C_00757,LOT_018,96,prop_delay_ns,5.3483,False
C_00757,LOT_018,168,prop_delay_ns,5.1877,False
C_00758,LOT_018,0,leakage_ua,11.1847,False
C_00758,LOT_018,24,leakage_ua,10.9445,False
C_00758,LOT_018,96,leakage_ua,11.7058,False
C_00758,LOT_018,168,leakage_ua,11.823,False
C_00758,LOT_018,0,iddq_ua,19.4384,False
C_00758,LOT_018,24,iddq_ua,19.9914,False
C_00758,LOT_018,96,iddq_ua,20.4056,False
C_00758,LOT_018,168,iddq_ua,21.0149,False
C_00758,LOT_018,0,prop_delay_ns,6.2265,False
C_00758,LOT_018,24,prop_delay_ns,6.0703,False
C_00758,LOT_018,96,prop_delay_ns,6.2748,False
C_00758,LOT_018,168,prop_delay_ns,6.4576,False
C_00759,LOT_018,0,leakage_ua,12.6367,False
C_00759,LOT_018,24,leakage_ua,12.6447,False
C_00759,LOT_018,96,leakage_ua,12.9219,False
C_00759,LOT_018,168,leakage_ua,12.7651,False
C_00759,LOT_018,0,iddq_ua,18.3083,False
C_00759,LOT_018,24,iddq_ua,17.9674,False
C_00759,LOT_018,96,iddq_ua,18.642,False
C_00759,LOT_018,168,iddq_ua,19.1493,False
C_00759,LOT_018,0,prop_delay_ns,6.5,False
C_00759,LOT_018,24,prop_delay_ns,6.444,False
C_00759,LOT_018,96,prop_delay_ns,6.311,False
C_00759,LOT_018,168,prop_delay_ns,6.5249,False
C_00760,LOT_018,0,leakage_ua,13.361,False
C_00760,LOT_018,24,leakage_ua,13.5144,False
C_00760,LOT_018,96,leakage_ua,13.8331,False
C_00760,LOT_018,168,leakage_ua,13.6469,False
C_00760,LOT_018,0,iddq_ua,17.5614,False
C_00760,LOT_018,24,iddq_ua,17.4973,False
C_00760,LOT_018,96,iddq_ua,18.8746,False
C_00760,LOT_018,168,iddq_ua,18.358,False
C_00760,LOT_018,0,prop_delay_ns,5.99,False
C_00760,LOT_018,24,prop_delay_ns,5.7604,False
C_00760,LOT_018,96,prop_delay_ns,5.9982,False
C_00760,LOT_018,168,prop_delay_ns,6.0873,False
C_00761,LOT_019,0,leakage_ua,11.6515,False
C_00761,LOT_019,24,leakage_ua,11.2492,False
C_00761,LOT_019,96,leakage_ua,12.0534,False
C_00761,LOT_019,168,leakage_ua,11.7026,False
C_00761,LOT_019,0,iddq_ua,29.9038,False
C_00761,LOT_019,24,iddq_ua,29.9999,False
C_00761,LOT_019,96,iddq_ua,31.3282,False
C_00761,LOT_019,168,iddq_ua,31.1808,False
C_00761,LOT_019,0,prop_delay_ns,4.4329,False
C_00761,LOT_019,24,prop_delay_ns,4.2614,False
C_00761,LOT_019,96,prop_delay_ns,4.3837,False
C_00761,LOT_019,168,prop_delay_ns,4.2696,False
C_00762,LOT_019,0,leakage_ua,12.5864,False
C_00762,LOT_019,24,leakage_ua,13.3045,False
C_00762,LOT_019,96,leakage_ua,13.6951,False
C_00762,LOT_019,168,leakage_ua,13.7014,False
C_00762,LOT_019,0,iddq_ua,25.1251,False
C_00762,LOT_019,24,iddq_ua,24.7906,False
C_00762,LOT_019,96,iddq_ua,25.8021,False
C_00762,LOT_019,168,iddq_ua,26.5631,False
C_00762,LOT_019,0,prop_delay_ns,3.8519,False
C_00762,LOT_019,24,prop_delay_ns,4.0617,False
C_00762,LOT_019,96,prop_delay_ns,4.1225,False
C_00762,LOT_019,168,prop_delay_ns,3.9943,False
C_00763,LOT_019,0,leakage_ua,13.5826,False
C_00763,LOT_019,24,leakage_ua,13.9441,False
C_00763,LOT_019,96,leakage_ua,14.3472,False
C_00763,LOT_019,168,leakage_ua,14.158,False
C_00763,LOT_019,0,iddq_ua,25.8651,False
C_00763,LOT_019,24,iddq_ua,27.9249,False
C_00763,LOT_019,96,iddq_ua,28.0932,False
C_00763,LOT_019,168,iddq_ua,29.5137,False
C_00763,LOT_019,0,prop_delay_ns,3.8891,False
C_00763,LOT_019,24,prop_delay_ns,3.8203,False
C_00763,LOT_019,96,prop_delay_ns,3.749,False
C_00763,LOT_019,168,prop_delay_ns,4.07,False
C_00764,LOT_019,0,leakage_ua,13.6241,False
C_00764,LOT_019,24,leakage_ua,14.1249,False
C_00764,LOT_019,96,leakage_ua,14.8276,False
C_00764,LOT_019,168,leakage_ua,14.7969,False
C_00764,LOT_019,0,iddq_ua,30.8114,False
C_00764,LOT_019,24,iddq_ua,29.9793,False
C_00764,LOT_019,96,iddq_ua,32.1284,False
C_00764,LOT_019,168,iddq_ua,32.024,False
C_00764,LOT_019,0,prop_delay_ns,4.5023,False
C_00764,LOT_019,24,prop_delay_ns,4.8238,False
C_00764,LOT_019,96,prop_delay_ns,4.5825,False
C_00764,LOT_019,168,prop_delay_ns,4.8969,False
C_00765,LOT_019,0,leakage_ua,12.7048,False
C_00765,LOT_019,24,leakage_ua,13.3685,False
C_00765,LOT_019,96,leakage_ua,13.7562,False
C_00765,LOT_019,168,leakage_ua,13.7438,False
C_00765,LOT_019,0,iddq_ua,26.3757,False
C_00765,LOT_019,24,iddq_ua,27.1017,False
C_00765,LOT_019,96,iddq_ua,27.2052,False
C_00765,LOT_019,168,iddq_ua,28.8563,False
C_00765,LOT_019,0,prop_delay_ns,4.153,False
C_00765,LOT_019,24,prop_delay_ns,4.3346,False
C_00765,LOT_019,96,prop_delay_ns,4.1138,False
C_00765,LOT_019,168,prop_delay_ns,4.3217,False
C_00766,LOT_019,0,leakage_ua,12.6617,False
C_00766,LOT_019,24,leakage_ua,12.7413,False
C_00766,LOT_019,96,leakage_ua,13.0374,False
C_00766,LOT_019,168,leakage_ua,13.2442,False
C_00766,LOT_019,0,iddq_ua,26.2602,False
C_00766,LOT_019,24,iddq_ua,27.2842,False
C_00766,LOT_019,96,iddq_ua,27.3081,False
C_00766,LOT_019,168,iddq_ua,27.8873,False
C_00766,LOT_019,0,prop_delay_ns,3.8128,False
C_00766,LOT_019,24,prop_delay_ns,4.0468,False
C_00766,LOT_019,96,prop_delay_ns,4.0065,False
C_00766,LOT_019,168,prop_delay_ns,4.0524,False
C_00767,LOT_019,0,leakage_ua,13.0321,False
C_00767,LOT_019,24,leakage_ua,12.9131,False
C_00767,LOT_019,96,leakage_ua,13.7572,False
C_00767,LOT_019,168,leakage_ua,13.4067,False
C_00767,LOT_019,0,iddq_ua,24.6459,False
C_00767,LOT_019,24,iddq_ua,24.9309,False
C_00767,LOT_019,96,iddq_ua,25.7001,False
C_00767,LOT_019,168,iddq_ua,25.5881,False
C_00767,LOT_019,0,prop_delay_ns,4.4154,False
C_00767,LOT_019,24,prop_delay_ns,4.6142,False
C_00767,LOT_019,96,prop_delay_ns,4.3778,False
C_00767,LOT_019,168,prop_delay_ns,4.5613,False
C_00768,LOT_019,0,leakage_ua,13.3446,False
C_00768,LOT_019,24,leakage_ua,14.0031,False
C_00768,LOT_019,96,leakage_ua,13.9699,False
C_00768,LOT_019,168,leakage_ua,14.7576,False
C_00768,LOT_019,0,iddq_ua,27.8739,False
C_00768,LOT_019,24,iddq_ua,27.6316,False
C_00768,LOT_019,96,iddq_ua,28.6715,False
C_00768,LOT_019,168,iddq_ua,29.0832,False
C_00768,LOT_019,0,prop_delay_ns,4.3431,False
C_00768,LOT_019,24,prop_delay_ns,4.4928,False
C_00768,LOT_019,96,prop_delay_ns,4.4232,False
C_00768,LOT_019,168,prop_delay_ns,4.634,False
C_00769,LOT_019,0,leakage_ua,13.3615,False
C_00769,LOT_019,24,leakage_ua,13.8275,False
C_00769,LOT_019,96,leakage_ua,13.8741,False
C_00769,LOT_019,168,leakage_ua,14.253,False
C_00769,LOT_019,0,iddq_ua,27.5622,False
C_00769,LOT_019,24,iddq_ua,27.2812,False
C_00769,LOT_019,96,iddq_ua,26.8163,False
C_00769,LOT_019,168,iddq_ua,28.4554,False
C_00769,LOT_019,0,prop_delay_ns,4.074,False
C_00769,LOT_019,24,prop_delay_ns,4.1979,False
C_00769,LOT_019,96,prop_delay_ns,4.0153,False
C_00769,LOT_019,168,prop_delay_ns,4.155,False
C_00770,LOT_019,0,leakage_ua,12.4004,False
C_00770,LOT_019,24,leakage_ua,12.108,False
C_00770,LOT_019,96,leakage_ua,12.8071,False
C_00770,LOT_019,168,leakage_ua,12.489,False
C_00770,LOT_019,0,iddq_ua,29.6153,False
C_00770,LOT_019,24,iddq_ua,29.5421,False
C_00770,LOT_019,96,iddq_ua,30.0544,False
C_00770,LOT_019,168,iddq_ua,31.2759,False
C_00770,LOT_019,0,prop_delay_ns,4.4157,False
C_00770,LOT_019,24,prop_delay_ns,4.3806,False
C_00770,LOT_019,96,prop_delay_ns,4.2937,False
C_00770,LOT_019,168,prop_delay_ns,4.4913,False
C_00771,LOT_019,0,leakage_ua,12.5457,False
C_00771,LOT_019,24,leakage_ua,12.7184,False
C_00771,LOT_019,96,leakage_ua,13.1172,False
C_00771,LOT_019,168,leakage_ua,13.7701,False
C_00771,LOT_019,0,iddq_ua,28.6074,False
C_00771,LOT_019,24,iddq_ua,29.3354,False
C_00771,LOT_019,96,iddq_ua,30.7183,False
C_00771,LOT_019,168,iddq_ua,30.1501,False
C_00771,LOT_019,0,prop_delay_ns,4.0653,False
C_00771,LOT_019,24,prop_delay_ns,4.159,False
C_00771,LOT_019,96,prop_delay_ns,4.0903,False
C_00771,LOT_019,168,prop_delay_ns,4.1379,False
C_00772,LOT_019,0,leakage_ua,12.9568,False
C_00772,LOT_019,24,leakage_ua,13.5335,False
C_00772,LOT_019,96,leakage_ua,14.2332,False
C_00772,LOT_019,168,leakage_ua,14.6108,False
C_00772,LOT_019,0,iddq_ua,29.0111,False
C_00772,LOT_019,24,iddq_ua,28.7962,False
C_00772,LOT_019,96,iddq_ua,28.9533,False
C_00772,LOT_019,168,iddq_ua,29.6789,False
C_00772,LOT_019,0,prop_delay_ns,4.6594,False
C_00772,LOT_019,24,prop_delay_ns,4.7047,False
C_00772,LOT_019,96,prop_delay_ns,4.595,False
C_00772,LOT_019,168,prop_delay_ns,4.9139,False
C_00773,LOT_019,0,leakage_ua,13.5753,False
C_00773,LOT_019,24,leakage_ua,13.7533,False
C_00773,LOT_019,96,leakage_ua,14.3337,False
C_00773,LOT_019,168,leakage_ua,14.4146,False
C_00773,LOT_019,0,iddq_ua,28.8163,False
C_00773,LOT_019,24,iddq_ua,30.4563,False
C_00773,LOT_019,96,iddq_ua,30.764,False
C_00773,LOT_019,168,iddq_ua,30.9253,False
C_00773,LOT_019,0,prop_delay_ns,4.0029,False
C_00773,LOT_019,24,prop_delay_ns,4.1895,False
C_00773,LOT_019,96,prop_delay_ns,4.0715,False
C_00773,LOT_019,168,prop_delay_ns,4.1186,False
C_00774,LOT_019,0,leakage_ua,12.1417,False
C_00774,LOT_019,24,leakage_ua,12.4937,False
C_00774,LOT_019,96,leakage_ua,12.512,False
C_00774,LOT_019,168,leakage_ua,12.2774,False
C_00774,LOT_019,0,iddq_ua,26.6825,False
C_00774,LOT_019,24,iddq_ua,26.4644,False
C_00774,LOT_019,96,iddq_ua,26.734,False
C_00774,LOT_019,168,iddq_ua,28.3829,False
C_00774,LOT_019,0,prop_delay_ns,4.307,False
C_00774,LOT_019,24,prop_delay_ns,4.4551,False
C_00774,LOT_019,96,prop_delay_ns,4.3571,False
C_00774,LOT_019,168,prop_delay_ns,4.4473,False
C_00775,LOT_019,0,leakage_ua,13.0013,False
C_00775,LOT_019,24,leakage_ua,12.9589,False
C_00775,LOT_019,96,leakage_ua,13.1727,False
C_00775,LOT_019,168,leakage_ua,12.9008,False
C_00775,LOT_019,0,iddq_ua,24.8485,False
C_00775,LOT_019,24,iddq_ua,25.1035,False
C_00775,LOT_019,96,iddq_ua,25.3802,False
C_00775,LOT_019,168,iddq_ua,27.1642,False
C_00775,LOT_019,0,prop_delay_ns,4.6675,False
C_00775,LOT_019,24,prop_delay_ns,4.5123,False
C_00775,LOT_019,96,prop_delay_ns,4.7551,False
C_00775,LOT_019,168,prop_delay_ns,4.5991,False
C_00776,LOT_019,0,leakage_ua,12.4076,False
C_00776,LOT_019,24,leakage_ua,13.2509,False
C_00776,LOT_019,96,leakage_ua,13.5797,False
C_00776,LOT_019,168,leakage_ua,13.559,False
C_00776,LOT_019,0,iddq_ua,27.151,False
C_00776,LOT_019,24,iddq_ua,27.2898,False
C_00776,LOT_019,96,iddq_ua,27.3328,False
C_00776,LOT_019,168,iddq_ua,27.3684,False
C_00776,LOT_019,0,prop_delay_ns,4.7889,False
C_00776,LOT_019,24,prop_delay_ns,4.6207,False
C_00776,LOT_019,96,prop_delay_ns,4.67,False
C_00776,LOT_019,168,prop_delay_ns,4.7009,False
C_00777,LOT_019,0,leakage_ua,12.8739,False
C_00777,LOT_019,24,leakage_ua,13.0529,False
C_00777,LOT_019,96,leakage_ua,13.224,False
C_00777,LOT_019,168,leakage_ua,13.6886,False
C_00777,LOT_019,0,iddq_ua,26.7831,False
C_00777,LOT_019,24,iddq_ua,27.5852,False
C_00777,LOT_019,96,iddq_ua,28.282,False
C_00777,LOT_019,168,iddq_ua,28.35,False
C_00777,LOT_019,0,prop_delay_ns,4.271,False
C_00777,LOT_019,24,prop_delay_ns,4.2994,False
C_00777,LOT_019,96,prop_delay_ns,4.3714,False
C_00777,LOT_019,168,prop_delay_ns,4.2195,False
C_00778,LOT_019,0,leakage_ua,14.7896,False
C_00778,LOT_019,24,leakage_ua,14.3424,False
C_00778,LOT_019,96,leakage_ua,15.3926,False
C_00778,LOT_019,168,leakage_ua,15.3044,False
C_00778,LOT_019,0,iddq_ua,30.7373,False
C_00778,LOT_019,24,iddq_ua,32.6629,False
C_00778,LOT_019,96,iddq_ua,31.7352,False
C_00778,LOT_019,168,iddq_ua,33.3411,False
C_00778,LOT_019,0,prop_delay_ns,4.3529,False
C_00778,LOT_019,24,prop_delay_ns,4.2053,False
C_00778,LOT_019,96,prop_delay_ns,4.5579,False
C_00778,LOT_019,168,prop_delay_ns,4.4412,False
C_00779,LOT_019,0,leakage_ua,12.4405,False
C_00779,LOT_019,24,leakage_ua,13.5664,False
C_00779,LOT_019,96,leakage_ua,13.8262,False
C_00779,LOT_019,168,leakage_ua,14.6113,False
C_00779,LOT_019,0,iddq_ua,27.5693,False
C_00779,LOT_019,24,iddq_ua,28.3083,False
C_00779,LOT_019,96,iddq_ua,28.299,False
C_00779,LOT_019,168,iddq_ua,29.5607,False
C_00779,LOT_019,0,prop_delay_ns,3.9198,False
C_00779,LOT_019,24,prop_delay_ns,3.8879,False
C_00779,LOT_019,96,prop_delay_ns,3.8681,False
C_00779,LOT_019,168,prop_delay_ns,3.8452,False
C_00780,LOT_019,0,leakage_ua,12.3538,True
C_00780,LOT_019,24,leakage_ua,17.865,True
C_00780,LOT_019,96,leakage_ua,27.3849,True
C_00780,LOT_019,168,leakage_ua,34.6081,True
C_00780,LOT_019,0,iddq_ua,27.3808,True
C_00780,LOT_019,24,iddq_ua,43.055,True
C_00780,LOT_019,96,iddq_ua,66.6251,True
C_00780,LOT_019,168,iddq_ua,85.7143,True
C_00780,LOT_019,0,prop_delay_ns,4.5968,True
C_00780,LOT_019,24,prop_delay_ns,5.1117,True
C_00780,LOT_019,96,prop_delay_ns,5.7587,True
C_00780,LOT_019,168,prop_delay_ns,6.2024,True
C_00781,LOT_019,0,leakage_ua,13.0392,False
C_00781,LOT_019,24,leakage_ua,13.7545,False
C_00781,LOT_019,96,leakage_ua,14.161,False
C_00781,LOT_019,168,leakage_ua,14.5039,False
C_00781,LOT_019,0,iddq_ua,27.0274,False
C_00781,LOT_019,24,iddq_ua,26.9103,False
C_00781,LOT_019,96,iddq_ua,27.451,False
C_00781,LOT_019,168,iddq_ua,28.4699,False
C_00781,LOT_019,0,prop_delay_ns,4.4703,False
C_00781,LOT_019,24,prop_delay_ns,4.4686,False
C_00781,LOT_019,96,prop_delay_ns,4.2276,False
C_00781,LOT_019,168,prop_delay_ns,4.5343,False
C_00782,LOT_019,0,leakage_ua,13.2211,False
C_00782,LOT_019,24,leakage_ua,13.3251,False
C_00782,LOT_019,96,leakage_ua,13.3873,False
C_00782,LOT_019,168,leakage_ua,13.5863,False
C_00782,LOT_019,0,iddq_ua,28.3948,False
C_00782,LOT_019,24,iddq_ua,28.8783,False
C_00782,LOT_019,96,iddq_ua,29.9096,False
C_00782,LOT_019,168,iddq_ua,31.6602,False
C_00782,LOT_019,0,prop_delay_ns,4.184,False
C_00782,LOT_019,24,prop_delay_ns,4.374,False
C_00782,LOT_019,96,prop_delay_ns,4.2627,False
C_00782,LOT_019,168,prop_delay_ns,4.3585,False
C_00783,LOT_019,0,leakage_ua,13.3894,False
C_00783,LOT_019,24,leakage_ua,13.3614,False
C_00783,LOT_019,96,leakage_ua,14.1222,False
C_00783,LOT_019,168,leakage_ua,14.2567,False
C_00783,LOT_019,0,iddq_ua,28.4823,False
C_00783,LOT_019,24,iddq_ua,28.7613,False
C_00783,LOT_019,96,iddq_ua,29.5692,False
C_00783,LOT_019,168,iddq_ua,29.4414,False
C_00783,LOT_019,0,prop_delay_ns,4.7068,False
C_00783,LOT_019,24,prop_delay_ns,4.6943,False
C_00783,LOT_019,96,prop_delay_ns,4.617,False
C_00783,LOT_019,168,prop_delay_ns,4.567,False
C_00784,LOT_019,0,leakage_ua,12.1003,False
C_00784,LOT_019,24,leakage_ua,12.4239,False
C_00784,LOT_019,96,leakage_ua,13.1156,False
C_00784,LOT_019,168,leakage_ua,13.648,False
C_00784,LOT_019,0,iddq_ua,28.078,False
C_00784,LOT_019,24,iddq_ua,26.9322,False
C_00784,LOT_019,96,iddq_ua,27.6356,False
C_00784,LOT_019,168,iddq_ua,30.0308,False
C_00784,LOT_019,0,prop_delay_ns,4.6262,False
C_00784,LOT_019,24,prop_delay_ns,4.6222,False
C_00784,LOT_019,96,prop_delay_ns,4.519,False
C_00784,LOT_019,168,prop_delay_ns,4.4305,False
C_00785,LOT_019,0,leakage_ua,13.9393,False
C_00785,LOT_019,24,leakage_ua,14.7279,False
C_00785,LOT_019,96,leakage_ua,15.4716,False
C_00785,LOT_019,168,leakage_ua,16.0509,False
C_00785,LOT_019,0,iddq_ua,22.9169,False
C_00785,LOT_019,24,iddq_ua,23.6156,False
C_00785,LOT_019,96,iddq_ua,25.9165,False
C_00785,LOT_019,168,iddq_ua,26.8541,False
C_00785,LOT_019,0,prop_delay_ns,4.3097,False
C_00785,LOT_019,24,prop_delay_ns,4.3602,False
C_00785,LOT_019,96,prop_delay_ns,4.3583,False
C_00785,LOT_019,168,prop_delay_ns,4.3761,False
C_00786,LOT_019,0,leakage_ua,11.4179,False
C_00786,LOT_019,24,leakage_ua,11.6227,False
C_00786,LOT_019,96,leakage_ua,12.2161,False
C_00786,LOT_019,168,leakage_ua,12.0385,False
C_00786,LOT_019,0,iddq_ua,24.1626,False
C_00786,LOT_019,24,iddq_ua,24.7322,False
C_00786,LOT_019,96,iddq_ua,25.2102,False
C_00786,LOT_019,168,iddq_ua,25.3114,False
C_00786,LOT_019,0,prop_delay_ns,3.925,False
C_00786,LOT_019,24,prop_delay_ns,4.0183,False
C_00786,LOT_019,96,prop_delay_ns,4.0179,False
C_00786,LOT_019,168,prop_delay_ns,4.067,False
C_00787,LOT_019,0,leakage_ua,14.1435,False
C_00787,LOT_019,24,leakage_ua,14.0541,False
C_00787,LOT_019,96,leakage_ua,14.0816,False
C_00787,LOT_019,168,leakage_ua,14.8284,False
C_00787,LOT_019,0,iddq_ua,27.8557,False
C_00787,LOT_019,24,iddq_ua,27.6387,False
C_00787,LOT_019,96,iddq_ua,30.2185,False
C_00787,LOT_019,168,iddq_ua,29.803,False
C_00787,LOT_019,0,prop_delay_ns,4.2153,False
C_00787,LOT_019,24,prop_delay_ns,4.0767,False
C_00787,LOT_019,96,prop_delay_ns,4.2732,False
C_00787,LOT_019,168,prop_delay_ns,4.1791,False
C_00788,LOT_019,0,leakage_ua,12.7848,False
C_00788,LOT_019,24,leakage_ua,12.6762,False
C_00788,LOT_019,96,leakage_ua,13.1146,False
C_00788,LOT_019,168,leakage_ua,13.2052,False
C_00788,LOT_019,0,iddq_ua,28.3315,False
C_00788,LOT_019,24,iddq_ua,27.4988,False
C_00788,LOT_019,96,iddq_ua,28.746,False
C_00788,LOT_019,168,iddq_ua,28.0065,False
C_00788,LOT_019,0,prop_delay_ns,4.0985,False
C_00788,LOT_019,24,prop_delay_ns,4.3578,False
C_00788,LOT_019,96,prop_delay_ns,4.481,False
C_00788,LOT_019,168,prop_delay_ns,4.5929,False
C_00789,LOT_019,0,leakage_ua,11.722,False
C_00789,LOT_019,24,leakage_ua,12.2147,False
C_00789,LOT_019,96,leakage_ua,12.096,False
C_00789,LOT_019,168,leakage_ua,12.6291,False
C_00789,LOT_019,0,iddq_ua,22.9012,False
C_00789,LOT_019,24,iddq_ua,22.7205,False
C_00789,LOT_019,96,iddq_ua,23.4967,False
C_00789,LOT_019,168,iddq_ua,24.1916,False
C_00789,LOT_019,0,prop_delay_ns,4.2008,False
C_00789,LOT_019,24,prop_delay_ns,4.3658,False
C_00789,LOT_019,96,prop_delay_ns,4.1956,False
C_00789,LOT_019,168,prop_delay_ns,4.463,False
C_00790,LOT_019,0,leakage_ua,12.6915,False
C_00790,LOT_019,24,leakage_ua,12.9926,False
C_00790,LOT_019,96,leakage_ua,12.664,False
C_00790,LOT_019,168,leakage_ua,13.3255,False
C_00790,LOT_019,0,iddq_ua,23.0046,False
C_00790,LOT_019,24,iddq_ua,23.2322,False
C_00790,LOT_019,96,iddq_ua,24.6005,False
C_00790,LOT_019,168,iddq_ua,25.5419,False
C_00790,LOT_019,0,prop_delay_ns,4.3434,False
C_00790,LOT_019,24,prop_delay_ns,4.245,False
C_00790,LOT_019,96,prop_delay_ns,4.3759,False
C_00790,LOT_019,168,prop_delay_ns,4.3932,False
C_00791,LOT_019,0,leakage_ua,14.4721,False
C_00791,LOT_019,24,leakage_ua,14.428,False
C_00791,LOT_019,96,leakage_ua,14.8306,False
C_00791,LOT_019,168,leakage_ua,15.1186,False
C_00791,LOT_019,0,iddq_ua,27.8071,False
C_00791,LOT_019,24,iddq_ua,28.6615,False
C_00791,LOT_019,96,iddq_ua,28.9156,False
C_00791,LOT_019,168,iddq_ua,29.1777,False
C_00791,LOT_019,0,prop_delay_ns,4.7422,False
C_00791,LOT_019,24,prop_delay_ns,4.8288,False
C_00791,LOT_019,96,prop_delay_ns,4.8408,False
C_00791,LOT_019,168,prop_delay_ns,4.7614,False
C_00792,LOT_019,0,leakage_ua,13.2996,False
C_00792,LOT_019,24,leakage_ua,13.4857,False
C_00792,LOT_019,96,leakage_ua,13.9233,False
C_00792,LOT_019,168,leakage_ua,14.1756,False
C_00792,LOT_019,0,iddq_ua,24.3782,False
C_00792,LOT_019,24,iddq_ua,24.7335,False
C_00792,LOT_019,96,iddq_ua,25.2357,False
C_00792,LOT_019,168,iddq_ua,26.4204,False
C_00792,LOT_019,0,prop_delay_ns,4.0205,False
C_00792,LOT_019,24,prop_delay_ns,4.0524,False
C_00792,LOT_019,96,prop_delay_ns,4.0617,False
C_00792,LOT_019,168,prop_delay_ns,4.1382,False
C_00793,LOT_019,0,leakage_ua,14.3371,False
C_00793,LOT_019,24,leakage_ua,14.5143,False
C_00793,LOT_019,96,leakage_ua,14.8066,False
C_00793,LOT_019,168,leakage_ua,15.025,False
C_00793,LOT_019,0,iddq_ua,23.4017,False
C_00793,LOT_019,24,iddq_ua,24.3139,False
C_00793,LOT_019,96,iddq_ua,23.3843,False
C_00793,LOT_019,168,iddq_ua,23.868,False
C_00793,LOT_019,0,prop_delay_ns,4.4238,False
C_00793,LOT_019,24,prop_delay_ns,4.4279,False
C_00793,LOT_019,96,prop_delay_ns,4.4151,False
C_00793,LOT_019,168,prop_delay_ns,4.3906,False
C_00794,LOT_019,0,leakage_ua,13.9227,False
C_00794,LOT_019,24,leakage_ua,14.2523,False
C_00794,LOT_019,96,leakage_ua,14.324,False
C_00794,LOT_019,168,leakage_ua,14.6817,False
C_00794,LOT_019,0,iddq_ua,26.7557,False
C_00794,LOT_019,24,iddq_ua,28.2907,False
C_00794,LOT_019,96,iddq_ua,28.7746,False
C_00794,LOT_019,168,iddq_ua,28.7164,False
C_00794,LOT_019,0,prop_delay_ns,3.762,False
C_00794,LOT_019,24,prop_delay_ns,3.6995,False
C_00794,LOT_019,96,prop_delay_ns,3.8621,False
C_00794,LOT_019,168,prop_delay_ns,3.8979,False
C_00795,LOT_019,0,leakage_ua,12.961,False
C_00795,LOT_019,24,leakage_ua,12.677,False
C_00795,LOT_019,96,leakage_ua,12.9938,False
C_00795,LOT_019,168,leakage_ua,12.9904,False
C_00795,LOT_019,0,iddq_ua,26.5129,False
C_00795,LOT_019,24,iddq_ua,27.0745,False
C_00795,LOT_019,96,iddq_ua,27.8093,False
C_00795,LOT_019,168,iddq_ua,28.5488,False
C_00795,LOT_019,0,prop_delay_ns,4.0328,False
C_00795,LOT_019,24,prop_delay_ns,4.0058,False
C_00795,LOT_019,96,prop_delay_ns,4.0861,False
C_00795,LOT_019,168,prop_delay_ns,4.1534,False
C_00796,LOT_019,0,leakage_ua,13.8205,False
C_00796,LOT_019,24,leakage_ua,14.0569,False
C_00796,LOT_019,96,leakage_ua,14.1816,False
C_00796,LOT_019,168,leakage_ua,14.2572,False
C_00796,LOT_019,0,iddq_ua,27.8724,False
C_00796,LOT_019,24,iddq_ua,27.1142,False
C_00796,LOT_019,96,iddq_ua,28.4356,False
C_00796,LOT_019,168,iddq_ua,28.1607,False
C_00796,LOT_019,0,prop_delay_ns,4.3809,False
C_00796,LOT_019,24,prop_delay_ns,4.5538,False
C_00796,LOT_019,96,prop_delay_ns,4.3118,False
C_00796,LOT_019,168,prop_delay_ns,4.5451,False
C_00797,LOT_019,0,leakage_ua,11.533,False
C_00797,LOT_019,24,leakage_ua,12.4554,False
C_00797,LOT_019,96,leakage_ua,13.1904,False
C_00797,LOT_019,168,leakage_ua,13.5912,False
C_00797,LOT_019,0,iddq_ua,30.9333,False
C_00797,LOT_019,24,iddq_ua,30.8443,False
C_00797,LOT_019,96,iddq_ua,31.2195,False
C_00797,LOT_019,168,iddq_ua,31.9739,False
C_00797,LOT_019,0,prop_delay_ns,4.5472,False
C_00797,LOT_019,24,prop_delay_ns,4.6181,False
C_00797,LOT_019,96,prop_delay_ns,4.5904,False
C_00797,LOT_019,168,prop_delay_ns,4.504,False
C_00798,LOT_019,0,leakage_ua,12.8211,False
C_00798,LOT_019,24,leakage_ua,13.1154,False
C_00798,LOT_019,96,leakage_ua,14.0104,False
C_00798,LOT_019,168,leakage_ua,14.3772,False
C_00798,LOT_019,0,iddq_ua,27.3541,False
C_00798,LOT_019,24,iddq_ua,28.4885,False
C_00798,LOT_019,96,iddq_ua,28.935,False
C_00798,LOT_019,168,iddq_ua,29.897,False
C_00798,LOT_019,0,prop_delay_ns,4.3478,False
C_00798,LOT_019,24,prop_delay_ns,4.2084,False
C_00798,LOT_019,96,prop_delay_ns,4.3671,False
C_00798,LOT_019,168,prop_delay_ns,4.315,False
C_00799,LOT_019,0,leakage_ua,13.7861,False
C_00799,LOT_019,24,leakage_ua,13.841,False
C_00799,LOT_019,96,leakage_ua,13.7798,False
C_00799,LOT_019,168,leakage_ua,14.4569,False
C_00799,LOT_019,0,iddq_ua,24.6393,False
C_00799,LOT_019,24,iddq_ua,24.8263,False
C_00799,LOT_019,96,iddq_ua,25.7138,False
C_00799,LOT_019,168,iddq_ua,24.9866,False
C_00799,LOT_019,0,prop_delay_ns,4.361,False
C_00799,LOT_019,24,prop_delay_ns,4.3297,False
C_00799,LOT_019,96,prop_delay_ns,4.3109,False
C_00799,LOT_019,168,prop_delay_ns,4.2523,False
C_00800,LOT_019,0,leakage_ua,12.5479,False
C_00800,LOT_019,24,leakage_ua,13.3215,False
C_00800,LOT_019,96,leakage_ua,13.334,False
C_00800,LOT_019,168,leakage_ua,14.4475,False
C_00800,LOT_019,0,iddq_ua,26.283,False
C_00800,LOT_019,24,iddq_ua,26.3583,False
C_00800,LOT_019,96,iddq_ua,27.7731,False
C_00800,LOT_019,168,iddq_ua,27.2682,False
C_00800,LOT_019,0,prop_delay_ns,4.1909,False
C_00800,LOT_019,24,prop_delay_ns,4.1303,False
C_00800,LOT_019,96,prop_delay_ns,4.1657,False
C_00800,LOT_019,168,prop_delay_ns,4.0363,False
C_00801,LOT_020,0,leakage_ua,9.9254,False
C_00801,LOT_020,24,leakage_ua,9.9328,False
C_00801,LOT_020,96,leakage_ua,10.0727,False
C_00801,LOT_020,168,leakage_ua,10.2824,False
C_00801,LOT_020,0,iddq_ua,26.8612,False
C_00801,LOT_020,24,iddq_ua,27.3749,False
C_00801,LOT_020,96,iddq_ua,27.7598,False
C_00801,LOT_020,168,iddq_ua,28.1904,False
C_00801,LOT_020,0,prop_delay_ns,3.7766,False
C_00801,LOT_020,24,prop_delay_ns,3.634,False
C_00801,LOT_020,96,prop_delay_ns,3.7593,False
C_00801,LOT_020,168,prop_delay_ns,3.7307,False
C_00802,LOT_020,0,leakage_ua,9.2618,False
C_00802,LOT_020,24,leakage_ua,9.7396,False
C_00802,LOT_020,96,leakage_ua,9.4336,False
C_00802,LOT_020,168,leakage_ua,9.5477,False
C_00802,LOT_020,0,iddq_ua,25.8522,False
C_00802,LOT_020,24,iddq_ua,25.5469,False
C_00802,LOT_020,96,iddq_ua,26.3942,False
C_00802,LOT_020,168,iddq_ua,27.1587,False
C_00802,LOT_020,0,prop_delay_ns,4.1965,False
C_00802,LOT_020,24,prop_delay_ns,4.2512,False
C_00802,LOT_020,96,prop_delay_ns,4.1657,False
C_00802,LOT_020,168,prop_delay_ns,4.1807,False
C_00803,LOT_020,0,leakage_ua,9.1709,False
C_00803,LOT_020,24,leakage_ua,9.5127,False
C_00803,LOT_020,96,leakage_ua,9.4942,False
C_00803,LOT_020,168,leakage_ua,9.5523,False
C_00803,LOT_020,0,iddq_ua,28.0135,False
C_00803,LOT_020,24,iddq_ua,28.3001,False
C_00803,LOT_020,96,iddq_ua,28.8818,False
C_00803,LOT_020,168,iddq_ua,29.8872,False
C_00803,LOT_020,0,prop_delay_ns,3.8336,False
C_00803,LOT_020,24,prop_delay_ns,3.8364,False
C_00803,LOT_020,96,prop_delay_ns,3.748,False
C_00803,LOT_020,168,prop_delay_ns,3.8883,False
C_00804,LOT_020,0,leakage_ua,10.5241,False
C_00804,LOT_020,24,leakage_ua,10.0609,False
C_00804,LOT_020,96,leakage_ua,10.2542,False
C_00804,LOT_020,168,leakage_ua,10.386,False
C_00804,LOT_020,0,iddq_ua,24.4426,False
C_00804,LOT_020,24,iddq_ua,24.5672,False
C_00804,LOT_020,96,iddq_ua,25.1182,False
C_00804,LOT_020,168,iddq_ua,25.6106,False
C_00804,LOT_020,0,prop_delay_ns,3.5172,False
C_00804,LOT_020,24,prop_delay_ns,3.5928,False
C_00804,LOT_020,96,prop_delay_ns,3.5877,False
C_00804,LOT_020,168,prop_delay_ns,3.6445,False
C_00805,LOT_020,0,leakage_ua,9.9586,False
C_00805,LOT_020,24,leakage_ua,10.2664,False
C_00805,LOT_020,96,leakage_ua,10.311,False
C_00805,LOT_020,168,leakage_ua,11.1144,False
C_00805,LOT_020,0,iddq_ua,23.0602,False
C_00805,LOT_020,24,iddq_ua,23.2811,False
C_00805,LOT_020,96,iddq_ua,23.5276,False
C_00805,LOT_020,168,iddq_ua,24.7237,False
C_00805,LOT_020,0,prop_delay_ns,3.6337,False
C_00805,LOT_020,24,prop_delay_ns,3.7188,False
C_00805,LOT_020,96,prop_delay_ns,3.6903,False
C_00805,LOT_020,168,prop_delay_ns,3.6365,False
C_00806,LOT_020,0,leakage_ua,10.3878,False
C_00806,LOT_020,24,leakage_ua,10.5842,False
C_00806,LOT_020,96,leakage_ua,10.771,False
C_00806,LOT_020,168,leakage_ua,10.6293,False
C_00806,LOT_020,0,iddq_ua,25.8043,False
C_00806,LOT_020,24,iddq_ua,24.7724,False
C_00806,LOT_020,96,iddq_ua,25.4347,False
C_00806,LOT_020,168,iddq_ua,26.1875,False
C_00806,LOT_020,0,prop_delay_ns,4.0245,False
C_00806,LOT_020,24,prop_delay_ns,3.845,False
C_00806,LOT_020,96,prop_delay_ns,4.0176,False
C_00806,LOT_020,168,prop_delay_ns,3.9707,False
C_00807,LOT_020,0,leakage_ua,9.314,False
C_00807,LOT_020,24,leakage_ua,9.0121,False
C_00807,LOT_020,96,leakage_ua,9.6706,False
C_00807,LOT_020,168,leakage_ua,9.7307,False
C_00807,LOT_020,0,iddq_ua,22.8808,False
C_00807,LOT_020,24,iddq_ua,22.7413,False
C_00807,LOT_020,96,iddq_ua,23.0088,False
C_00807,LOT_020,168,iddq_ua,23.9515,False
C_00807,LOT_020,0,prop_delay_ns,3.9545,False
C_00807,LOT_020,24,prop_delay_ns,3.9599,False
C_00807,LOT_020,96,prop_delay_ns,3.9559,False
C_00807,LOT_020,168,prop_delay_ns,4.0156,False
C_00808,LOT_020,0,leakage_ua,9.0259,False
C_00808,LOT_020,24,leakage_ua,9.4056,False
C_00808,LOT_020,96,leakage_ua,9.8505,False
C_00808,LOT_020,168,leakage_ua,9.8906,False
C_00808,LOT_020,0,iddq_ua,25.0706,False
C_00808,LOT_020,24,iddq_ua,25.4517,False
C_00808,LOT_020,96,iddq_ua,26.9873,False
C_00808,LOT_020,168,iddq_ua,26.7638,False
C_00808,LOT_020,0,prop_delay_ns,3.7245,False
C_00808,LOT_020,24,prop_delay_ns,3.7404,False
C_00808,LOT_020,96,prop_delay_ns,3.8523,False
C_00808,LOT_020,168,prop_delay_ns,3.8587,False
C_00809,LOT_020,0,leakage_ua,10.0934,False
C_00809,LOT_020,24,leakage_ua,10.0462,False
C_00809,LOT_020,96,leakage_ua,9.8747,False
C_00809,LOT_020,168,leakage_ua,10.1436,False
C_00809,LOT_020,0,iddq_ua,24.0064,False
C_00809,LOT_020,24,iddq_ua,22.8322,False
C_00809,LOT_020,96,iddq_ua,23.4466,False
C_00809,LOT_020,168,iddq_ua,24.4086,False
C_00809,LOT_020,0,prop_delay_ns,4.0489,False
C_00809,LOT_020,24,prop_delay_ns,4.1886,False
C_00809,LOT_020,96,prop_delay_ns,4.2414,False
C_00809,LOT_020,168,prop_delay_ns,4.0605,False
C_00810,LOT_020,0,leakage_ua,9.8082,False
C_00810,LOT_020,24,leakage_ua,9.71,False
C_00810,LOT_020,96,leakage_ua,9.7611,False
C_00810,LOT_020,168,leakage_ua,10.0725,False
C_00810,LOT_020,0,iddq_ua,26.6948,False
C_00810,LOT_020,24,iddq_ua,27.0323,False
C_00810,LOT_020,96,iddq_ua,26.6147,False
C_00810,LOT_020,168,iddq_ua,28.0182,False
C_00810,LOT_020,0,prop_delay_ns,4.1262,False
C_00810,LOT_020,24,prop_delay_ns,4.1703,False
C_00810,LOT_020,96,prop_delay_ns,4.1644,False
C_00810,LOT_020,168,prop_delay_ns,4.0613,False
C_00811,LOT_020,0,leakage_ua,10.3941,False
C_00811,LOT_020,24,leakage_ua,10.1897,False
C_00811,LOT_020,96,leakage_ua,10.0803,False
C_00811,LOT_020,168,leakage_ua,10.5587,False
C_00811,LOT_020,0,iddq_ua,26.3101,False
C_00811,LOT_020,24,iddq_ua,25.3091,False
C_00811,LOT_020,96,iddq_ua,26.1271,False
C_00811,LOT_020,168,iddq_ua,27.4709,False
C_00811,LOT_020,0,prop_delay_ns,3.5655,False
C_00811,LOT_020,24,prop_delay_ns,3.5405,False
C_00811,LOT_020,96,prop_delay_ns,3.5587,False
C_00811,LOT_020,168,prop_delay_ns,3.4499,False
C_00812,LOT_020,0,leakage_ua,9.2561,False
C_00812,LOT_020,24,leakage_ua,9.4674,False
C_00812,LOT_020,96,leakage_ua,9.6214,False
C_00812,LOT_020,168,leakage_ua,9.9546,False
C_00812,LOT_020,0,iddq_ua,25.0536,False
C_00812,LOT_020,24,iddq_ua,26.2002,False
C_00812,LOT_020,96,iddq_ua,26.1286,False
C_00812,LOT_020,168,iddq_ua,26.5619,False
C_00812,LOT_020,0,prop_delay_ns,3.6483,False
C_00812,LOT_020,24,prop_delay_ns,3.4513,False
C_00812,LOT_020,96,prop_delay_ns,3.5925,False
C_00812,LOT_020,168,prop_delay_ns,3.5015,False
C_00813,LOT_020,0,leakage_ua,10.124,False
C_00813,LOT_020,24,leakage_ua,10.5499,False
C_00813,LOT_020,96,leakage_ua,10.5005,False
C_00813,LOT_020,168,leakage_ua,11.0878,False
C_00813,LOT_020,0,iddq_ua,25.9451,False
C_00813,LOT_020,24,iddq_ua,26.1027,False
C_00813,LOT_020,96,iddq_ua,26.6734,False
C_00813,LOT_020,168,iddq_ua,27.0068,False
C_00813,LOT_020,0,prop_delay_ns,4.0732,False
C_00813,LOT_020,24,prop_delay_ns,3.962,False
C_00813,LOT_020,96,prop_delay_ns,3.9764,False
C_00813,LOT_020,168,prop_delay_ns,4.0574,False
C_00814,LOT_020,0,leakage_ua,9.9275,False
C_00814,LOT_020,24,leakage_ua,9.8462,False
C_00814,LOT_020,96,leakage_ua,10.3272,False
C_00814,LOT_020,168,leakage_ua,10.5571,False
C_00814,LOT_020,0,iddq_ua,25.6699,False
C_00814,LOT_020,24,iddq_ua,25.8426,False
C_00814,LOT_020,96,iddq_ua,26.1526,False
C_00814,LOT_020,168,iddq_ua,27.2264,False
C_00814,LOT_020,0,prop_delay_ns,4.5735,False
C_00814,LOT_020,24,prop_delay_ns,4.669,False
C_00814,LOT_020,96,prop_delay_ns,4.5923,False
C_00814,LOT_020,168,prop_delay_ns,4.6452,False
C_00815,LOT_020,0,leakage_ua,10.2422,False
C_00815,LOT_020,24,leakage_ua,10.5131,False
C_00815,LOT_020,96,leakage_ua,10.4704,False
C_00815,LOT_020,168,leakage_ua,10.4337,False
C_00815,LOT_020,0,iddq_ua,25.3005,False
C_00815,LOT_020,24,iddq_ua,25.4405,False
C_00815,LOT_020,96,iddq_ua,26.5517,False
C_00815,LOT_020,168,iddq_ua,26.1648,False
C_00815,LOT_020,0,prop_delay_ns,4.2351,False
C_00815,LOT_020,24,prop_delay_ns,4.1303,False
C_00815,LOT_020,96,prop_delay_ns,4.2895,False
C_00815,LOT_020,168,prop_delay_ns,4.3475,False
C_00816,LOT_020,0,leakage_ua,9.5127,False
C_00816,LOT_020,24,leakage_ua,9.3706,False
C_00816,LOT_020,96,leakage_ua,9.2884,False
C_00816,LOT_020,168,leakage_ua,9.237,False
C_00816,LOT_020,0,iddq_ua,24.2944,False
C_00816,LOT_020,24,iddq_ua,23.5546,False
C_00816,LOT_020,96,iddq_ua,24.7528,False
C_00816,LOT_020,168,iddq_ua,24.9508,False
C_00816,LOT_020,0,prop_delay_ns,3.6795,False
C_00816,LOT_020,24,prop_delay_ns,3.5575,False
C_00816,LOT_020,96,prop_delay_ns,3.7113,False
C_00816,LOT_020,168,prop_delay_ns,3.7614,False
C_00817,LOT_020,0,leakage_ua,9.7257,False
C_00817,LOT_020,24,leakage_ua,9.7906,False
C_00817,LOT_020,96,leakage_ua,10.0315,False
C_00817,LOT_020,168,leakage_ua,9.8006,False
C_00817,LOT_020,0,iddq_ua,26.2909,False
C_00817,LOT_020,24,iddq_ua,24.9439,False
C_00817,LOT_020,96,iddq_ua,25.8381,False
C_00817,LOT_020,168,iddq_ua,25.5686,False
C_00817,LOT_020,0,prop_delay_ns,3.9739,False
C_00817,LOT_020,24,prop_delay_ns,4.1099,False
C_00817,LOT_020,96,prop_delay_ns,4.0559,False
C_00817,LOT_020,168,prop_delay_ns,4.1125,False
C_00818,LOT_020,0,leakage_ua,8.1969,False
C_00818,LOT_020,24,leakage_ua,8.6832,False
C_00818,LOT_020,96,leakage_ua,8.5173,False
C_00818,LOT_020,168,leakage_ua,8.9986,False
C_00818,LOT_020,0,iddq_ua,22.5787,False
C_00818,LOT_020,24,iddq_ua,23.0713,False
C_00818,LOT_020,96,iddq_ua,23.1572,False
C_00818,LOT_020,168,iddq_ua,23.3446,False
C_00818,LOT_020,0,prop_delay_ns,4.0,False
C_00818,LOT_020,24,prop_delay_ns,3.8759,False
C_00818,LOT_020,96,prop_delay_ns,3.8814,False
C_00818,LOT_020,168,prop_delay_ns,3.8855,False
C_00819,LOT_020,0,leakage_ua,10.3167,False
C_00819,LOT_020,24,leakage_ua,10.6006,False
C_00819,LOT_020,96,leakage_ua,10.6309,False
C_00819,LOT_020,168,leakage_ua,10.808,False
C_00819,LOT_020,0,iddq_ua,24.6079,False
C_00819,LOT_020,24,iddq_ua,25.6091,False
C_00819,LOT_020,96,iddq_ua,24.9034,False
C_00819,LOT_020,168,iddq_ua,26.1569,False
C_00819,LOT_020,0,prop_delay_ns,3.9588,False
C_00819,LOT_020,24,prop_delay_ns,4.0316,False
C_00819,LOT_020,96,prop_delay_ns,4.0623,False
C_00819,LOT_020,168,prop_delay_ns,4.1358,False
C_00820,LOT_020,0,leakage_ua,10.0663,False
C_00820,LOT_020,24,leakage_ua,10.3608,False
C_00820,LOT_020,96,leakage_ua,10.4212,False
C_00820,LOT_020,168,leakage_ua,10.6692,False
C_00820,LOT_020,0,iddq_ua,27.4865,False
C_00820,LOT_020,24,iddq_ua,27.0016,False
C_00820,LOT_020,96,iddq_ua,26.9069,False
C_00820,LOT_020,168,iddq_ua,27.7936,False
C_00820,LOT_020,0,prop_delay_ns,3.9213,False
C_00820,LOT_020,24,prop_delay_ns,4.1987,False
C_00820,LOT_020,96,prop_delay_ns,4.2479,False
C_00820,LOT_020,168,prop_delay_ns,4.1589,False
C_00821,LOT_020,0,leakage_ua,10.0534,False
C_00821,LOT_020,24,leakage_ua,10.2076,False
C_00821,LOT_020,96,leakage_ua,10.3798,False
C_00821,LOT_020,168,leakage_ua,10.5722,False
C_00821,LOT_020,0,iddq_ua,26.9698,False
C_00821,LOT_020,24,iddq_ua,26.2328,False
C_00821,LOT_020,96,iddq_ua,27.3674,False
C_00821,LOT_020,168,iddq_ua,26.3583,False
C_00821,LOT_020,0,prop_delay_ns,4.0691,False
C_00821,LOT_020,24,prop_delay_ns,3.9458,False
C_00821,LOT_020,96,prop_delay_ns,4.0626,False
C_00821,LOT_020,168,prop_delay_ns,4.1119,False
C_00822,LOT_020,0,leakage_ua,10.1744,False
C_00822,LOT_020,24,leakage_ua,10.7601,False
C_00822,LOT_020,96,leakage_ua,10.4645,False
C_00822,LOT_020,168,leakage_ua,10.9143,False
C_00822,LOT_020,0,iddq_ua,26.5094,False
C_00822,LOT_020,24,iddq_ua,26.1998,False
C_00822,LOT_020,96,iddq_ua,26.7064,False
C_00822,LOT_020,168,iddq_ua,27.4729,False
C_00822,LOT_020,0,prop_delay_ns,3.889,False
C_00822,LOT_020,24,prop_delay_ns,3.9604,False
C_00822,LOT_020,96,prop_delay_ns,3.8475,False
C_00822,LOT_020,168,prop_delay_ns,3.9475,False
C_00823,LOT_020,0,leakage_ua,10.0508,False
C_00823,LOT_020,24,leakage_ua,9.7471,False
C_00823,LOT_020,96,leakage_ua,10.114,False
C_00823,LOT_020,168,leakage_ua,10.6067,False
C_00823,LOT_020,0,iddq_ua,24.9039,False
C_00823,LOT_020,24,iddq_ua,25.9181,False
C_00823,LOT_020,96,iddq_ua,25.7776,False
C_00823,LOT_020,168,iddq_ua,25.878,False
C_00823,LOT_020,0,prop_delay_ns,3.9431,False
C_00823,LOT_020,24,prop_delay_ns,4.0148,False
C_00823,LOT_020,96,prop_delay_ns,3.9121,False
C_00823,LOT_020,168,prop_delay_ns,3.8862,False
C_00824,LOT_020,0,leakage_ua,10.7245,False
C_00824,LOT_020,24,leakage_ua,10.4921,False
C_00824,LOT_020,96,leakage_ua,10.8235,False
C_00824,LOT_020,168,leakage_ua,10.6541,False
C_00824,LOT_020,0,iddq_ua,24.7293,False
C_00824,LOT_020,24,iddq_ua,25.523,False
C_00824,LOT_020,96,iddq_ua,25.4087,False
C_00824,LOT_020,168,iddq_ua,26.2479,False
C_00824,LOT_020,0,prop_delay_ns,4.2394,False
C_00824,LOT_020,24,prop_delay_ns,4.1741,False
C_00824,LOT_020,96,prop_delay_ns,4.2191,False
C_00824,LOT_020,168,prop_delay_ns,4.4006,False
C_00825,LOT_020,0,leakage_ua,10.3091,False
C_00825,LOT_020,24,leakage_ua,10.212,False
C_00825,LOT_020,96,leakage_ua,10.775,False
C_00825,LOT_020,168,leakage_ua,10.6027,False
C_00825,LOT_020,0,iddq_ua,24.5197,False
C_00825,LOT_020,24,iddq_ua,23.2449,False
C_00825,LOT_020,96,iddq_ua,25.0059,False
C_00825,LOT_020,168,iddq_ua,24.302,False
C_00825,LOT_020,0,prop_delay_ns,3.9048,False
C_00825,LOT_020,24,prop_delay_ns,3.9357,False
C_00825,LOT_020,96,prop_delay_ns,3.8372,False
C_00825,LOT_020,168,prop_delay_ns,3.8461,False
C_00826,LOT_020,0,leakage_ua,8.8652,False
C_00826,LOT_020,24,leakage_ua,9.1688,False
C_00826,LOT_020,96,leakage_ua,9.2488,False
C_00826,LOT_020,168,leakage_ua,9.8151,False
C_00826,LOT_020,0,iddq_ua,24.0343,False
C_00826,LOT_020,24,iddq_ua,24.4034,False
C_00826,LOT_020,96,iddq_ua,24.1892,False
C_00826,LOT_020,168,iddq_ua,25.3381,False
C_00826,LOT_020,0,prop_delay_ns,4.0306,False
C_00826,LOT_020,24,prop_delay_ns,4.0146,False
C_00826,LOT_020,96,prop_delay_ns,4.1738,False
C_00826,LOT_020,168,prop_delay_ns,4.0835,False
C_00827,LOT_020,0,leakage_ua,9.9572,False
C_00827,LOT_020,24,leakage_ua,9.77,False
C_00827,LOT_020,96,leakage_ua,10.0787,False
C_00827,LOT_020,168,leakage_ua,10.1987,False
C_00827,LOT_020,0,iddq_ua,24.6722,False
C_00827,LOT_020,24,iddq_ua,25.545,False
C_00827,LOT_020,96,iddq_ua,25.2998,False
C_00827,LOT_020,168,iddq_ua,25.6713,False
C_00827,LOT_020,0,prop_delay_ns,3.7196,False
C_00827,LOT_020,24,prop_delay_ns,3.7121,False
C_00827,LOT_020,96,prop_delay_ns,3.7038,False
C_00827,LOT_020,168,prop_delay_ns,3.6815,False
C_00828,LOT_020,0,leakage_ua,9.9181,False
C_00828,LOT_020,24,leakage_ua,9.9593,False
C_00828,LOT_020,96,leakage_ua,10.2812,False
C_00828,LOT_020,168,leakage_ua,10.0226,False
C_00828,LOT_020,0,iddq_ua,23.8045,False
C_00828,LOT_020,24,iddq_ua,25.2451,False
C_00828,LOT_020,96,iddq_ua,25.2529,False
C_00828,LOT_020,168,iddq_ua,25.3321,False
C_00828,LOT_020,0,prop_delay_ns,3.7863,False
C_00828,LOT_020,24,prop_delay_ns,3.8587,False
C_00828,LOT_020,96,prop_delay_ns,3.9022,False
C_00828,LOT_020,168,prop_delay_ns,3.8967,False
C_00829,LOT_020,0,leakage_ua,10.7211,False
C_00829,LOT_020,24,leakage_ua,10.2676,False
C_00829,LOT_020,96,leakage_ua,10.8329,False
C_00829,LOT_020,168,leakage_ua,10.6706,False
C_00829,LOT_020,0,iddq_ua,24.8537,False
C_00829,LOT_020,24,iddq_ua,24.4825,False
C_00829,LOT_020,96,iddq_ua,25.3177,False
C_00829,LOT_020,168,iddq_ua,26.2947,False
C_00829,LOT_020,0,prop_delay_ns,3.6418,False
C_00829,LOT_020,24,prop_delay_ns,3.6576,False
C_00829,LOT_020,96,prop_delay_ns,3.7336,False
C_00829,LOT_020,168,prop_delay_ns,3.6103,False
C_00830,LOT_020,0,leakage_ua,9.3557,False
C_00830,LOT_020,24,leakage_ua,9.5606,False
C_00830,LOT_020,96,leakage_ua,9.6761,False
C_00830,LOT_020,168,leakage_ua,10.3201,False
C_00830,LOT_020,0,iddq_ua,23.7903,False
C_00830,LOT_020,24,iddq_ua,24.5713,False
C_00830,LOT_020,96,iddq_ua,24.6154,False
C_00830,LOT_020,168,iddq_ua,24.6882,False
C_00830,LOT_020,0,prop_delay_ns,3.5054,False
C_00830,LOT_020,24,prop_delay_ns,3.6349,False
C_00830,LOT_020,96,prop_delay_ns,3.6656,False
C_00830,LOT_020,168,prop_delay_ns,3.5743,False
C_00831,LOT_020,0,leakage_ua,9.7884,False
C_00831,LOT_020,24,leakage_ua,10.3758,False
C_00831,LOT_020,96,leakage_ua,10.7819,False
C_00831,LOT_020,168,leakage_ua,10.5433,False
C_00831,LOT_020,0,iddq_ua,23.8035,False
C_00831,LOT_020,24,iddq_ua,24.1038,False
C_00831,LOT_020,96,iddq_ua,24.915,False
C_00831,LOT_020,168,iddq_ua,23.8327,False
C_00831,LOT_020,0,prop_delay_ns,3.6376,False
C_00831,LOT_020,24,prop_delay_ns,3.7739,False
C_00831,LOT_020,96,prop_delay_ns,3.8505,False
C_00831,LOT_020,168,prop_delay_ns,3.7617,False
C_00832,LOT_020,0,leakage_ua,10.6108,False
C_00832,LOT_020,24,leakage_ua,11.1186,False
C_00832,LOT_020,96,leakage_ua,11.3089,False
C_00832,LOT_020,168,leakage_ua,11.202,False
C_00832,LOT_020,0,iddq_ua,24.611,False
C_00832,LOT_020,24,iddq_ua,26.3448,False
C_00832,LOT_020,96,iddq_ua,25.657,False
C_00832,LOT_020,168,iddq_ua,26.503,False
C_00832,LOT_020,0,prop_delay_ns,4.1152,False
C_00832,LOT_020,24,prop_delay_ns,4.1123,False
C_00832,LOT_020,96,prop_delay_ns,4.0597,False
C_00832,LOT_020,168,prop_delay_ns,4.0667,False
C_00833,LOT_020,0,leakage_ua,10.0661,False
C_00833,LOT_020,24,leakage_ua,9.9751,False
C_00833,LOT_020,96,leakage_ua,9.8961,False
C_00833,LOT_020,168,leakage_ua,10.3199,False
C_00833,LOT_020,0,iddq_ua,22.8666,False
C_00833,LOT_020,24,iddq_ua,23.8862,False
C_00833,LOT_020,96,iddq_ua,23.5521,False
C_00833,LOT_020,168,iddq_ua,24.4167,False
C_00833,LOT_020,0,prop_delay_ns,4.0278,False
C_00833,LOT_020,24,prop_delay_ns,4.1007,False
C_00833,LOT_020,96,prop_delay_ns,4.1627,False
C_00833,LOT_020,168,prop_delay_ns,4.13,False
C_00834,LOT_020,0,leakage_ua,10.0938,False
C_00834,LOT_020,24,leakage_ua,10.3729,False
C_00834,LOT_020,96,leakage_ua,10.3502,False
C_00834,LOT_020,168,leakage_ua,10.6045,False
C_00834,LOT_020,0,iddq_ua,25.0549,False
C_00834,LOT_020,24,iddq_ua,25.8004,False
C_00834,LOT_020,96,iddq_ua,26.9532,False
C_00834,LOT_020,168,iddq_ua,27.4508,False
C_00834,LOT_020,0,prop_delay_ns,3.9915,False
C_00834,LOT_020,24,prop_delay_ns,4.1706,False
C_00834,LOT_020,96,prop_delay_ns,4.0544,False
C_00834,LOT_020,168,prop_delay_ns,4.1747,False
C_00835,LOT_020,0,leakage_ua,8.5622,False
C_00835,LOT_020,24,leakage_ua,9.1221,False
C_00835,LOT_020,96,leakage_ua,9.4551,False
C_00835,LOT_020,168,leakage_ua,9.1303,False
C_00835,LOT_020,0,iddq_ua,26.0906,False
C_00835,LOT_020,24,iddq_ua,26.5174,False
C_00835,LOT_020,96,iddq_ua,27.6851,False
C_00835,LOT_020,168,iddq_ua,28.4127,False
C_00835,LOT_020,0,prop_delay_ns,3.9271,False
C_00835,LOT_020,24,prop_delay_ns,4.1453,False
C_00835,LOT_020,96,prop_delay_ns,3.988,False
C_00835,LOT_020,168,prop_delay_ns,4.1562,False
C_00836,LOT_020,0,leakage_ua,9.5644,True
C_00836,LOT_020,24,leakage_ua,12.807,True
C_00836,LOT_020,96,leakage_ua,16.6086,True
C_00836,LOT_020,168,leakage_ua,19.4521,True
C_00836,LOT_020,0,iddq_ua,26.2949,True
C_00836,LOT_020,24,iddq_ua,33.2585,True
C_00836,LOT_020,96,iddq_ua,44.7025,True
C_00836,LOT_020,168,iddq_ua,51.9617,True
C_00836,LOT_020,0,prop_delay_ns,4.1458,True
C_00836,LOT_020,24,prop_delay_ns,4.3866,True
C_00836,LOT_020,96,prop_delay_ns,4.8881,True
C_00836,LOT_020,168,prop_delay_ns,5.0536,True
C_00837,LOT_020,0,leakage_ua,9.5746,False
C_00837,LOT_020,24,leakage_ua,9.9905,False
C_00837,LOT_020,96,leakage_ua,9.8258,False
C_00837,LOT_020,168,leakage_ua,9.7083,False
C_00837,LOT_020,0,iddq_ua,23.494,False
C_00837,LOT_020,24,iddq_ua,24.465,False
C_00837,LOT_020,96,iddq_ua,24.0461,False
C_00837,LOT_020,168,iddq_ua,23.7959,False
C_00837,LOT_020,0,prop_delay_ns,3.6281,False
C_00837,LOT_020,24,prop_delay_ns,3.8357,False
C_00837,LOT_020,96,prop_delay_ns,3.7897,False
C_00837,LOT_020,168,prop_delay_ns,3.8189,False
C_00838,LOT_020,0,leakage_ua,9.5006,False
C_00838,LOT_020,24,leakage_ua,9.5494,False
C_00838,LOT_020,96,leakage_ua,9.6873,False
C_00838,LOT_020,168,leakage_ua,9.3973,False
C_00838,LOT_020,0,iddq_ua,25.3698,False
C_00838,LOT_020,24,iddq_ua,24.5758,False
C_00838,LOT_020,96,iddq_ua,25.3585,False
C_00838,LOT_020,168,iddq_ua,25.7474,False
C_00838,LOT_020,0,prop_delay_ns,4.1634,False
C_00838,LOT_020,24,prop_delay_ns,3.9609,False
C_00838,LOT_020,96,prop_delay_ns,4.1984,False
C_00838,LOT_020,168,prop_delay_ns,4.244,False
C_00839,LOT_020,0,leakage_ua,9.4693,False
C_00839,LOT_020,24,leakage_ua,10.0172,False
C_00839,LOT_020,96,leakage_ua,10.0912,False
C_00839,LOT_020,168,leakage_ua,10.0644,False
C_00839,LOT_020,0,iddq_ua,24.8613,False
C_00839,LOT_020,24,iddq_ua,25.4719,False
C_00839,LOT_020,96,iddq_ua,25.4901,False
C_00839,LOT_020,168,iddq_ua,25.6533,False
C_00839,LOT_020,0,prop_delay_ns,4.0348,False
C_00839,LOT_020,24,prop_delay_ns,3.9385,False
C_00839,LOT_020,96,prop_delay_ns,4.0312,False
C_00839,LOT_020,168,prop_delay_ns,3.9629,False
C_00840,LOT_020,0,leakage_ua,9.7417,False
C_00840,LOT_020,24,leakage_ua,10.0136,False
C_00840,LOT_020,96,leakage_ua,9.8205,False
C_00840,LOT_020,168,leakage_ua,10.0639,False
C_00840,LOT_020,0,iddq_ua,26.6965,False
C_00840,LOT_020,24,iddq_ua,27.3565,False
C_00840,LOT_020,96,iddq_ua,27.4809,False
C_00840,LOT_020,168,iddq_ua,28.2317,False
C_00840,LOT_020,0,prop_delay_ns,4.0074,False
C_00840,LOT_020,24,prop_delay_ns,4.0768,False
C_00840,LOT_020,96,prop_delay_ns,4.2248,False
C_00840,LOT_020,168,prop_delay_ns,4.0947,False
C_00841,LOT_021,0,leakage_ua,8.3186,False
C_00841,LOT_021,24,leakage_ua,8.6965,False
C_00841,LOT_021,96,leakage_ua,8.9588,False
C_00841,LOT_021,168,leakage_ua,8.9815,False
C_00841,LOT_021,0,iddq_ua,22.0889,False
C_00841,LOT_021,24,iddq_ua,22.6196,False
C_00841,LOT_021,96,iddq_ua,23.2306,False
C_00841,LOT_021,168,iddq_ua,23.3472,False
C_00841,LOT_021,0,prop_delay_ns,4.6913,False
C_00841,LOT_021,24,prop_delay_ns,4.8136,False
C_00841,LOT_021,96,prop_delay_ns,4.6728,False
C_00841,LOT_021,168,prop_delay_ns,4.6403,False
C_00842,LOT_021,0,leakage_ua,10.2777,False
C_00842,LOT_021,24,leakage_ua,10.3808,False
C_00842,LOT_021,96,leakage_ua,10.0967,False
C_00842,LOT_021,168,leakage_ua,10.4048,False
C_00842,LOT_021,0,iddq_ua,24.8714,False
C_00842,LOT_021,24,iddq_ua,24.0773,False
C_00842,LOT_021,96,iddq_ua,25.2334,False
C_00842,LOT_021,168,iddq_ua,25.9143,False
C_00842,LOT_021,0,prop_delay_ns,4.7864,False
C_00842,LOT_021,24,prop_delay_ns,4.623,False
C_00842,LOT_021,96,prop_delay_ns,4.7962,False
C_00842,LOT_021,168,prop_delay_ns,4.8054,False
C_00843,LOT_021,0,leakage_ua,8.552,False
C_00843,LOT_021,24,leakage_ua,8.5105,False
C_00843,LOT_021,96,leakage_ua,8.5923,False
C_00843,LOT_021,168,leakage_ua,8.7248,False
C_00843,LOT_021,0,iddq_ua,25.9725,False
C_00843,LOT_021,24,iddq_ua,25.6686,False
C_00843,LOT_021,96,iddq_ua,26.5942,False
C_00843,LOT_021,168,iddq_ua,26.1855,False
C_00843,LOT_021,0,prop_delay_ns,4.7175,False
C_00843,LOT_021,24,prop_delay_ns,4.7295,False
C_00843,LOT_021,96,prop_delay_ns,4.6056,False
C_00843,LOT_021,168,prop_delay_ns,4.6027,False
C_00844,LOT_021,0,leakage_ua,9.6491,False
C_00844,LOT_021,24,leakage_ua,9.8571,False
C_00844,LOT_021,96,leakage_ua,10.0494,False
C_00844,LOT_021,168,leakage_ua,10.2854,False
C_00844,LOT_021,0,iddq_ua,24.5153,False
C_00844,LOT_021,24,iddq_ua,24.3447,False
C_00844,LOT_021,96,iddq_ua,25.6199,False
C_00844,LOT_021,168,iddq_ua,25.8323,False
C_00844,LOT_021,0,prop_delay_ns,4.9443,False
C_00844,LOT_021,24,prop_delay_ns,4.7681,False
C_00844,LOT_021,96,prop_delay_ns,4.7539,False
C_00844,LOT_021,168,prop_delay_ns,5.0191,False
C_00845,LOT_021,0,leakage_ua,9.6754,False
C_00845,LOT_021,24,leakage_ua,9.8793,False
C_00845,LOT_021,96,leakage_ua,10.2633,False
C_00845,LOT_021,168,leakage_ua,10.4837,False
C_00845,LOT_021,0,iddq_ua,26.3459,False
C_00845,LOT_021,24,iddq_ua,25.95,False
C_00845,LOT_021,96,iddq_ua,27.5703,False
C_00845,LOT_021,168,iddq_ua,26.2378,False
C_00845,LOT_021,0,prop_delay_ns,4.6661,False
C_00845,LOT_021,24,prop_delay_ns,4.5833,False
C_00845,LOT_021,96,prop_delay_ns,4.7675,False
C_00845,LOT_021,168,prop_delay_ns,4.7982,False
C_00846,LOT_021,0,leakage_ua,8.4528,False
C_00846,LOT_021,24,leakage_ua,8.1485,False
C_00846,LOT_021,96,leakage_ua,9.0994,False
C_00846,LOT_021,168,leakage_ua,8.8928,False
C_00846,LOT_021,0,iddq_ua,20.3041,False
C_00846,LOT_021,24,iddq_ua,20.62,False
C_00846,LOT_021,96,iddq_ua,20.7881,False
C_00846,LOT_021,168,iddq_ua,20.9407,False
C_00846,LOT_021,0,prop_delay_ns,4.2563,False
C_00846,LOT_021,24,prop_delay_ns,4.3079,False
C_00846,LOT_021,96,prop_delay_ns,4.261,False
C_00846,LOT_021,168,prop_delay_ns,4.3996,False
C_00847,LOT_021,0,leakage_ua,8.4866,False
C_00847,LOT_021,24,leakage_ua,9.017,False
C_00847,LOT_021,96,leakage_ua,8.9845,False
C_00847,LOT_021,168,leakage_ua,9.4677,False
C_00847,LOT_021,0,iddq_ua,25.4571,False
C_00847,LOT_021,24,iddq_ua,25.6469,False
C_00847,LOT_021,96,iddq_ua,26.653,False
C_00847,LOT_021,168,iddq_ua,28.0176,False
C_00847,LOT_021,0,prop_delay_ns,4.6408,False
C_00847,LOT_021,24,prop_delay_ns,4.737,False
C_00847,LOT_021,96,prop_delay_ns,4.6024,False
C_00847,LOT_021,168,prop_delay_ns,4.8109,False
C_00848,LOT_021,0,leakage_ua,9.3851,False
C_00848,LOT_021,24,leakage_ua,9.9315,False
C_00848,LOT_021,96,leakage_ua,9.8091,False
C_00848,LOT_021,168,leakage_ua,10.2045,False
C_00848,LOT_021,0,iddq_ua,24.3489,False
C_00848,LOT_021,24,iddq_ua,24.6656,False
C_00848,LOT_021,96,iddq_ua,24.7826,False
C_00848,LOT_021,168,iddq_ua,25.33,False
C_00848,LOT_021,0,prop_delay_ns,4.7216,False
C_00848,LOT_021,24,prop_delay_ns,4.6733,False
C_00848,LOT_021,96,prop_delay_ns,4.8055,False
C_00848,LOT_021,168,prop_delay_ns,4.7937,False
C_00849,LOT_021,0,leakage_ua,8.724,False
C_00849,LOT_021,24,leakage_ua,8.9203,False
C_00849,LOT_021,96,leakage_ua,8.9885,False
C_00849,LOT_021,168,leakage_ua,9.7802,False
C_00849,LOT_021,0,iddq_ua,26.277,False
C_00849,LOT_021,24,iddq_ua,26.6278,False
C_00849,LOT_021,96,iddq_ua,27.7039,False
C_00849,LOT_021,168,iddq_ua,27.5918,False
C_00849,LOT_021,0,prop_delay_ns,4.4818,False
C_00849,LOT_021,24,prop_delay_ns,4.5825,False
C_00849,LOT_021,96,prop_delay_ns,4.7341,False
C_00849,LOT_021,168,prop_delay_ns,4.722,False
C_00850,LOT_021,0,leakage_ua,9.175,False
C_00850,LOT_021,24,leakage_ua,9.429,False
C_00850,LOT_021,96,leakage_ua,9.4753,False
C_00850,LOT_021,168,leakage_ua,9.7987,False
C_00850,LOT_021,0,iddq_ua,24.6379,False
C_00850,LOT_021,24,iddq_ua,25.2567,False
C_00850,LOT_021,96,iddq_ua,25.6644,False
C_00850,LOT_021,168,iddq_ua,26.7897,False
C_00850,LOT_021,0,prop_delay_ns,4.5124,False
C_00850,LOT_021,24,prop_delay_ns,4.5918,False
C_00850,LOT_021,96,prop_delay_ns,4.6966,False
C_00850,LOT_021,168,prop_delay_ns,4.731,False
C_00851,LOT_021,0,leakage_ua,8.5901,False
C_00851,LOT_021,24,leakage_ua,8.2485,False
C_00851,LOT_021,96,leakage_ua,8.7133,False
C_00851,LOT_021,168,leakage_ua,8.7714,False
C_00851,LOT_021,0,iddq_ua,23.4584,False
C_00851,LOT_021,24,iddq_ua,24.6458,False
C_00851,LOT_021,96,iddq_ua,24.1137,False
C_00851,LOT_021,168,iddq_ua,23.8819,False
C_00851,LOT_021,0,prop_delay_ns,4.5478,False
C_00851,LOT_021,24,prop_delay_ns,4.5772,False
C_00851,LOT_021,96,prop_delay_ns,4.7136,False
C_00851,LOT_021,168,prop_delay_ns,4.8595,False
C_00852,LOT_021,0,leakage_ua,8.4294,False
C_00852,LOT_021,24,leakage_ua,7.9793,False
C_00852,LOT_021,96,leakage_ua,8.498,False
C_00852,LOT_021,168,leakage_ua,8.5134,False
C_00852,LOT_021,0,iddq_ua,21.8907,False
C_00852,LOT_021,24,iddq_ua,22.4898,False
C_00852,LOT_021,96,iddq_ua,22.4767,False
C_00852,LOT_021,168,iddq_ua,22.9387,False
C_00852,LOT_021,0,prop_delay_ns,4.6692,False
C_00852,LOT_021,24,prop_delay_ns,4.7206,False
C_00852,LOT_021,96,prop_delay_ns,4.6433,False
C_00852,LOT_021,168,prop_delay_ns,4.5949,False
C_00853,LOT_021,0,leakage_ua,8.9162,False
C_00853,LOT_021,24,leakage_ua,9.3956,False
C_00853,LOT_021,96,leakage_ua,9.5169,False
C_00853,LOT_021,168,leakage_ua,9.7562,False
C_00853,LOT_021,0,iddq_ua,26.2528,False
C_00853,LOT_021,24,iddq_ua,27.2744,False
C_00853,LOT_021,96,iddq_ua,27.1045,False
C_00853,LOT_021,168,iddq_ua,27.5654,False
C_00853,LOT_021,0,prop_delay_ns,4.4734,False
C_00853,LOT_021,24,prop_delay_ns,4.7203,False
C_00853,LOT_021,96,prop_delay_ns,4.6063,False
C_00853,LOT_021,168,prop_delay_ns,4.5782,False
C_00854,LOT_021,0,leakage_ua,9.8463,False
C_00854,LOT_021,24,leakage_ua,9.9088,False
C_00854,LOT_021,96,leakage_ua,10.0821,False
C_00854,LOT_021,168,leakage_ua,10.6071,False
C_00854,LOT_021,0,iddq_ua,21.3757,False
C_00854,LOT_021,24,iddq_ua,21.813,False
C_00854,LOT_021,96,iddq_ua,22.0521,False
C_00854,LOT_021,168,iddq_ua,22.5573,False
C_00854,LOT_021,0,prop_delay_ns,4.657,False
C_00854,LOT_021,24,prop_delay_ns,4.5601,False
C_00854,LOT_021,96,prop_delay_ns,4.81,False
C_00854,LOT_021,168,prop_delay_ns,4.7827,False
C_00855,LOT_021,0,leakage_ua,9.5132,False
C_00855,LOT_021,24,leakage_ua,9.5102,False
C_00855,LOT_021,96,leakage_ua,9.4616,False
C_00855,LOT_021,168,leakage_ua,9.7127,False
C_00855,LOT_021,0,iddq_ua,25.2794,False
C_00855,LOT_021,24,iddq_ua,26.8203,False
C_00855,LOT_021,96,iddq_ua,26.1152,False
C_00855,LOT_021,168,iddq_ua,26.6674,False
C_00855,LOT_021,0,prop_delay_ns,4.34,False
C_00855,LOT_021,24,prop_delay_ns,4.2425,False
C_00855,LOT_021,96,prop_delay_ns,4.3169,False
C_00855,LOT_021,168,prop_delay_ns,4.2938,False
C_00856,LOT_021,0,leakage_ua,9.7838,False
C_00856,LOT_021,24,leakage_ua,10.1541,False
C_00856,LOT_021,96,leakage_ua,10.4267,False
C_00856,LOT_021,168,leakage_ua,10.8563,False
C_00856,LOT_021,0,iddq_ua,26.2517,False
C_00856,LOT_021,24,iddq_ua,25.6154,False
C_00856,LOT_021,96,iddq_ua,26.1965,False
C_00856,LOT_021,168,iddq_ua,26.1035,False
C_00856,LOT_021,0,prop_delay_ns,4.226,False
C_00856,LOT_021,24,prop_delay_ns,4.2638,False
C_00856,LOT_021,96,prop_delay_ns,4.2851,False
C_00856,LOT_021,168,prop_delay_ns,4.3285,False
C_00857,LOT_021,0,leakage_ua,8.6488,False
C_00857,LOT_021,24,leakage_ua,9.1447,False
C_00857,LOT_021,96,leakage_ua,9.2885,False
C_00857,LOT_021,168,leakage_ua,9.6887,False
C_00857,LOT_021,0,iddq_ua,24.1121,False
C_00857,LOT_021,24,iddq_ua,24.7103,False
C_00857,LOT_021,96,iddq_ua,23.7551,False
C_00857,LOT_021,168,iddq_ua,24.4227,False
C_00857,LOT_021,0,prop_delay_ns,5.4089,False
C_00857,LOT_021,24,prop_delay_ns,5.4402,False
C_00857,LOT_021,96,prop_delay_ns,5.3,False
C_00857,LOT_021,168,prop_delay_ns,5.4728,False
C_00858,LOT_021,0,leakage_ua,8.3654,False
C_00858,LOT_021,24,leakage_ua,8.5502,False
C_00858,LOT_021,96,leakage_ua,8.6873,False
C_00858,LOT_021,168,leakage_ua,8.8522,False
C_00858,LOT_021,0,iddq_ua,23.3925,False
C_00858,LOT_021,24,iddq_ua,24.4231,False
C_00858,LOT_021,96,iddq_ua,25.08,False
C_00858,LOT_021,168,iddq_ua,25.5686,False
C_00858,LOT_021,0,prop_delay_ns,4.7703,False
C_00858,LOT_021,24,prop_delay_ns,4.7753,False
C_00858,LOT_021,96,prop_delay_ns,4.6076,False
C_00858,LOT_021,168,prop_delay_ns,4.9186,False
C_00859,LOT_021,0,leakage_ua,8.4596,False
C_00859,LOT_021,24,leakage_ua,8.4704,False
C_00859,LOT_021,96,leakage_ua,8.6186,False
C_00859,LOT_021,168,leakage_ua,8.8556,False
C_00859,LOT_021,0,iddq_ua,24.8026,False
C_00859,LOT_021,24,iddq_ua,23.8502,False
C_00859,LOT_021,96,iddq_ua,25.5725,False
C_00859,LOT_021,168,iddq_ua,25.5892,False
C_00859,LOT_021,0,prop_delay_ns,4.9945,False
C_00859,LOT_021,24,prop_delay_ns,4.8923,False
C_00859,LOT_021,96,prop_delay_ns,4.9194,False
C_00859,LOT_021,168,prop_delay_ns,4.9782,False
C_00860,LOT_021,0,leakage_ua,8.8353,False
C_00860,LOT_021,24,leakage_ua,9.3409,False
C_00860,LOT_021,96,leakage_ua,9.3666,False
C_00860,LOT_021,168,leakage_ua,9.4541,False
C_00860,LOT_021,0,iddq_ua,26.9389,False
C_00860,LOT_021,24,iddq_ua,27.1955,False
C_00860,LOT_021,96,iddq_ua,28.4467,False
C_00860,LOT_021,168,iddq_ua,29.2364,False
C_00860,LOT_021,0,prop_delay_ns,4.5084,False
C_00860,LOT_021,24,prop_delay_ns,4.528,False
C_00860,LOT_021,96,prop_delay_ns,4.5178,False
C_00860,LOT_021,168,prop_delay_ns,4.2579,False
C_00861,LOT_021,0,leakage_ua,8.2868,False
C_00861,LOT_021,24,leakage_ua,8.5612,False
C_00861,LOT_021,96,leakage_ua,8.6655,False
C_00861,LOT_021,168,leakage_ua,8.6657,False
C_00861,LOT_021,0,iddq_ua,24.2713,False
C_00861,LOT_021,24,iddq_ua,24.8916,False
C_00861,LOT_021,96,iddq_ua,26.1789,False
C_00861,LOT_021,168,iddq_ua,25.8869,False
C_00861,LOT_021,0,prop_delay_ns,4.3401,False
C_00861,LOT_021,24,prop_delay_ns,4.3517,False
C_00861,LOT_021,96,prop_delay_ns,4.3133,False
C_00861,LOT_021,168,prop_delay_ns,4.4947,False
C_00862,LOT_021,0,leakage_ua,8.0222,False
C_00862,LOT_021,24,leakage_ua,7.5033,False
C_00862,LOT_021,96,leakage_ua,8.0457,False
C_00862,LOT_021,168,leakage_ua,8.2364,False
C_00862,LOT_021,0,iddq_ua,23.5869,False
C_00862,LOT_021,24,iddq_ua,23.6032,False
C_00862,LOT_021,96,iddq_ua,25.1521,False
C_00862,LOT_021,168,iddq_ua,25.6253,False
C_00862,LOT_021,0,prop_delay_ns,5.3889,False
C_00862,LOT_021,24,prop_delay_ns,5.2506,False
C_00862,LOT_021,96,prop_delay_ns,5.2296,False
C_00862,LOT_021,168,prop_delay_ns,5.1197,False
C_00863,LOT_021,0,leakage_ua,8.1015,False
C_00863,LOT_021,24,leakage_ua,8.0113,False
C_00863,LOT_021,96,leakage_ua,8.2169,False
C_00863,LOT_021,168,leakage_ua,8.2935,False
C_00863,LOT_021,0,iddq_ua,26.0605,False
C_00863,LOT_021,24,iddq_ua,25.7114,False
C_00863,LOT_021,96,iddq_ua,27.3388,False
C_00863,LOT_021,168,iddq_ua,26.6338,False
C_00863,LOT_021,0,prop_delay_ns,4.3592,False
C_00863,LOT_021,24,prop_delay_ns,4.2527,False
C_00863,LOT_021,96,prop_delay_ns,4.4734,False
C_00863,LOT_021,168,prop_delay_ns,4.6271,False
C_00864,LOT_021,0,leakage_ua,9.1941,False
C_00864,LOT_021,24,leakage_ua,9.1194,False
C_00864,LOT_021,96,leakage_ua,8.9935,False
C_00864,LOT_021,168,leakage_ua,9.1449,False
C_00864,LOT_021,0,iddq_ua,25.8298,False
C_00864,LOT_021,24,iddq_ua,26.1015,False
C_00864,LOT_021,96,iddq_ua,26.536,False
C_00864,LOT_021,168,iddq_ua,26.3408,False
C_00864,LOT_021,0,prop_delay_ns,4.8723,False
C_00864,LOT_021,24,prop_delay_ns,4.9323,False
C_00864,LOT_021,96,prop_delay_ns,5.0233,False
C_00864,LOT_021,168,prop_delay_ns,4.8903,False
C_00865,LOT_021,0,leakage_ua,7.8781,False
C_00865,LOT_021,24,leakage_ua,7.778,False
C_00865,LOT_021,96,leakage_ua,7.8933,False
C_00865,LOT_021,168,leakage_ua,8.3319,False
C_00865,LOT_021,0,iddq_ua,26.2287,False
C_00865,LOT_021,24,iddq_ua,25.932,False
C_00865,LOT_021,96,iddq_ua,26.1936,False
C_00865,LOT_021,168,iddq_ua,26.703,False
C_00865,LOT_021,0,prop_delay_ns,4.9437,False
C_00865,LOT_021,24,prop_delay_ns,4.9344,False
C_00865,LOT_021,96,prop_delay_ns,4.8922,False
C_00865,LOT_021,168,prop_delay_ns,5.0039,False
C_00866,LOT_021,0,leakage_ua,9.276,False
C_00866,LOT_021,24,leakage_ua,9.8153,False
C_00866,LOT_021,96,leakage_ua,10.1729,False
C_00866,LOT_021,168,leakage_ua,9.9785,False
C_00866,LOT_021,0,iddq_ua,24.688,False
C_00866,LOT_021,24,iddq_ua,24.4911,False
C_00866,LOT_021,96,iddq_ua,25.0662,False
C_00866,LOT_021,168,iddq_ua,25.6501,False
C_00866,LOT_021,0,prop_delay_ns,4.125,False
C_00866,LOT_021,24,prop_delay_ns,4.3788,False
C_00866,LOT_021,96,prop_delay_ns,4.3853,False
C_00866,LOT_021,168,prop_delay_ns,4.1929,False
C_00867,LOT_021,0,leakage_ua,9.4069,False
C_00867,LOT_021,24,leakage_ua,9.3806,False
C_00867,LOT_021,96,leakage_ua,9.5977,False
C_00867,LOT_021,168,leakage_ua,9.5816,False
C_00867,LOT_021,0,iddq_ua,22.8588,False
C_00867,LOT_021,24,iddq_ua,23.1038,False
C_00867,LOT_021,96,iddq_ua,22.9374,False
C_00867,LOT_021,168,iddq_ua,23.9516,False
C_00867,LOT_021,0,prop_delay_ns,4.2656,False
C_00867,LOT_021,24,prop_delay_ns,4.5058,False
C_00867,LOT_021,96,prop_delay_ns,4.3384,False
C_00867,LOT_021,168,prop_delay_ns,4.3604,False
C_00868,LOT_021,0,leakage_ua,7.9263,False
C_00868,LOT_021,24,leakage_ua,7.4841,False
C_00868,LOT_021,96,leakage_ua,8.227,False
C_00868,LOT_021,168,leakage_ua,8.2571,False
C_00868,LOT_021,0,iddq_ua,25.7507,False
C_00868,LOT_021,24,iddq_ua,27.6192,False
C_00868,LOT_021,96,iddq_ua,27.3517,False
C_00868,LOT_021,168,iddq_ua,28.9325,False
C_00868,LOT_021,0,prop_delay_ns,4.8024,False
C_00868,LOT_021,24,prop_delay_ns,4.7582,False
C_00868,LOT_021,96,prop_delay_ns,4.8829,False
C_00868,LOT_021,168,prop_delay_ns,4.7998,False
C_00869,LOT_021,0,leakage_ua,9.1238,False
C_00869,LOT_021,24,leakage_ua,8.9931,False
C_00869,LOT_021,96,leakage_ua,9.8258,False
C_00869,LOT_021,168,leakage_ua,9.6752,False
C_00869,LOT_021,0,iddq_ua,24.9549,False
C_00869,LOT_021,24,iddq_ua,26.1643,False
C_00869,LOT_021,96,iddq_ua,25.4262,False
C_00869,LOT_021,168,iddq_ua,26.32,False
C_00869,LOT_021,0,prop_delay_ns,5.2725,False
C_00869,LOT_021,24,prop_delay_ns,5.3311,False
C_00869,LOT_021,96,prop_delay_ns,5.4817,False
C_00869,LOT_021,168,prop_delay_ns,5.4968,False
C_00870,LOT_021,0,leakage_ua,7.717,False
C_00870,LOT_021,24,leakage_ua,8.3271,False
C_00870,LOT_021,96,leakage_ua,8.6183,False
C_00870,LOT_021,168,leakage_ua,8.6587,False
C_00870,LOT_021,0,iddq_ua,23.0221,False
C_00870,LOT_021,24,iddq_ua,24.1817,False
C_00870,LOT_021,96,iddq_ua,24.0218,False
C_00870,LOT_021,168,iddq_ua,23.9246,False
C_00870,LOT_021,0,prop_delay_ns,4.2169,False
C_00870,LOT_021,24,prop_delay_ns,4.3596,False
C_00870,LOT_021,96,prop_delay_ns,4.3488,False
C_00870,LOT_021,168,prop_delay_ns,4.5358,False
C_00871,LOT_021,0,leakage_ua,8.3501,False
C_00871,LOT_021,24,leakage_ua,8.393,False
C_00871,LOT_021,96,leakage_ua,8.9361,False
C_00871,LOT_021,168,leakage_ua,9.048,False
C_00871,LOT_021,0,iddq_ua,21.7882,False
C_00871,LOT_021,24,iddq_ua,22.6137,False
C_00871,LOT_021,96,iddq_ua,23.7969,False
C_00871,LOT_021,168,iddq_ua,24.0963,False
C_00871,LOT_021,0,prop_delay_ns,4.8685,False
C_00871,LOT_021,24,prop_delay_ns,4.7776,False
C_00871,LOT_021,96,prop_delay_ns,4.8369,False
C_00871,LOT_021,168,prop_delay_ns,4.896,False
C_00872,LOT_021,0,leakage_ua,9.2772,False
C_00872,LOT_021,24,leakage_ua,9.4057,False
C_00872,LOT_021,96,leakage_ua,9.4573,False
C_00872,LOT_021,168,leakage_ua,9.9119,False
C_00872,LOT_021,0,iddq_ua,24.1829,False
C_00872,LOT_021,24,iddq_ua,25.0767,False
C_00872,LOT_021,96,iddq_ua,26.0407,False
C_00872,LOT_021,168,iddq_ua,26.6095,False
C_00872,LOT_021,0,prop_delay_ns,4.3761,False
C_00872,LOT_021,24,prop_delay_ns,4.3275,False
C_00872,LOT_021,96,prop_delay_ns,4.379,False
C_00872,LOT_021,168,prop_delay_ns,4.2223,False
C_00873,LOT_021,0,leakage_ua,7.8307,False
C_00873,LOT_021,24,leakage_ua,7.9698,False
C_00873,LOT_021,96,leakage_ua,7.9113,False
C_00873,LOT_021,168,leakage_ua,7.7762,False
C_00873,LOT_021,0,iddq_ua,25.8747,False
C_00873,LOT_021,24,iddq_ua,25.6118,False
C_00873,LOT_021,96,iddq_ua,26.2783,False
C_00873,LOT_021,168,iddq_ua,27.3227,False
C_00873,LOT_021,0,prop_delay_ns,4.1367,False
C_00873,LOT_021,24,prop_delay_ns,4.0699,False
C_00873,LOT_021,96,prop_delay_ns,4.0452,False
C_00873,LOT_021,168,prop_delay_ns,4.3343,False
C_00874,LOT_021,0,leakage_ua,8.8281,False
C_00874,LOT_021,24,leakage_ua,9.0969,False
C_00874,LOT_021,96,leakage_ua,9.1847,False
C_00874,LOT_021,168,leakage_ua,9.6726,False
C_00874,LOT_021,0,iddq_ua,26.6436,False
C_00874,LOT_021,24,iddq_ua,25.2542,False
C_00874,LOT_021,96,iddq_ua,25.6546,False
C_00874,LOT_021,168,iddq_ua,26.7918,False
C_00874,LOT_021,0,prop_delay_ns,4.5292,False
C_00874,LOT_021,24,prop_delay_ns,4.6029,False
C_00874,LOT_021,96,prop_delay_ns,4.6489,False
C_00874,LOT_021,168,prop_delay_ns,4.8315,False
C_00875,LOT_021,0,leakage_ua,8.4205,False
C_00875,LOT_021,24,leakage_ua,8.7297,False
C_00875,LOT_021,96,leakage_ua,8.8256,False
C_00875,LOT_021,168,leakage_ua,8.9074,False
C_00875,LOT_021,0,iddq_ua,25.9112,False
C_00875,LOT_021,24,iddq_ua,26.0354,False
C_00875,LOT_021,96,iddq_ua,25.7748,False
C_00875,LOT_021,168,iddq_ua,28.0338,False
C_00875,LOT_021,0,prop_delay_ns,4.8313,False
C_00875,LOT_021,24,prop_delay_ns,4.7402,False
C_00875,LOT_021,96,prop_delay_ns,4.7991,False
C_00875,LOT_021,168,prop_delay_ns,4.8256,False
C_00876,LOT_021,0,leakage_ua,8.0674,False
C_00876,LOT_021,24,leakage_ua,8.4567,False
C_00876,LOT_021,96,leakage_ua,8.3469,False
C_00876,LOT_021,168,leakage_ua,8.8015,False
C_00876,LOT_021,0,iddq_ua,25.0231,False
C_00876,LOT_021,24,iddq_ua,25.2511,False
C_00876,LOT_021,96,iddq_ua,25.8321,False
C_00876,LOT_021,168,iddq_ua,26.2818,False
C_00876,LOT_021,0,prop_delay_ns,4.6213,False
C_00876,LOT_021,24,prop_delay_ns,4.5378,False
C_00876,LOT_021,96,prop_delay_ns,4.7541,False
C_00876,LOT_021,168,prop_delay_ns,4.8993,False
C_00877,LOT_021,0,leakage_ua,7.8783,False
C_00877,LOT_021,24,leakage_ua,8.5682,False
C_00877,LOT_021,96,leakage_ua,8.512,False
C_00877,LOT_021,168,leakage_ua,9.159,False
C_00877,LOT_021,0,iddq_ua,27.7016,False
C_00877,LOT_021,24,iddq_ua,27.2833,False
C_00877,LOT_021,96,iddq_ua,27.3759,False
C_00877,LOT_021,168,iddq_ua,29.1444,False
C_00877,LOT_021,0,prop_delay_ns,4.4751,False
C_00877,LOT_021,24,prop_delay_ns,4.6336,False
C_00877,LOT_021,96,prop_delay_ns,4.71,False
C_00877,LOT_021,168,prop_delay_ns,4.7717,False
C_00878,LOT_021,0,leakage_ua,9.304,False
C_00878,LOT_021,24,leakage_ua,9.1478,False
C_00878,LOT_021,96,leakage_ua,9.1737,False
C_00878,LOT_021,168,leakage_ua,9.7283,False
C_00878,LOT_021,0,iddq_ua,26.0564,False
C_00878,LOT_021,24,iddq_ua,26.0808,False
C_00878,LOT_021,96,iddq_ua,26.4613,False
C_00878,LOT_021,168,iddq_ua,27.3561,False
C_00878,LOT_021,0,prop_delay_ns,4.9273,False
C_00878,LOT_021,24,prop_delay_ns,4.8274,False
C_00878,LOT_021,96,prop_delay_ns,4.8302,False
C_00878,LOT_021,168,prop_delay_ns,4.8229,False
C_00879,LOT_021,0,leakage_ua,8.1008,False
C_00879,LOT_021,24,leakage_ua,8.6593,False
C_00879,LOT_021,96,leakage_ua,8.5621,False
C_00879,LOT_021,168,leakage_ua,9.0445,False
C_00879,LOT_021,0,iddq_ua,28.1192,False
C_00879,LOT_021,24,iddq_ua,28.7789,False
C_00879,LOT_021,96,iddq_ua,29.3457,False
C_00879,LOT_021,168,iddq_ua,29.0165,False
C_00879,LOT_021,0,prop_delay_ns,4.4572,False
C_00879,LOT_021,24,prop_delay_ns,4.4837,False
C_00879,LOT_021,96,prop_delay_ns,4.6673,False
C_00879,LOT_021,168,prop_delay_ns,4.5938,False
C_00880,LOT_021,0,leakage_ua,7.875,False
C_00880,LOT_021,24,leakage_ua,7.7046,False
C_00880,LOT_021,96,leakage_ua,7.6085,False
C_00880,LOT_021,168,leakage_ua,7.8786,False
C_00880,LOT_021,0,iddq_ua,22.781,False
C_00880,LOT_021,24,iddq_ua,23.2231,False
C_00880,LOT_021,96,iddq_ua,23.3994,False
C_00880,LOT_021,168,iddq_ua,23.5482,False
C_00880,LOT_021,0,prop_delay_ns,4.4897,False
C_00880,LOT_021,24,prop_delay_ns,4.468,False
C_00880,LOT_021,96,prop_delay_ns,4.3087,False
C_00880,LOT_021,168,prop_delay_ns,4.5239,False
C_00881,LOT_022,0,leakage_ua,11.9213,False
C_00881,LOT_022,24,leakage_ua,12.0709,False
C_00881,LOT_022,96,leakage_ua,11.8769,False
C_00881,LOT_022,168,leakage_ua,12.415,False
C_00881,LOT_022,0,iddq_ua,23.0333,False
C_00881,LOT_022,24,iddq_ua,22.4661,False
C_00881,LOT_022,96,iddq_ua,24.3944,False
C_00881,LOT_022,168,iddq_ua,24.3327,False
C_00881,LOT_022,0,prop_delay_ns,5.0136,False
C_00881,LOT_022,24,prop_delay_ns,4.8747,False
C_00881,LOT_022,96,prop_delay_ns,5.1838,False
C_00881,LOT_022,168,prop_delay_ns,5.4661,False
C_00882,LOT_022,0,leakage_ua,10.7059,False
C_00882,LOT_022,24,leakage_ua,10.2256,False
C_00882,LOT_022,96,leakage_ua,10.429,False
C_00882,LOT_022,168,leakage_ua,11.1424,False
C_00882,LOT_022,0,iddq_ua,23.4839,False
C_00882,LOT_022,24,iddq_ua,24.9375,False
C_00882,LOT_022,96,iddq_ua,25.0208,False
C_00882,LOT_022,168,iddq_ua,25.7839,False
C_00882,LOT_022,0,prop_delay_ns,3.9347,False
C_00882,LOT_022,24,prop_delay_ns,4.0595,False
C_00882,LOT_022,96,prop_delay_ns,4.0922,False
C_00882,LOT_022,168,prop_delay_ns,3.9482,False
C_00883,LOT_022,0,leakage_ua,9.7749,False
C_00883,LOT_022,24,leakage_ua,10.2561,False
C_00883,LOT_022,96,leakage_ua,10.2361,False
C_00883,LOT_022,168,leakage_ua,10.3975,False
C_00883,LOT_022,0,iddq_ua,24.6083,False
C_00883,LOT_022,24,iddq_ua,24.4131,False
C_00883,LOT_022,96,iddq_ua,24.0772,False
C_00883,LOT_022,168,iddq_ua,25.5134,False
C_00883,LOT_022,0,prop_delay_ns,4.5672,False
C_00883,LOT_022,24,prop_delay_ns,4.4289,False
C_00883,LOT_022,96,prop_delay_ns,4.4281,False
C_00883,LOT_022,168,prop_delay_ns,4.6235,False
C_00884,LOT_022,0,leakage_ua,10.3426,False
C_00884,LOT_022,24,leakage_ua,10.5324,False
C_00884,LOT_022,96,leakage_ua,10.686,False
C_00884,LOT_022,168,leakage_ua,10.7793,False
C_00884,LOT_022,0,iddq_ua,22.6936,False
C_00884,LOT_022,24,iddq_ua,22.7705,False
C_00884,LOT_022,96,iddq_ua,24.1614,False
C_00884,LOT_022,168,iddq_ua,24.5736,False
C_00884,LOT_022,0,prop_delay_ns,4.3573,False
C_00884,LOT_022,24,prop_delay_ns,4.5227,False
C_00884,LOT_022,96,prop_delay_ns,4.596,False
C_00884,LOT_022,168,prop_delay_ns,4.4908,False
C_00885,LOT_022,0,leakage_ua,10.1895,False
C_00885,LOT_022,24,leakage_ua,10.2775,False
C_00885,LOT_022,96,leakage_ua,10.4729,False
C_00885,LOT_022,168,leakage_ua,10.3527,False
C_00885,LOT_022,0,iddq_ua,23.324,False
C_00885,LOT_022,24,iddq_ua,24.488,False
C_00885,LOT_022,96,iddq_ua,24.0716,False
C_00885,LOT_022,168,iddq_ua,24.9858,False
C_00885,LOT_022,0,prop_delay_ns,4.5423,False
C_00885,LOT_022,24,prop_delay_ns,4.3778,False
C_00885,LOT_022,96,prop_delay_ns,4.5422,False
C_00885,LOT_022,168,prop_delay_ns,4.4471,False
C_00886,LOT_022,0,leakage_ua,10.8347,False
C_00886,LOT_022,24,leakage_ua,11.0772,False
C_00886,LOT_022,96,leakage_ua,10.7756,False
C_00886,LOT_022,168,leakage_ua,11.5715,False
C_00886,LOT_022,0,iddq_ua,23.3121,False
C_00886,LOT_022,24,iddq_ua,24.5697,False
C_00886,LOT_022,96,iddq_ua,25.9934,False
C_00886,LOT_022,168,iddq_ua,26.7553,False
C_00886,LOT_022,0,prop_delay_ns,4.8959,False
C_00886,LOT_022,24,prop_delay_ns,4.7927,False
C_00886,LOT_022,96,prop_delay_ns,5.0929,False
C_00886,LOT_022,168,prop_delay_ns,4.8196,False
C_00887,LOT_022,0,leakage_ua,10.4679,False
C_00887,LOT_022,24,leakage_ua,10.4018,False
C_00887,LOT_022,96,leakage_ua,10.5644,False
C_00887,LOT_022,168,leakage_ua,10.6953,False
C_00887,LOT_022,0,iddq_ua,19.5816,False
C_00887,LOT_022,24,iddq_ua,20.0067,False
C_00887,LOT_022,96,iddq_ua,20.9565,False
C_00887,LOT_022,168,iddq_ua,20.5978,False
C_00887,LOT_022,0,prop_delay_ns,4.3633,False
C_00887,LOT_022,24,prop_delay_ns,4.3035,False
C_00887,LOT_022,96,prop_delay_ns,4.1538,False
C_00887,LOT_022,168,prop_delay_ns,4.338,False
C_00888,LOT_022,0,leakage_ua,10.4513,False
C_00888,LOT_022,24,leakage_ua,10.4693,False
C_00888,LOT_022,96,leakage_ua,11.1877,False
C_00888,LOT_022,168,leakage_ua,11.2244,False
C_00888,LOT_022,0,iddq_ua,23.7956,False
C_00888,LOT_022,24,iddq_ua,23.5262,False
C_00888,LOT_022,96,iddq_ua,24.1639,False
C_00888,LOT_022,168,iddq_ua,24.3077,False
C_00888,LOT_022,0,prop_delay_ns,4.3587,False
C_00888,LOT_022,24,prop_delay_ns,4.4453,False
C_00888,LOT_022,96,prop_delay_ns,4.6301,False
C_00888,LOT_022,168,prop_delay_ns,4.7192,False
C_00889,LOT_022,0,leakage_ua,9.6328,False
C_00889,LOT_022,24,leakage_ua,10.1102,False
C_00889,LOT_022,96,leakage_ua,10.5293,False
C_00889,LOT_022,168,leakage_ua,10.7372,False
C_00889,LOT_022,0,iddq_ua,24.6594,False
C_00889,LOT_022,24,iddq_ua,25.5351,False
C_00889,LOT_022,96,iddq_ua,26.7586,False
C_00889,LOT_022,168,iddq_ua,27.2994,False
C_00889,LOT_022,0,prop_delay_ns,4.6784,False
C_00889,LOT_022,24,prop_delay_ns,4.8314,False
C_00889,LOT_022,96,prop_delay_ns,4.6907,False
C_00889,LOT_022,168,prop_delay_ns,4.7948,False
C_00890,LOT_022,0,leakage_ua,10.6614,False
C_00890,LOT_022,24,leakage_ua,11.3079,False
C_00890,LOT_022,96,leakage_ua,11.6063,False
C_00890,LOT_022,168,leakage_ua,11.6464,False
C_00890,LOT_022,0,iddq_ua,24.5514,False
C_00890,LOT_022,24,iddq_ua,25.0824,False
C_00890,LOT_022,96,iddq_ua,25.2552,False
C_00890,LOT_022,168,iddq_ua,26.1098,False
C_00890,LOT_022,0,prop_delay_ns,4.5037,False
C_00890,LOT_022,24,prop_delay_ns,4.6643,False
C_00890,LOT_022,96,prop_delay_ns,4.7699,False
C_00890,LOT_022,168,prop_delay_ns,4.7208,False
C_00891,LOT_022,0,leakage_ua,10.3984,False
C_00891,LOT_022,24,leakage_ua,10.4475,False
C_00891,LOT_022,96,leakage_ua,10.5059,False
C_00891,LOT_022,168,leakage_ua,10.6956,False
C_00891,LOT_022,0,iddq_ua,22.8072,False
C_00891,LOT_022,24,iddq_ua,23.922,False
C_00891,LOT_022,96,iddq_ua,23.9906,False
C_00891,LOT_022,168,iddq_ua,26.1377,False
C_00891,LOT_022,0,prop_delay_ns,4.4872,False
C_00891,LOT_022,24,prop_delay_ns,4.9454,False
C_00891,LOT_022,96,prop_delay_ns,4.7787,False
C_00891,LOT_022,168,prop_delay_ns,4.7256,False
C_00892,LOT_022,0,leakage_ua,11.9182,False
C_00892,LOT_022,24,leakage_ua,11.7391,False
C_00892,LOT_022,96,leakage_ua,12.0493,False
C_00892,LOT_022,168,leakage_ua,12.7926,False
C_00892,LOT_022,0,iddq_ua,23.4347,False
C_00892,LOT_022,24,iddq_ua,22.2773,False
C_00892,LOT_022,96,iddq_ua,23.6971,False
C_00892,LOT_022,168,iddq_ua,25.0163,False
C_00892,LOT_022,0,prop_delay_ns,5.2935,False
C_00892,LOT_022,24,prop_delay_ns,5.1854,False
C_00892,LOT_022,96,prop_delay_ns,5.3611,False
C_00892,LOT_022,168,prop_delay_ns,5.5029,False
C_00893,LOT_022,0,leakage_ua,10.9395,False
C_00893,LOT_022,24,leakage_ua,11.1744,False
C_00893,LOT_022,96,leakage_ua,11.4726,False
C_00893,LOT_022,168,leakage_ua,11.8566,False
C_00893,LOT_022,0,iddq_ua,23.5623,False
C_00893,LOT_022,24,iddq_ua,24.2641,False
C_00893,LOT_022,96,iddq_ua,24.383,False
C_00893,LOT_022,168,iddq_ua,25.6162,False
C_00893,LOT_022,0,prop_delay_ns,4.6386,False
C_00893,LOT_022,24,prop_delay_ns,4.8662,False
C_00893,LOT_022,96,prop_delay_ns,4.8427,False
C_00893,LOT_022,168,prop_delay_ns,4.8673,False
C_00894,LOT_022,0,leakage_ua,10.8998,False
C_00894,LOT_022,24,leakage_ua,11.4608,False
C_00894,LOT_022,96,leakage_ua,10.9389,False
C_00894,LOT_022,168,leakage_ua,11.4097,False
C_00894,LOT_022,0,iddq_ua,21.9883,False
C_00894,LOT_022,24,iddq_ua,22.9192,False
C_00894,LOT_022,96,iddq_ua,23.8603,False
C_00894,LOT_022,168,iddq_ua,23.3466,False
C_00894,LOT_022,0,prop_delay_ns,4.3138,False
C_00894,LOT_022,24,prop_delay_ns,4.4908,False
C_00894,LOT_022,96,prop_delay_ns,4.3309,False
C_00894,LOT_022,168,prop_delay_ns,4.4336,False
C_00895,LOT_022,0,leakage_ua,9.9604,False
C_00895,LOT_022,24,leakage_ua,10.2392,False
C_00895,LOT_022,96,leakage_ua,10.4556,False
C_00895,LOT_022,168,leakage_ua,10.7021,False
C_00895,LOT_022,0,iddq_ua,22.5111,False
C_00895,LOT_022,24,iddq_ua,24.2339,False
C_00895,LOT_022,96,iddq_ua,24.003,False
C_00895,LOT_022,168,iddq_ua,25.1179,False
C_00895,LOT_022,0,prop_delay_ns,4.5348,False
C_00895,LOT_022,24,prop_delay_ns,4.539,False
C_00895,LOT_022,96,prop_delay_ns,4.596,False
C_00895,LOT_022,168,prop_delay_ns,4.6132,False
C_00896,LOT_022,0,leakage_ua,10.183,False
C_00896,LOT_022,24,leakage_ua,10.746,False
C_00896,LOT_022,96,leakage_ua,10.6534,False
C_00896,LOT_022,168,leakage_ua,11.5844,False
C_00896,LOT_022,0,iddq_ua,25.1409,False
C_00896,LOT_022,24,iddq_ua,26.4004,False
C_00896,LOT_022,96,iddq_ua,26.8136,False
C_00896,LOT_022,168,iddq_ua,27.9858,False
C_00896,LOT_022,0,prop_delay_ns,4.4925,False
C_00896,LOT_022,24,prop_delay_ns,4.6395,False
C_00896,LOT_022,96,prop_delay_ns,4.7468,False
C_00896,LOT_022,168,prop_delay_ns,4.6662,False
C_00897,LOT_022,0,leakage_ua,11.4177,False
C_00897,LOT_022,24,leakage_ua,12.0742,False
C_00897,LOT_022,96,leakage_ua,12.0372,False
C_00897,LOT_022,168,leakage_ua,12.5142,False
C_00897,LOT_022,0,iddq_ua,25.2026,False
C_00897,LOT_022,24,iddq_ua,26.2317,False
C_00897,LOT_022,96,iddq_ua,27.6427,False
C_00897,LOT_022,168,iddq_ua,28.1937,False
C_00897,LOT_022,0,prop_delay_ns,5.0892,False
C_00897,LOT_022,24,prop_delay_ns,5.3684,False
C_00897,LOT_022,96,prop_delay_ns,5.3096,False
C_00897,LOT_022,168,prop_delay_ns,5.2042,False
C_00898,LOT_022,0,leakage_ua,9.7591,True
C_00898,LOT_022,24,leakage_ua,13.3053,True
C_00898,LOT_022,96,leakage_ua,18.4252,True
C_00898,LOT_022,168,leakage_ua,22.2809,True
C_00898,LOT_022,0,iddq_ua,21.9821,True
C_00898,LOT_022,24,iddq_ua,30.7996,True
C_00898,LOT_022,96,iddq_ua,45.9795,True
C_00898,LOT_022,168,iddq_ua,57.6739,True
C_00898,LOT_022,0,prop_delay_ns,4.8299,True
C_00898,LOT_022,24,prop_delay_ns,5.4041,True
C_00898,LOT_022,96,prop_delay_ns,6.4393,True
C_00898,LOT_022,168,prop_delay_ns,7.1609,True
C_00899,LOT_022,0,leakage_ua,10.4186,False
C_00899,LOT_022,24,leakage_ua,11.0949,False
C_00899,LOT_022,96,leakage_ua,10.7114,False
C_00899,LOT_022,168,leakage_ua,11.9716,False
C_00899,LOT_022,0,iddq_ua,21.7467,False
C_00899,LOT_022,24,iddq_ua,21.4852,False
C_00899,LOT_022,96,iddq_ua,21.2972,False
C_00899,LOT_022,168,iddq_ua,22.5225,False
C_00899,LOT_022,0,prop_delay_ns,4.4402,False
C_00899,LOT_022,24,prop_delay_ns,4.6126,False
C_00899,LOT_022,96,prop_delay_ns,4.5581,False
C_00899,LOT_022,168,prop_delay_ns,4.7794,False
C_00900,LOT_022,0,leakage_ua,10.7991,False
C_00900,LOT_022,24,leakage_ua,11.1597,False
C_00900,LOT_022,96,leakage_ua,11.3551,False
C_00900,LOT_022,168,leakage_ua,11.3309,False
C_00900,LOT_022,0,iddq_ua,21.4605,False
C_00900,LOT_022,24,iddq_ua,21.4063,False
C_00900,LOT_022,96,iddq_ua,21.4962,False
C_00900,LOT_022,168,iddq_ua,22.9618,False
C_00900,LOT_022,0,prop_delay_ns,4.5916,False
C_00900,LOT_022,24,prop_delay_ns,4.6765,False
C_00900,LOT_022,96,prop_delay_ns,4.6552,False
C_00900,LOT_022,168,prop_delay_ns,4.7071,False
C_00901,LOT_022,0,leakage_ua,10.195,False
C_00901,LOT_022,24,leakage_ua,10.172,False
C_00901,LOT_022,96,leakage_ua,10.6051,False
C_00901,LOT_022,168,leakage_ua,10.268,False
C_00901,LOT_022,0,iddq_ua,27.6444,False
C_00901,LOT_022,24,iddq_ua,26.0206,False
C_00901,LOT_022,96,iddq_ua,28.3419,False
C_00901,LOT_022,168,iddq_ua,27.8818,False
C_00901,LOT_022,0,prop_delay_ns,4.4862,False
C_00901,LOT_022,24,prop_delay_ns,4.3926,False
C_00901,LOT_022,96,prop_delay_ns,4.5507,False
C_00901,LOT_022,168,prop_delay_ns,4.6996,False
C_00902,LOT_022,0,leakage_ua,10.1688,False
C_00902,LOT_022,24,leakage_ua,10.4455,False
C_00902,LOT_022,96,leakage_ua,10.9843,False
C_00902,LOT_022,168,leakage_ua,11.1191,False
C_00902,LOT_022,0,iddq_ua,24.5788,False
C_00902,LOT_022,24,iddq_ua,23.8739,False
C_00902,LOT_022,96,iddq_ua,24.9629,False
C_00902,LOT_022,168,iddq_ua,25.1387,False
C_00902,LOT_022,0,prop_delay_ns,4.8847,False
C_00902,LOT_022,24,prop_delay_ns,4.8727,False
C_00902,LOT_022,96,prop_delay_ns,4.8355,False
C_00902,LOT_022,168,prop_delay_ns,4.812,False
C_00903,LOT_022,0,leakage_ua,9.9292,False
C_00903,LOT_022,24,leakage_ua,10.157,False
C_00903,LOT_022,96,leakage_ua,10.2854,False
C_00903,LOT_022,168,leakage_ua,10.6703,False
C_00903,LOT_022,0,iddq_ua,23.8086,False
C_00903,LOT_022,24,iddq_ua,24.7593,False
C_00903,LOT_022,96,iddq_ua,26.8693,False
C_00903,LOT_022,168,iddq_ua,26.7148,False
C_00903,LOT_022,0,prop_delay_ns,4.6251,False
C_00903,LOT_022,24,prop_delay_ns,4.4735,False
C_00903,LOT_022,96,prop_delay_ns,4.7221,False
C_00903,LOT_022,168,prop_delay_ns,4.5476,False
C_00904,LOT_022,0,leakage_ua,10.7084,False
C_00904,LOT_022,24,leakage_ua,11.0851,False
C_00904,LOT_022,96,leakage_ua,11.4499,False
C_00904,LOT_022,168,leakage_ua,11.7621,False
C_00904,LOT_022,0,iddq_ua,24.1287,False
C_00904,LOT_022,24,iddq_ua,24.3777,False
C_00904,LOT_022,96,iddq_ua,25.6615,False
C_00904,LOT_022,168,iddq_ua,25.1018,False
C_00904,LOT_022,0,prop_delay_ns,4.9031,False
C_00904,LOT_022,24,prop_delay_ns,4.7019,False
C_00904,LOT_022,96,prop_delay_ns,4.8044,False
C_00904,LOT_022,168,prop_delay_ns,4.7901,False
C_00905,LOT_022,0,leakage_ua,10.7024,False
C_00905,LOT_022,24,leakage_ua,10.7974,False
C_00905,LOT_022,96,leakage_ua,11.1118,False
C_00905,LOT_022,168,leakage_ua,11.2067,False
C_00905,LOT_022,0,iddq_ua,23.2576,False
C_00905,LOT_022,24,iddq_ua,23.3088,False
C_00905,LOT_022,96,iddq_ua,23.7491,False
C_00905,LOT_022,168,iddq_ua,24.6998,False
C_00905,LOT_022,0,prop_delay_ns,4.2289,False
C_00905,LOT_022,24,prop_delay_ns,4.0283,False
C_00905,LOT_022,96,prop_delay_ns,4.0877,False
C_00905,LOT_022,168,prop_delay_ns,4.2703,False
C_00906,LOT_022,0,leakage_ua,10.4647,False
C_00906,LOT_022,24,leakage_ua,11.0199,False
C_00906,LOT_022,96,leakage_ua,10.9415,False
C_00906,LOT_022,168,leakage_ua,11.1143,False
C_00906,LOT_022,0,iddq_ua,23.0403,False
C_00906,LOT_022,24,iddq_ua,23.6553,False
C_00906,LOT_022,96,iddq_ua,23.9757,False
C_00906,LOT_022,168,iddq_ua,24.3658,False
C_00906,LOT_022,0,prop_delay_ns,5.2542,False
C_00906,LOT_022,24,prop_delay_ns,5.4062,False
C_00906,LOT_022,96,prop_delay_ns,5.2456,False
C_00906,LOT_022,168,prop_delay_ns,5.4592,False
C_00907,LOT_022,0,leakage_ua,11.0755,False
C_00907,LOT_022,24,leakage_ua,11.3989,False
C_00907,LOT_022,96,leakage_ua,11.4092,False
C_00907,LOT_022,168,leakage_ua,11.5754,False
C_00907,LOT_022,0,iddq_ua,25.8462,False
C_00907,LOT_022,24,iddq_ua,26.4785,False
C_00907,LOT_022,96,iddq_ua,25.5265,False
C_00907,LOT_022,168,iddq_ua,27.2146,False
C_00907,LOT_022,0,prop_delay_ns,4.6773,False
C_00907,LOT_022,24,prop_delay_ns,4.6754,False
C_00907,LOT_022,96,prop_delay_ns,4.6408,False
C_00907,LOT_022,168,prop_delay_ns,4.5827,False
C_00908,LOT_022,0,leakage_ua,11.6405,False
C_00908,LOT_022,24,leakage_ua,11.2522,False
C_00908,LOT_022,96,leakage_ua,11.4678,False
C_00908,LOT_022,168,leakage_ua,11.1834,False
C_00908,LOT_022,0,iddq_ua,21.9257,False
C_00908,LOT_022,24,iddq_ua,21.863,False
C_00908,LOT_022,96,iddq_ua,23.9472,False
C_00908,LOT_022,168,iddq_ua,22.7014,False
C_00908,LOT_022,0,prop_delay_ns,4.7566,False
C_00908,LOT_022,24,prop_delay_ns,4.6503,False
C_00908,LOT_022,96,prop_delay_ns,4.7545,False
C_00908,LOT_022,168,prop_delay_ns,4.9476,False
C_00909,LOT_022,0,leakage_ua,9.7238,False
C_00909,LOT_022,24,leakage_ua,9.9211,False
C_00909,LOT_022,96,leakage_ua,10.2781,False
C_00909,LOT_022,168,leakage_ua,9.9621,False
C_00909,LOT_022,0,iddq_ua,22.4525,False
C_00909,LOT_022,24,iddq_ua,22.6195,False
C_00909,LOT_022,96,iddq_ua,22.7327,False
C_00909,LOT_022,168,iddq_ua,23.6688,False
C_00909,LOT_022,0,prop_delay_ns,4.7485,False
C_00909,LOT_022,24,prop_delay_ns,4.6188,False
C_00909,LOT_022,96,prop_delay_ns,4.6433,False
C_00909,LOT_022,168,prop_delay_ns,4.8364,False
C_00910,LOT_022,0,leakage_ua,9.9721,False
C_00910,LOT_022,24,leakage_ua,10.0658,False
C_00910,LOT_022,96,leakage_ua,10.5146,False
C_00910,LOT_022,168,leakage_ua,10.6862,False
C_00910,LOT_022,0,iddq_ua,21.447,False
C_00910,LOT_022,24,iddq_ua,22.8982,False
C_00910,LOT_022,96,iddq_ua,22.7986,False
C_00910,LOT_022,168,iddq_ua,23.5608,False
C_00910,LOT_022,0,prop_delay_ns,4.3522,False
C_00910,LOT_022,24,prop_delay_ns,4.1294,False
C_00910,LOT_022,96,prop_delay_ns,4.2562,False
C_00910,LOT_022,168,prop_delay_ns,4.1639,False
C_00911,LOT_022,0,leakage_ua,10.409,False
C_00911,LOT_022,24,leakage_ua,10.4159,False
C_00911,LOT_022,96,leakage_ua,11.1095,False
C_00911,LOT_022,168,leakage_ua,11.2757,False
C_00911,LOT_022,0,iddq_ua,24.2866,False
C_00911,LOT_022,24,iddq_ua,24.2322,False
C_00911,LOT_022,96,iddq_ua,24.6142,False
C_00911,LOT_022,168,iddq_ua,24.7343,False
C_00911,LOT_022,0,prop_delay_ns,4.6275,False
C_00911,LOT_022,24,prop_delay_ns,4.7476,False
C_00911,LOT_022,96,prop_delay_ns,4.6734,False
C_00911,LOT_022,168,prop_delay_ns,4.9052,False
C_00912,LOT_022,0,leakage_ua,11.6518,True
C_00912,LOT_022,24,leakage_ua,24.4799,True
C_00912,LOT_022,96,leakage_ua,44.1595,True
C_00912,LOT_022,168,leakage_ua,59.0066,True
C_00912,LOT_022,0,iddq_ua,26.2999,True
C_00912,LOT_022,24,iddq_ua,41.1116,True
C_00912,LOT_022,96,iddq_ua,64.6412,True
C_00912,LOT_022,168,iddq_ua,83.1859,True
C_00912,LOT_022,0,prop_delay_ns,5.0803,True
C_00912,LOT_022,24,prop_delay_ns,5.4686,True
C_00912,LOT_022,96,prop_delay_ns,6.3616,True
C_00912,LOT_022,168,prop_delay_ns,6.6779,True
C_00913,LOT_022,0,leakage_ua,10.3464,False
C_00913,LOT_022,24,leakage_ua,11.2665,False
C_00913,LOT_022,96,leakage_ua,11.161,False
C_00913,LOT_022,168,leakage_ua,11.2216,False
C_00913,LOT_022,0,iddq_ua,25.5542,False
C_00913,LOT_022,24,iddq_ua,26.0987,False
C_00913,LOT_022,96,iddq_ua,27.9849,False
C_00913,LOT_022,168,iddq_ua,28.5941,False
C_00913,LOT_022,0,prop_delay_ns,5.0409,False
C_00913,LOT_022,24,prop_delay_ns,5.0563,False
C_00913,LOT_022,96,prop_delay_ns,4.9587,False
C_00913,LOT_022,168,prop_delay_ns,5.0777,False
C_00914,LOT_022,0,leakage_ua,10.3347,False
C_00914,LOT_022,24,leakage_ua,10.3761,False
C_00914,LOT_022,96,leakage_ua,10.4597,False
C_00914,LOT_022,168,leakage_ua,10.4512,False
C_00914,LOT_022,0,iddq_ua,24.9377,False
C_00914,LOT_022,24,iddq_ua,26.9013,False
C_00914,LOT_022,96,iddq_ua,26.8646,False
C_00914,LOT_022,168,iddq_ua,26.9958,False
C_00914,LOT_022,0,prop_delay_ns,4.4045,False
C_00914,LOT_022,24,prop_delay_ns,4.5017,False
C_00914,LOT_022,96,prop_delay_ns,4.5585,False
C_00914,LOT_022,168,prop_delay_ns,4.8398,False
C_00915,LOT_022,0,leakage_ua,11.0476,False
C_00915,LOT_022,24,leakage_ua,11.2371,False
C_00915,LOT_022,96,leakage_ua,12.1789,False
C_00915,LOT_022,168,leakage_ua,12.7431,False
C_00915,LOT_022,0,iddq_ua,24.2834,False
C_00915,LOT_022,24,iddq_ua,23.9497,False
C_00915,LOT_022,96,iddq_ua,25.4715,False
C_00915,LOT_022,168,iddq_ua,26.8523,False
C_00915,LOT_022,0,prop_delay_ns,4.56,False
C_00915,LOT_022,24,prop_delay_ns,4.5358,False
C_00915,LOT_022,96,prop_delay_ns,4.6463,False
C_00915,LOT_022,168,prop_delay_ns,4.7014,False
C_00916,LOT_022,0,leakage_ua,10.2581,False
C_00916,LOT_022,24,leakage_ua,10.3033,False
C_00916,LOT_022,96,leakage_ua,10.3677,False
C_00916,LOT_022,168,leakage_ua,10.8471,False
C_00916,LOT_022,0,iddq_ua,24.4977,False
C_00916,LOT_022,24,iddq_ua,24.3412,False
C_00916,LOT_022,96,iddq_ua,25.68,False
C_00916,LOT_022,168,iddq_ua,26.6493,False
C_00916,LOT_022,0,prop_delay_ns,4.8974,False
C_00916,LOT_022,24,prop_delay_ns,4.8838,False
C_00916,LOT_022,96,prop_delay_ns,5.0502,False
C_00916,LOT_022,168,prop_delay_ns,5.0993,False
C_00917,LOT_022,0,leakage_ua,10.906,False
C_00917,LOT_022,24,leakage_ua,10.6717,False
C_00917,LOT_022,96,leakage_ua,11.2327,False
C_00917,LOT_022,168,leakage_ua,10.9862,False
C_00917,LOT_022,0,iddq_ua,21.8912,False
C_00917,LOT_022,24,iddq_ua,21.9648,False
C_00917,LOT_022,96,iddq_ua,23.1159,False
C_00917,LOT_022,168,iddq_ua,23.2559,False
C_00917,LOT_022,0,prop_delay_ns,5.0543,False
C_00917,LOT_022,24,prop_delay_ns,4.8173,False
C_00917,LOT_022,96,prop_delay_ns,4.8989,False
C_00917,LOT_022,168,prop_delay_ns,4.7527,False
C_00918,LOT_022,0,leakage_ua,10.9544,False
C_00918,LOT_022,24,leakage_ua,10.7163,False
C_00918,LOT_022,96,leakage_ua,11.4331,False
C_00918,LOT_022,168,leakage_ua,11.0989,False
C_00918,LOT_022,0,iddq_ua,21.6215,False
C_00918,LOT_022,24,iddq_ua,22.5137,False
C_00918,LOT_022,96,iddq_ua,23.1476,False
C_00918,LOT_022,168,iddq_ua,23.8558,False
C_00918,LOT_022,0,prop_delay_ns,5.056,False
C_00918,LOT_022,24,prop_delay_ns,5.127,False
C_00918,LOT_022,96,prop_delay_ns,5.0453,False
C_00918,LOT_022,168,prop_delay_ns,5.0463,False
C_00919,LOT_022,0,leakage_ua,9.8492,False
C_00919,LOT_022,24,leakage_ua,9.74,False
C_00919,LOT_022,96,leakage_ua,10.0496,False
C_00919,LOT_022,168,leakage_ua,9.7826,False
C_00919,LOT_022,0,iddq_ua,23.1552,False
C_00919,LOT_022,24,iddq_ua,23.7261,False
C_00919,LOT_022,96,iddq_ua,24.4866,False
C_00919,LOT_022,168,iddq_ua,24.7061,False
C_00919,LOT_022,0,prop_delay_ns,4.7241,False
C_00919,LOT_022,24,prop_delay_ns,4.6985,False
C_00919,LOT_022,96,prop_delay_ns,4.9737,False
C_00919,LOT_022,168,prop_delay_ns,4.9626,False
C_00920,LOT_022,0,leakage_ua,9.7956,False
C_00920,LOT_022,24,leakage_ua,10.3007,False
C_00920,LOT_022,96,leakage_ua,10.9492,False
C_00920,LOT_022,168,leakage_ua,10.9835,False
C_00920,LOT_022,0,iddq_ua,23.1949,False
C_00920,LOT_022,24,iddq_ua,23.2388,False
C_00920,LOT_022,96,iddq_ua,24.7727,False
C_00920,LOT_022,168,iddq_ua,24.4465,False
C_00920,LOT_022,0,prop_delay_ns,4.5682,False
C_00920,LOT_022,24,prop_delay_ns,4.6715,False
C_00920,LOT_022,96,prop_delay_ns,4.7491,False
C_00920,LOT_022,168,prop_delay_ns,4.7926,False
C_00921,LOT_023,0,leakage_ua,8.7067,False
C_00921,LOT_023,24,leakage_ua,8.7165,False
C_00921,LOT_023,96,leakage_ua,8.7362,False
C_00921,LOT_023,168,leakage_ua,8.6354,False
C_00921,LOT_023,0,iddq_ua,24.5412,False
C_00921,LOT_023,24,iddq_ua,23.7218,False
C_00921,LOT_023,96,iddq_ua,23.553,False
C_00921,LOT_023,168,iddq_ua,24.9287,False
C_00921,LOT_023,0,prop_delay_ns,3.8151,False
C_00921,LOT_023,24,prop_delay_ns,3.8475,False
C_00921,LOT_023,96,prop_delay_ns,3.8085,False
C_00921,LOT_023,168,prop_delay_ns,3.8827,False
C_00922,LOT_023,0,leakage_ua,8.0064,False
C_00922,LOT_023,24,leakage_ua,7.8597,False
C_00922,LOT_023,96,leakage_ua,8.3099,False
C_00922,LOT_023,168,leakage_ua,8.2815,False
C_00922,LOT_023,0,iddq_ua,24.0483,False
C_00922,LOT_023,24,iddq_ua,24.2982,False
C_00922,LOT_023,96,iddq_ua,25.1369,False
C_00922,LOT_023,168,iddq_ua,24.6877,False
C_00922,LOT_023,0,prop_delay_ns,4.3712,False
C_00922,LOT_023,24,prop_delay_ns,4.4063,False
C_00922,LOT_023,96,prop_delay_ns,4.4989,False
C_00922,LOT_023,168,prop_delay_ns,4.4086,False
C_00923,LOT_023,0,leakage_ua,7.6726,False
C_00923,LOT_023,24,leakage_ua,7.9122,False
C_00923,LOT_023,96,leakage_ua,7.9066,False
C_00923,LOT_023,168,leakage_ua,8.1475,False
C_00923,LOT_023,0,iddq_ua,25.0826,False
C_00923,LOT_023,24,iddq_ua,25.8458,False
C_00923,LOT_023,96,iddq_ua,26.2236,False
C_00923,LOT_023,168,iddq_ua,26.3459,False
C_00923,LOT_023,0,prop_delay_ns,4.1228,False
C_00923,LOT_023,24,prop_delay_ns,3.9932,False
C_00923,LOT_023,96,prop_delay_ns,4.2554,False
C_00923,LOT_023,168,prop_delay_ns,4.2408,False
C_00924,LOT_023,0,leakage_ua,7.3191,False
C_00924,LOT_023,24,leakage_ua,7.4432,False
C_00924,LOT_023,96,leakage_ua,7.5696,False
C_00924,LOT_023,168,leakage_ua,7.7035,False
C_00924,LOT_023,0,iddq_ua,22.6874,False
C_00924,LOT_023,24,iddq_ua,23.7037,False
C_00924,LOT_023,96,iddq_ua,24.2632,False
C_00924,LOT_023,168,iddq_ua,24.5632,False
C_00924,LOT_023,0,prop_delay_ns,4.2115,False
C_00924,LOT_023,24,prop_delay_ns,4.2133,False
C_00924,LOT_023,96,prop_delay_ns,4.4033,False
C_00924,LOT_023,168,prop_delay_ns,4.5135,False
C_00925,LOT_023,0,leakage_ua,7.1844,False
C_00925,LOT_023,24,leakage_ua,7.1418,False
C_00925,LOT_023,96,leakage_ua,7.4228,False
C_00925,LOT_023,168,leakage_ua,7.6014,False
C_00925,LOT_023,0,iddq_ua,26.6423,False
C_00925,LOT_023,24,iddq_ua,27.4061,False
C_00925,LOT_023,96,iddq_ua,28.238,False
C_00925,LOT_023,168,iddq_ua,29.0979,False
C_00925,LOT_023,0,prop_delay_ns,4.5081,False
C_00925,LOT_023,24,prop_delay_ns,4.4233,False
C_00925,LOT_023,96,prop_delay_ns,4.4373,False
C_00925,LOT_023,168,prop_delay_ns,4.4073,False
C_00926,LOT_023,0,leakage_ua,7.9113,False
C_00926,LOT_023,24,leakage_ua,7.8986,False
C_00926,LOT_023,96,leakage_ua,7.9381,False
C_00926,LOT_023,168,leakage_ua,7.9917,False
C_00926,LOT_023,0,iddq_ua,23.5696,False
C_00926,LOT_023,24,iddq_ua,24.5718,False
C_00926,LOT_023,96,iddq_ua,25.9005,False
C_00926,LOT_023,168,iddq_ua,26.0447,False
C_00926,LOT_023,0,prop_delay_ns,4.0356,False
C_00926,LOT_023,24,prop_delay_ns,3.9968,False
C_00926,LOT_023,96,prop_delay_ns,4.2667,False
C_00926,LOT_023,168,prop_delay_ns,4.2356,False
C_00927,LOT_023,0,leakage_ua,7.9608,False
C_00927,LOT_023,24,leakage_ua,8.0675,False
C_00927,LOT_023,96,leakage_ua,8.7429,False
C_00927,LOT_023,168,leakage_ua,8.6512,False
C_00927,LOT_023,0,iddq_ua,24.0577,False
C_00927,LOT_023,24,iddq_ua,25.2772,False
C_00927,LOT_023,96,iddq_ua,26.5067,False
C_00927,LOT_023,168,iddq_ua,27.7095,False
C_00927,LOT_023,0,prop_delay_ns,4.1244,False
C_00927,LOT_023,24,prop_delay_ns,3.9444,False
C_00927,LOT_023,96,prop_delay_ns,4.0617,False
C_00927,LOT_023,168,prop_delay_ns,3.9745,False
C_00928,LOT_023,0,leakage_ua,8.2035,False
C_00928,LOT_023,24,leakage_ua,8.361,False
C_00928,LOT_023,96,leakage_ua,8.3146,False
C_00928,LOT_023,168,leakage_ua,8.5019,False
C_00928,LOT_023,0,iddq_ua,24.6849,False
C_00928,LOT_023,24,iddq_ua,24.8173,False
C_00928,LOT_023,96,iddq_ua,24.4783,False
C_00928,LOT_023,168,iddq_ua,25.2875,False
C_00928,LOT_023,0,prop_delay_ns,4.168,False
C_00928,LOT_023,24,prop_delay_ns,4.3509,False
C_00928,LOT_023,96,prop_delay_ns,4.2641,False
C_00928,LOT_023,168,prop_delay_ns,4.4979,False
C_00929,LOT_023,0,leakage_ua,7.2909,False
C_00929,LOT_023,24,leakage_ua,7.5577,False
C_00929,LOT_023,96,leakage_ua,7.6365,False
C_00929,LOT_023,168,leakage_ua,7.8049,False
C_00929,LOT_023,0,iddq_ua,25.2679,False
C_00929,LOT_023,24,iddq_ua,25.7268,False
C_00929,LOT_023,96,iddq_ua,26.2216,False
C_00929,LOT_023,168,iddq_ua,27.6845,False
C_00929,LOT_023,0,prop_delay_ns,4.4813,False
C_00929,LOT_023,24,prop_delay_ns,4.2772,False
C_00929,LOT_023,96,prop_delay_ns,4.5572,False
C_00929,LOT_023,168,prop_delay_ns,4.6271,False
C_00930,LOT_023,0,leakage_ua,8.3034,False
C_00930,LOT_023,24,leakage_ua,8.088,False
C_00930,LOT_023,96,leakage_ua,8.2151,False
C_00930,LOT_023,168,leakage_ua,8.6578,False
C_00930,LOT_023,0,iddq_ua,25.3334,False
C_00930,LOT_023,24,iddq_ua,26.4002,False
C_00930,LOT_023,96,iddq_ua,28.0023,False
C_00930,LOT_023,168,iddq_ua,27.6827,False
C_00930,LOT_023,0,prop_delay_ns,3.8993,False
C_00930,LOT_023,24,prop_delay_ns,3.7683,False
C_00930,LOT_023,96,prop_delay_ns,3.7192,False
C_00930,LOT_023,168,prop_delay_ns,4.0182,False
C_00931,LOT_023,0,leakage_ua,7.6383,False
C_00931,LOT_023,24,leakage_ua,7.6823,False
C_00931,LOT_023,96,leakage_ua,7.7568,False
C_00931,LOT_023,168,leakage_ua,7.4547,False
C_00931,LOT_023,0,iddq_ua,22.9211,False
C_00931,LOT_023,24,iddq_ua,23.4606,False
C_00931,LOT_023,96,iddq_ua,24.3355,False
C_00931,LOT_023,168,iddq_ua,23.6044,False
C_00931,LOT_023,0,prop_delay_ns,4.0767,False
C_00931,LOT_023,24,prop_delay_ns,4.1596,False
C_00931,LOT_023,96,prop_delay_ns,4.1698,False
C_00931,LOT_023,168,prop_delay_ns,4.2607,False
C_00932,LOT_023,0,leakage_ua,7.7414,False
C_00932,LOT_023,24,leakage_ua,7.6449,False
C_00932,LOT_023,96,leakage_ua,7.9972,False
C_00932,LOT_023,168,leakage_ua,8.1847,False
C_00932,LOT_023,0,iddq_ua,22.7342,False
C_00932,LOT_023,24,iddq_ua,24.7474,False
C_00932,LOT_023,96,iddq_ua,24.0818,False
C_00932,LOT_023,168,iddq_ua,24.2758,False
C_00932,LOT_023,0,prop_delay_ns,3.9277,False
C_00932,LOT_023,24,prop_delay_ns,3.7426,False
C_00932,LOT_023,96,prop_delay_ns,3.7535,False
C_00932,LOT_023,168,prop_delay_ns,3.9387,False
C_00933,LOT_023,0,leakage_ua,7.7607,True
C_00933,LOT_023,24,leakage_ua,11.819,True
C_00933,LOT_023,96,leakage_ua,18.2188,True
C_00933,LOT_023,168,leakage_ua,23.1839,True
C_00933,LOT_023,0,iddq_ua,22.6956,True
C_00933,LOT_023,24,iddq_ua,35.0725,True
C_00933,LOT_023,96,iddq_ua,56.4916,True
C_00933,LOT_023,168,iddq_ua,73.5937,True
C_00933,LOT_023,0,prop_delay_ns,3.9888,True
C_00933,LOT_023,24,prop_delay_ns,4.5279,True
C_00933,LOT_023,96,prop_delay_ns,5.0449,True
C_00933,LOT_023,168,prop_delay_ns,5.5777,True
C_00934,LOT_023,0,leakage_ua,8.2269,False
C_00934,LOT_023,24,leakage_ua,8.2491,False
C_00934,LOT_023,96,leakage_ua,8.3996,False
C_00934,LOT_023,168,leakage_ua,8.1285,False
C_00934,LOT_023,0,iddq_ua,22.5234,False
C_00934,LOT_023,24,iddq_ua,22.8585,False
C_00934,LOT_023,96,iddq_ua,24.5363,False
C_00934,LOT_023,168,iddq_ua,24.7883,False
C_00934,LOT_023,0,prop_delay_ns,4.4373,False
C_00934,LOT_023,24,prop_delay_ns,4.3567,False
C_00934,LOT_023,96,prop_delay_ns,4.3674,False
C_00934,LOT_023,168,prop_delay_ns,4.3728,False
C_00935,LOT_023,0,leakage_ua,8.1693,False
C_00935,LOT_023,24,leakage_ua,8.317,False
C_00935,LOT_023,96,leakage_ua,8.4259,False
C_00935,LOT_023,168,leakage_ua,8.487,False
C_00935,LOT_023,0,iddq_ua,24.7075,False
C_00935,LOT_023,24,iddq_ua,24.4594,False
C_00935,LOT_023,96,iddq_ua,25.0409,False
C_00935,LOT_023,168,iddq_ua,25.3089,False
C_00935,LOT_023,0,prop_delay_ns,3.9343,False
C_00935,LOT_023,24,prop_delay_ns,3.8346,False
C_00935,LOT_023,96,prop_delay_ns,4.0509,False
C_00935,LOT_023,168,prop_delay_ns,4.0488,False
C_00936,LOT_023,0,leakage_ua,8.4791,False
C_00936,LOT_023,24,leakage_ua,8.2465,False
C_00936,LOT_023,96,leakage_ua,8.3466,False
C_00936,LOT_023,168,leakage_ua,8.5581,False
C_00936,LOT_023,0,iddq_ua,26.3432,False
C_00936,LOT_023,24,iddq_ua,26.0703,False
C_00936,LOT_023,96,iddq_ua,26.2106,False
C_00936,LOT_023,168,iddq_ua,26.6509,False
C_00936,LOT_023,0,prop_delay_ns,4.2175,False
C_00936,LOT_023,24,prop_delay_ns,4.2377,False
C_00936,LOT_023,96,prop_delay_ns,4.3102,False
C_00936,LOT_023,168,prop_delay_ns,4.4262,False
C_00937,LOT_023,0,leakage_ua,7.3564,False
C_00937,LOT_023,24,leakage_ua,7.551,False
C_00937,LOT_023,96,leakage_ua,7.3925,False
C_00937,LOT_023,168,leakage_ua,7.6431,False
C_00937,LOT_023,0,iddq_ua,25.3337,False
C_00937,LOT_023,24,iddq_ua,25.5218,False
C_00937,LOT_023,96,iddq_ua,26.4089,False
C_00937,LOT_023,168,iddq_ua,27.8929,False
C_00937,LOT_023,0,prop_delay_ns,4.065,False
C_00937,LOT_023,24,prop_delay_ns,4.0301,False
C_00937,LOT_023,96,prop_delay_ns,4.1214,False
C_00937,LOT_023,168,prop_delay_ns,4.2398,False
C_00938,LOT_023,0,leakage_ua,7.9254,False
C_00938,LOT_023,24,leakage_ua,7.8253,False
C_00938,LOT_023,96,leakage_ua,8.2498,False
C_00938,LOT_023,168,leakage_ua,8.1317,False
C_00938,LOT_023,0,iddq_ua,26.6753,False
C_00938,LOT_023,24,iddq_ua,25.9855,False
C_00938,LOT_023,96,iddq_ua,26.9241,False
C_00938,LOT_023,168,iddq_ua,26.9856,False
C_00938,LOT_023,0,prop_delay_ns,4.3444,False
C_00938,LOT_023,24,prop_delay_ns,4.4684,False
C_00938,LOT_023,96,prop_delay_ns,4.4919,False
C_00938,LOT_023,168,prop_delay_ns,4.5929,False
C_00939,LOT_023,0,leakage_ua,7.8858,False
C_00939,LOT_023,24,leakage_ua,8.0811,False
C_00939,LOT_023,96,leakage_ua,7.9906,False
C_00939,LOT_023,168,leakage_ua,8.2976,False
C_00939,LOT_023,0,iddq_ua,23.7103,False
C_00939,LOT_023,24,iddq_ua,24.146,False
C_00939,LOT_023,96,iddq_ua,24.0285,False
C_00939,LOT_023,168,iddq_ua,24.7867,False
C_00939,LOT_023,0,prop_delay_ns,3.947,False
C_00939,LOT_023,24,prop_delay_ns,4.0222,False
C_00939,LOT_023,96,prop_delay_ns,4.0565,False
C_00939,LOT_023,168,prop_delay_ns,4.1772,False
C_00940,LOT_023,0,leakage_ua,7.6765,False
C_00940,LOT_023,24,leakage_ua,7.9663,False
C_00940,LOT_023,96,leakage_ua,7.8654,False
C_00940,LOT_023,168,leakage_ua,8.1635,False
C_00940,LOT_023,0,iddq_ua,22.8581,False
C_00940,LOT_023,24,iddq_ua,23.3891,False
C_00940,LOT_023,96,iddq_ua,22.4607,False
C_00940,LOT_023,168,iddq_ua,24.1318,False
C_00940,LOT_023,0,prop_delay_ns,4.3087,False
C_00940,LOT_023,24,prop_delay_ns,4.2734,False
C_00940,LOT_023,96,prop_delay_ns,4.3713,False
C_00940,LOT_023,168,prop_delay_ns,4.348,False
C_00941,LOT_023,0,leakage_ua,8.6072,False
C_00941,LOT_023,24,leakage_ua,8.4937,False
C_00941,LOT_023,96,leakage_ua,8.5063,False
C_00941,LOT_023,168,leakage_ua,8.9427,False
C_00941,LOT_023,0,iddq_ua,25.3556,False
C_00941,LOT_023,24,iddq_ua,26.872,False
C_00941,LOT_023,96,iddq_ua,27.9583,False
C_00941,LOT_023,168,iddq_ua,29.1313,False
C_00941,LOT_023,0,prop_delay_ns,4.475,False
C_00941,LOT_023,24,prop_delay_ns,4.4602,False
C_00941,LOT_023,96,prop_delay_ns,4.6383,False
C_00941,LOT_023,168,prop_delay_ns,4.6707,False
C_00942,LOT_023,0,leakage_ua,7.3901,False
C_00942,LOT_023,24,leakage_ua,7.6354,False
C_00942,LOT_023,96,leakage_ua,7.7375,False
C_00942,LOT_023,168,leakage_ua,8.1764,False
C_00942,LOT_023,0,iddq_ua,24.1351,False
C_00942,LOT_023,24,iddq_ua,23.7175,False
C_00942,LOT_023,96,iddq_ua,25.2491,False
C_00942,LOT_023,168,iddq_ua,25.7497,False
C_00942,LOT_023,0,prop_delay_ns,4.0286,False
C_00942,LOT_023,24,prop_delay_ns,3.9944,False
C_00942,LOT_023,96,prop_delay_ns,4.0175,False
C_00942,LOT_023,168,prop_delay_ns,4.086,False
C_00943,LOT_023,0,leakage_ua,7.9867,False
C_00943,LOT_023,24,leakage_ua,7.9266,False
C_00943,LOT_023,96,leakage_ua,8.1374,False
C_00943,LOT_023,168,leakage_ua,8.2015,False
C_00943,LOT_023,0,iddq_ua,23.6179,False
C_00943,LOT_023,24,iddq_ua,24.1485,False
C_00943,LOT_023,96,iddq_ua,25.1409,False
C_00943,LOT_023,168,iddq_ua,26.5174,False
C_00943,LOT_023,0,prop_delay_ns,4.2086,False
C_00943,LOT_023,24,prop_delay_ns,4.3614,False
C_00943,LOT_023,96,prop_delay_ns,4.3393,False
C_00943,LOT_023,168,prop_delay_ns,4.3238,False
C_00944,LOT_023,0,leakage_ua,8.603,True
C_00944,LOT_023,24,leakage_ua,14.6699,True
C_00944,LOT_023,96,leakage_ua,23.3033,True
C_00944,LOT_023,168,leakage_ua,30.0352,True
C_00944,LOT_023,0,iddq_ua,25.7072,True
C_00944,LOT_023,24,iddq_ua,40.0874,True
C_00944,LOT_023,96,iddq_ua,64.0443,True
C_00944,LOT_023,168,iddq_ua,82.6594,True
C_00944,LOT_023,0,prop_delay_ns,4.2722,True
C_00944,LOT_023,24,prop_delay_ns,4.6718,True
C_00944,LOT_023,96,prop_delay_ns,5.4641,True
C_00944,LOT_023,168,prop_delay_ns,6.0321,True
C_00945,LOT_023,0,leakage_ua,7.9173,False
C_00945,LOT_023,24,leakage_ua,7.8101,False
C_00945,LOT_023,96,leakage_ua,8.1845,False
C_00945,LOT_023,168,leakage_ua,8.1501,False
C_00945,LOT_023,0,iddq_ua,25.4538,False
C_00945,LOT_023,24,iddq_ua,26.4299,False
C_00945,LOT_023,96,iddq_ua,27.5076,False
C_00945,LOT_023,168,iddq_ua,27.05,False
C_00945,LOT_023,0,prop_delay_ns,4.5855,False
C_00945,LOT_023,24,prop_delay_ns,4.616,False
C_00945,LOT_023,96,prop_delay_ns,4.616,False
C_00945,LOT_023,168,prop_delay_ns,4.6989,False
C_00946,LOT_023,0,leakage_ua,7.5109,False
C_00946,LOT_023,24,leakage_ua,7.3521,False
C_00946,LOT_023,96,leakage_ua,7.548,False
C_00946,LOT_023,168,leakage_ua,7.6411,False
C_00946,LOT_023,0,iddq_ua,23.127,False
C_00946,LOT_023,24,iddq_ua,23.3977,False
C_00946,LOT_023,96,iddq_ua,23.6926,False
C_00946,LOT_023,168,iddq_ua,23.976,False
C_00946,LOT_023,0,prop_delay_ns,3.9241,False
C_00946,LOT_023,24,prop_delay_ns,4.0305,False
C_00946,LOT_023,96,prop_delay_ns,4.019,False
C_00946,LOT_023,168,prop_delay_ns,4.1133,False
C_00947,LOT_023,0,leakage_ua,8.4613,False
C_00947,LOT_023,24,leakage_ua,8.4691,False
C_00947,LOT_023,96,leakage_ua,9.148,False
C_00947,LOT_023,168,leakage_ua,9.4664,False
C_00947,LOT_023,0,iddq_ua,23.9532,False
C_00947,LOT_023,24,iddq_ua,24.6102,False
C_00947,LOT_023,96,iddq_ua,25.2672,False
C_00947,LOT_023,168,iddq_ua,25.5846,False
C_00947,LOT_023,0,prop_delay_ns,4.2993,False
C_00947,LOT_023,24,prop_delay_ns,4.1803,False
C_00947,LOT_023,96,prop_delay_ns,4.4367,False
C_00947,LOT_023,168,prop_delay_ns,4.5336,False
C_00948,LOT_023,0,leakage_ua,7.9732,False
C_00948,LOT_023,24,leakage_ua,7.9078,False
C_00948,LOT_023,96,leakage_ua,8.1395,False
C_00948,LOT_023,168,leakage_ua,8.1414,False
C_00948,LOT_023,0,iddq_ua,25.3786,False
C_00948,LOT_023,24,iddq_ua,25.7253,False
C_00948,LOT_023,96,iddq_ua,27.2498,False
C_00948,LOT_023,168,iddq_ua,27.1047,False
C_00948,LOT_023,0,prop_delay_ns,4.3389,False
C_00948,LOT_023,24,prop_delay_ns,4.3655,False
C_00948,LOT_023,96,prop_delay_ns,4.4356,False
C_00948,LOT_023,168,prop_delay_ns,4.3642,False
C_00949,LOT_023,0,leakage_ua,8.3821,False
C_00949,LOT_023,24,leakage_ua,8.9107,False
C_00949,LOT_023,96,leakage_ua,8.5975,False
C_00949,LOT_023,168,leakage_ua,8.6485,False
C_00949,LOT_023,0,iddq_ua,22.385,False
C_00949,LOT_023,24,iddq_ua,22.3191,False
C_00949,LOT_023,96,iddq_ua,23.4418,False
C_00949,LOT_023,168,iddq_ua,23.7602,False
C_00949,LOT_023,0,prop_delay_ns,3.6094,False
C_00949,LOT_023,24,prop_delay_ns,3.6295,False
C_00949,LOT_023,96,prop_delay_ns,3.7691,False
C_00949,LOT_023,168,prop_delay_ns,3.8626,False
C_00950,LOT_023,0,leakage_ua,7.2411,False
C_00950,LOT_023,24,leakage_ua,7.4335,False
C_00950,LOT_023,96,leakage_ua,7.8105,False
C_00950,LOT_023,168,leakage_ua,7.3498,False
C_00950,LOT_023,0,iddq_ua,24.1238,False
C_00950,LOT_023,24,iddq_ua,24.7231,False
C_00950,LOT_023,96,iddq_ua,26.1868,False
C_00950,LOT_023,168,iddq_ua,27.4387,False
C_00950,LOT_023,0,prop_delay_ns,4.3591,False
C_00950,LOT_023,24,prop_delay_ns,4.0751,False
C_00950,LOT_023,96,prop_delay_ns,4.2622,False
C_00950,LOT_023,168,prop_delay_ns,4.032,False
C_00951,LOT_023,0,leakage_ua,8.1572,False
C_00951,LOT_023,24,leakage_ua,8.086,False
C_00951,LOT_023,96,leakage_ua,8.7205,False
C_00951,LOT_023,168,leakage_ua,8.6993,False
C_00951,LOT_023,0,iddq_ua,22.8827,False
C_00951,LOT_023,24,iddq_ua,22.925,False
C_00951,LOT_023,96,iddq_ua,23.2897,False
C_00951,LOT_023,168,iddq_ua,23.9946,False
C_00951,LOT_023,0,prop_delay_ns,4.1644,False
C_00951,LOT_023,24,prop_delay_ns,4.2095,False
C_00951,LOT_023,96,prop_delay_ns,4.2233,False
C_00951,LOT_023,168,prop_delay_ns,4.1291,False
C_00952,LOT_023,0,leakage_ua,8.2032,False
C_00952,LOT_023,24,leakage_ua,8.4129,False
C_00952,LOT_023,96,leakage_ua,8.0428,False
C_00952,LOT_023,168,leakage_ua,8.7107,False
C_00952,LOT_023,0,iddq_ua,26.4096,False
C_00952,LOT_023,24,iddq_ua,26.3097,False
C_00952,LOT_023,96,iddq_ua,27.3202,False
C_00952,LOT_023,168,iddq_ua,27.2479,False
C_00952,LOT_023,0,prop_delay_ns,3.6818,False
C_00952,LOT_023,24,prop_delay_ns,3.7061,False
C_00952,LOT_023,96,prop_delay_ns,3.7161,False
C_00952,LOT_023,168,prop_delay_ns,3.8071,False
C_00953,LOT_023,0,leakage_ua,7.8097,False
C_00953,LOT_023,24,leakage_ua,7.9268,False
C_00953,LOT_023,96,leakage_ua,8.104,False
C_00953,LOT_023,168,leakage_ua,8.0639,False
C_00953,LOT_023,0,iddq_ua,23.3373,False
C_00953,LOT_023,24,iddq_ua,25.1566,False
C_00953,LOT_023,96,iddq_ua,25.7,False
C_00953,LOT_023,168,iddq_ua,26.3675,False
C_00953,LOT_023,0,prop_delay_ns,4.4791,False
C_00953,LOT_023,24,prop_delay_ns,4.1982,False
C_00953,LOT_023,96,prop_delay_ns,4.3705,False
C_00953,LOT_023,168,prop_delay_ns,4.2467,False
C_00954,LOT_023,0,leakage_ua,7.775,False
C_00954,LOT_023,24,leakage_ua,7.6504,False
C_00954,LOT_023,96,leakage_ua,7.6914,False
C_00954,LOT_023,168,leakage_ua,8.1339,False
C_00954,LOT_023,0,iddq_ua,23.7673,False
C_00954,LOT_023,24,iddq_ua,25.0816,False
C_00954,LOT_023,96,iddq_ua,25.0357,False
C_00954,LOT_023,168,iddq_ua,24.814,False
C_00954,LOT_023,0,prop_delay_ns,4.2441,False
C_00954,LOT_023,24,prop_delay_ns,4.2392,False
C_00954,LOT_023,96,prop_delay_ns,4.2045,False
C_00954,LOT_023,168,prop_delay_ns,4.2657,False
C_00955,LOT_023,0,leakage_ua,8.0529,False
C_00955,LOT_023,24,leakage_ua,8.1101,False
C_00955,LOT_023,96,leakage_ua,8.5418,False
C_00955,LOT_023,168,leakage_ua,8.5837,False
C_00955,LOT_023,0,iddq_ua,26.9768,False
C_00955,LOT_023,24,iddq_ua,27.298,False
C_00955,LOT_023,96,iddq_ua,28.8501,False
C_00955,LOT_023,168,iddq_ua,27.9559,False
C_00955,LOT_023,0,prop_delay_ns,4.0613,False
C_00955,LOT_023,24,prop_delay_ns,4.1301,False
C_00955,LOT_023,96,prop_delay_ns,4.2308,False
C_00955,LOT_023,168,prop_delay_ns,4.3005,False
C_00956,LOT_023,0,leakage_ua,7.7561,False
C_00956,LOT_023,24,leakage_ua,7.8938,False
C_00956,LOT_023,96,leakage_ua,8.2241,False
C_00956,LOT_023,168,leakage_ua,8.3343,False
C_00956,LOT_023,0,iddq_ua,21.5389,False
C_00956,LOT_023,24,iddq_ua,21.3718,False
C_00956,LOT_023,96,iddq_ua,21.9991,False
C_00956,LOT_023,168,iddq_ua,22.7705,False
C_00956,LOT_023,0,prop_delay_ns,4.0947,False
C_00956,LOT_023,24,prop_delay_ns,4.0495,False
C_00956,LOT_023,96,prop_delay_ns,4.1548,False
C_00956,LOT_023,168,prop_delay_ns,4.1261,False
C_00957,LOT_023,0,leakage_ua,8.0177,False
C_00957,LOT_023,24,leakage_ua,8.0649,False
C_00957,LOT_023,96,leakage_ua,8.2682,False
C_00957,LOT_023,168,leakage_ua,8.7956,False
C_00957,LOT_023,0,iddq_ua,26.1073,False
C_00957,LOT_023,24,iddq_ua,25.6305,False
C_00957,LOT_023,96,iddq_ua,25.9263,False
C_00957,LOT_023,168,iddq_ua,25.8165,False
C_00957,LOT_023,0,prop_delay_ns,4.0334,False
C_00957,LOT_023,24,prop_delay_ns,3.9492,False
C_00957,LOT_023,96,prop_delay_ns,4.0903,False
C_00957,LOT_023,168,prop_delay_ns,4.0793,False
C_00958,LOT_023,0,leakage_ua,7.2017,False
C_00958,LOT_023,24,leakage_ua,7.1463,False
C_00958,LOT_023,96,leakage_ua,7.4669,False
C_00958,LOT_023,168,leakage_ua,7.3905,False
C_00958,LOT_023,0,iddq_ua,22.2935,False
C_00958,LOT_023,24,iddq_ua,22.9636,False
C_00958,LOT_023,96,iddq_ua,23.9919,False
C_00958,LOT_023,168,iddq_ua,25.1633,False
C_00958,LOT_023,0,prop_delay_ns,3.8755,False
C_00958,LOT_023,24,prop_delay_ns,3.9398,False
C_00958,LOT_023,96,prop_delay_ns,3.8537,False
C_00958,LOT_023,168,prop_delay_ns,3.9379,False
C_00959,LOT_023,0,leakage_ua,8.2707,False
C_00959,LOT_023,24,leakage_ua,8.5762,False
C_00959,LOT_023,96,leakage_ua,8.9193,False
C_00959,LOT_023,168,leakage_ua,9.5621,False
C_00959,LOT_023,0,iddq_ua,24.2051,False
C_00959,LOT_023,24,iddq_ua,24.493,False
C_00959,LOT_023,96,iddq_ua,24.7474,False
C_00959,LOT_023,168,iddq_ua,24.6747,False
C_00959,LOT_023,0,prop_delay_ns,4.4482,False
C_00959,LOT_023,24,prop_delay_ns,4.4691,False
C_00959,LOT_023,96,prop_delay_ns,4.5369,False
C_00959,LOT_023,168,prop_delay_ns,4.5962,False
C_00960,LOT_023,0,leakage_ua,7.1463,False
C_00960,LOT_023,24,leakage_ua,7.5734,False
C_00960,LOT_023,96,leakage_ua,7.8357,False
C_00960,LOT_023,168,leakage_ua,7.9359,False
C_00960,LOT_023,0,iddq_ua,26.3594,False
C_00960,LOT_023,24,iddq_ua,26.2501,False
C_00960,LOT_023,96,iddq_ua,27.7147,False
C_00960,LOT_023,168,iddq_ua,27.1863,False
C_00960,LOT_023,0,prop_delay_ns,3.641,False
C_00960,LOT_023,24,prop_delay_ns,3.7407,False
C_00960,LOT_023,96,prop_delay_ns,3.8216,False
C_00960,LOT_023,168,prop_delay_ns,3.8926,False
C_00961,LOT_024,0,leakage_ua,11.0166,False
C_00961,LOT_024,24,leakage_ua,11.0442,False
C_00961,LOT_024,96,leakage_ua,11.4035,False
C_00961,LOT_024,168,leakage_ua,11.4853,False
C_00961,LOT_024,0,iddq_ua,21.3205,False
C_00961,LOT_024,24,iddq_ua,23.1965,False
C_00961,LOT_024,96,iddq_ua,24.0574,False
C_00961,LOT_024,168,iddq_ua,24.7635,False
C_00961,LOT_024,0,prop_delay_ns,4.6518,False
C_00961,LOT_024,24,prop_delay_ns,4.7019,False
C_00961,LOT_024,96,prop_delay_ns,4.7257,False
C_00961,LOT_024,168,prop_delay_ns,4.7825,False
C_00962,LOT_024,0,leakage_ua,10.4248,False
C_00962,LOT_024,24,leakage_ua,10.6387,False
C_00962,LOT_024,96,leakage_ua,10.3682,False
C_00962,LOT_024,168,leakage_ua,10.8922,False
C_00962,LOT_024,0,iddq_ua,20.329,False
C_00962,LOT_024,24,iddq_ua,20.4684,False
C_00962,LOT_024,96,iddq_ua,21.4837,False
C_00962,LOT_024,168,iddq_ua,21.534,False
C_00962,LOT_024,0,prop_delay_ns,5.324,False
C_00962,LOT_024,24,prop_delay_ns,5.5436,False
C_00962,LOT_024,96,prop_delay_ns,5.4581,False
C_00962,LOT_024,168,prop_delay_ns,5.4453,False
C_00963,LOT_024,0,leakage_ua,9.5563,False
C_00963,LOT_024,24,leakage_ua,9.9269,False
C_00963,LOT_024,96,leakage_ua,10.3676,False
C_00963,LOT_024,168,leakage_ua,10.6968,False
C_00963,LOT_024,0,iddq_ua,21.4055,False
C_00963,LOT_024,24,iddq_ua,22.106,False
C_00963,LOT_024,96,iddq_ua,22.8343,False
C_00963,LOT_024,168,iddq_ua,23.0657,False
C_00963,LOT_024,0,prop_delay_ns,4.6834,False
C_00963,LOT_024,24,prop_delay_ns,4.6431,False
C_00963,LOT_024,96,prop_delay_ns,4.604,False
C_00963,LOT_024,168,prop_delay_ns,4.6645,False
C_00964,LOT_024,0,leakage_ua,10.3608,False
C_00964,LOT_024,24,leakage_ua,10.5515,False
C_00964,LOT_024,96,leakage_ua,11.4643,False
C_00964,LOT_024,168,leakage_ua,11.219,False
C_00964,LOT_024,0,iddq_ua,20.5234,False
C_00964,LOT_024,24,iddq_ua,20.0621,False
C_00964,LOT_024,96,iddq_ua,21.1069,False
C_00964,LOT_024,168,iddq_ua,20.669,False
C_00964,LOT_024,0,prop_delay_ns,5.216,False
C_00964,LOT_024,24,prop_delay_ns,5.2812,False
C_00964,LOT_024,96,prop_delay_ns,5.2519,False
C_00964,LOT_024,168,prop_delay_ns,5.3315,False
C_00965,LOT_024,0,leakage_ua,9.3046,False
C_00965,LOT_024,24,leakage_ua,9.6117,False
C_00965,LOT_024,96,leakage_ua,9.6854,False
C_00965,LOT_024,168,leakage_ua,9.5964,False
C_00965,LOT_024,0,iddq_ua,21.8741,False
C_00965,LOT_024,24,iddq_ua,20.7836,False
C_00965,LOT_024,96,iddq_ua,21.667,False
C_00965,LOT_024,168,iddq_ua,22.3592,False
C_00965,LOT_024,0,prop_delay_ns,4.4544,False
C_00965,LOT_024,24,prop_delay_ns,4.4333,False
C_00965,LOT_024,96,prop_delay_ns,4.3504,False
C_00965,LOT_024,168,prop_delay_ns,4.6716,False
C_00966,LOT_024,0,leakage_ua,11.5649,False
C_00966,LOT_024,24,leakage_ua,11.5233,False
C_00966,LOT_024,96,leakage_ua,11.9668,False
C_00966,LOT_024,168,leakage_ua,12.1676,False
C_00966,LOT_024,0,iddq_ua,21.7294,False
C_00966,LOT_024,24,iddq_ua,21.9223,False
C_00966,LOT_024,96,iddq_ua,21.7664,False
C_00966,LOT_024,168,iddq_ua,23.1073,False
C_00966,LOT_024,0,prop_delay_ns,4.5406,False
C_00966,LOT_024,24,prop_delay_ns,4.6645,False
C_00966,LOT_024,96,prop_delay_ns,4.674,False
C_00966,LOT_024,168,prop_delay_ns,4.6636,False
C_00967,LOT_024,0,leakage_ua,10.8919,False
C_00967,LOT_024,24,leakage_ua,10.9397,False
C_00967,LOT_024,96,leakage_ua,10.954,False
C_00967,LOT_024,168,leakage_ua,11.621,False
C_00967,LOT_024,0,iddq_ua,24.4562,False
C_00967,LOT_024,24,iddq_ua,24.7453,False
C_00967,LOT_024,96,iddq_ua,24.745,False
C_00967,LOT_024,168,iddq_ua,24.968,False
C_00967,LOT_024,0,prop_delay_ns,4.3495,False
C_00967,LOT_024,24,prop_delay_ns,4.2045,False
C_00967,LOT_024,96,prop_delay_ns,4.3809,False
C_00967,LOT_024,168,prop_delay_ns,4.4906,False
C_00968,LOT_024,0,leakage_ua,10.7253,False
C_00968,LOT_024,24,leakage_ua,10.4929,False
C_00968,LOT_024,96,leakage_ua,10.9554,False
C_00968,LOT_024,168,leakage_ua,11.2343,False
C_00968,LOT_024,0,iddq_ua,21.6301,False
C_00968,LOT_024,24,iddq_ua,23.2488,False
C_00968,LOT_024,96,iddq_ua,23.8202,False
C_00968,LOT_024,168,iddq_ua,23.8903,False
C_00968,LOT_024,0,prop_delay_ns,4.36,False
C_00968,LOT_024,24,prop_delay_ns,4.2733,False
C_00968,LOT_024,96,prop_delay_ns,4.2122,False
C_00968,LOT_024,168,prop_delay_ns,4.1351,False
C_00969,LOT_024,0,leakage_ua,10.6224,False
C_00969,LOT_024,24,leakage_ua,11.1031,False
C_00969,LOT_024,96,leakage_ua,11.393,False
C_00969,LOT_024,168,leakage_ua,11.0708,False
C_00969,LOT_024,0,iddq_ua,19.5039,False
C_00969,LOT_024,24,iddq_ua,19.9066,False
C_00969,LOT_024,96,iddq_ua,21.3832,False
C_00969,LOT_024,168,iddq_ua,21.4069,False
C_00969,LOT_024,0,prop_delay_ns,4.8967,False
C_00969,LOT_024,24,prop_delay_ns,4.99,False
C_00969,LOT_024,96,prop_delay_ns,4.8098,False
C_00969,LOT_024,168,prop_delay_ns,4.7793,False
C_00970,LOT_024,0,leakage_ua,11.0844,False
C_00970,LOT_024,24,leakage_ua,11.461,False
C_00970,LOT_024,96,leakage_ua,11.509,False
C_00970,LOT_024,168,leakage_ua,12.0213,False
C_00970,LOT_024,0,iddq_ua,21.5158,False
C_00970,LOT_024,24,iddq_ua,21.1527,False
C_00970,LOT_024,96,iddq_ua,22.4201,False
C_00970,LOT_024,168,iddq_ua,22.9973,False
C_00970,LOT_024,0,prop_delay_ns,4.9542,False
C_00970,LOT_024,24,prop_delay_ns,4.9576,False
C_00970,LOT_024,96,prop_delay_ns,4.9354,False
C_00970,LOT_024,168,prop_delay_ns,4.8738,False
C_00971,LOT_024,0,leakage_ua,10.3893,False
C_00971,LOT_024,24,leakage_ua,10.4047,False
C_00971,LOT_024,96,leakage_ua,10.5683,False
C_00971,LOT_024,168,leakage_ua,10.9745,False
C_00971,LOT_024,0,iddq_ua,21.4852,False
C_00971,LOT_024,24,iddq_ua,22.155,False
C_00971,LOT_024,96,iddq_ua,22.1592,False
C_00971,LOT_024,168,iddq_ua,22.1991,False
C_00971,LOT_024,0,prop_delay_ns,4.9978,False
C_00971,LOT_024,24,prop_delay_ns,5.0746,False
C_00971,LOT_024,96,prop_delay_ns,5.059,False
C_00971,LOT_024,168,prop_delay_ns,5.142,False
C_00972,LOT_024,0,leakage_ua,9.2592,False
C_00972,LOT_024,24,leakage_ua,9.6867,False
C_00972,LOT_024,96,leakage_ua,9.6707,False
C_00972,LOT_024,168,leakage_ua,9.7203,False
C_00972,LOT_024,0,iddq_ua,20.609,False
C_00972,LOT_024,24,iddq_ua,21.5084,False
C_00972,LOT_024,96,iddq_ua,21.7507,False
C_00972,LOT_024,168,iddq_ua,21.1453,False
C_00972,LOT_024,0,prop_delay_ns,4.4579,False
C_00972,LOT_024,24,prop_delay_ns,4.7027,False
C_00972,LOT_024,96,prop_delay_ns,4.524,False
C_00972,LOT_024,168,prop_delay_ns,4.7168,False
C_00973,LOT_024,0,leakage_ua,11.9978,False
C_00973,LOT_024,24,leakage_ua,12.3335,False
C_00973,LOT_024,96,leakage_ua,12.4908,False
C_00973,LOT_024,168,leakage_ua,12.6934,False
C_00973,LOT_024,0,iddq_ua,20.9026,False
C_00973,LOT_024,24,iddq_ua,21.2799,False
C_00973,LOT_024,96,iddq_ua,21.8067,False
C_00973,LOT_024,168,iddq_ua,21.8655,False
C_00973,LOT_024,0,prop_delay_ns,4.5105,False
C_00973,LOT_024,24,prop_delay_ns,4.7995,False
C_00973,LOT_024,96,prop_delay_ns,4.7901,False
C_00973,LOT_024,168,prop_delay_ns,4.6584,False
C_00974,LOT_024,0,leakage_ua,9.7658,False
C_00974,LOT_024,24,leakage_ua,9.9416,False
C_00974,LOT_024,96,leakage_ua,10.0306,False
C_00974,LOT_024,168,leakage_ua,10.8639,False
C_00974,LOT_024,0,iddq_ua,23.1472,False
C_00974,LOT_024,24,iddq_ua,22.9368,False
C_00974,LOT_024,96,iddq_ua,23.9189,False
C_00974,LOT_024,168,iddq_ua,24.7586,False
C_00974,LOT_024,0,prop_delay_ns,4.6302,False
C_00974,LOT_024,24,prop_delay_ns,4.9896,False
C_00974,LOT_024,96,prop_delay_ns,4.8734,False
C_00974,LOT_024,168,prop_delay_ns,5.0225,False
C_00975,LOT_024,0,leakage_ua,9.5886,False
C_00975,LOT_024,24,leakage_ua,9.5922,False
C_00975,LOT_024,96,leakage_ua,9.7195,False
C_00975,LOT_024,168,leakage_ua,10.0514,False
C_00975,LOT_024,0,iddq_ua,24.5693,False
C_00975,LOT_024,24,iddq_ua,24.8589,False
C_00975,LOT_024,96,iddq_ua,24.908,False
C_00975,LOT_024,168,iddq_ua,26.48,False
C_00975,LOT_024,0,prop_delay_ns,4.896,False
C_00975,LOT_024,24,prop_delay_ns,4.8259,False
C_00975,LOT_024,96,prop_delay_ns,4.9603,False
C_00975,LOT_024,168,prop_delay_ns,5.1967,False
C_00976,LOT_024,0,leakage_ua,10.3489,False
C_00976,LOT_024,24,leakage_ua,10.894,False
C_00976,LOT_024,96,leakage_ua,11.1378,False
C_00976,LOT_024,168,leakage_ua,11.1139,False
C_00976,LOT_024,0,iddq_ua,24.2883,False
C_00976,LOT_024,24,iddq_ua,24.2766,False
C_00976,LOT_024,96,iddq_ua,25.2178,False
C_00976,LOT_024,168,iddq_ua,25.4126,False
C_00976,LOT_024,0,prop_delay_ns,4.7962,False
C_00976,LOT_024,24,prop_delay_ns,4.8671,False
C_00976,LOT_024,96,prop_delay_ns,4.8159,False
C_00976,LOT_024,168,prop_delay_ns,4.5968,False
C_00977,LOT_024,0,leakage_ua,8.9515,False
C_00977,LOT_024,24,leakage_ua,9.3848,False
C_00977,LOT_024,96,leakage_ua,9.9163,False
C_00977,LOT_024,168,leakage_ua,9.8026,False
C_00977,LOT_024,0,iddq_ua,21.2061,False
C_00977,LOT_024,24,iddq_ua,21.5651,False
C_00977,LOT_024,96,iddq_ua,22.2148,False
C_00977,LOT_024,168,iddq_ua,23.255,False
C_00977,LOT_024,0,prop_delay_ns,5.4349,False
C_00977,LOT_024,24,prop_delay_ns,5.4146,False
C_00977,LOT_024,96,prop_delay_ns,5.6032,False
C_00977,LOT_024,168,prop_delay_ns,5.5515,False
C_00978,LOT_024,0,leakage_ua,10.7695,False
C_00978,LOT_024,24,leakage_ua,11.1195,False
C_00978,LOT_024,96,leakage_ua,12.1388,False
C_00978,LOT_024,168,leakage_ua,12.0871,False
C_00978,LOT_024,0,iddq_ua,20.5495,False
C_00978,LOT_024,24,iddq_ua,20.9966,False
C_00978,LOT_024,96,iddq_ua,20.5554,False
C_00978,LOT_024,168,iddq_ua,21.6033,False
C_00978,LOT_024,0,prop_delay_ns,4.3812,False
C_00978,LOT_024,24,prop_delay_ns,4.3135,False
C_00978,LOT_024,96,prop_delay_ns,4.5493,False
C_00978,LOT_024,168,prop_delay_ns,4.4861,False
C_00979,LOT_024,0,leakage_ua,11.0777,False
C_00979,LOT_024,24,leakage_ua,10.5274,False
C_00979,LOT_024,96,leakage_ua,11.5285,False
C_00979,LOT_024,168,leakage_ua,11.4552,False
C_00979,LOT_024,0,iddq_ua,21.3004,False
C_00979,LOT_024,24,iddq_ua,21.4876,False
C_00979,LOT_024,96,iddq_ua,22.2148,False
C_00979,LOT_024,168,iddq_ua,22.454,False
C_00979,LOT_024,0,prop_delay_ns,4.745,False
C_00979,LOT_024,24,prop_delay_ns,4.7366,False
C_00979,LOT_024,96,prop_delay_ns,4.8522,False
C_00979,LOT_024,168,prop_delay_ns,5.0573,False
C_00980,LOT_024,0,leakage_ua,10.8866,False
C_00980,LOT_024,24,leakage_ua,10.7483,False
C_00980,LOT_024,96,leakage_ua,11.3062,False
C_00980,LOT_024,168,leakage_ua,10.7432,False
C_00980,LOT_024,0,iddq_ua,23.013,False
C_00980,LOT_024,24,iddq_ua,23.7455,False
C_00980,LOT_024,96,iddq_ua,23.4331,False
C_00980,LOT_024,168,iddq_ua,23.2282,False
C_00980,LOT_024,0,prop_delay_ns,4.8654,False
C_00980,LOT_024,24,prop_delay_ns,4.8826,False
C_00980,LOT_024,96,prop_delay_ns,4.6588,False
C_00980,LOT_024,168,prop_delay_ns,4.8342,False
C_00981,LOT_024,0,leakage_ua,9.9613,False
C_00981,LOT_024,24,leakage_ua,10.2659,False
C_00981,LOT_024,96,leakage_ua,10.2325,False
C_00981,LOT_024,168,leakage_ua,10.6721,False
C_00981,LOT_024,0,iddq_ua,21.2338,False
C_00981,LOT_024,24,iddq_ua,21.6716,False
C_00981,LOT_024,96,iddq_ua,21.8338,False
C_00981,LOT_024,168,iddq_ua,21.4997,False
C_00981,LOT_024,0,prop_delay_ns,4.4833,False
C_00981,LOT_024,24,prop_delay_ns,4.3769,False
C_00981,LOT_024,96,prop_delay_ns,4.747,False
C_00981,LOT_024,168,prop_delay_ns,4.6394,False
C_00982,LOT_024,0,leakage_ua,9.6446,False
C_00982,LOT_024,24,leakage_ua,9.5924,False
C_00982,LOT_024,96,leakage_ua,10.0104,False
C_00982,LOT_024,168,leakage_ua,10.139,False
C_00982,LOT_024,0,iddq_ua,23.4562,False
C_00982,LOT_024,24,iddq_ua,24.5984,False
C_00982,LOT_024,96,iddq_ua,24.8789,False
C_00982,LOT_024,168,iddq_ua,25.3945,False
C_00982,LOT_024,0,prop_delay_ns,4.5248,False
C_00982,LOT_024,24,prop_delay_ns,4.7949,False
C_00982,LOT_024,96,prop_delay_ns,4.6522,False
C_00982,LOT_024,168,prop_delay_ns,4.5167,False
C_00983,LOT_024,0,leakage_ua,10.5726,False
C_00983,LOT_024,24,leakage_ua,10.2399,False
C_00983,LOT_024,96,leakage_ua,10.6891,False
C_00983,LOT_024,168,leakage_ua,10.9556,False
C_00983,LOT_024,0,iddq_ua,21.8172,False
C_00983,LOT_024,24,iddq_ua,22.6034,False
C_00983,LOT_024,96,iddq_ua,23.0348,False
C_00983,LOT_024,168,iddq_ua,23.7219,False
C_00983,LOT_024,0,prop_delay_ns,4.9354,False
C_00983,LOT_024,24,prop_delay_ns,5.0547,False
C_00983,LOT_024,96,prop_delay_ns,4.9573,False
C_00983,LOT_024,168,prop_delay_ns,5.0578,False
C_00984,LOT_024,0,leakage_ua,10.3513,False
C_00984,LOT_024,24,leakage_ua,10.7971,False
C_00984,LOT_024,96,leakage_ua,10.9898,False
C_00984,LOT_024,168,leakage_ua,11.1912,False
C_00984,LOT_024,0,iddq_ua,22.5322,False
C_00984,LOT_024,24,iddq_ua,22.8503,False
C_00984,LOT_024,96,iddq_ua,22.8559,False
C_00984,LOT_024,168,iddq_ua,22.7012,False
C_00984,LOT_024,0,prop_delay_ns,4.6429,False
C_00984,LOT_024,24,prop_delay_ns,4.6537,False
C_00984,LOT_024,96,prop_delay_ns,4.8386,False
C_00984,LOT_024,168,prop_delay_ns,4.8007,False
C_00985,LOT_024,0,leakage_ua,10.8397,False
C_00985,LOT_024,24,leakage_ua,11.0489,False
C_00985,LOT_024,96,leakage_ua,10.8295,False
C_00985,LOT_024,168,leakage_ua,11.3381,False
C_00985,LOT_024,0,iddq_ua,20.7001,False
C_00985,LOT_024,24,iddq_ua,21.0003,False
C_00985,LOT_024,96,iddq_ua,20.958,False
C_00985,LOT_024,168,iddq_ua,21.7902,False
C_00985,LOT_024,0,prop_delay_ns,5.3373,False
C_00985,LOT_024,24,prop_delay_ns,5.4478,False
C_00985,LOT_024,96,prop_delay_ns,5.4255,False
C_00985,LOT_024,168,prop_delay_ns,5.3289,False
C_00986,LOT_024,0,leakage_ua,10.9459,False
C_00986,LOT_024,24,leakage_ua,11.0083,False
C_00986,LOT_024,96,leakage_ua,11.6926,False
C_00986,LOT_024,168,leakage_ua,11.9067,False
C_00986,LOT_024,0,iddq_ua,20.6094,False
C_00986,LOT_024,24,iddq_ua,20.0502,False
C_00986,LOT_024,96,iddq_ua,19.9091,False
C_00986,LOT_024,168,iddq_ua,20.6681,False
C_00986,LOT_024,0,prop_delay_ns,4.6823,False
C_00986,LOT_024,24,prop_delay_ns,4.8378,False
C_00986,LOT_024,96,prop_delay_ns,4.9307,False
C_00986,LOT_024,168,prop_delay_ns,5.0375,False
C_00987,LOT_024,0,leakage_ua,11.2048,False
C_00987,LOT_024,24,leakage_ua,10.7852,False
C_00987,LOT_024,96,leakage_ua,11.2956,False
C_00987,LOT_024,168,leakage_ua,11.8652,False
C_00987,LOT_024,0,iddq_ua,21.611,False
C_00987,LOT_024,24,iddq_ua,22.2821,False
C_00987,LOT_024,96,iddq_ua,22.5806,False
C_00987,LOT_024,168,iddq_ua,22.4586,False
C_00987,LOT_024,0,prop_delay_ns,5.1158,False
C_00987,LOT_024,24,prop_delay_ns,5.3265,False
C_00987,LOT_024,96,prop_delay_ns,5.188,False
C_00987,LOT_024,168,prop_delay_ns,5.5204,False
C_00988,LOT_024,0,leakage_ua,8.507,False
C_00988,LOT_024,24,leakage_ua,8.7702,False
C_00988,LOT_024,96,leakage_ua,9.4642,False
C_00988,LOT_024,168,leakage_ua,9.6417,False
C_00988,LOT_024,0,iddq_ua,20.864,False
C_00988,LOT_024,24,iddq_ua,21.6799,False
C_00988,LOT_024,96,iddq_ua,21.7824,False
C_00988,LOT_024,168,iddq_ua,22.0902,False
C_00988,LOT_024,0,prop_delay_ns,5.2431,False
C_00988,LOT_024,24,prop_delay_ns,5.1846,False
C_00988,LOT_024,96,prop_delay_ns,5.3033,False
C_00988,LOT_024,168,prop_delay_ns,5.2827,False
C_00989,LOT_024,0,leakage_ua,8.8036,False
C_00989,LOT_024,24,leakage_ua,8.8395,False
C_00989,LOT_024,96,leakage_ua,8.6318,False
C_00989,LOT_024,168,leakage_ua,9.1945,False
C_00989,LOT_024,0,iddq_ua,19.9994,False
C_00989,LOT_024,24,iddq_ua,20.2528,False
C_00989,LOT_024,96,iddq_ua,21.0219,False
C_00989,LOT_024,168,iddq_ua,21.5323,False
C_00989,LOT_024,0,prop_delay_ns,4.6251,False
C_00989,LOT_024,24,prop_delay_ns,4.6566,False
C_00989,LOT_024,96,prop_delay_ns,4.7103,False
C_00989,LOT_024,168,prop_delay_ns,4.9494,False
C_00990,LOT_024,0,leakage_ua,9.5968,False
C_00990,LOT_024,24,leakage_ua,9.7606,False
C_00990,LOT_024,96,leakage_ua,9.7619,False
C_00990,LOT_024,168,leakage_ua,10.2529,False
C_00990,LOT_024,0,iddq_ua,21.9252,False
C_00990,LOT_024,24,iddq_ua,22.4721,False
C_00990,LOT_024,96,iddq_ua,23.3089,False
C_00990,LOT_024,168,iddq_ua,24.1053,False
C_00990,LOT_024,0,prop_delay_ns,5.211,False
C_00990,LOT_024,24,prop_delay_ns,5.104,False
C_00990,LOT_024,96,prop_delay_ns,5.2269,False
C_00990,LOT_024,168,prop_delay_ns,5.2757,False
C_00991,LOT_024,0,leakage_ua,10.8659,False
C_00991,LOT_024,24,leakage_ua,10.8906,False
C_00991,LOT_024,96,leakage_ua,11.5295,False
C_00991,LOT_024,168,leakage_ua,11.7265,False
C_00991,LOT_024,0,iddq_ua,23.0139,False
C_00991,LOT_024,24,iddq_ua,22.6288,False
C_00991,LOT_024,96,iddq_ua,23.7901,False
C_00991,LOT_024,168,iddq_ua,23.0261,False
C_00991,LOT_024,0,prop_delay_ns,4.8347,False
C_00991,LOT_024,24,prop_delay_ns,4.8472,False
C_00991,LOT_024,96,prop_delay_ns,5.1195,False
C_00991,LOT_024,168,prop_delay_ns,5.0411,False
C_00992,LOT_024,0,leakage_ua,9.9091,False
C_00992,LOT_024,24,leakage_ua,9.8617,False
C_00992,LOT_024,96,leakage_ua,10.5885,False
C_00992,LOT_024,168,leakage_ua,10.6064,False
C_00992,LOT_024,0,iddq_ua,21.4208,False
C_00992,LOT_024,24,iddq_ua,21.2344,False
C_00992,LOT_024,96,iddq_ua,21.1941,False
C_00992,LOT_024,168,iddq_ua,21.6022,False
C_00992,LOT_024,0,prop_delay_ns,4.8098,False
C_00992,LOT_024,24,prop_delay_ns,4.953,False
C_00992,LOT_024,96,prop_delay_ns,4.8199,False
C_00992,LOT_024,168,prop_delay_ns,5.0872,False
C_00993,LOT_024,0,leakage_ua,10.6331,False
C_00993,LOT_024,24,leakage_ua,10.8018,False
C_00993,LOT_024,96,leakage_ua,11.2553,False
C_00993,LOT_024,168,leakage_ua,11.4231,False
C_00993,LOT_024,0,iddq_ua,21.2942,False
C_00993,LOT_024,24,iddq_ua,21.6972,False
C_00993,LOT_024,96,iddq_ua,22.1209,False
C_00993,LOT_024,168,iddq_ua,21.9089,False
C_00993,LOT_024,0,prop_delay_ns,4.749,False
C_00993,LOT_024,24,prop_delay_ns,4.84,False
C_00993,LOT_024,96,prop_delay_ns,5.0653,False
C_00993,LOT_024,168,prop_delay_ns,5.0116,False
C_00994,LOT_024,0,leakage_ua,10.5667,False
C_00994,LOT_024,24,leakage_ua,10.5442,False
C_00994,LOT_024,96,leakage_ua,11.2539,False
C_00994,LOT_024,168,leakage_ua,11.2843,False
C_00994,LOT_024,0,iddq_ua,21.4716,False
C_00994,LOT_024,24,iddq_ua,22.2342,False
C_00994,LOT_024,96,iddq_ua,22.2766,False
C_00994,LOT_024,168,iddq_ua,23.2959,False
C_00994,LOT_024,0,prop_delay_ns,4.4522,False
C_00994,LOT_024,24,prop_delay_ns,4.6096,False
C_00994,LOT_024,96,prop_delay_ns,4.8135,False
C_00994,LOT_024,168,prop_delay_ns,4.665,False
C_00995,LOT_024,0,leakage_ua,10.2178,False
C_00995,LOT_024,24,leakage_ua,10.7689,False
C_00995,LOT_024,96,leakage_ua,11.1739,False
C_00995,LOT_024,168,leakage_ua,11.3999,False
C_00995,LOT_024,0,iddq_ua,25.652,False
C_00995,LOT_024,24,iddq_ua,25.7112,False
C_00995,LOT_024,96,iddq_ua,25.9385,False
C_00995,LOT_024,168,iddq_ua,26.3401,False
C_00995,LOT_024,0,prop_delay_ns,4.8386,False
C_00995,LOT_024,24,prop_delay_ns,4.7116,False
C_00995,LOT_024,96,prop_delay_ns,4.8694,False
C_00995,LOT_024,168,prop_delay_ns,5.0402,False
C_00996,LOT_024,0,leakage_ua,11.4301,False
C_00996,LOT_024,24,leakage_ua,11.5389,False
C_00996,LOT_024,96,leakage_ua,11.5133,False
C_00996,LOT_024,168,leakage_ua,12.4452,False
C_00996,LOT_024,0,iddq_ua,24.6198,False
C_00996,LOT_024,24,iddq_ua,25.6687,False
C_00996,LOT_024,96,iddq_ua,25.6393,False
C_00996,LOT_024,168,iddq_ua,26.2052,False
C_00996,LOT_024,0,prop_delay_ns,4.5034,False
C_00996,LOT_024,24,prop_delay_ns,4.5293,False
C_00996,LOT_024,96,prop_delay_ns,4.345,False
C_00996,LOT_024,168,prop_delay_ns,4.3834,False
C_00997,LOT_024,0,leakage_ua,9.7887,False
C_00997,LOT_024,24,leakage_ua,10.0511,False
C_00997,LOT_024,96,leakage_ua,10.5818,False
C_00997,LOT_024,168,leakage_ua,10.6236,False
C_00997,LOT_024,0,iddq_ua,19.6482,False
C_00997,LOT_024,24,iddq_ua,19.3792,False
C_00997,LOT_024,96,iddq_ua,20.1901,False
C_00997,LOT_024,168,iddq_ua,20.3541,False
C_00997,LOT_024,0,prop_delay_ns,5.2618,False
C_00997,LOT_024,24,prop_delay_ns,5.3082,False
C_00997,LOT_024,96,prop_delay_ns,5.4022,False
C_00997,LOT_024,168,prop_delay_ns,5.2236,False
C_00998,LOT_024,0,leakage_ua,11.2148,False
C_00998,LOT_024,24,leakage_ua,10.7559,False
C_00998,LOT_024,96,leakage_ua,11.5705,False
C_00998,LOT_024,168,leakage_ua,11.7741,False
C_00998,LOT_024,0,iddq_ua,21.6204,False
C_00998,LOT_024,24,iddq_ua,21.5729,False
C_00998,LOT_024,96,iddq_ua,22.062,False
C_00998,LOT_024,168,iddq_ua,22.4011,False
C_00998,LOT_024,0,prop_delay_ns,4.7962,False
C_00998,LOT_024,24,prop_delay_ns,4.7644,False
C_00998,LOT_024,96,prop_delay_ns,4.6818,False
C_00998,LOT_024,168,prop_delay_ns,4.8621,False
C_00999,LOT_024,0,leakage_ua,11.3594,False
C_00999,LOT_024,24,leakage_ua,11.0575,False
C_00999,LOT_024,96,leakage_ua,11.4313,False
C_00999,LOT_024,168,leakage_ua,12.0171,False
C_00999,LOT_024,0,iddq_ua,22.4413,False
C_00999,LOT_024,24,iddq_ua,22.4096,False
C_00999,LOT_024,96,iddq_ua,22.0379,False
C_00999,LOT_024,168,iddq_ua,23.0028,False
C_00999,LOT_024,0,prop_delay_ns,4.5784,False
C_00999,LOT_024,24,prop_delay_ns,4.5662,False
C_00999,LOT_024,96,prop_delay_ns,4.4929,False
C_00999,LOT_024,168,prop_delay_ns,4.5953,False
C_01000,LOT_024,0,leakage_ua,11.4036,False
C_01000,LOT_024,24,leakage_ua,11.1053,False
C_01000,LOT_024,96,leakage_ua,11.3548,False
C_01000,LOT_024,168,leakage_ua,11.3513,False
C_01000,LOT_024,0,iddq_ua,22.5902,False
C_01000,LOT_024,24,iddq_ua,22.6186,False
C_01000,LOT_024,96,iddq_ua,22.8599,False
C_01000,LOT_024,168,iddq_ua,23.5333,False
C_01000,LOT_024,0,prop_delay_ns,4.5688,False
C_01000,LOT_024,24,prop_delay_ns,4.556,False
C_01000,LOT_024,96,prop_delay_ns,4.5606,False
C_01000,LOT_024,168,prop_delay_ns,4.7022,False
