component_id,lot_id,is_defective,Value_0h_iddq_ua,Value_24h_iddq_ua,Value_96h_iddq_ua,Value_168h_iddq_ua,Value_0h_leakage_ua,Value_24h_leakage_ua,Value_96h_leakage_ua,Value_168h_leakage_ua,Value_0h_prop_delay_ns,Value_24h_prop_delay_ns,Value_96h_prop_delay_ns,Value_168h_prop_delay_ns,lot_mean_168h_iddq_ua,lot_std_168h_iddq_ua,zscore_168h_iddq_ua,flag_zscore_iddq_ua,iqr_lower_iddq_ua,iqr_upper_iddq_ua,flag_iqr_iddq_ua,lot_mean_168h_leakage_ua,lot_std_168h_leakage_ua,zscore_168h_leakage_ua,flag_zscore_leakage_ua,iqr_lower_leakage_ua,iqr_upper_leakage_ua,flag_iqr_leakage_ua,lot_mean_168h_prop_delay_ns,lot_std_168h_prop_delay_ns,zscore_168h_prop_delay_ns,flag_zscore_prop_delay_ns,iqr_lower_prop_delay_ns,iqr_upper_prop_delay_ns,flag_iqr_prop_delay_ns,if_score,flag_isoforest,flag_param_iddq_ua,flag_param_leakage_ua,flag_param_prop_delay_ns,flag_module_a,triggered_parameters,anomaly_score,flag_module_b,predicted_168h_iddq_ua,predicted_slope_iddq_ua,flag_param_b_iddq_ua,predicted_168h_leakage_ua,predicted_slope_leakage_ua,flag_param_b_leakage_ua,predicted_168h_prop_delay_ns,predicted_slope_prop_delay_ns,flag_param_b_prop_delay_ns,final_flag,explanation,triggered_parameters_all
C_00001,LOT_000,False,22.0624,23.0609,22.8495,22.9305,10.3478,10.484,10.5903,10.9982,4.6645,4.7195,4.8892,4.9429,23.76418,4.67936166259174,-0.17816105274886018,False,16.518725000000003,28.605974999999997,False,12.966695000000001,7.125303719192858,-0.27626822344395285,False,7.945874999999997,14.559625000000002,False,5.2569,1.0345501581574428,-0.30351355854919704,False,4.142325,5.921450000000001,False,0.31634713855718716,False,False,False,False,False,,11.7,False,23.270992,0.001458974160088432,False,10.841049,0.002479508293999566,False,4.868608,0.0010354722075992158,False,False,No issues detected.,
C_00002,LOT_000,False,22.0132,22.2097,22.3103,21.9138,10.5247,10.8687,11.8262,12.4351,5.0603,5.0291,5.1347,5.1223,23.76418,4.67936166259174,-0.39543427788292357,False,16.518725000000003,28.605974999999997,False,12.966695000000001,7.125303719192858,-0.07460664428494275,False,7.945874999999997,14.559625000000002,False,5.2569,1.0345501581574428,-0.13010485662650276,False,4.142325,5.921450000000001,False,0.29807606720586943,False,False,False,False,False,,13.4,False,22.54449,0.002324936209784603,False,11.327882,0.0031887625906202497,False,5.166776,0.0009560845851898216,False,False,No issues detected.,
C_00003,LOT_000,False,20.6044,21.0973,21.6167,21.9048,10.6571,10.7238,10.9668,11.4737,5.2269,5.1504,5.0956,5.1558,23.76418,4.67936166259174,-0.39735761714347817,False,16.518725000000003,28.605974999999997,False,12.966695000000001,7.125303719192858,-0.20953422602582422,False,7.945874999999997,14.559625000000002,False,5.2569,1.0345501581574428,-0.097723633023324,False,4.142325,5.921450000000001,False,0.29017901868672075,False,False,False,False,False,,13.8,False,21.501762,0.0028087665981716536,False,11.235902,0.0035562627262539287,False,5.281207,0.0009083825323316765,False,False,No issues detected.,
C_00004,LOT_000,True,22.3081,26.9733,33.7686,37.488,10.5836,16.263,25.2539,31.8559,4.9742,5.6383,6.9438,8.0518,23.76418,4.67936166259174,2.9328402011993324,False,16.518725000000003,28.605974999999997,True,12.966695000000001,7.125303719192858,2.6510034862260907,False,7.945874999999997,14.559625000000002,True,5.2569,1.0345501581574428,2.7015606521947473,False,4.142325,5.921450000000001,True,0.02239944757189216,False,True,True,True,True,"iddq_ua,leakage_ua,prop_delay_ns",48.3,True,36.81148,0.06832070469326444,True,32.06018,0.10970264350043402,True,8.048534,0.016737738842434353,True,True,"[Module B - leakage current] The strongest driver was delta_24h_leakage_ua (5.679), which pushed the predicted 168h value up by 13.45uA relative to baseline. [Module B - Iddq (standby current)] The strongest driver was delta_24h_iddq_ua (4.665), which pushed the predicted 168h value up by 6.71uA relative to baseline. [Module B - propagation delay] The strongest driver was Value_24h_prop_delay_ns (5.638), which pushed the predicted 168h value up by 1.76ns relative to baseline. [Module A - Iddq (standby current)] Flagged because 168h Iddq (standby current) (37.49uA) falls outside the lot's normal IQR range [16.52, 28.61]uA. [Module A - leakage current] Flagged because 168h leakage current (31.86uA) falls outside the lot's normal IQR range [7.95, 14.56]uA. [Module A - propagation delay] Flagged because 168h propagation delay (8.05ns) falls outside the lot's normal IQR range [4.14, 5.92]ns.","Iddq (standby current), leakage current, propagation delay"
C_00005,LOT_000,False,21.3244,21.2736,21.8572,22.5834,9.5413,9.3928,9.6503,10.0885,4.3446,4.3037,4.4988,4.4954,23.76418,4.67936166259174,-0.2523378368976089,False,16.518725000000003,28.605974999999997,False,12.966695000000001,7.125303719192858,-0.40393997413011873,False,7.945874999999997,14.559625000000002,False,5.2569,1.0345501581574428,-0.7360687096662849,False,4.142325,5.921450000000001,False,0.2033808954651357,False,False,False,False,False,,21.0,False,22.01232,0.005129996977912067,False,9.967809,0.003993116135067414,False,4.4706492,0.0011593697388966873,False,False,No issues detected.,
C_00006,LOT_000,False,22.4301,22.9191,23.0714,23.5133,10.1668,10.7227,11.2214,11.8329,4.3677,4.4414,4.6202,4.715,23.76418,4.67936166259174,-0.05361415040979003,False,16.518725000000003,28.605974999999997,False,12.966695000000001,7.125303719192858,-0.15912233985843838,False,7.945874999999997,14.559625000000002,False,5.2569,1.0345501581574428,-0.5238025394197766,False,4.142325,5.921450000000001,False,0.26467763227639884,False,False,False,False,False,,16.1,False,23.543955,0.00433926978641086,False,11.095895,0.002591630649566653,False,4.652383,0.0014651586850484228,False,False,No issues detected.,
C_00007,LOT_000,False,21.1427,21.2236,21.1107,21.0178,11.6586,12.4695,12.5686,12.9426,4.7745,4.889,4.808,4.7911,23.76418,4.67936166259174,-0.5869133864893169,False,16.518725000000003,28.605974999999997,False,12.966695000000001,7.125303719192858,-0.0033816102372026756,False,7.945874999999997,14.559625000000002,False,5.2569,1.0345501581574428,-0.4502439986376302,False,4.142325,5.921450000000001,False,0.19766532896873962,False,False,False,False,False,,20.0,False,21.93819,0.004962433751424146,False,12.815227,0.0024008788532680933,False,4.9574885,0.00047561483912997613,False,False,No issues detected.,
C_00008,LOT_000,True,21.8678,28.5799,36.771,42.606,10.0809,20.2446,37.4311,50.1918,4.9443,6.0244,8.0073,9.4113,23.76418,4.67936166259174,4.026579127368445,True,16.518725000000003,28.605974999999997,True,12.966695000000001,7.125303719192858,5.224353440503838,True,7.945874999999997,14.559625000000002,True,5.2569,1.0345501581574428,4.015658368270013,True,4.142325,5.921450000000001,True,-0.07941622320943575,True,True,True,True,True,"iddq_ua,leakage_ua,prop_delay_ns",72.5,True,44.0954,0.10774654002719457,True,50.2614,0.20844998830159506,True,9.2617,0.022481247753567166,True,True,"[Module B - leakage current] The strongest driver was delta_24h_leakage_ua (10.164), which pushed the predicted 168h value up by 28.43uA relative to baseline. [Module B - Iddq (standby current)] The strongest driver was delta_24h_iddq_ua (6.712), which pushed the predicted 168h value up by 12.56uA relative to baseline. [Module A - leakage current] Flagged because 168h leakage current is 5.2sigma from its lot's mean (50.19uA vs lot mean 12.97uA); and 168h leakage current (50.19uA) falls outside the lot's normal IQR range [7.95, 14.56]uA. [Module A - Iddq (standby current)] Flagged because 168h Iddq (standby current) is 4.0sigma from its lot's mean (42.61uA vs lot mean 23.76uA); and 168h Iddq (standby current) (42.61uA) falls outside the lot's normal IQR range [16.52, 28.61]uA. [Module A - propagation delay] Flagged because 168h propagation delay is 4.0sigma from its lot's mean (9.41ns vs lot mean 5.26ns); and 168h propagation delay (9.41ns) falls outside the lot's normal IQR range [4.14, 5.92]ns. [Module B - propagation delay] The strongest driver was Value_24h_prop_delay_ns (6.024), which pushed the predicted 168h value up by 2.40ns relative to baseline.","Iddq (standby current), leakage current, propagation delay"
C_00009,LOT_000,False,24.8486,23.821,24.1787,25.0968,11.0942,10.9967,11.307,12.2361,4.8214,4.954,4.8824,4.9791,23.76418,4.67936166259174,0.2847867072668004,False,16.518725000000003,28.605974999999997,False,12.966695000000001,7.125303719192858,-0.10253527832533735,False,7.945874999999997,14.559625000000002,False,5.2569,1.0345501581574428,-0.2685225049839711,False,4.142325,5.921450000000001,False,0.2361159041920481,False,False,False,False,False,,15.6,False,25.072893,0.008693702379862457,False,11.644086,0.004495735306209984,False,4.9503818,-2.5126695632932743e-05,False,False,No issues detected.,
C_00010,LOT_000,False,22.3599,22.3357,22.9016,22.3956,10.1538,10.3862,10.8365,10.5198,4.717,4.6288,4.7941,4.8512,23.76418,4.67936166259174,-0.2924715161345293,False,16.518725000000003,28.605974999999997,False,12.966695000000001,7.125303719192858,-0.3434092210566403,False,7.945874999999997,14.559625000000002,False,5.2569,1.0345501581574428,-0.3921511168898378,False,4.142325,5.921450000000001,False,0.3124089539754381,False,False,False,False,False,,12.6,False,23.097195,0.005288157441880974,False,10.747606,0.0025097658157348596,False,4.7873435,0.0011009965419769285,False,False,No issues detected.,
C_00011,LOT_000,False,20.8548,20.6383,21.0532,21.0397,11.1954,11.5358,11.9676,12.3433,5.0852,4.7723,4.8279,5.1437,23.76418,4.67936166259174,-0.5822332609552994,False,16.518725000000003,28.605974999999997,False,12.966695000000001,7.125303719192858,-0.08749030561614,False,7.945874999999997,14.559625000000002,False,5.2569,1.0345501581574428,-0.10941953766805441,False,4.142325,5.921450000000001,False,0.2571844403577379,False,False,False,False,False,,17.0,False,21.292643,0.0045440457873874174,False,11.928409,0.0027264487690395775,False,4.9956446,0.0015510039541456406,False,False,No issues detected.,
C_00012,LOT_000,False,21.8335,22.5284,22.7373,23.1134,9.9702,9.569,9.9076,10.2544,4.7565,4.813,4.8531,4.903,23.76418,4.67936166259174,-0.13907452488713087,False,16.518725000000003,28.605974999999997,False,12.966695000000001,7.125303719192858,-0.3806567561034781,False,7.945874999999997,14.559625000000002,False,5.2569,1.0345501581574428,-0.34208104576611753,False,4.142325,5.921450000000001,False,0.283279277823055,False,False,False,False,False,,14.0,False,22.983019,0.003157075521681035,False,10.112098,0.0037715120845370764,False,4.927902,0.0007979320949978318,False,False,No issues detected.,
C_00013,LOT_000,False,22.6258,24.1547,24.2643,23.7583,10.8949,10.7956,10.7957,10.9076,4.7386,4.7923,4.8427,4.9331,23.76418,4.67936166259174,-0.0012565816502297206,False,16.518725000000003,28.605974999999997,False,12.966695000000001,7.125303719192858,-0.2889834709015396,False,7.945874999999997,14.559625000000002,False,5.2569,1.0345501581574428,-0.3129862747077391,False,4.142325,5.921450000000001,False,0.28939915606345834,False,False,False,False,False,,13.1,False,23.806398,-0.002418761168585871,False,11.322849,0.0036614532894558354,False,4.951009,0.0011021444214714899,False,False,No issues detected.,
C_00014,LOT_000,False,23.9891,24.261,23.9536,24.4184,8.8213,8.8334,8.7974,9.3214,5.4124,5.3761,5.5896,5.5123,23.76418,4.67936166259174,0.13980966789338706,False,16.518725000000003,28.605974999999997,False,12.966695000000001,7.125303719192858,-0.5115985428355795,False,7.945874999999997,14.559625000000002,False,5.2569,1.0345501581574428,0.24687058233587536,False,4.142325,5.921450000000001,False,0.1135490029486288,False,False,False,False,False,,23.6,False,24.438234,0.0012307939529418999,False,9.301057,0.003247617096371126,False,5.456731,0.0005599364068773051,False,False,No issues detected.,
C_00015,LOT_000,False,23.7599,22.9924,24.0705,23.8094,10.3827,10.098,10.7481,10.7419,4.6863,4.7074,4.8994,4.8549,23.76418,4.67936166259174,0.009663711262479049,False,16.518725000000003,28.605974999999997,False,12.966695000000001,7.125303719192858,-0.3122386199492452,False,7.945874999999997,14.559625000000002,False,5.2569,1.0345501581574428,-0.38857468323814404,False,4.142325,5.921450000000001,False,0.2793074184193486,False,False,False,False,False,,14.3,False,23.789213,0.005533424864874946,False,10.747017,0.00450706185234917,False,4.857627,0.0010432424651251912,False,False,No issues detected.,
C_00016,LOT_000,False,24.2855,23.3762,25.0043,24.5829,10.0758,10.8834,11.2496,11.6395,5.2646,5.2094,5.2656,5.3144,23.76418,4.67936166259174,0.17496403548909228,False,16.518725000000003,28.605974999999997,False,12.966695000000001,7.125303719192858,-0.1862650424886511,False,7.945874999999997,14.559625000000002,False,5.2569,1.0345501581574428,0.05557971215470974,False,4.142325,5.921450000000001,False,0.22948298268999823,False,False,False,False,False,,15.1,False,24.481857,0.007678175693088102,False,11.282528,0.0027717216915554474,False,5.401038,0.001330820624033613,False,False,No issues detected.,
C_00017,LOT_000,False,21.2569,21.0775,21.831,21.7729,10.4793,10.1978,10.6159,11.1191,5.1319,4.9899,5.4402,5.2908,23.76418,4.67936166259174,-0.42554522252872784,False,16.518725000000003,28.605974999999997,False,12.966695000000001,7.125303719192858,-0.25930052567770323,False,7.945874999999997,14.559625000000002,False,5.2569,1.0345501581574428,0.03276786507903755,False,4.142325,5.921450000000001,False,0.286423834996438,False,False,False,False,False,,14.2,False,21.941422,0.005999454922146263,False,10.84032,0.0044619418991936515,False,5.219899,0.0015972165107727082,False,False,No issues detected.,
C_00018,LOT_000,True,22.2669,26.7993,32.9346,36.9735,10.8221,13.9774,19.0153,22.6772,4.9984,5.71,7.2705,8.5196,23.76418,4.67936166259174,2.822889306804255,False,16.518725000000003,28.605974999999997,True,12.966695000000001,7.125303719192858,1.3628198014694575,False,7.945874999999997,14.559625000000002,True,5.2569,1.0345501581574428,3.1537378582116724,True,4.142325,5.921450000000001,True,0.040751206563299,False,True,True,True,True,"iddq_ua,leakage_ua,prop_delay_ns",49.2,True,36.81148,0.06952903802659777,True,21.87555,0.05484825914171007,True,8.443469,0.018982423941294353,True,True,"[Module B - Iddq (standby current)] The strongest driver was delta_24h_iddq_ua (4.532), which pushed the predicted 168h value up by 6.71uA relative to baseline. [Module B - leakage current] The strongest driver was delta_24h_leakage_ua (3.155), which pushed the predicted 168h value up by 6.66uA relative to baseline. [Module A - propagation delay] Flagged because 168h propagation delay is 3.2sigma from its lot's mean (8.52ns vs lot mean 5.26ns); and 168h propagation delay (8.52ns) falls outside the lot's normal IQR range [4.14, 5.92]ns. [Module B - propagation delay] The strongest driver was Value_24h_prop_delay_ns (5.710), which pushed the predicted 168h value up by 1.97ns relative to baseline. [Module A - Iddq (standby current)] Flagged because 168h Iddq (standby current) (36.97uA) falls outside the lot's normal IQR range [16.52, 28.61]uA. [Module A - leakage current] Flagged because 168h leakage current (22.68uA) falls outside the lot's normal IQR range [7.95, 14.56]uA.","Iddq (standby current), leakage current, propagation delay"
C_00019,LOT_000,False,20.233,19.906,20.2009,20.6267,10.097,10.4638,10.1729,10.5283,5.2856,5.472,5.3973,5.3463,23.76418,4.67936166259174,-0.6704931625785591,False,16.518725000000003,28.605974999999997,False,12.966695000000001,7.125303719192858,-0.34221628945189986,False,7.945874999999997,14.559625000000002,False,5.2569,1.0345501581574428,0.08641436985445325,False,4.142325,5.921450000000001,False,0.21235328890155097,False,False,False,False,False,,20.0,False,20.817335,0.006328716172112368,False,10.886527,0.002935604593488899,False,5.4684534,-2.462911605835252e-05,False,False,No issues detected.,
C_00020,LOT_000,False,19.7628,21.1516,20.8307,21.0716,9.5967,9.871,9.4468,9.9059,4.573,4.6482,4.7011,4.8292,23.76418,4.67936166259174,-0.5754160917984422,False,16.518725000000003,28.605974999999997,False,12.966695000000001,7.125303719192858,-0.42956695189783745,False,7.945874999999997,14.559625000000002,False,5.2569,1.0345501581574428,-0.41341639806207475,False,4.142325,5.921450000000001,False,0.23004490834766012,False,False,False,False,False,,18.3,False,21.142124,-6.580433315699846e-05,False,10.302356,0.0029955261548360156,False,4.8027096,0.001072983190748426,False,False,No issues detected.,
C_00021,LOT_000,False,24.5196,25.4089,24.9994,25.9397,9.6577,9.7475,10.0152,10.3849,4.7419,4.73,4.8878,5.0039,23.76418,4.67936166259174,0.4649181142359174,False,16.518725000000003,28.605974999999997,False,12.966695000000001,7.125303719192858,-0.362341747348345,False,7.945874999999997,14.559625000000002,False,5.2569,1.0345501581574428,-0.2445507334807225,False,4.142325,5.921450000000001,False,0.19270067985751477,False,False,False,False,False,,19.2,False,25.911736,0.003491913435194233,False,10.175229,0.0029703407817416685,False,4.8756223,0.0010112657811906572,False,False,No issues detected.,
C_00022,LOT_000,False,22.1746,22.9006,24.3226,23.4138,11.651,11.7553,12.2304,12.6808,5.321,5.349,5.3567,5.544,23.76418,4.67936166259174,-0.0748777344570408,False,16.518725000000003,28.605974999999997,False,12.966695000000001,7.125303719192858,-0.040123903663209386,False,7.945874999999997,14.559625000000002,False,5.2569,1.0345501581574428,0.27751191929768904,False,4.142325,5.921450000000001,False,0.20254472647487304,False,False,False,False,False,,17.2,False,23.480028,0.0040238066143459695,False,12.241294,0.0033749576886494947,False,5.4576993,0.0007548562420739054,False,False,No issues detected.,
C_00023,LOT_000,False,18.8934,20.1927,20.233,19.7573,10.7179,11.1091,11.3156,11.8675,4.6791,4.5167,4.4549,4.568,23.76418,4.67936166259174,-0.8562877351482006,False,16.518725000000003,28.605974999999997,False,12.966695000000001,7.125303719192858,-0.1542664065026714,False,7.945874999999997,14.559625000000002,False,5.2569,1.0345501581574428,-0.6658932817979041,False,4.142325,5.921450000000001,False,0.20369919704010742,False,False,False,False,False,,22.0,False,20.155764,-0.000256502596537262,False,11.590723,0.003344604428609214,False,4.6864715,0.0011789684878455258,False,False,No issues detected.,
C_00024,LOT_000,False,22.6493,24.068,23.8358,24.8958,10.3418,10.4004,10.7056,10.6124,4.7997,4.9747,4.8818,4.8996,23.76418,4.67936166259174,0.24183213044773197,False,16.518725000000003,28.605974999999997,False,12.966695000000001,7.125303719192858,-0.33041328380970303,False,7.945874999999997,14.559625000000002,False,5.2569,1.0345501581574428,-0.34536749831091695,False,4.142325,5.921450000000001,False,0.2830250492305114,False,False,False,False,False,,13.7,False,23.806398,-0.0018166778352525597,False,10.762839,0.002516939703623458,False,5.00308,0.00019708257781134473,False,False,No issues detected.,
C_00025,LOT_000,False,19.5956,19.7208,19.9431,20.213,10.5323,10.9801,10.3679,10.819,4.6439,4.6963,4.7384,4.9518,23.76418,4.67936166259174,-0.7589026572554173,False,16.518725000000003,28.605974999999997,False,12.966695000000001,7.125303719192858,-0.3014180285697755,False,7.945874999999997,14.559625000000002,False,5.2569,1.0345501581574428,-0.29491078571133705,False,4.142325,5.921450000000001,False,0.23992541389511535,False,False,False,False,False,,19.3,False,20.386602,0.0046236277898152635,False,11.318283,0.0023484936184353287,False,4.8877716,0.001329663933648004,False,False,No issues detected.,
C_00026,LOT_000,False,22.2717,22.0426,22.0247,22.6884,9.9214,10.1223,10.4946,10.7344,4.9866,4.8918,5.0371,4.9038,23.76418,4.67936166259174,-0.22989887885779706,False,16.518725000000003,28.605974999999997,False,12.966695000000001,7.125303719192858,-0.3132912066593101,False,7.945874999999997,14.559625000000002,False,5.2569,1.0345501581574428,-0.34130776281439906,False,4.142325,5.921450000000001,False,0.3006199802610759,False,False,False,False,False,,12.8,False,22.748571,0.0049025791380140505,False,10.629156,0.003519834115770134,False,5.080595,0.0013110765033298073,False,False,No issues detected.,
C_00027,LOT_000,False,22.4357,23.3536,24.4954,23.5555,10.6048,11.0558,11.5228,11.5595,4.9363,4.8719,5.0134,5.1828,23.76418,4.67936166259174,-0.04459582632140904,False,16.518725000000003,28.605974999999997,False,12.966695000000001,7.125303719192858,-0.1974926340626791,False,7.945874999999997,14.559625000000002,False,5.2569,1.0345501581574428,-0.07162533340285152,False,4.142325,5.921450000000001,False,0.29583764976145704,False,False,False,False,False,,11.9,False,23.491573,0.0009581481509738489,False,11.425019,0.0025640226682027206,False,5.0613637,0.0013157201184166795,False,False,No issues detected.,
C_00028,LOT_000,False,21.2329,20.6009,21.8561,21.4137,10.9831,10.95,11.68,11.5169,4.8942,4.8711,5.1137,5.1019,23.76418,4.67936166259174,-0.5023078294611129,False,16.518725000000003,28.605974999999997,False,12.966695000000001,7.125303719192858,-0.20347132657584904,False,7.945874999999997,14.559625000000002,False,5.2569,1.0345501581574428,-0.14982357189530449,False,4.142325,5.921450000000001,False,0.29910760136598574,False,False,False,False,False,,14.2,False,21.720709,0.007776450326707633,False,11.3981285,0.0031120035383436465,False,5.0566096,0.0012882613235049762,False,False,No issues detected.,
C_00029,LOT_000,False,20.3099,22.3402,23.1163,22.1134,11.3288,11.2634,11.725,11.6637,4.3187,4.2645,4.458,4.4907,23.76418,4.67936166259174,-0.3527788871710527,False,16.518725000000003,28.605974999999997,False,12.966695000000001,7.125303719192858,-0.18286869603750758,False,7.945874999999997,14.559625000000002,False,5.2569,1.0345501581574428,-0.7406117470076261,False,4.142325,5.921450000000001,False,0.20013942369555338,False,False,False,False,False,,21.2,False,22.505005,0.0011444783528645876,False,11.7564125,0.0034236979590521865,False,4.432847,0.001169076548682319,False,False,No issues detected.,
C_00030,LOT_000,False,22.0189,23.0271,22.0353,22.9427,10.7277,11.1216,11.8482,11.7721,5.1205,4.9944,4.9075,5.1149,23.76418,4.67936166259174,-0.17555385952899635,False,16.518725000000003,28.605974999999997,False,12.966695000000001,7.125303719192858,-0.16765530945469972,False,7.945874999999997,14.559625000000002,False,5.2569,1.0345501581574428,-0.13725772392989197,False,4.142325,5.921450000000001,False,0.2983420868455351,False,False,False,False,False,,11.5,False,23.262808,0.0016368600421481608,False,11.590723,0.003257798873053651,False,5.208444,0.0014864174895816398,False,False,No issues detected.,
C_00031,LOT_000,False,22.307,23.5328,23.5973,24.7264,9.8247,10.3968,10.4268,10.1911,5.1111,5.1318,5.2671,5.1469,23.76418,4.67936166259174,0.20563061147683573,False,16.518725000000003,28.605974999999997,False,12.966695000000001,7.125303719192858,-0.3895405879364277,False,7.945874999999997,14.559625000000002,False,5.2569,1.0345501581574428,-0.10632640586118396,False,4.142325,5.921450000000001,False,0.26648265716306097,False,False,False,False,False,,14.9,False,23.790037,0.0017863691329955936,False,10.761052,0.0025295286920335508,False,5.3190713,0.00130049508942498,False,False,No issues detected.,
C_00032,LOT_000,False,21.2884,22.1101,22.3534,21.8214,10.2132,10.4808,10.288,10.4483,4.7245,4.6236,4.5954,4.7211,23.76418,4.67936166259174,-0.41518056095795747,False,16.518725000000003,28.605974999999997,False,12.966695000000001,7.125303719192858,-0.35344388102592783,False,7.945874999999997,14.559625000000002,False,5.2569,1.0345501581574428,-0.5179062569129291,False,4.142325,5.921450000000001,False,0.29665531350678903,False,False,False,False,False,,14.5,False,22.420126,0.0021529580646091093,False,10.82123,0.0023640967686971003,False,4.7645264,0.0009786553276909743,False,False,No issues detected.,
C_00033,LOT_000,False,20.0222,20.0837,21.2519,20.9948,9.7154,9.9893,10.0273,10.2946,4.3943,4.4959,4.6018,4.864,23.76418,4.67936166259174,-0.591828586821847,False,16.518725000000003,28.605974999999997,False,12.966695000000001,7.125303719192858,-0.37501489133752897,False,7.945874999999997,14.559625000000002,False,5.2569,1.0345501581574428,-0.3797785896623551,False,4.142325,5.921450000000001,False,0.23240528312874892,False,False,False,False,False,,18.3,False,20.84997,0.005321318499247231,False,10.315095,0.002262464915381537,False,4.6932926,0.0013707820680406374,False,False,No issues detected.,
C_00034,LOT_000,False,22.6042,21.7434,21.727,23.353,10.94,10.9653,11.2475,11.2222,5.2652,5.3816,5.5251,5.4325,23.76418,4.67936166259174,-0.08787095968390257,False,16.518725000000003,28.605974999999997,False,12.966695000000001,7.125303719192858,-0.24483096703667448,False,7.945874999999997,14.559625000000002,False,5.2569,1.0345501581574428,0.16973560790203518,False,4.142325,5.921450000000001,False,0.26153477773772055,False,False,False,False,False,,14.0,False,22.75646,0.007035140207078714,False,11.3981285,0.0030057535383436473,False,5.4341774,0.00036512082417806187,False,False,No issues detected.,
C_00035,LOT_000,False,20.8541,21.4757,21.5672,21.8479,9.611,10.3796,10.5958,10.6734,5.1012,5.0727,5.0654,5.4203,23.76418,4.67936166259174,-0.4095173953574338,False,16.518725000000003,28.605974999999997,False,12.966695000000001,7.125303719192858,-0.32185224523450645,False,7.945874999999997,14.559625000000002,False,5.2569,1.0345501581574428,0.1579430428883403,False,4.142325,5.921450000000001,False,0.27221275494924113,False,False,False,False,False,,14.8,False,21.57266,0.000673336431715225,False,10.829384,0.0031234989590115023,False,5.2870283,0.001488391060299342,False,False,No issues detected.,
C_00036,LOT_000,False,21.9243,22.8784,22.6372,22.3563,11.2137,11.4536,11.4785,12.054,4.8707,4.9978,5.0008,5.0006,23.76418,4.67936166259174,-0.3008700975722876,False,16.518725000000003,28.605974999999997,False,12.966695000000001,7.125303719192858,-0.12809208364571856,False,7.945874999999997,14.559625000000002,False,5.2569,1.0345501581574428,-0.24774052565655746,False,4.142325,5.921450000000001,False,0.28960416105987996,False,False,False,False,False,,13.0,False,22.979456,0.0007017774158053985,False,12.039871,0.004071327887641061,False,5.0246587,0.00018651861084832225,False,False,No issues detected.,
C_00037,LOT_000,False,20.9282,21.4484,21.5422,21.1483,10.8203,10.9105,11.0262,10.9107,4.5207,4.5149,4.6416,4.614,23.76418,4.67936166259174,-0.5590249672112656,False,16.518725000000003,28.605974999999997,False,12.966695000000001,7.125303719192858,-0.288548401728046,False,7.945874999999997,14.559625000000002,False,5.2569,1.0345501581574428,-0.6214295120741361,False,4.142325,5.921450000000001,False,0.2826190582966498,False,False,False,False,False,,16.0,False,21.57266,0.0008629197650485606,False,11.348519,0.0030418008698357424,False,4.7046733,0.0013178700711992059,False,False,No issues detected.,
C_00038,LOT_000,False,20.3663,20.4744,20.5427,21.1734,10.6171,10.4662,10.8413,11.4272,4.0257,4.1188,4.145,4.1792,23.76418,4.67936166259174,-0.5536609877179388,False,16.518725000000003,28.605974999999997,False,12.966695000000001,7.125303719192858,-0.216060263628228,False,7.945874999999997,14.559625000000002,False,5.2569,1.0345501581574428,-1.0417087963327059,False,4.142325,5.921450000000001,False,0.16923295103874003,False,False,False,False,False,,25.2,False,21.219545,0.005174620585971413,False,11.001642,0.003718348799811465,False,4.232119,0.0007869380791981998,False,False,No issues detected.,
C_00039,LOT_000,False,22.4276,21.993,23.0357,22.6573,11.6822,11.5802,12.477,12.4516,4.7876,4.8026,4.9061,4.9729,23.76418,4.67936166259174,-0.23654508452482748,False,16.518725000000003,28.605974999999997,False,12.966695000000001,7.125303719192858,-0.07229095352279964,False,7.945874999999997,14.559625000000002,False,5.2569,1.0345501581574428,-0.27451544785978305,False,4.142325,5.921450000000001,False,0.2567220719082064,False,False,False,False,False,,14.5,False,22.74783,0.005241871092054589,False,12.134041,0.0038461168924967476,False,4.956422,0.0010682073063320585,False,False,No issues detected.,
C_00040,LOT_000,False,20.0993,20.4051,20.0972,20.9383,10.7676,10.9058,10.9101,11.3703,4.9226,4.9205,4.9656,4.9999,23.76418,4.67936166259174,-0.6039028832908886,False,16.518725000000003,28.605974999999997,False,12.966695000000001,7.125303719192858,-0.22404588813525522,False,7.945874999999997,14.559625000000002,False,5.2569,1.0345501581574428,-0.24841714823931058,False,4.142325,5.921450000000001,False,0.2804875989152188,False,False,False,False,False,,16.0,False,21.191206,0.005459069294399679,False,11.348519,0.0030744397587246417,False,5.0174127,0.0006730046007368324,False,False,No issues detected.,
C_00041,LOT_001,False,26.8509,27.967,27.3209,28.6842,9.8382,9.9702,10.138,10.3377,3.8752,4.0998,3.9378,3.8673,30.448385000000002,7.716902894779845,-0.22861308792590834,False,19.5377,38.18395,False,12.5687275,6.715706213278728,-0.33221040783300915,False,7.934275000000001,14.3774,False,4.009259999999999,0.2977426705162593,-0.4767875553539343,False,3.1980999999999984,4.749600000000002,False,0.3046904893526775,False,False,False,False,False,,13.7,False,28.344723,0.002623074637518997,False,10.489129,0.003603674072689479,False,4.052232,-0.00033033480114407084,False,False,No issues detected.,
C_00042,LOT_001,False,29.1048,30.3851,30.4505,31.319,9.7142,9.6191,10.1635,10.3843,3.7535,3.8118,3.7807,3.816,30.448385000000002,7.716902894779845,0.11281922448304113,False,19.5377,38.18395,False,12.5687275,6.715706213278728,-0.3252714503324772,False,7.934275000000001,14.3774,False,4.009259999999999,0.2977426705162593,-0.6490839880790479,False,3.1980999999999984,4.749600000000002,False,0.29516638204087553,False,False,False,False,False,,15.7,False,30.498182,0.0007852937274508914,False,10.311336,0.004807191414303253,False,3.7977684,-9.744198322296042e-05,False,False,No issues detected.,
C_00043,LOT_001,False,29.9352,30.1168,31.0258,30.8263,10.6123,11.0003,11.2225,11.9184,3.846,3.5565,3.7259,3.9074,30.448385000000002,7.716902894779845,0.048972366913628176,False,19.5377,38.18395,False,12.5687275,6.715706213278728,-0.09683680008427557,False,7.934275000000001,14.3774,False,4.009259999999999,0.2977426705162593,-0.3421074978046755,False,3.1980999999999984,4.749600000000002,False,0.26995256642038706,False,False,False,False,False,,14.4,False,30.882631,0.0053182729297213995,False,11.538862,0.003740015474955246,False,3.8139193,0.001787634068065218,False,False,No issues detected.,
C_00044,LOT_001,False,30.477,30.8317,30.3869,31.3156,9.4618,10.1135,9.9184,10.1839,3.7053,3.736,3.7822,3.8265,30.448385000000002,7.716902894779845,0.11237863321911591,False,19.5377,38.18395,False,12.5687275,6.715706213278728,-0.3551119456781128,False,7.934275000000001,14.3774,False,4.009259999999999,0.2977426705162593,-0.6138186363516859,False,3.1980999999999984,4.749600000000002,False,0.2760971967506386,False,False,False,False,False,,16.3,False,31.274466,0.003074760839674198,False,10.582899,0.0032597159279717327,False,3.797645,0.0004280909167395683,False,False,No issues detected.,
C_00045,LOT_001,False,28.5831,27.8098,29.2358,29.1836,9.356,9.992,10.4935,10.5077,3.9229,3.9074,3.8249,3.8776,30.448385000000002,7.716902894779845,-0.16389800639523097,False,19.5377,38.18395,False,12.5687275,6.715706213278728,-0.30689661437613264,False,7.934275000000001,14.3774,False,4.009259999999999,0.2977426705162593,-0.44219392461185525,False,3.1980999999999984,4.749600000000002,False,0.3030925540878419,False,False,False,False,False,,13.5,False,29.268333,0.010128704410129129,False,10.349682,0.0024839017656114303,False,3.9419436,0.0002398864269256593,False,False,No issues detected.,
C_00046,LOT_001,False,27.6392,28.5849,28.7495,28.1072,10.3331,10.3916,10.8101,11.3097,4.1489,4.1668,4.2771,4.2629,30.448385000000002,7.716902894779845,-0.3033840171273523,False,19.5377,38.18395,False,12.5687275,6.715706213278728,-0.18747507112663292,False,7.934275000000001,14.3774,False,4.009259999999999,0.2977426705162593,0.8518765535360168,False,3.1980999999999984,4.749600000000002,False,0.30432769902005763,False,False,False,False,False,,16.9,False,28.683708,0.0006861679924858866,False,10.869131,0.0033161881128946913,False,4.1910057,0.00016809518602159092,False,False,No issues detected.,
C_00047,LOT_001,False,24.7068,25.0223,24.8385,24.6985,10.7399,11.0254,10.878,11.5958,4.0927,3.9837,4.1114,4.1138,30.448385000000002,7.716902894779845,-0.745102676345656,False,19.5377,38.18395,False,12.5687275,6.715706213278728,-0.14487344578538353,False,7.934275000000001,14.3774,False,4.009259999999999,0.2977426705162593,0.3511085590074742,False,3.1980999999999984,4.749600000000002,False,0.2440267130634352,False,False,False,False,False,,19.0,False,25.419607,0.00275907751719156,False,11.636085,0.004240864976247156,False,4.139132,0.001079389047622682,False,False,No issues detected.,
C_00048,LOT_001,False,26.1394,26.6158,28.2117,26.4583,10.7051,10.9517,11.5012,12.1199,4.2545,4.2991,4.2689,4.4197,30.448385000000002,7.716902894779845,-0.5170578215645454,False,19.5377,38.18395,False,12.5687275,6.715706213278728,-0.06683250960450733,False,7.934275000000001,14.3774,False,4.009259999999999,0.2977426705162593,1.3785058059979576,False,3.1980999999999984,4.749600000000002,False,0.23374721433589102,False,False,False,False,False,,24.8,False,27.161991,0.003792993884616427,False,11.55069,0.004159650675455724,False,4.34476,0.0003170829243130144,False,False,No issues detected.,
C_00049,LOT_001,False,26.6376,27.1964,28.0426,28.7936,10.7332,11.2113,11.6849,11.5561,4.5796,4.5606,4.6346,4.6153,30.448385000000002,7.716902894779845,-0.2144364160807818,False,19.5377,38.18395,False,12.5687275,6.715706213278728,-0.15078496108090114,False,7.934275000000001,14.3774,False,4.009259999999999,0.2977426705162593,2.0354489296048213,False,3.1980999999999984,4.749600000000002,False,0.15826654086968694,False,False,False,False,False,,34.0,False,27.706354,0.0035413482030232707,False,11.720823,0.003538356166415747,False,4.607797,0.00032775795724656855,False,False,No issues detected.,
C_00050,LOT_001,False,29.8864,30.4262,30.1896,30.7403,10.1499,10.08,10.2247,10.5128,4.2408,4.2564,4.1482,4.3178,30.448385000000002,7.716902894779845,0.03782799964963503,False,19.5377,38.18395,False,12.5687275,6.715706213278728,-0.30613720057242627,False,7.934275000000001,14.3774,False,4.009259999999999,0.2977426705162593,1.0362639639962246,False,3.1980999999999984,4.749600000000002,False,0.27722572188836986,False,False,False,False,False,,19.8,False,30.475922,0.000345289103190094,False,10.697257,0.004286507235633002,False,4.290079,0.000233882755703395,False,False,No issues detected.,
C_00051,LOT_001,False,27.811,28.4703,28.0274,29.0445,10.072,10.012,10.3488,10.9346,3.8864,3.893,4.0687,3.9342,30.448385000000002,7.716902894779845,-0.18192337251641078,False,19.5377,38.18395,False,12.5687275,6.715706213278728,-0.24332921186589396,False,7.934275000000001,14.3774,False,4.009259999999999,0.2977426705162593,-0.25209688577674094,False,3.1980999999999984,4.749600000000002,False,0.3290209215550435,False,False,False,False,False,,10.6,False,28.724312,0.0017639710320366635,False,10.517715,0.003511912875705292,False,3.921812,0.0002000837326049819,False,False,No issues detected.,
C_00052,LOT_001,False,27.9482,29.185,27.2581,27.6619,8.855,9.3454,9.2813,9.7131,3.8086,3.7578,3.8808,3.8935,30.448385000000002,7.716902894779845,-0.3610885141349829,False,19.5377,38.18395,False,12.5687275,6.715706213278728,-0.4252162630869212,False,7.934275000000001,14.3774,False,4.009259999999999,0.2977426705162593,-0.3887921062818503,False,3.1980999999999984,4.749600000000002,False,0.24519940148072367,False,False,False,False,False,,16.3,False,28.958887,-0.0015702284706963345,False,9.809044,0.0032197491963704447,False,3.876156,0.0008219173034032184,False,False,No issues detected.,
C_00053,LOT_001,False,23.576,23.7672,23.3378,23.6991,11.0155,11.1168,11.5031,12.1509,3.6681,3.7014,3.6797,3.6488,30.448385000000002,7.716902894779845,-0.8746105908065273,False,19.5377,38.18395,False,12.5687275,6.715706213278728,-0.06221646491531212,False,7.934275000000001,14.3774,False,4.009259999999999,0.2977426705162593,-1.21064273177571,False,3.1980999999999984,4.749600000000002,False,0.14274920171716932,False,False,False,False,False,,28.0,False,24.323542,0.0038634836196899482,False,11.705206,0.00408615220387777,False,3.7309775,0.00020539955033196326,False,False,No issues detected.,
C_00054,LOT_001,False,25.9615,25.9753,25.6831,26.5059,9.5086,9.8682,10.2395,10.5128,4.1076,4.086,4.0099,4.1073,30.448385000000002,7.716902894779845,-0.510889543869591,False,19.5377,38.18395,False,12.5687275,6.715706213278728,-0.30613720057242627,False,7.934275000000001,14.3774,False,4.009259999999999,0.2977426705162593,0.3292776269857739,False,3.1980999999999984,4.749600000000002,False,0.26364613222703387,False,False,False,False,False,,16.1,False,26.782171,0.005603272565205887,False,10.397449,0.0036753370814853253,False,4.1513205,0.0004536142879062208,False,False,No issues detected.,
C_00055,LOT_001,False,28.1601,28.4294,28.6794,30.7205,11.8197,11.374,11.5608,11.9509,3.9549,3.9318,3.8011,3.9183,30.448385000000002,7.716902894779845,0.03526220346559934,False,19.5377,38.18395,False,12.5687275,6.715706213278728,-0.09199739839399027,False,7.934275000000001,14.3774,False,4.009259999999999,0.2977426705162593,-0.3054987041067474,False,3.1980999999999984,4.749600000000002,False,0.26413204174100835,False,False,False,False,False,,14.3,False,29.081795,0.004530519019232848,False,12.467496,0.007593721654680036,False,3.9617245,0.00020780916478898816,False,False,No issues detected.,
C_00056,LOT_001,False,26.0342,26.9285,27.2831,26.9356,8.8764,9.2254,9.2696,9.4959,3.4711,3.6541,3.6845,3.612,30.448385000000002,7.716902894779845,-0.45520658324938235,False,19.5377,38.18395,False,12.5687275,6.715706213278728,-0.45755835684476576,False,7.934275000000001,14.3774,False,4.009259999999999,0.2977426705162593,-1.3342393930677985,False,3.1980999999999984,4.749600000000002,False,0.17115519029916892,False,False,False,False,False,,27.6,False,27.399378,0.003269984881083173,False,9.659347,0.0030135179201761847,False,3.6400123,-9.783149825202181e-05,False,False,No issues detected.,
C_00057,LOT_001,False,28.5187,29.8097,29.3714,31.1287,10.8935,10.6372,11.6154,11.4712,4.1932,4.2156,4.3522,4.295,30.448385000000002,7.716902894779845,0.08815907226980926,False,19.5377,38.18395,False,12.5687275,6.715706213278728,-0.1634269673426002,False,7.934275000000001,14.3774,False,4.009259999999999,0.2977426705162593,0.9596877716739519,False,3.1980999999999984,4.749600000000002,False,0.28307870470932317,False,False,False,False,False,,18.8,False,30.29511,0.0033709076563517293,False,11.439822,0.005573765256669787,False,4.2412286,0.00017797625329759223,False,False,No issues detected.,
C_00058,LOT_001,False,26.7602,27.5874,27.9305,27.2321,10.1322,10.1463,10.6951,11.0575,3.9395,4.1286,4.0432,4.0071,30.448385000000002,7.716902894779845,-0.41678443332177756,False,19.5377,38.18395,False,12.5687275,6.715706213278728,-0.22502882824324622,False,7.934275000000001,14.3774,False,4.009259999999999,0.2977426705162593,-0.007254586641054182,False,3.1980999999999984,4.749600000000002,False,0.32529804867806467,False,False,False,False,False,,12.2,False,28.114397,0.003659701728820809,False,10.737692,0.0041068880505032,False,4.077921,-0.0003519380993313232,False,False,No issues detected.,
C_00059,LOT_001,False,30.9161,31.3255,30.6964,32.4953,8.9439,9.0545,8.9101,9.2529,4.003,4.0302,4.1277,3.9622,30.448385000000002,7.716902894779845,0.2652508432346154,False,19.5377,38.18395,False,12.5687275,6.715706213278728,-0.4937421910213599,False,7.934275000000001,14.3774,False,4.009259999999999,0.2977426705162593,-0.15805594783710833,False,3.1980999999999984,4.749600000000002,False,0.17835807235842716,False,False,False,False,False,,20.2,False,32.21681,0.006189641104804133,False,9.507829,0.0031481160587734586,False,4.0682893,0.00026450888845655805,False,False,No issues detected.,
C_00060,LOT_001,False,26.0807,26.5163,27.5915,26.8223,10.5213,11.1974,10.6902,11.4952,3.9273,3.9543,4.0108,3.8973,30.448385000000002,7.716902894779845,-0.4698886391913646,False,19.5377,38.18395,False,12.5687275,6.715706213278728,-0.15985325532515868,False,7.934275000000001,14.3774,False,4.009259999999999,0.2977426705162593,-0.3760294075614715,False,3.1980999999999984,4.749600000000002,False,0.3090247685053439,False,False,False,False,False,,13.5,False,27.20657,0.004793539386325405,False,11.546067,0.002421300262875027,False,4.006134,0.0003599585639105908,False,False,No issues detected.,
C_00061,LOT_001,True,30.3972,39.7891,52.0124,61.505,10.84,17.4241,28.3151,37.6596,3.8838,4.0384,4.2805,4.7324,30.448385000000002,7.716902894779845,4.024492134144706,True,19.5377,38.18395,True,12.5687275,6.715706213278728,3.7361480242224867,True,7.934275000000001,14.3774,True,4.009259999999999,0.2977426705162593,2.4287415664880694,False,3.1980999999999984,4.749600000000002,False,0.00799952282465266,False,True,True,False,True,"iddq_ua,leakage_ua",58.1,True,57.36882,0.1220813902113173,True,32.046955,0.10154760492112902,True,4.0179644,-0.00014191414515177556,False,True,"[Module B - Iddq (standby current)] The strongest driver was delta_24h_iddq_ua (9.392), which pushed the predicted 168h value up by 16.08uA relative to baseline. [Module B - leakage current] The strongest driver was delta_24h_leakage_ua (6.584), which pushed the predicted 168h value up by 13.41uA relative to baseline. [Module A - Iddq (standby current)] Flagged because 168h Iddq (standby current) is 4.0sigma from its lot's mean (61.51uA vs lot mean 30.45uA); and 168h Iddq (standby current) (61.51uA) falls outside the lot's normal IQR range [19.54, 38.18]uA. [Module A - leakage current] Flagged because 168h leakage current is 3.7sigma from its lot's mean (37.66uA vs lot mean 12.57uA); and 168h leakage current (37.66uA) falls outside the lot's normal IQR range [7.93, 14.38]uA.","Iddq (standby current), leakage current"
C_00062,LOT_001,True,30.7239,41.6951,54.7399,63.524,9.7697,18.1273,32.4515,44.5272,4.0832,4.3311,4.4352,4.795,30.448385000000002,7.716902894779845,4.286125593516829,True,19.5377,38.18395,True,12.5687275,6.715706213278728,4.758765718013341,True,7.934275000000001,14.3774,True,4.009259999999999,0.2977426705162593,2.638990234881676,False,3.1980999999999984,4.749600000000002,True,-0.02836194456013208,True,True,True,True,True,"iddq_ua,leakage_ua,prop_delay_ns",66.1,True,63.30966,0.15010112406412762,True,44.470833,0.18294120017157658,True,4.539511,0.0014473000261518679,False,True,"[Module B - leakage current] The strongest driver was delta_24h_leakage_ua (8.358), which pushed the predicted 168h value up by 23.48uA relative to baseline. [Module B - Iddq (standby current)] The strongest driver was delta_24h_iddq_ua (10.971), which pushed the predicted 168h value up by 21.59uA relative to baseline. [Module A - leakage current] Flagged because 168h leakage current is 4.8sigma from its lot's mean (44.53uA vs lot mean 12.57uA); and 168h leakage current (44.53uA) falls outside the lot's normal IQR range [7.93, 14.38]uA. [Module A - Iddq (standby current)] Flagged because 168h Iddq (standby current) is 4.3sigma from its lot's mean (63.52uA vs lot mean 30.45uA); and 168h Iddq (standby current) (63.52uA) falls outside the lot's normal IQR range [19.54, 38.18]uA. [Module A - propagation delay] Flagged because 168h propagation delay (4.79ns) falls outside the lot's normal IQR range [3.20, 4.75]ns.","Iddq (standby current), leakage current, propagation delay"
C_00063,LOT_001,False,29.6199,29.8008,27.8293,29.5591,10.95,10.6373,11.2031,11.4654,3.9579,3.7869,3.9084,3.8196,30.448385000000002,7.716902894779845,-0.11523858886465506,False,19.5377,38.18395,False,12.5687275,6.715706213278728,-0.16429061441348172,False,7.934275000000001,14.3774,False,4.009259999999999,0.2977426705162593,-0.6369930103439522,False,3.1980999999999984,4.749600000000002,False,0.30702035477338996,False,False,False,False,False,,15.0,False,30.450888,0.004514497778150778,False,11.439822,0.005573070812225344,False,3.8734515,0.0006010518842273278,False,False,No issues detected.,
C_00064,LOT_001,False,28.6178,28.8571,28.8934,28.9804,10.7627,11.7542,11.7531,11.8021,4.0618,4.1217,4.0674,4.2974,30.448385000000002,7.716902894779845,-0.1902298136980616,False,19.5377,38.18395,False,12.5687275,6.715706213278728,-0.11415441290212708,False,7.934275000000001,14.3774,False,4.009259999999999,0.2977426705162593,0.9677484234973481,False,3.1980999999999984,4.749600000000002,False,0.28787388664453584,False,False,False,False,False,,18.7,False,30.037792,0.008199251429239916,False,13.307615,0.010787606112162266,False,4.108613,-9.088184568616869e-05,False,False,No issues detected.,
C_00065,LOT_001,False,28.2501,27.8162,27.4963,28.6424,11.5403,11.5807,12.1362,12.3767,4.0933,4.0573,4.0847,4.0371,30.448385000000002,7.716902894779845,-0.2340297687588728,False,19.5377,38.18395,False,12.5687275,6.715706213278728,-0.02859379101788444,False,7.934275000000001,14.3774,False,4.009259999999999,0.2977426705162593,0.09350356115140711,False,3.1980999999999984,4.749600000000002,False,0.24589911905548162,False,False,False,False,False,,14.7,False,28.78894,0.006755141872829872,False,12.196647,0.004277407572004528,False,4.123964,0.00046294328371683974,False,False,No issues detected.,
C_00066,LOT_001,False,25.6677,27.1168,27.1904,26.593,9.9643,10.6238,10.5734,11.0346,3.7533,3.7461,3.9041,3.7975,30.448385000000002,7.716902894779845,-0.4996026323731513,False,19.5377,38.18395,False,12.5687275,6.715706213278728,-0.22843874512655488,False,7.934275000000001,14.3774,False,4.009259999999999,0.2977426705162593,-0.7112181792177336,False,3.1980999999999984,4.749600000000002,False,0.29984280316243084,False,False,False,False,False,,15.9,False,27.312777,0.0013609483718871977,False,11.166706,0.0037701811472574923,False,3.7965982,0.0003506819168726589,False,False,No issues detected.,
C_00067,LOT_001,False,28.692,28.9602,29.1245,30.4816,10.5255,10.562,11.2252,12.0486,4.1474,4.167,4.3764,4.0952,30.448385000000002,7.716902894779845,0.0043041878915525775,False,19.5377,38.18395,False,12.5687275,6.715706213278728,-0.07744941238965598,False,7.934275000000001,14.3774,False,4.009259999999999,0.2977426705162593,0.28863850737614627,False,3.1980999999999984,4.749600000000002,False,0.29553953648886144,False,False,False,False,False,,12.6,False,30.02622,0.007402918900383841,False,11.213986,0.004527683311038551,False,4.1978154,0.00021399596002366937,False,False,No issues detected.,
C_00068,LOT_001,False,29.4146,29.1205,29.6726,29.4607,11.3478,11.6454,12.1926,12.1899,3.6728,3.5784,3.7305,3.6035,30.448385000000002,7.716902894779845,-0.12798981838531742,False,19.5377,38.18395,False,12.5687275,6.715706213278728,-0.0564091828869699,False,7.934275000000001,14.3774,False,4.009259999999999,0.2977426705162593,-1.3627875349423302,False,3.1980999999999984,4.749600000000002,False,0.21740942884190434,False,False,False,False,False,,25.5,False,29.924835,0.005585661146375869,False,12.147398,0.0034860971874660887,False,3.723492,0.0010075826883316054,False,False,No issues detected.,
C_00069,LOT_001,False,31.5218,32.0348,30.5823,31.0194,9.8439,10.2652,10.2531,11.0637,3.9243,3.8094,3.8779,3.7719,30.448385000000002,7.716902894779845,0.0739953589912692,False,19.5377,38.18395,False,12.5687275,6.715706213278728,-0.22410561930540698,False,7.934275000000001,14.3774,False,4.009259999999999,0.2977426705162593,-0.7971984653339685,False,3.1980999999999984,4.749600000000002,False,0.26899539839660114,False,False,False,False,False,,18.2,False,32.109997,0.0005221999698215266,False,10.850013,0.004061199855804443,False,3.8873956,0.0005416362524032584,False,False,No issues detected.,
C_00070,LOT_001,False,28.1005,30.2424,28.9092,30.1489,10.398,10.2784,10.1632,10.9492,3.4869,3.5757,3.5478,3.5337,30.448385000000002,7.716902894779845,-0.03880896314019831,False,19.5377,38.18395,False,12.5687275,6.715706213278728,-0.24115520372195048,False,7.934275000000001,14.3774,False,4.009259999999999,0.2977426705162593,-1.597218158806128,False,3.1980999999999984,4.749600000000002,False,0.22762904470307216,False,False,False,False,False,,26.9,False,30.06257,-0.0012488154729207352,False,10.974259,0.004832356781429718,False,3.597293,0.00014995069503784264,False,False,No issues detected.,
C_00071,LOT_001,False,26.5334,26.7301,27.8335,28.0572,10.2364,10.3015,10.0773,10.3864,3.8027,3.7901,3.8218,3.8563,30.448385000000002,7.716902894779845,-0.3098633004203713,False,19.5377,38.18395,False,12.5687275,6.715706213278728,-0.32495875053095097,False,7.934275000000001,14.3774,False,4.009259999999999,0.2977426705162593,-0.5137322095445046,False,3.1980999999999984,4.749600000000002,False,0.3058820932477704,False,False,False,False,False,,14.0,False,27.266304,0.003723639000786674,False,10.869131,0.003941882557339133,False,3.8798692,0.0006233973794513292,False,False,No issues detected.,
C_00072,LOT_001,False,25.9375,24.4389,25.9179,26.4685,10.3758,10.5732,11.1346,11.4171,3.855,3.7553,3.7195,3.9874,30.448385000000002,7.716902894779845,-0.5157360477727697,False,19.5377,38.18395,False,12.5687275,6.715706213278728,-0.1714827098485827,False,7.934275000000001,14.3774,False,4.009259999999999,0.2977426705162593,-0.07341910369143942,False,3.1980999999999984,4.749600000000002,False,0.26751024772470444,False,False,False,False,False,,15.9,False,26.021093,0.010987453948126898,False,11.159638,0.004072488922542996,False,3.8651223,0.0007626549879709873,False,False,No issues detected.,
C_00073,LOT_001,False,27.773,28.6338,29.6473,29.9544,9.9552,9.9614,10.3928,10.5758,3.6036,3.5942,3.5806,3.5798,30.448385000000002,7.716902894779845,-0.06401337515004392,False,19.5377,38.18395,False,12.5687275,6.715706213278728,-0.2967562065266428,False,7.934275000000001,14.3774,False,4.009259999999999,0.2977426705162593,-1.4423864716983759,False,3.1980999999999984,4.749600000000002,False,0.2614587792290286,False,False,False,False,False,,23.9,False,28.683708,0.00034658465915255517,False,10.505452,0.003778139972686772,False,3.636803,0.0002958535538779376,False,False,No issues detected.,
C_00074,LOT_001,False,28.4107,29.0203,29.4968,29.1041,9.978,10.393,11.1798,10.4748,4.1961,4.263,4.0819,4.1214,30.448385000000002,7.716902894779845,-0.17420006683113173,False,19.5377,38.18395,False,12.5687275,6.715706213278728,-0.3117955779333752,False,7.934275000000001,14.3774,False,4.009259999999999,0.2977426705162593,0.3766339564482317,False,3.1980999999999984,4.749600000000002,False,0.29975556803926906,False,False,False,False,False,,13.2,False,29.510883,0.003406828689575203,False,10.850013,0.0031736998558044385,False,4.2122264,-0.000352594508065117,False,False,No issues detected.,
C_00075,LOT_001,False,25.1514,26.0227,25.3017,26.3367,9.8979,10.689,10.9011,11.1859,3.8184,3.8535,4.0167,3.9772,30.448385000000002,7.716902894779845,-0.5328154385331686,False,19.5377,38.18395,False,12.5687275,6.715706213278728,-0.20590946894993464,False,7.934275000000001,14.3774,False,4.009259999999999,0.2977426705162593,-0.10767687394087769,False,3.1980999999999984,4.749600000000002,False,0.28370465624441005,False,False,False,False,False,,15.3,False,26.447432,0.002949524752298988,False,11.280099,0.004104853577084011,False,3.9242373,0.0004912309116787386,False,False,No issues detected.,
C_00076,LOT_001,False,26.6247,25.889,26.6596,26.744,9.7686,10.3868,10.4571,11.0716,3.8392,3.9895,4.0301,3.9872,30.448385000000002,7.716902894779845,-0.48003519682823276,False,19.5377,38.18395,False,12.5687275,6.715706213278728,-0.2229292724329993,False,7.934275000000001,14.3774,False,4.009259999999999,0.2977426705162593,-0.07409082467672244,False,3.1980999999999984,4.749600000000002,False,0.3138992115948399,False,False,False,False,False,,13.3,False,26.823141,0.006487090958489317,False,10.807162,0.0029191825336880215,False,4.013074,0.00016370778613620303,False,False,No issues detected.,
C_00077,LOT_001,False,29.5733,30.2752,30.3176,31.1125,10.8188,10.7986,11.3417,11.7995,3.7347,3.6911,3.8294,3.7722,30.448385000000002,7.716902894779845,0.08605978448287127,False,19.5377,38.18395,False,12.5687275,6.715706213278728,-0.11454156503734979,False,7.934275000000001,14.3774,False,4.009259999999999,0.2977426705162593,-0.7961908838560432,False,3.1980999999999984,4.749600000000002,False,0.2998487331762131,False,False,False,False,False,,16.6,False,30.4669,0.0013312491099039597,False,11.4232,0.004337497594621443,False,3.7345257,0.0003015672259860565,False,False,No issues detected.,
C_00078,LOT_001,False,31.6578,31.1911,31.2538,30.4223,9.109,9.4258,9.3303,10.0885,4.0602,4.0198,4.0453,4.1518,30.448385000000002,7.716902894779845,-0.0033802420939684622,False,19.5377,38.18395,False,12.5687275,6.715706213278728,-0.3693174509474423,False,7.934275000000001,14.3774,False,4.009259999999999,0.2977426705162593,0.4787355462112591,False,3.1980999999999984,4.749600000000002,False,0.21806127594421698,False,False,False,False,False,,18.1,False,31.071825,-0.0008282984203762389,False,9.995177,0.003954008812374534,False,4.115721,0.0006661196231842038,False,False,No issues detected.,
C_00079,LOT_001,False,26.9098,27.2206,27.4522,27.0164,11.3359,11.271,11.241,11.1703,3.7648,3.7363,3.8301,3.8086,30.448385000000002,7.716902894779845,-0.444736061447863,False,19.5377,38.18395,False,12.5687275,6.715706213278728,-0.2082323817612717,False,7.934275000000001,14.3774,False,4.009259999999999,0.2977426705162593,-0.673937664534521,False,3.1980999999999984,4.749600000000002,False,0.28361151727476575,False,False,False,False,False,,16.4,False,27.849401,0.004366676902770989,False,11.92778,0.004560973273383241,False,3.8311353,0.0006585782845815026,False,False,No issues detected.,
C_00080,LOT_001,False,28.9494,29.2457,30.5109,30.4323,10.4189,10.5843,10.9942,11.0009,4.3062,4.2312,4.3051,4.3452,30.448385000000002,7.716902894779845,-0.0020843854353643824,False,19.5377,38.18395,False,12.5687275,6.715706213278728,-0.2334568324177121,False,7.934275000000001,14.3774,False,4.009259999999999,0.2977426705162593,1.1282897389800082,False,3.1980999999999984,4.749600000000002,False,0.28133266873453194,False,False,False,False,False,,20.3,False,30.02622,0.005420280011494959,False,11.197663,0.004259467411041255,False,4.293674,0.0004338471677568203,False,False,No issues detected.,
C_00081,LOT_002,False,22.4784,22.3373,21.4406,22.2405,8.7848,8.7775,8.7481,8.5445,4.458,4.666,4.7796,4.5683,24.575409999999998,7.730296226081791,-0.3020466398327764,False,17.63935,28.194850000000002,False,9.5913425,2.4665281948195408,-0.42441943384174075,False,6.856499999999997,11.183500000000002,False,4.6003324999999995,0.4709220101947853,-0.06802081726175897,False,3.4879000000000016,5.541274999999999,False,0.2838174359839935,False,False,False,False,False,,14.3,False,23.157831,0.005698133277893073,False,8.899608,0.0008479698499043793,False,4.69093,0.00017312423388162992,False,False,No issues detected.,
C_00082,LOT_002,True,21.1342,27.8034,36.6097,41.7951,8.8171,11.5456,14.8404,17.0056,4.6361,4.8043,5.4187,6.0736,24.575409999999998,7.730296226081791,2.2275588795551293,False,17.63935,28.194850000000002,True,9.5913425,2.4665281948195408,3.0059488132234597,True,6.856499999999997,11.183500000000002,True,4.6003324999999995,0.4709220101947853,3.1284744991864355,True,3.4879000000000016,5.541274999999999,True,0.01648364256071788,False,True,True,True,True,"iddq_ua,leakage_ua,prop_delay_ns",50.2,True,42.922737,0.104995396677653,True,17.513174,0.04144148650699191,True,5.1622896,0.0024860390239291753,False,True,"[Module B - Iddq (standby current)] The strongest driver was delta_24h_iddq_ua (6.669), which pushed the predicted 168h value up by 12.57uA relative to baseline. [Module B - leakage current] The strongest driver was delta_24h_leakage_ua (2.729), which pushed the predicted 168h value up by 3.95uA relative to baseline. [Module A - propagation delay] Flagged because 168h propagation delay is 3.1sigma from its lot's mean (6.07ns vs lot mean 4.60ns); and 168h propagation delay (6.07ns) falls outside the lot's normal IQR range [3.49, 5.54]ns. [Module A - leakage current] Flagged because 168h leakage current is 3.0sigma from its lot's mean (17.01uA vs lot mean 9.59uA); and 168h leakage current (17.01uA) falls outside the lot's normal IQR range [6.86, 11.18]uA. [Module A - Iddq (standby current)] Flagged because 168h Iddq (standby current) (41.80uA) falls outside the lot's normal IQR range [17.64, 28.19]uA.","Iddq (standby current), leakage current, propagation delay"
C_00083,LOT_002,False,22.4505,23.5293,24.0866,24.7376,8.9851,8.9926,8.9647,8.71,4.1944,4.1162,4.2732,4.3079,24.575409999999998,7.730296226081791,0.020981084716104183,False,17.63935,28.194850000000002,False,9.5913425,2.4665281948195408,-0.35732107253064693,False,6.856499999999997,11.183500000000002,False,4.6003324999999995,0.4709220101947853,-0.620978619960961,False,3.4879000000000016,5.541274999999999,False,0.26542870996511936,False,False,False,False,False,,16.9,False,23.834164,0.002117108790079758,False,9.171448,0.0012419982910156285,False,4.2600937,0.0009992617289225254,False,False,No issues detected.,
C_00084,LOT_002,False,19.8948,19.5704,20.0327,20.5686,8.6871,8.8321,9.0451,9.2722,4.309,4.3131,4.2435,4.3097,24.575409999999998,7.730296226081791,-0.5183255444314203,False,17.63935,28.194850000000002,False,9.5913425,2.4665281948195408,-0.1293893581554414,False,6.856499999999997,11.183500000000002,False,4.6003324999999995,0.4709220101947853,-0.6171563310022103,False,3.4879000000000016,5.541274999999999,False,0.21280790687263168,False,False,False,False,False,,19.5,False,20.592548,0.007098252571953672,False,9.027758,0.001358733643425832,False,4.3463316,0.00023077497482299543,False,False,No issues detected.,
C_00085,LOT_002,False,21.8869,22.3953,22.9844,22.569,8.7436,9.2455,9.2425,9.1569,4.1029,4.337,4.452,4.4363,24.575409999999998,7.730296226081791,-0.25955150246771025,False,17.63935,28.194850000000002,False,9.5913425,2.4665281948195408,-0.1761352255824445,False,6.856499999999997,11.183500000000002,False,4.6003324999999995,0.4709220101947853,-0.34832200757010984,False,3.4879000000000016,5.541274999999999,False,0.29262665062404275,False,False,False,False,False,,13.3,False,22.991959,0.004143462626139331,False,9.266254,0.0001441279517279743,False,4.347821,7.514746983846206e-05,False,False,No issues detected.,
C_00086,LOT_002,False,22.5589,21.9104,21.9468,21.6318,9.1296,8.9177,9.5385,9.4376,4.3908,4.33,4.3009,4.3648,24.575409999999998,7.730296226081791,-0.3807887710781828,False,17.63935,28.194850000000002,False,9.5913425,2.4665281948195408,-0.06233153966085038,False,6.856499999999997,11.183500000000002,False,4.6003324999999995,0.4709220101947853,-0.5001518189871343,False,3.4879000000000016,5.541274999999999,False,0.2842738198879518,False,False,False,False,False,,15.0,False,22.536682,0.004349181450737853,False,9.227461,0.0021511170917087132,False,4.4368873,0.0007422726684146452,False,False,No issues detected.,
C_00087,LOT_002,False,22.6625,21.2977,23.3828,21.6543,8.8372,9.1525,9.2922,9.2621,4.1338,4.1907,4.4071,4.1822,24.575409999999998,7.730296226081791,-0.37787814523126034,False,17.63935,28.194850000000002,False,9.5913425,2.4665281948195408,-0.1334841826221605,False,6.856499999999997,11.183500000000002,False,4.6003324999999995,0.4709220101947853,-0.8879017989136871,False,3.4879000000000016,5.541274999999999,False,0.2735540636124308,False,False,False,False,False,,18.7,False,22.433887,0.007890190845065655,False,9.324072,0.0011914714177449553,False,4.1704745,-0.00014045465787251545,False,False,No issues detected.,
C_00088,LOT_002,False,20.7398,22.182,21.7178,21.4011,8.5255,8.9179,8.9719,8.5983,4.2504,4.1561,4.1008,4.2722,24.575409999999998,7.730296226081791,-0.41063238809529323,False,17.63935,28.194850000000002,False,9.5913425,2.4665281948195408,-0.4026073985635724,False,6.856499999999997,11.183500000000002,False,4.6003324999999995,0.4709220101947853,-0.696787350976175,False,3.4879000000000016,5.541274999999999,False,0.253032020164651,False,False,False,False,False,,18.2,False,21.932442,-0.0017330436706542872,False,8.97752,0.000414027701483836,False,4.292077,0.0009442851702372209,False,False,No issues detected.,
C_00089,LOT_002,False,21.3684,20.7425,21.46,21.5682,8.671,8.4043,8.5047,8.2148,4.4446,4.4169,4.5498,4.5453,24.575409999999998,7.730296226081791,-0.38901614013881636,False,17.63935,28.194850000000002,False,9.5913425,2.4665281948195408,-0.5580890998493985,False,6.856499999999997,11.183500000000002,False,4.6003324999999995,0.4709220101947853,-0.1168611761791226,False,3.4879000000000016,5.541274999999999,False,0.26285898323573975,False,False,False,False,False,,16.5,False,21.851252,0.007699663903978138,False,8.747364,0.0023823891957600964,False,4.5397444,0.0008530859523349335,False,False,No issues detected.,
C_00090,LOT_002,False,23.5733,23.1979,23.2076,22.9825,8.4537,8.6463,9.0637,8.6477,4.4046,4.4683,4.4116,4.4293,24.575409999999998,7.730296226081791,-0.2060606674587146,False,17.63935,28.194850000000002,False,9.5913425,2.4665281948195408,-0.3825792472114997,False,6.856499999999997,11.183500000000002,False,4.6003324999999995,0.4709220101947853,-0.36318646463191756,False,3.4879000000000016,5.541274999999999,False,0.29010800033522666,False,False,False,False,False,,13.7,False,23.955807,0.005263241195678707,False,8.916799,0.0018784624417622878,False,4.4745827,4.3629667494031e-05,False,False,No issues detected.,
C_00091,LOT_002,False,21.528,21.6521,22.4079,22.5241,9.1086,9.0573,9.2379,9.3087,3.9594,4.1695,4.1579,4.0296,24.575409999999998,7.730296226081791,-0.2653598180466795,False,17.63935,28.194850000000002,False,9.5913425,2.4665281948195408,-0.11459123013214885,False,6.856499999999997,11.183500000000002,False,4.6003324999999995,0.4709220101947853,-1.2119469628610686,False,3.4879000000000016,5.541274999999999,False,0.25112218351203486,False,False,False,False,False,,22.5,False,22.342335,0.004793296856350364,False,9.309537,0.001751645374298098,False,4.135605,-0.0002353829277886299,False,False,No issues detected.,
C_00092,LOT_002,False,22.5274,22.7049,22.4791,22.6574,9.1055,9.1762,9.1866,9.498,4.5283,4.7024,4.5529,4.6695,24.575409999999998,7.730296226081791,-0.24811597691802417,False,17.63935,28.194850000000002,False,9.5913425,2.4665281948195408,-0.0378436784935392,False,6.856499999999997,11.183500000000002,False,4.6003324999999995,0.4709220101947853,0.14687676197464475,False,3.4879000000000016,5.541274999999999,False,0.28375705699291875,False,False,False,False,False,,12.9,False,23.217237,0.0035578991148207026,False,9.404642,0.0015864035076565235,False,4.7448807,0.00029500469631618984,False,False,No issues detected.,
C_00093,LOT_002,True,22.083,35.9952,54.3287,66.6165,8.9662,12.4321,17.2212,20.4625,4.3402,4.823,5.3591,5.4189,24.575409999999998,7.730296226081791,5.438483697190621,True,17.63935,28.194850000000002,True,9.5913425,2.4665281948195408,4.407473436887012,True,6.856499999999997,11.183500000000002,True,4.6003324999999995,0.4709220101947853,1.738223065134331,False,3.4879000000000016,5.541274999999999,False,-0.058442005442545186,True,True,True,False,True,"iddq_ua,leakage_ua",73.2,True,66.422554,0.21130106955634226,True,20.701963,0.05742960711585151,True,5.5277157,0.004893858909606931,True,True,"[Module B - Iddq (standby current)] The strongest driver was delta_24h_iddq_ua (13.912), which pushed the predicted 168h value up by 24.97uA relative to baseline. [Module B - leakage current] The strongest driver was delta_24h_leakage_ua (3.466), which pushed the predicted 168h value up by 7.51uA relative to baseline. [Module A - Iddq (standby current)] Flagged because 168h Iddq (standby current) is 5.4sigma from its lot's mean (66.62uA vs lot mean 24.58uA); and 168h Iddq (standby current) (66.62uA) falls outside the lot's normal IQR range [17.64, 28.19]uA. [Module A - leakage current] Flagged because 168h leakage current is 4.4sigma from its lot's mean (20.46uA vs lot mean 9.59uA); and 168h leakage current (20.46uA) falls outside the lot's normal IQR range [6.86, 11.18]uA. [Module B - propagation delay] The strongest driver was delta_24h_prop_delay_ns (0.483), which pushed the predicted 168h value up by 0.47ns relative to baseline.","Iddq (standby current), leakage current, propagation delay"
C_00094,LOT_002,False,22.773,22.5322,23.0458,22.9053,8.288,8.2755,8.8694,8.6627,4.3086,4.3498,4.2528,4.3753,24.575409999999998,7.730296226081791,-0.21604734814237725,False,17.63935,28.194850000000002,False,9.5913425,2.4665281948195408,-0.37649782473617455,False,6.856499999999997,11.183500000000002,False,4.6003324999999995,0.4709220101947853,-0.47785513339442376,False,3.4879000000000016,5.541274999999999,False,0.28831873946382963,False,False,False,False,False,,14.6,False,23.23775,0.004899646525912817,False,8.585949,0.0021558954450819285,False,4.3931236,0.0003008585188123907,False,False,No issues detected.,
C_00095,LOT_002,False,22.575,23.3181,23.5024,23.9182,7.6608,7.4791,7.7415,7.916,4.527,4.5629,4.4538,4.3936,24.575409999999998,7.730296226081791,-0.08501744057137062,False,17.63935,28.194850000000002,False,9.5913425,2.4665281948195408,-0.6792310355578858,False,6.856499999999997,11.183500000000002,False,4.6003324999999995,0.4709220101947853,-0.4389951956471296,False,3.4879000000000016,5.541274999999999,False,0.23234315611137696,False,False,False,False,False,,19.0,False,23.693085,0.002604060533311624,False,7.977592,0.003461749940448338,False,4.598457,0.0002469226360321048,False,False,No issues detected.,
C_00096,LOT_002,False,20.6316,20.8385,21.2176,21.073,9.0027,8.8673,8.8871,9.2681,4.5617,4.5936,4.6757,4.6788,24.575409999999998,7.730296226081791,-0.45307578100085866,False,17.63935,28.194850000000002,False,9.5913425,2.4665281948195408,-0.13105161363203013,False,6.856499999999997,11.183500000000002,False,4.6003324999999995,0.4709220101947853,0.16662525492818694,False,3.4879000000000016,5.541274999999999,False,0.24942513429025942,False,False,False,False,False,,16.3,False,21.35324,0.0035745768017239055,False,9.222004,0.00246322178310818,False,4.654911,0.0004257711198594811,False,False,No issues detected.,
C_00097,LOT_002,False,23.069,23.6793,23.5207,23.9842,8.3396,8.7648,8.4196,8.6512,4.6012,4.5085,4.5284,4.831,24.575409999999998,7.730296226081791,-0.07647960475373138,False,17.63935,28.194850000000002,False,9.5913425,2.4665281948195408,-0.38116024863392417,False,6.856499999999997,11.183500000000002,False,4.6003324999999995,0.4709220101947853,0.4898210213291814,False,3.4879000000000016,5.541274999999999,False,0.26943120979695095,False,False,False,False,False,,15.6,False,24.123838,0.0030870723936292765,False,8.926537,0.0011231705559624618,False,4.5484166,0.0002771987120310484,False,False,No issues detected.,
C_00098,LOT_002,False,22.9054,23.2813,23.4202,23.083,8.511,8.3634,8.5289,8.5543,4.515,4.7385,4.7012,4.7161,24.575409999999998,7.730296226081791,-0.1930598720091285,False,17.63935,28.194850000000002,False,9.5913425,2.4665281948195408,-0.4204462378245279,False,6.856499999999997,11.183500000000002,False,4.6003324999999995,0.4709220101947853,0.24583157612895623,False,3.4879000000000016,5.541274999999999,False,0.29166652627428774,False,False,False,False,False,,13.9,False,23.740406,0.0031882363637288297,False,8.669679,0.0021269353336758057,False,4.724205,-9.927071465386394e-05,False,False,No issues detected.,
C_00099,LOT_002,False,20.4446,20.6875,21.023,20.8364,10.0792,10.0934,10.1214,10.3312,4.8849,4.8349,5.0436,5.0542,24.575409999999998,7.730296226081791,-0.48368262879560653,False,17.63935,28.194850000000002,False,9.5913425,2.4665281948195408,0.2999590686025511,False,6.856499999999997,11.183500000000002,False,4.6003324999999995,0.4709220101947853,0.963784852214211,False,3.4879000000000016,5.541274999999999,False,0.11639789517984334,False,False,False,False,False,,27.2,False,21.263641,0.0040009816487630205,False,10.469291,0.0026103523148430664,False,4.932907,0.0006806048923068562,False,False,No issues detected.,
C_00100,LOT_002,False,19.3278,19.2987,19.6651,19.9887,9.6027,9.7121,10.0616,10.189,4.42,4.4332,4.5519,4.596,24.575409999999998,7.730296226081791,-0.5933420745927657,False,17.63935,28.194850000000002,False,9.5913425,2.4665281948195408,0.24230718353646347,False,6.856499999999997,11.183500000000002,False,4.6003324999999995,0.4709220101947853,-0.00920003717432399,False,3.4879000000000016,5.541274999999999,False,0.15280806376917533,False,False,False,False,False,,22.3,False,20.225332,0.006434946250915526,False,9.9717455,0.0018030936876932814,False,4.509557,0.0005302553494771304,False,False,No issues detected.,
C_00101,LOT_002,False,21.756,21.5867,22.2197,22.0216,9.4708,9.1265,9.4542,9.5681,4.1782,4.3324,4.2052,4.2447,24.575409999999998,7.730296226081791,-0.3303637952946123,False,17.63935,28.194850000000002,False,9.5913425,2.4665281948195408,-0.009423164125517233,False,6.856499999999997,11.183500000000002,False,4.6003324999999995,0.4709220101947853,-0.7551834322904146,False,3.4879000000000016,5.541274999999999,False,0.26818001140041314,False,False,False,False,False,,17.9,False,22.325834,0.0051328769048054985,False,9.55715,0.002990624215867784,False,4.3251185,-5.056568251715632e-05,False,False,No issues detected.,
C_00102,LOT_002,False,20.8469,22.2082,22.4749,22.321,7.889,8.1972,8.3639,8.353,4.0956,3.9336,4.03,4.1057,24.575409999999998,7.730296226081791,-0.29163306735823186,False,17.63935,28.194850000000002,False,9.5913425,2.4665281948195408,-0.5020589274433983,False,6.856499999999997,11.183500000000002,False,4.6003324999999995,0.4709220101947853,-1.0503490796605732,False,3.4879000000000016,5.541274999999999,False,0.20128487056218552,False,False,False,False,False,,23.7,False,21.932442,-0.0019149881150987518,False,8.631427,0.0030154639667934807,False,4.061141,0.0008857014867994506,False,False,No issues detected.,
C_00103,LOT_002,False,21.0146,21.3648,21.5716,21.4275,9.3187,9.5376,9.5145,9.0235,3.8464,3.9971,4.0405,3.9949,24.575409999999998,7.730296226081791,-0.4072172537682378,False,17.63935,28.194850000000002,False,9.5913425,2.4665281948195408,-0.23021934279634074,False,6.856499999999997,11.183500000000002,False,4.6003324999999995,0.4709220101947853,-1.2856322000103102,False,3.4879000000000016,5.541274999999999,False,0.17877782294627048,False,False,False,False,False,,26.8,False,21.625778,0.0018123485989040874,False,9.686739,0.0010356872770521416,False,4.034648,0.0002607495943705234,False,False,No issues detected.,
C_00104,LOT_002,False,22.5171,23.508,23.2978,22.4248,7.7419,8.4379,8.4525,8.7737,4.5019,4.6775,4.7003,4.882,24.575409999999998,7.730296226081791,-0.27820538011776347,False,17.63935,28.194850000000002,False,9.5913425,2.4665281948195408,-0.33149529841876435,False,6.856499999999997,11.183500000000002,False,4.6003324999999995,0.4709220101947853,0.5981192084937702,False,3.4879000000000016,5.541274999999999,False,0.2621585097873273,False,False,False,False,False,,16.9,False,23.707083,0.0013825190862019917,False,8.760066,0.002237264113956022,False,4.7423286,0.00045019891526963825,False,False,No issues detected.,
C_00105,LOT_002,False,21.7452,21.737,22.5246,22.678,8.3149,8.0709,8.5525,8.7486,4.8203,4.7819,4.8827,5.0829,24.575409999999998,7.730296226081791,-0.24545113725373058,False,17.63935,28.194850000000002,False,9.5913425,2.4665281948195408,-0.34167154536080935,False,6.856499999999997,11.183500000000002,False,4.6003324999999995,0.4709220101947853,1.024729126167619,False,3.4879000000000016,5.541274999999999,False,0.22066458635534092,False,False,False,False,False,,22.5,False,22.412022,0.004687650256686752,False,8.675136,0.00419608064227634,False,4.885218,0.0007174871073828785,False,False,No issues detected.,
C_00106,LOT_002,False,23.342,23.315,24.5382,24.6522,8.9533,8.6714,9.3662,8.9968,4.3633,4.405,4.4204,4.4992,24.575409999999998,7.730296226081791,0.009933642612674452,False,17.63935,28.194850000000002,False,9.5913425,2.4665281948195408,-0.2410442748024204,False,6.856499999999997,11.183500000000002,False,4.6003324999999995,0.4709220101947853,-0.2147542434004485,False,3.4879000000000016,5.541274999999999,False,0.2806055471947576,False,False,False,False,False,,13.0,False,23.923716,0.004227191607157381,False,8.980056,0.0021434431182013602,False,4.501661,0.0006712557209862586,False,False,No issues detected.,
C_00107,LOT_002,False,22.8096,23.2394,23.0209,22.854,7.5065,7.7052,7.7187,8.118,4.6021,4.6247,4.4278,4.509,24.575409999999998,7.730296226081791,-0.22268357507336037,False,17.63935,28.194850000000002,False,9.5913425,2.4665281948195408,-0.5973345462235001,False,6.856499999999997,11.183500000000002,False,4.6003324999999995,0.4709220101947853,-0.1939440035139188,False,3.4879000000000016,5.541274999999999,False,0.23686251317500584,False,False,False,False,False,,18.1,False,23.740406,0.0034792085859510647,False,7.9247513,0.001524661678738067,False,4.634911,7.091014120313988e-05,False,False,No issues detected.,
C_00108,LOT_002,False,21.3791,20.6878,22.2196,21.8871,9.9798,10.057,10.6049,10.3699,4.5035,4.3198,4.4415,4.5712,24.575409999999998,7.730296226081791,-0.34776286980177024,False,17.63935,28.194850000000002,False,9.5913425,2.4665281948195408,0.31564913858889077,False,6.856499999999997,11.183500000000002,False,4.6003324999999995,0.4709220101947853,-0.06186268505043839,False,3.4879000000000016,5.541274999999999,False,0.1693916760278973,False,False,False,False,False,,19.4,False,21.851252,0.008079525015089252,False,10.457027,0.0027779683007134303,False,4.410646,0.0006308747344546858,False,False,No issues detected.,
C_00109,LOT_002,False,22.0524,22.3509,22.3805,23.0941,7.8815,7.6858,8.2339,7.948,4.2437,4.257,4.2293,4.425,24.575409999999998,7.730296226081791,-0.1916239632579798,False,17.63935,28.194850000000002,False,9.5913425,2.4665281948195408,-0.666257334277191,False,6.856499999999997,11.183500000000002,False,4.6003324999999995,0.4709220101947853,-0.3723174882555982,False,3.4879000000000016,5.541274999999999,False,0.24917017292278099,False,False,False,False,False,,18.1,False,22.983742,0.004394734446207687,False,8.022763,0.002340022585127086,False,4.3218217,0.00045015062226189736,False,False,No issues detected.,
C_00110,LOT_002,False,23.9137,22.7176,23.1867,24.1084,7.7247,7.2934,7.404,7.8352,4.9429,5.0562,4.8242,4.8984,24.575409999999998,7.730296226081791,-0.0604129500787202,False,17.63935,28.194850000000002,False,9.5913425,2.4665281948195408,-0.7119896312916401,False,6.856499999999997,11.183500000000002,False,4.6003324999999995,0.4709220101947853,0.6329445078957169,False,3.4879000000000016,5.541274999999999,False,0.12456755320705326,False,False,False,False,False,,24.7,False,23.91386,0.008307363340589728,False,7.915411,0.004319520801968044,False,5.0020614,-0.0003759627289242186,False,False,No issues detected.,
C_00111,LOT_002,False,22.2378,22.8196,22.5942,23.6776,7.9502,8.0275,8.0719,8.1763,4.597,4.7517,4.8145,4.7314,24.575409999999998,7.730296226081791,-0.11614173296112662,False,17.63935,28.194850000000002,False,9.5913425,2.4665281948195408,-0.5736980842027347,False,6.856499999999997,11.183500000000002,False,4.6003324999999995,0.4709220101947853,0.27832103227833305,False,3.4879000000000016,5.541274999999999,False,0.2539543504356093,False,False,False,False,False,,17.1,False,23.421268,0.0041782532162136414,False,8.285433,0.0017912001079983192,False,4.7726493,0.00014548116789924058,False,False,No issues detected.,
C_00112,LOT_002,True,19.2726,23.4538,29.5051,33.5999,9.0311,11.4202,13.7931,15.3961,4.3066,4.8076,5.581,6.2101,24.575409999999998,7.730296226081791,1.1674183933018811,False,17.63935,28.194850000000002,True,9.5913425,2.4665281948195408,2.3534121816210156,False,6.856499999999997,11.183500000000002,True,4.6003324999999995,0.4709220101947853,3.4183314118916623,True,3.4879000000000016,5.541274999999999,True,0.02996931967183969,False,True,True,True,True,"iddq_ua,leakage_ua,prop_delay_ns",52.0,True,32.71137,0.06428867056104871,True,15.602564,0.029044193458557133,True,6.1057267,0.009014768881267973,True,True,"[Module B - Iddq (standby current)] The strongest driver was pct_change_24h_iddq_ua (0.217), which pushed the predicted 168h value up by 7.11uA relative to baseline. [Module A - propagation delay] Flagged because 168h propagation delay is 3.4sigma from its lot's mean (6.21ns vs lot mean 4.60ns); and 168h propagation delay (6.21ns) falls outside the lot's normal IQR range [3.49, 5.54]ns. [Module B - leakage current] The strongest driver was delta_24h_leakage_ua (2.389), which pushed the predicted 168h value up by 3.05uA relative to baseline. [Module B - propagation delay] The strongest driver was Value_24h_prop_delay_ns (4.808), which pushed the predicted 168h value up by 0.57ns relative to baseline. [Module A - Iddq (standby current)] Flagged because 168h Iddq (standby current) (33.60uA) falls outside the lot's normal IQR range [17.64, 28.19]uA. [Module A - leakage current] Flagged because 168h leakage current (15.40uA) falls outside the lot's normal IQR range [6.86, 11.18]uA.","Iddq (standby current), leakage current, propagation delay"
C_00113,LOT_002,False,20.6478,20.8762,21.2676,21.7849,8.2909,8.4729,8.4098,8.8308,4.7204,4.8862,4.7759,4.9795,24.575409999999998,7.730296226081791,-0.36098357920423535,False,17.63935,28.194850000000002,False,9.5913425,2.4665281948195408,-0.3083453501960246,False,6.856499999999997,11.183500000000002,False,4.6003324999999995,0.4709220101947853,0.8051598604260757,False,3.4879000000000016,5.541274999999999,False,0.2061155173317758,False,False,False,False,False,,21.4,False,21.35324,0.0033127712461683435,False,8.760846,0.0019996259583367295,False,4.941002,0.0003805686950683618,False,False,No issues detected.,
C_00114,LOT_002,False,23.1634,23.0137,23.7369,23.5275,8.881,8.802,8.7955,8.9589,4.3311,4.3066,4.2938,4.3796,24.575409999999998,7.730296226081791,-0.13555884138881777,False,17.63935,28.194850000000002,False,9.5913425,2.4665281948195408,-0.25641000225674343,False,6.856499999999997,11.183500000000002,False,4.6003324999999995,0.4709220101947853,-0.46872410977074314,False,3.4879000000000016,5.541274999999999,False,0.2962934516025668,False,False,False,False,False,,14.1,False,23.665522,0.004526539039611816,False,8.921685,0.0008311473528544136,False,4.3656096,0.0004097892072465655,False,False,No issues detected.,
C_00115,LOT_002,False,23.2309,22.7301,23.8033,23.7417,9.3439,9.0361,8.8124,9.5218,4.5808,4.4326,4.3977,4.6225,24.575409999999998,7.730296226081791,-0.10784968332611673,False,17.63935,28.194850000000002,False,9.5913425,2.4665281948195408,-0.028194488166021922,False,6.856499999999997,11.183500000000002,False,4.6003324999999995,0.4709220101947853,0.047072550273942554,False,3.4879000000000016,5.541274999999999,False,0.2656067231928649,False,False,False,False,False,,12.6,False,23.596966,0.006019901318020289,False,9.460695,0.0029485782411363434,False,4.5734024,0.000977794477674697,False,False,No issues detected.,
C_00116,LOT_002,False,23.6702,24.5961,24.6369,23.9688,9.1245,9.0899,9.1482,9.2741,4.6013,4.6749,4.7079,4.626,24.575409999999998,7.730296226081791,-0.07847176644451374,False,17.63935,28.194850000000002,False,9.5913425,2.4665281948195408,-0.12861904464189977,False,6.856499999999997,11.183500000000002,False,4.6003324999999995,0.4709220101947853,0.05450477880484735,False,3.4879000000000016,5.541274999999999,False,0.24857701854253822,False,False,False,False,False,,13.6,False,24.638403,0.0002937704086303721,False,9.309537,0.0015252564854092061,False,4.727925,0.0003682279427846269,False,False,No issues detected.,
C_00117,LOT_002,False,23.1214,23.0053,23.4837,24.105,9.2497,9.6703,9.9605,9.7048,4.3211,4.137,4.3228,4.2494,24.575409999999998,7.730296226081791,-0.060852777984477247,False,17.63935,28.194850000000002,False,9.5913425,2.4665281948195408,0.04599886603295114,False,6.856499999999997,11.183500000000002,False,4.6003324999999995,0.4709220101947853,-0.7452030111203451,False,3.4879000000000016,5.541274999999999,False,0.23686794785536497,False,False,False,False,False,,19.4,False,23.665522,0.004584872372945161,False,9.743335,0.0005071859041849826,False,4.290933,0.0010689800845252173,False,False,No issues detected.,
C_00118,LOT_002,False,23.88,24.5978,26.0371,25.8649,9.2256,9.1774,9.4124,9.2733,4.0248,3.931,3.9875,4.0883,24.575409999999998,7.730296226081791,0.16680990770435156,False,17.63935,28.194850000000002,False,9.5913425,2.4665281948195408,-0.12894338717391712,False,6.856499999999997,11.183500000000002,False,4.6003324999999995,0.4709220101947853,-1.087297872928491,False,3.4879000000000016,5.541274999999999,False,0.14695493280985894,False,False,False,False,False,,26.7,False,24.927761,0.0022913963741726384,False,9.3923855,0.001492954741583927,False,4.0576572,0.000879564179314507,False,False,No issues detected.,
C_00119,LOT_002,False,21.327,21.856,21.295,22.447,7.9927,8.0115,8.5093,8.3358,4.2584,4.2119,4.2715,4.4183,24.575409999999998,7.730296226081791,-0.275333562615467,False,17.63935,28.194850000000002,False,9.5913425,2.4665281948195408,-0.5090322918817712,False,6.856499999999997,11.183500000000002,False,4.6003324999999995,0.4709220101947853,-0.3865448971576119,False,3.4879000000000016,5.541274999999999,False,0.24635218709022455,False,False,False,False,False,,16.9,False,22.359709,0.0034979776806301427,False,8.285433,0.0019023112191094303,False,4.332998,0.0008409569369422067,False,False,No issues detected.,
C_00120,LOT_002,False,23.7381,23.3757,24.2112,24.0949,8.1397,8.3814,8.4956,8.7556,4.1519,4.317,4.1595,4.2426,24.575409999999998,7.730296226081791,-0.062159325586873676,False,17.63935,28.194850000000002,False,9.5913425,2.4665281948195408,-0.33883354820565753,False,6.856499999999997,11.183500000000002,False,4.6003324999999995,0.4709220101947853,-0.7596427694089556,False,3.4879000000000016,5.541274999999999,False,0.242398781358456,False,False,False,False,False,,19.2,False,23.955807,0.0040285189734565,False,8.602391,0.0015346614095899842,False,4.2970276,-0.00013869730631510535,False,False,No issues detected.,
C_00121,LOT_003,False,19.7971,20.0234,20.3484,20.2526,13.196,12.974,13.329,13.6373,3.6544,3.6274,3.7086,3.8231,23.429705,6.065317127352779,-0.5238151498579022,False,17.626775000000002,27.5459,False,14.09649,2.3478854737499772,-0.195575978953775,False,10.45845,17.157200000000003,False,3.58583,0.24164473838621767,0.9818959915476186,False,2.7929,4.344775,False,0.15107035140269154,False,False,False,False,False,,25.6,False,20.714973,0.004802593400743281,False,13.664236,0.004793306032816568,False,3.7341557,0.0007413587146335165,False,False,No issues detected.,
C_00122,LOT_003,False,22.5793,21.2948,21.7298,21.9495,11.4507,11.9526,11.9467,12.0643,3.5281,3.5132,3.5138,3.5492,23.429705,6.065317127352779,-0.24404412315470084,False,17.626775000000002,27.5459,False,14.09649,2.3478854737499772,-0.8655405141010744,False,10.45845,17.157200000000003,False,3.58583,0.24164473838621767,-0.15158616837522407,False,2.7929,4.344775,False,0.14529202470159241,False,False,False,False,False,,24.9,False,22.267708,0.006756304338243282,False,12.490136,0.003732889906565346,False,3.5018182,-7.904041608174557e-05,False,False,No issues detected.,
C_00123,LOT_003,False,18.0619,18.5648,18.5762,18.3977,13.8543,13.7319,13.8709,14.2188,3.4569,3.5341,3.4122,3.5173,23.429705,6.065317127352779,-0.8296359274121298,False,17.626775000000002,27.5459,False,14.09649,2.3478854737499772,0.052093682322864945,False,10.45845,17.157200000000003,False,3.58583,0.24164473838621767,-0.28359814684013257,False,2.7929,4.344775,False,0.04788211123518227,False,False,False,False,False,,29.5,False,19.194233,0.004371062088012683,False,14.27311,0.0037584054840935632,False,3.5277805,-4.388518863254137e-05,False,False,No issues detected.,
C_00124,LOT_003,False,20.8688,20.15,20.5374,20.5338,11.4461,11.5455,12.0982,12.8636,3.3695,3.2393,3.3626,3.284,23.429705,6.065317127352779,-0.4774531882167096,False,17.626775000000002,27.5459,False,14.09649,2.3478854737499772,-0.5251065325732698,False,10.45845,17.157200000000003,False,3.58583,0.24164473838621767,-1.249065061444,False,2.7929,4.344775,False,0.10310121866430833,False,False,False,False,False,,30.3,False,20.965462,0.005662928687201616,False,12.357378,0.005638041708204478,False,3.306768,0.0004685273647308345,False,False,No issues detected.,
C_00125,LOT_003,False,21.7722,20.933,21.8839,21.8713,13.5302,13.9573,14.8004,15.1691,3.5142,3.618,3.7582,3.6814,23.429705,6.065317127352779,-0.2569371011075502,False,17.626775000000002,27.5459,False,14.09649,2.3478854737499772,0.45684085190358886,False,10.45845,17.157200000000003,False,3.58583,0.24164473838621767,0.395497955545184,False,2.7929,4.344775,False,0.15927401348534925,False,False,False,False,False,,20.8,False,21.930452,0.006926752408345542,False,14.848868,0.006191447014278835,False,3.6133595,-3.2226032680934516e-05,False,False,No issues detected.,
C_00126,LOT_003,False,21.8537,21.6119,22.2688,21.8101,11.6412,12.0684,12.636,12.9652,3.8697,3.8342,3.836,3.8472,23.429705,6.065317127352779,-0.2670272577663025,False,17.626775000000002,27.5459,False,14.09649,2.3478854737499772,-0.48183355306216663,False,10.45845,17.157200000000003,False,3.58583,0.24164473838621767,1.081629179039916,False,2.7929,4.344775,False,0.13176481130943807,False,False,False,False,False,,27.4,False,22.325834,0.004957876904805512,False,12.801963,0.005094186475541853,False,3.9250207,0.000630699268976847,False,False,No issues detected.,
C_00127,LOT_003,False,22.9731,22.717,23.2718,24.098,12.3989,12.4065,12.7763,13.4164,3.6654,3.7991,3.5551,3.7322,23.429705,6.065317127352779,0.1101830268670023,False,17.626775000000002,27.5459,False,14.09649,2.3478854737499772,-0.2896606361782115,False,10.45845,17.157200000000003,False,3.58583,0.24164473838621767,0.6057239275206515,False,2.7929,4.344775,False,0.1881474442398114,False,False,False,False,False,,20.6,False,23.568935,0.005916218015882713,False,13.10091,0.004822292963663741,False,3.7823071,-0.00011661702791849872,False,False,No issues detected.,
C_00128,LOT_003,False,20.2483,19.5672,20.6439,21.0361,12.3266,12.4611,12.8754,12.9609,3.3803,3.4009,3.1892,3.4769,23.429705,6.065317127352779,-0.3946380625681631,False,17.626775000000002,27.5459,False,14.09649,2.3478854737499772,-0.48366498821864,False,10.45845,17.157200000000003,False,3.58583,0.24164473838621767,-0.4507857308521179,False,2.7929,4.344775,False,0.15862373174068806,False,False,False,False,False,,21.1,False,20.591589,0.007113812319437664,False,13.040603,0.00402432419459025,False,3.4098988,6.249137454562693e-05,False,False,No issues detected.,
C_00129,LOT_003,False,23.9075,23.934,24.3482,23.9364,13.763,13.9492,14.7318,15.1178,3.3084,3.3349,3.282,3.4006,23.429705,6.065317127352779,0.08353973738899102,False,17.626775000000002,27.5459,False,14.09649,2.3478854737499772,0.43499140457170327,False,10.45845,17.157200000000003,False,3.58583,0.24164473838621767,-0.7665385194688142,False,2.7929,4.344775,False,0.11275225891754864,False,False,False,False,False,,25.8,False,24.384756,0.0031302506128946866,False,14.707982,0.0052693198839823445,False,3.3967025,0.00042918422222137313,False,False,No issues detected.,
C_00130,LOT_003,False,21.1224,19.7415,20.0189,20.9657,13.0432,13.2755,13.4694,13.5741,3.6542,3.7627,3.7619,3.7213,23.429705,6.065317127352779,-0.4062450401625447,False,17.626775000000002,27.5459,False,14.09649,2.3478854737499772,-0.22249381660241416,False,10.45845,17.157200000000003,False,3.58583,0.24164473838621767,0.5606163862896936,False,2.7929,4.344775,False,0.17838090683479807,False,False,False,False,False,,20.8,False,21.094484,0.00939572450849746,False,13.89653,0.004312709384494363,False,3.75236,-7.18048228157902e-05,False,False,No issues detected.,
C_00131,LOT_003,True,22.9517,34.7503,49.5904,59.9047,10.9539,15.238,22.1207,27.6862,3.3995,3.6008,3.9524,4.175,23.429705,6.065317127352779,6.013699569888704,True,17.626775000000002,27.5459,True,14.09649,2.3478854737499772,5.788063409368471,True,10.45845,17.157200000000003,True,3.58583,0.24164473838621767,2.4381660611965694,False,2.7929,4.344775,False,-0.16976384892473706,True,True,True,False,True,"iddq_ua,leakage_ua",83.5,True,60.57884,0.17936484964158797,True,27.225641,0.08324750868479411,True,3.9336662,0.00231157103644477,False,True,"[Module B - Iddq (standby current)] The strongest driver was delta_24h_iddq_ua (11.799), which pushed the predicted 168h value up by 24.16uA relative to baseline. [Module B - leakage current] The strongest driver was delta_24h_leakage_ua (4.284), which pushed the predicted 168h value up by 10.95uA relative to baseline. [Module A - Iddq (standby current)] Flagged because 168h Iddq (standby current) is 6.0sigma from its lot's mean (59.90uA vs lot mean 23.43uA); and 168h Iddq (standby current) (59.90uA) falls outside the lot's normal IQR range [17.63, 27.55]uA. [Module A - leakage current] Flagged because 168h leakage current is 5.8sigma from its lot's mean (27.69uA vs lot mean 14.10uA); and 168h leakage current (27.69uA) falls outside the lot's normal IQR range [10.46, 17.16]uA.","Iddq (standby current), leakage current"
C_00132,LOT_003,False,21.3008,21.0359,22.1041,21.8953,12.787,12.7249,13.6225,13.4318,3.8965,4.0392,4.0397,4.0809,23.429705,6.065317127352779,-0.25298017692764796,False,17.626775000000002,27.5459,False,14.09649,2.3478854737499772,-0.2831015428271184,False,10.45845,17.157200000000003,False,3.58583,0.24164473838621767,2.0487514162577614,False,2.7929,4.344775,False,0.11930528264226131,False,False,False,False,False,,36.1,False,21.985518,0.006594565984937868,False,13.392967,0.004639355723063152,False,4.026892,-8.547093603346168e-05,False,False,No issues detected.,
C_00133,LOT_003,False,22.7339,22.805,23.8903,24.275,13.23,13.5684,13.8484,14.5032,3.5649,3.8149,3.7012,3.6909,23.429705,6.065317127352779,0.13936534269378442,False,17.626775000000002,27.5459,False,14.09649,2.3478854737499772,0.17322395174174082,False,10.45845,17.157200000000003,False,3.58583,0.24164473838621767,0.4348118676272105,False,2.7929,4.344775,False,0.1921528450512442,False,False,False,False,False,,19.0,False,23.48352,0.0047119479709201405,False,14.226919,0.004573049820793996,False,3.7292166,-0.0005950237803988999,False,False,No issues detected.,
C_00134,LOT_003,False,23.1226,22.9754,22.3876,22.8629,13.8117,14.1442,14.9254,14.915,3.2749,3.4077,3.2233,3.3233,23.429705,6.065317127352779,-0.09345018374123859,False,17.626775000000002,27.5459,False,14.09649,2.3478854737499772,0.34861581161056315,False,10.45845,17.157200000000003,False,3.58583,0.24164473838621767,-1.0864296146204584,False,2.7929,4.344775,False,0.12265751324699464,False,False,False,False,False,,27.9,False,23.665522,0.0047925112618340355,False,14.685286,0.0037575386683146184,False,3.3973224,-7.206655343373737e-05,False,False,No issues detected.,
C_00135,LOT_003,False,22.9036,23.4706,23.872,23.5787,12.6495,12.3395,13.3591,13.1285,3.4429,3.5697,3.47,3.5165,23.429705,6.065317127352779,0.02456507992435872,False,17.626775000000002,27.5459,False,14.09649,2.3478854737499772,-0.4122816086314261,False,10.45845,17.157200000000003,False,3.58583,0.24164473838621767,-0.28690879206809233,False,2.7929,4.344775,False,0.20317893062126968,False,False,False,False,False,,18.3,False,23.916258,0.0030948462380303208,False,13.253012,0.006343831274244526,False,3.5496101,-0.00013951293097602061,False,False,No issues detected.,
C_00136,LOT_003,False,21.4171,21.7287,23.9162,23.714,12.5816,13.095,13.2916,13.8401,3.5394,3.3255,3.4501,3.4642,23.429705,6.065317127352779,0.04687223998855957,False,17.626775000000002,27.5459,False,14.09649,2.3478854737499772,-0.10920038599263562,False,10.45845,17.157200000000003,False,3.58583,0.24164473838621767,-0.5033422238459853,False,2.7929,4.344775,False,0.21138137837266607,False,False,False,False,False,,18.6,False,22.447216,0.004989694680107965,False,13.893755,0.005546909438239199,False,3.4527564,0.0008837250338660353,False,False,No issues detected.,
C_00137,LOT_003,False,23.6097,23.5028,22.6476,23.2132,14.3362,13.7964,14.1274,14.5504,3.7753,3.8086,3.8918,3.7542,23.429705,6.065317127352779,-0.035695577898742455,False,17.626775000000002,27.5459,False,14.09649,2.3478854737499772,0.19332714694768655,False,10.45845,17.157200000000003,False,3.58583,0.24164473838621767,0.6967666712895536,False,2.7929,4.344775,False,0.11077454375458606,False,False,False,False,False,,25.3,False,24.141422,0.004434876887003576,False,14.838002,0.0072333486451043,False,3.8251843,0.00011516906420389667,False,False,No issues detected.,
C_00138,LOT_003,False,21.9783,22.8058,22.5082,22.3866,12.7603,13.4023,13.9849,14.134,3.4053,3.4249,3.4745,3.5291,23.429705,6.065317127352779,-0.17197864152822334,False,17.626775000000002,27.5459,False,14.09649,2.3478854737499772,0.01597607737658989,False,10.45845,17.157200000000003,False,3.58583,0.24164473838621767,-0.23476612972772087,False,2.7929,4.344775,False,0.22203485453480776,False,False,False,False,False,,15.9,False,23.155994,0.002431905661688901,False,13.921668,0.0036067225880093024,False,3.4784868,0.0003721303913328379,False,False,No issues detected.,
C_00139,LOT_003,False,21.0314,22.1978,21.5085,21.5089,12.0401,12.0123,12.4212,12.6019,3.6204,3.4347,3.5788,3.5525,23.429705,6.065317127352779,-0.31668665622408065,False,17.626775000000002,27.5459,False,14.09649,2.3478854737499772,-0.6365685280265742,False,10.45845,17.157200000000003,False,3.58583,0.24164473838621767,-0.13792975680988737,False,2.7929,4.344775,False,0.17795717952206608,False,False,False,False,False,,21.4,False,21.940928,-0.001783836767408589,False,12.793397,0.005424284373389352,False,3.5223,0.0006083333677715735,False,False,No issues detected.,
C_00140,LOT_003,False,20.9953,21.1643,21.8664,21.1925,13.464,13.3552,14.0893,15.1897,3.3678,3.2606,3.3922,3.2985,23.429705,6.065317127352779,-0.3688521066624644,False,17.626775000000002,27.5459,False,14.09649,2.3478854737499772,0.46561470404855665,False,10.45845,17.157200000000003,False,3.58583,0.24164473838621767,-1.1890596166872214,False,2.7929,4.344775,False,0.15802329791229242,False,False,False,False,False,,27.0,False,21.594841,0.002989868079291444,False,13.987348,0.0043899139086405435,False,3.330658,0.0004865136040581586,False,False,No issues detected.,
C_00141,LOT_003,False,22.8713,23.5111,23.6269,23.2584,12.4786,12.4933,12.72,13.3206,3.4125,3.3734,3.3646,3.4126,23.429705,6.065317127352779,-0.028243370693258895,False,17.626775000000002,27.5459,False,14.09649,2.3478854737499772,-0.330463307803838,False,10.45845,17.157200000000003,False,3.58583,0.24164473838621767,-0.7168788410494126,False,2.7929,4.344775,False,0.19997603910347606,False,False,False,False,False,,21.0,False,23.916258,0.002813596238030335,False,13.235918,0.005157069757249623,False,3.428744,0.00038433387279510376,False,False,No issues detected.,
C_00142,LOT_003,False,22.3285,22.1265,22.9998,23.405,12.838,12.9693,13.3885,13.5816,3.3004,3.276,3.4582,3.4616,23.429705,6.065317127352779,-0.0040731588276868656,False,17.626775000000002,27.5459,False,14.09649,2.3478854737499772,-0.21929945295740147,False,10.45845,17.157200000000003,False,3.58583,0.24164473838621767,-0.5141018208368563,False,2.7929,4.344775,False,0.2187097080180463,False,False,False,False,False,,18.3,False,22.776375,0.004513019561767578,False,13.642339,0.0046738802274068165,False,3.3900487,0.0007920051548216092,False,False,No issues detected.,
C_00143,LOT_003,False,23.1084,22.7556,23.1972,22.9716,14.1662,14.5735,15.1336,15.2771,3.5071,3.77,3.586,3.5196,23.429705,6.065317127352779,-0.07552861464309628,False,17.626775000000002,27.5459,False,14.09649,2.3478854737499772,0.5028396883917698,False,10.45845,17.157200000000003,False,3.58583,0.24164473838621767,-0.2740800418097474,False,2.7929,4.344775,False,0.09443142959990458,False,False,False,False,False,,24.5,False,23.568193,0.005643009969923223,False,15.160175,0.004074134190877284,False,3.6690042,-0.0007013597091039023,False,False,No issues detected.,
C_00144,LOT_003,False,21.4636,21.4622,21.784,21.5312,13.005,12.9282,13.6326,13.6759,3.65,3.6943,3.6931,3.6061,23.429705,6.065317127352779,-0.3130100141735881,False,17.626775000000002,27.5459,False,14.09649,2.3478854737499772,-0.17913565406077678,False,10.45845,17.157200000000003,False,3.58583,0.24164473838621767,0.08388347346343926,False,2.7929,4.344775,False,0.22122246540759544,False,False,False,False,False,,16.5,False,22.147144,0.004756557761298291,False,13.536046,0.004221152973175046,False,3.6568992,-0.0002597276820076846,False,False,No issues detected.,
C_00145,LOT_003,False,20.0786,19.6996,20.2917,20.8788,11.9842,12.3204,12.7984,13.2149,3.1769,3.1828,3.3174,3.2404,23.429705,6.065317127352779,-0.42057240313060895,False,17.626775000000002,27.5459,False,14.09649,2.3478854737499772,-0.3754825394408818,False,10.45845,17.157200000000003,False,3.58583,0.24164473838621767,-1.4294952263678242,False,2.7929,4.344775,False,0.0991539873405256,False,False,False,False,False,,32.0,False,20.592548,0.006201030349731444,False,12.953936,0.004399552938673236,False,3.3057947,0.0008541299713982486,False,False,No issues detected.,
C_00146,LOT_003,False,22.1896,22.2219,21.7948,23.1384,13.2871,13.655,13.5556,13.9592,3.9477,3.8384,3.8654,4.0616,23.429705,6.065317127352779,-0.0480279915927724,False,17.626775000000002,27.5459,False,14.09649,2.3478854737499772,-0.0584738913098365,False,10.45845,17.157200000000003,False,3.58583,0.24164473838621767,1.9688821001332262,False,2.7929,4.344775,False,0.16043847459433724,False,False,False,False,False,,33.4,False,22.781809,0.003888255924648698,False,14.205048,0.003819775051540803,False,3.96915,0.0009079865720536971,False,False,No issues detected.,
C_00147,LOT_003,False,23.5745,24.2635,24.7804,24.7899,11.8491,12.5419,12.4299,12.9821,3.6023,3.6962,3.7143,3.7444,23.429705,6.065317127352779,0.22425785353677968,False,17.626775000000002,27.5459,False,14.09649,2.3478854737499772,-0.47463558698207103,False,10.45845,17.157200000000003,False,3.58583,0.24164473838621767,0.6562112672470432,False,2.7929,4.344775,False,0.12460045243862727,False,False,False,False,False,,24.2,False,24.253946,-6.634510887994062e-05,False,13.107137,0.003925255044301351,False,3.63355,-0.00043506993982527094,False,False,No issues detected.,
C_00148,LOT_003,False,22.7941,24.0538,23.1476,23.5781,12.265,12.6372,12.5807,12.4335,3.6103,3.4764,3.5576,3.3519,23.429705,6.065317127352779,0.0244661568198608,False,17.626775000000002,27.5459,False,14.09649,2.3478854737499772,-0.7082926397359227,False,10.45845,17.157200000000003,False,3.58583,0.24164473838621767,-0.9680740477208847,False,2.7929,4.344775,False,0.17567217433906362,False,False,False,False,False,,24.3,False,23.931234,-0.0008511502795749168,False,12.922505,0.0019812873522440594,False,3.4730313,-2.3393872049119285e-05,False,False,No issues detected.,
C_00149,LOT_003,False,20.0335,20.4833,21.741,21.6155,12.5471,12.7489,12.9813,12.815,3.4268,3.2909,3.4883,3.414,23.429705,6.065317127352779,-0.29911131799167956,False,17.626775000000002,27.5459,False,14.09649,2.3478854737499772,-0.5458060089929513,False,10.45845,17.157200000000003,False,3.58583,0.24164473838621767,-0.7110852119004811,False,2.7929,4.344775,False,0.17968140795570542,False,False,False,False,False,,21.9,False,21.285557,0.005571227730645075,False,13.348856,0.0041663609186808215,False,3.4239657,0.0009240673091676489,False,False,No issues detected.,
C_00150,LOT_003,False,21.9874,22.8294,22.5779,22.7603,12.8443,12.7977,13.5206,13.8037,4.1772,4.0601,4.1418,4.1627,23.429705,6.065317127352779,-0.11036603461032232,False,17.626775000000002,27.5459,False,14.09649,2.3478854737499772,-0.12470369754976339,False,10.45845,17.157200000000003,False,3.58583,0.24164473838621767,2.3872648908166836,False,2.7929,4.344775,False,0.08980724893087633,False,False,False,False,False,,40.4,False,23.08551,0.0017785434299045161,False,13.536046,0.005127402973175044,False,4.2024837,0.0009887753751542815,False,False,No issues detected.,
C_00151,LOT_003,False,22.917,23.3504,23.6069,23.4591,12.9566,12.9381,13.2262,14.0148,3.5784,3.6181,3.6428,3.5308,23.429705,6.065317127352779,0.0048464077611767775,False,17.626775000000002,27.5459,False,14.09649,2.3478854737499772,-0.034793008821476734,False,10.45845,17.157200000000003,False,3.58583,0.24164473838621767,-0.2277310086183055,False,2.7929,4.344775,False,0.22636627852753066,False,False,False,False,False,,15.6,False,23.842321,0.0034161208046807148,False,13.536046,0.004152402973175046,False,3.5937927,-0.00016880085468292302,False,False,No issues detected.,
C_00152,LOT_003,False,22.1582,23.1801,23.9902,24.367,13.0407,12.82,12.9949,13.5748,3.6178,3.662,3.5671,3.6166,23.429705,6.065317127352779,0.15453355205007835,False,17.626775000000002,27.5459,False,14.09649,2.3478854737499772,-0.22219567599554624,False,10.45845,17.157200000000003,False,3.58583,0.24164473838621767,0.12733569208041545,False,2.7929,4.344775,False,0.2130353829157826,False,False,False,False,False,,16.2,False,23.602135,0.0029307965596516963,False,13.557943,0.005124606556362574,False,3.5918288,-0.0004872998396555577,False,False,No issues detected.,
C_00153,LOT_003,False,20.6244,20.7497,21.3177,21.4737,12.4323,12.5482,12.2963,13.1411,3.382,3.4332,3.4094,3.5066,23.429705,6.065317127352779,-0.32249014502127116,False,17.626775000000002,27.5459,False,14.09649,2.3478854737499772,-0.40691507770780544,False,10.45845,17.157200000000003,False,3.58583,0.24164473838621767,-0.3278780267640987,False,2.7929,4.344775,False,0.20314636252592577,False,False,False,False,False,,18.2,False,21.35324,0.004191243468390566,False,13.10091,0.003838265185885962,False,3.4519932,0.0001305085208680908,False,False,No issues detected.,
C_00154,LOT_003,False,21.6923,22.4123,22.4875,22.4253,12.2047,12.7532,12.431,12.8081,3.3491,3.2621,3.3233,3.2312,23.429705,6.065317127352779,-0.16559810128813052,False,17.626775000000002,27.5459,False,14.09649,2.3478854737499772,-0.5487448235463628,False,10.45845,17.157200000000003,False,3.58583,0.24164473838621767,-1.4675676464893668,False,2.7929,4.344775,False,0.17626018257919018,False,False,False,False,False,,28.4,False,22.98421,0.00397159069908991,False,13.203174,0.003124816926320396,False,3.3041794,0.00029221826394398853,False,False,No issues detected.,
C_00155,LOT_003,False,23.274,24.3024,23.659,24.0175,13.4566,13.0889,13.6914,14.6261,3.5068,3.5269,3.6094,3.5708,23.429705,6.065317127352779,0.09691084368024533,False,17.626775000000002,27.5459,False,14.09649,2.3478854737499772,0.22556892400467965,False,10.45845,17.157200000000003,False,3.58583,0.24164473838621767,-0.0621987472203,False,2.7929,4.344775,False,0.18659886809819842,False,False,False,False,False,,17.5,False,24.139446,-0.0011316232045491443,False,14.044379,0.0066352724605136405,False,3.529647,1.9077165921529663e-05,False,False,No issues detected.,
C_00156,LOT_003,False,21.7928,23.6136,23.4257,24.048,12.6254,13.826,13.583,13.8877,3.2149,3.2089,3.3781,3.402,23.429705,6.065317127352779,0.1019394348255383,False,17.626775000000002,27.5459,False,14.09649,2.3478854737499772,-0.08892682472562222,False,10.45845,17.157200000000003,False,3.58583,0.24164473838621767,-0.7607448903198828,False,2.7929,4.344775,False,0.17092375458338926,False,False,False,False,False,,22.8,False,23.96467,0.002437987369961197,False,14.434415,0.004225103219350175,False,3.364184,0.0010783604356977684,False,False,No issues detected.,
C_00157,LOT_003,False,22.6238,22.2248,22.7171,21.8312,12.8356,12.9917,13.6632,13.515,3.5789,3.5464,3.4614,3.4843,23.429705,6.065317127352779,-0.26354846192480463,False,17.626775000000002,27.5459,False,14.09649,2.3478854737499772,-0.24766540212511265,False,10.45845,17.157200000000003,False,3.58583,0.24164473838621767,-0.42016226249348665,False,2.7929,4.344775,False,0.22963635893440115,False,False,False,False,False,,17.0,False,22.750296,0.0036492752710978304,False,13.642339,0.004518324671851265,False,3.5961757,0.00034566437933179913,False,False,No issues detected.,
C_00158,LOT_003,False,20.8696,22.0433,21.3153,22.4524,12.7483,14.0898,14.7573,14.7263,3.7785,3.8051,3.8596,3.8492,23.429705,6.065317127352779,-0.16113007440165697,False,17.626775000000002,27.5459,False,14.09649,2.3478854737499772,0.26824562230204774,False,10.45845,17.157200000000003,False,3.58583,0.24164473838621767,1.0899057921098172,False,2.7929,4.344775,False,0.1367962037016338,False,False,False,False,False,,27.2,False,21.940928,-0.0007109201007419062,False,14.971526,0.006123098235660127,False,3.8251843,0.00013947461975945418,False,False,No issues detected.,
C_00159,LOT_003,False,22.5885,22.9858,22.8717,23.5658,13.3735,13.3832,13.92,14.4692,3.3429,3.462,3.6027,3.5062,23.429705,6.065317127352779,0.022438233177660725,False,17.626775000000002,27.5459,False,14.09649,2.3478854737499772,0.1587428365510177,False,10.45845,17.157200000000003,False,3.58583,0.24164473838621767,-0.3295333493780786,False,2.7929,4.344775,False,0.2083665500367065,False,False,False,False,False,,17.3,False,23.568663,0.004047657246059834,False,13.975312,0.004111890506744382,False,3.4190664,-0.00029814979765150414,False,False,No issues detected.,
C_00160,LOT_003,False,21.4345,21.9592,21.6847,22.238,12.9222,13.2925,14.0307,14.0646,3.517,3.4468,3.3457,3.3423,23.429705,6.065317127352779,-0.19647859707545434,False,17.626775000000002,27.5459,False,14.09649,2.3478854737499772,-0.013582434218592888,False,10.45845,17.157200000000003,False,3.58583,0.24164473838621767,-1.0078017904564072,False,2.7929,4.344775,False,0.20668717136734494,False,False,False,False,False,,23.1,False,22.610502,0.0045229322433471735,False,13.929695,0.0044249661763509085,False,3.4247174,-0.0001533512062496615,False,False,No issues detected.,
C_00161,LOT_004,False,31.3803,31.314,30.551,31.594,10.2507,10.5727,10.7676,10.7765,4.0599,4.2956,4.216,4.2334,33.0896775,9.06797794304963,-0.16494057543957716,False,23.116575,38.643575,False,10.9562075,3.0741436767540526,-0.05845774267445756,False,8.042900000000001,12.523525,False,4.597334999999999,0.35395395148130615,-1.028198720418073,False,3.920375000000001,5.184499999999999,False,0.2680897043542611,False,False,False,False,False,,20.2,False,32.295918,0.006818871604071723,False,10.878233,0.0021217566384209574,False,4.266684,-0.000200805171330772,False,False,No issues detected.,
C_00162,LOT_004,True,32.9902,45.5306,60.7146,71.3669,10.2326,12.6761,16.6345,19.6464,4.3244,4.8629,5.3021,5.6596,33.0896775,9.06797794304963,4.221141994433114,True,23.116575,38.643575,True,10.9562075,3.0741436767540526,2.8268660849241303,False,8.042900000000001,12.523525,True,4.597334999999999,0.35395395148130615,3.0011389774132913,True,3.920375000000001,5.184499999999999,True,0.0069167933526650405,False,True,True,True,True,"iddq_ua,leakage_ua,prop_delay_ns",59.8,True,70.50512,0.17343416197035047,True,19.204641,0.04533709265391032,True,5.7317624,0.006033766730626426,True,True,"[Module B - Iddq (standby current)] The strongest driver was delta_24h_iddq_ua (12.540), which pushed the predicted 168h value up by 24.77uA relative to baseline. [Module B - leakage current] The strongest driver was delta_24h_leakage_ua (2.444), which pushed the predicted 168h value up by 4.23uA relative to baseline. [Module A - Iddq (standby current)] Flagged because 168h Iddq (standby current) is 4.2sigma from its lot's mean (71.37uA vs lot mean 33.09uA); and 168h Iddq (standby current) (71.37uA) falls outside the lot's normal IQR range [23.12, 38.64]uA. [Module A - propagation delay] Flagged because 168h propagation delay is 3.0sigma from its lot's mean (5.66ns vs lot mean 4.60ns); and 168h propagation delay (5.66ns) falls outside the lot's normal IQR range [3.92, 5.18]ns. [Module B - propagation delay] The strongest driver was Value_24h_prop_delay_ns (4.863), which pushed the predicted 168h value up by 0.51ns relative to baseline. [Module A - leakage current] Flagged because 168h leakage current (19.65uA) falls outside the lot's normal IQR range [8.04, 12.52]uA.","Iddq (standby current), leakage current, propagation delay"
C_00163,LOT_004,False,30.0157,31.1105,31.6999,31.1072,10.2346,10.5715,11.2828,10.9147,4.2506,4.1822,4.502,4.499,33.0896775,9.06797794304963,-0.2186239878891103,False,23.116575,38.643575,False,10.9562075,3.0741436767540526,-0.013502134045936013,False,8.042900000000001,12.523525,False,4.597334999999999,0.35395395148130615,-0.2778186246783379,False,3.920375000000001,5.184499999999999,False,0.27572047813810885,False,False,False,False,False,,13.5,False,30.933065,-0.0012321846220228287,False,10.878233,0.0021300899717542838,False,4.342777,0.0011151164955563021,False,False,No issues detected.,
C_00164,LOT_004,False,29.2711,29.7037,29.3323,31.254,9.1887,8.9389,9.7687,9.8375,4.6886,4.7609,4.6926,4.684,33.0896775,9.06797794304963,-0.20243515274615312,False,23.116575,38.643575,False,10.9562075,3.0741436767540526,-0.3639086580303324,False,8.042900000000001,12.523525,False,4.597334999999999,0.35395395148130615,0.24484823417652404,False,3.920375000000001,5.184499999999999,False,0.2754060769153019,False,False,False,False,False,,14.3,False,30.578266,0.006073375998602964,False,9.481777,0.003769980494181313,False,4.753188,-5.355463027954347e-05,False,False,No issues detected.,
C_00165,LOT_004,False,31.695,31.2583,32.2532,33.5083,9.6456,10.3494,10.6174,10.914,4.6104,4.4669,4.4349,4.4809,33.0896775,9.06797794304963,0.04616492261330005,False,23.116575,38.643575,False,10.9562075,3.0741436767540526,-0.013729839733634796,False,8.042900000000001,12.523525,False,4.597334999999999,0.35395395148130615,-0.3289552200581906,False,3.920375000000001,5.184499999999999,False,0.2991072070250214,False,False,False,False,False,,12.8,False,32.74836,0.010347636667887381,False,10.638229,0.002005759514702696,False,4.564645,0.000678783427344429,False,False,No issues detected.,
C_00166,LOT_004,False,30.8201,32.5722,31.3475,32.2755,10.7188,11.1423,11.0673,11.3221,4.4308,4.4088,4.3121,4.472,33.0896775,9.06797794304963,-0.08978600357360214,False,23.116575,38.643575,False,10.9562075,3.0741436767540526,0.11902257619472818,False,8.042900000000001,12.523525,False,4.597334999999999,0.35395395148130615,-0.3540997338085046,False,3.920375000000001,5.184499999999999,False,0.24286517400956742,False,False,False,False,False,,15.8,False,32.510914,-0.00042559827168784124,False,11.369173,0.0015755072911580366,False,4.477232,0.00047522207895914524,False,False,No issues detected.,
C_00167,LOT_004,False,32.7423,33.4758,33.2809,34.2678,8.9319,9.0519,8.765,8.9778,4.459,4.3469,4.5181,4.7317,33.0896775,9.06797794304963,0.1299211916260781,False,23.116575,38.643575,False,10.9562075,3.0741436767540526,-0.6435637719083362,False,8.042900000000001,12.523525,False,4.597334999999999,0.35395395148130615,0.37961152697315526,False,3.920375000000001,5.184499999999999,False,0.20562057182842108,False,False,False,False,False,,20.1,False,34.355846,0.0061114333682590095,False,9.316531,0.0018377165370517317,False,4.5455685,0.0013796421262953034,False,False,No issues detected.,
C_00168,LOT_004,False,29.3589,29.1014,29.4837,29.6644,10.0185,10.6928,10.4559,10.6113,4.5912,4.5419,4.5533,4.6383,33.0896775,9.06797794304963,-0.37773332947125066,False,23.116575,38.643575,False,10.9562075,3.0741436767540526,-0.11219628497135922,False,8.042900000000001,12.523525,False,4.597334999999999,0.35395395148130615,0.11573539390805289,False,3.920375000000001,5.184499999999999,False,0.3135850559046048,False,False,False,False,False,,12.5,False,30.025152,0.006414945877922894,False,10.962848,0.0018753313170539003,False,4.657508,0.0008028326140509708,False,False,No issues detected.,
C_00169,LOT_004,False,30.7483,31.0801,30.8988,32.0956,9.61,10.0492,10.1511,10.2724,4.4815,4.4169,4.5761,4.7896,33.0896775,9.06797794304963,-0.10962504609552316,False,23.116575,38.643575,False,10.9562075,3.0741436767540526,-0.22243836720150426,False,8.042900000000001,12.523525,False,4.597334999999999,0.35395395148130615,0.5431921276634064,False,3.920375000000001,5.184499999999999,False,0.32532697565577495,False,False,False,False,False,,13.3,False,31.367273,0.0019942592408921872,False,10.352303,0.002104878828260628,False,4.536998,0.0008340124660068085,False,False,No issues detected.,
C_00170,LOT_004,False,29.9208,28.2954,27.7683,29.3685,10.2135,9.8704,10.0421,9.9168,4.1541,4.2165,4.3278,4.2681,33.0896775,9.06797794304963,-0.4103646395448266,False,23.116575,38.643575,False,10.9562075,3.0741436767540526,-0.3381128565524614,False,8.042900000000001,12.523525,False,4.597334999999999,0.35395395148130615,-0.9301633690544858,False,3.920375000000001,5.184499999999999,False,0.27193302716324136,False,False,False,False,False,,19.2,False,29.71031,0.009825763765970861,False,10.275623,0.0028140508439805766,False,4.221921,3.764560487535324e-05,False,False,No issues detected.,
C_00171,LOT_004,False,31.3033,31.3286,32.0208,32.1874,9.3994,9.741,10.0851,10.0752,4.3299,4.3887,4.2313,4.2454,33.0896775,9.06797794304963,-0.09950151022274774,False,23.116575,38.643575,False,10.9562075,3.0741436767540526,-0.2865863123646332,False,8.042900000000001,12.523525,False,4.597334999999999,0.35395395148130615,-0.9942960052491078,False,3.920375000000001,5.184499999999999,False,0.30914104422801747,False,False,False,False,False,,17.8,False,32.295918,0.006717482715182823,False,10.020528,0.0019411655531989228,False,4.3990073,7.157861391703256e-05,False,False,No issues detected.,
C_00172,LOT_004,False,28.4988,27.4788,27.775,29.0896,9.4593,9.6985,10.2334,10.3866,4.2855,4.1807,4.2637,4.449,33.0896775,9.06797794304963,-0.44112122075307375,False,23.116575,38.643575,False,10.9562075,3.0741436767540526,-0.18528981072265335,False,8.042900000000001,12.523525,False,4.597334999999999,0.35395395148130615,-0.41907993788235376,False,3.920375000000001,5.184499999999999,False,0.2758491398595196,False,False,False,False,False,,14.9,False,29.06025,0.010982287004258899,False,9.984258,0.0019844284587436306,False,4.3693295,0.0013099267535739484,False,False,No issues detected.,
C_00173,LOT_004,False,30.1273,30.0674,30.2857,30.6986,9.7348,9.9597,9.389,9.8281,4.7196,4.8677,4.7177,4.8539,33.0896775,9.06797794304963,-0.2636836475581307,False,23.116575,38.643575,False,10.9562075,3.0741436767540526,-0.36696642012228725,False,8.042900000000001,12.523525,False,4.597334999999999,0.35395395148130615,0.7248541764437721,False,3.920375000000001,5.184499999999999,False,0.2704719415904581,False,False,False,False,False,,17.5,False,30.97544,0.0063058268864949595,False,10.154592,0.00135341361363729,False,4.874161,4.4866434733071956e-05,False,False,No issues detected.,
C_00174,LOT_004,False,27.5811,27.4548,28.9292,28.469,9.7774,10.1063,10.1358,10.2463,4.5363,4.4471,4.5934,4.6488,33.0896775,9.06797794304963,-0.5095598521544297,False,23.116575,38.643575,False,10.9562075,3.0741436767540526,-0.23092853641427125,False,8.042900000000001,12.523525,False,4.597334999999999,0.35395395148130615,0.14540026968089495,False,3.920375000000001,5.184499999999999,False,0.3093219621455123,False,False,False,False,False,,13.8,False,27.9172,0.0032111117257012348,False,10.467492,0.0025082784970601457,False,4.5648065,0.0008174059814876992,False,False,No issues detected.,
C_00175,LOT_004,False,28.4139,27.4783,28.1096,28.921,10.4596,10.142,9.8832,10.2146,4.3527,4.2131,4.487,4.2211,33.0896775,9.06797794304963,-0.45971411997039363,False,23.116575,38.643575,False,10.9562075,3.0741436767540526,-0.2412403511286279,False,8.042900000000001,12.523525,False,4.597334999999999,0.35395395148130615,-1.0629490034662603,False,3.920375000000001,5.184499999999999,False,0.2554458154169786,False,False,False,False,False,,21.1,False,28.694159,0.008443462181091302,False,10.657605,0.0035805914666917626,False,4.4035497,0.0013225671609242767,False,False,No issues detected.,
C_00176,LOT_004,False,27.3028,27.0962,28.1253,27.3961,10.2263,10.3512,10.4628,10.804,4.5064,4.6045,4.4483,4.5369,33.0896775,9.06797794304963,-0.6278772991903867,False,23.116575,38.643575,False,10.9562075,3.0741436767540526,-0.049512162086293006,False,8.042900000000001,12.523525,False,4.597334999999999,0.35395395148130615,-0.17074254926969212,False,3.920375000000001,5.184499999999999,False,0.26725321561582077,False,False,False,False,False,,16.9,False,27.9172,0.005701389503479006,False,10.634379,0.0019665235201517715,False,4.596293,-5.699324607848993e-05,False,False,No issues detected.,
C_00177,LOT_004,False,31.9044,30.619,31.4694,31.8484,9.3867,9.458,9.4298,9.785,4.426,4.8101,4.4568,4.5187,33.0896775,9.06797794304963,-0.1368858093607744,False,23.116575,38.643575,False,10.9562075,3.0741436767540526,-0.38098658460773765,False,8.042900000000001,12.523525,False,4.597334999999999,0.35395395148130615,-0.22216166727595468,False,3.920375000000001,5.184499999999999,False,0.28661161238103056,False,False,False,False,False,,13.8,False,31.854673,0.008581065177917482,False,9.79253,0.0023231254153781456,False,4.8938036,0.0005812749756707067,False,False,No issues detected.,
C_00178,LOT_004,False,29.3503,29.5421,29.4598,29.204,8.8941,8.9222,9.0044,9.5403,4.6472,4.4651,4.4913,4.5729,33.0896775,9.06797794304963,-0.42850539827109646,False,23.116575,38.643575,False,10.9562075,3.0741436767540526,-0.46058598715042404,False,8.042900000000001,12.523525,False,4.597334999999999,0.35395395148130615,-0.0690344037628015,False,3.920375000000001,5.184499999999999,False,0.2795075289382582,False,False,False,False,False,,14.9,False,30.447784,0.006289475165473081,False,9.305964,0.00266503104103936,False,4.5609097,0.0006653454727596733,False,False,No issues detected.,
C_00179,LOT_004,False,29.6234,29.819,31.3747,32.1361,10.3942,10.5183,10.9461,10.9566,4.3809,4.4098,4.3866,4.6859,33.0896775,9.06797794304963,-0.10515878026929851,False,23.116575,38.643575,False,10.9562075,3.0741436767540526,0.00012767783203115456,False,8.042900000000001,12.523525,False,4.597334999999999,0.35395395148130615,0.2502161640782767,False,3.920375000000001,5.184499999999999,False,0.2966935996181379,False,False,False,False,False,,12.3,False,30.543695,0.005032607290479879,False,10.887642,0.0025648743523491754,False,4.4961834,0.0005998846901787672,False,False,No issues detected.,
C_00180,LOT_004,False,31.7244,32.3542,32.6026,32.9046,9.4778,9.9421,9.8084,9.8974,3.9945,4.1575,4.18,4.3162,33.0896775,9.06797794304963,-0.02041000773958163,False,23.116575,38.643575,False,10.9562075,3.0741436767540526,-0.3444235570401124,False,8.042900000000001,12.523525,False,4.597334999999999,0.35395395148130615,-0.7942699857522201,False,3.920375000000001,5.184499999999999,False,0.2409882399640299,False,False,False,False,False,,19.6,False,32.82167,0.0032463231404622483,False,10.106951,0.0011447969436645512,False,4.1926036,0.00024377491739061317,False,False,No issues detected.,
C_00181,LOT_004,False,28.6854,28.5747,29.7077,30.3033,10.1901,10.344,10.4566,10.4856,4.1341,4.1238,4.2605,4.1749,33.0896775,9.06797794304963,-0.30727660758545255,False,23.116575,38.643575,False,10.9562075,3.0741436767540526,-0.15308572060526074,False,8.042900000000001,12.523525,False,4.597334999999999,0.35395395148130615,-1.1934744568667708,False,3.920375000000001,5.184499999999999,False,0.25837072823344437,False,False,False,False,False,,22.0,False,30.032637,0.010124560017055936,False,10.634379,0.002016523520151778,False,4.2053475,0.0005663023471832266,False,False,No issues detected.,
C_00182,LOT_004,False,32.5328,31.9808,33.6338,33.3661,9.7692,9.9846,9.988,10.4597,4.4821,4.4819,4.6605,4.6362,33.0896775,9.06797794304963,0.030483367045667897,False,23.116575,38.643575,False,10.9562075,3.0741436767540526,-0.16151083105011393,False,8.042900000000001,12.523525,False,4.597334999999999,0.35395395148130615,0.10980241875348297,False,3.920375000000001,5.184499999999999,False,0.2894030719707564,False,False,False,False,False,,11.9,False,32.90978,0.006451240242852115,False,10.186805,0.0014041998015509687,False,4.5338907,0.0003610466957092255,False,False,No issues detected.,
C_00183,LOT_004,False,28.649,28.2304,29.1524,30.0894,9.6007,9.6926,9.9984,10.1104,4.7566,4.5727,4.5355,4.6003,33.0896775,9.06797794304963,-0.33086510783803064,False,23.116575,38.643575,False,10.9562075,3.0741436767540526,-0.2751359692117827,False,8.042900000000001,12.523525,False,4.597334999999999,0.35395395148130615,0.008376795872999726,False,3.920375000000001,5.184499999999999,False,0.3149932010792161,False,False,False,False,False,,12.0,False,29.567186,0.009283238580491812,False,10.018024,0.0022598919762505387,False,4.66774,0.0006599990844726548,False,False,No issues detected.,
C_00184,LOT_004,False,29.31,29.9125,29.7444,30.6657,9.5877,9.8781,10.0553,10.1069,4.5513,4.5147,4.5795,4.6774,33.0896775,9.06797794304963,-0.26731179930338445,False,23.116575,38.643575,False,10.9562075,3.0741436767540526,-0.27627449765027656,False,8.042900000000001,12.523525,False,4.597334999999999,0.35395395148130615,0.22620174083359218,False,3.920375000000001,5.184499999999999,False,0.3424160883869824,False,False,False,False,False,,10.2,False,30.578266,0.004623375998602963,False,10.098879,0.0015331865310668953,False,4.640405,0.0008729526254865832,False,False,No issues detected.,
C_00185,LOT_004,False,30.122,28.8718,29.4627,28.667,9.337,9.6026,9.7682,9.4876,4.3669,4.3631,4.3195,4.2979,33.0896775,9.06797794304963,-0.4877247747817766,False,23.116575,38.643575,False,10.9562075,3.0741436767540526,-0.47772897249574303,False,8.042900000000001,12.523525,False,4.597334999999999,0.35395395148130615,-0.84597162638489,False,3.920375000000001,5.184499999999999,False,0.30336703717388863,False,False,False,False,False,,16.9,False,30.569643,0.011790576532151962,False,9.8984585,0.002054572783576113,False,4.4189034,0.0003875232696533189,False,False,No issues detected.,
C_00186,LOT_004,False,27.321,28.8162,29.196,29.1387,9.7667,10.0941,10.5198,10.174,4.2736,4.5262,4.3676,4.4889,33.0896775,9.06797794304963,-0.4357065626773301,False,23.116575,38.643575,False,10.9562075,3.0741436767540526,-0.25444728101515496,False,8.042900000000001,12.523525,False,4.597334999999999,0.35395395148130615,-0.30635340994554794,False,3.920375000000001,5.184499999999999,False,0.3033300823343794,False,False,False,False,False,,13.5,False,29.117962,0.0020955686357286346,False,10.467492,0.002593000719282368,False,4.5226974,-2.4323272705079673e-05,False,False,No issues detected.,
C_00187,LOT_004,False,28.7939,28.0832,28.3642,28.6199,10.7397,10.9858,11.0683,11.5647,4.6611,4.6007,4.7234,4.6183,33.0896775,9.06797794304963,-0.49291887652042293,False,23.116575,38.643575,False,10.9562075,3.0741436767540526,0.19793886167431826,False,8.042900000000001,12.523525,False,4.597334999999999,0.35395395148130615,0.059230868626445034,False,3.920375000000001,5.184499999999999,False,0.21642778525980422,False,False,False,False,False,,18.3,False,29.392141,0.009089870431688086,False,11.30299,0.002202708053588872,False,4.689284,0.000615165609783598,False,False,No issues detected.,
C_00188,LOT_004,False,32.3428,32.3783,35.0972,33.3408,9.3519,9.4354,9.475,9.7175,4.3068,4.4982,4.3543,4.2422,33.0896775,9.06797794304963,0.02769332938138429,False,23.116575,38.643575,False,10.9562075,3.0741436767540526,-0.40294391877868735,False,8.042900000000001,12.523525,False,4.597334999999999,0.35395395148130615,-1.0033367292941637,False,3.920375000000001,5.184499999999999,False,0.25572433660396526,False,False,False,False,False,,20.6,False,33.21325,0.005798258378770595,False,9.79253,0.0024800698598225943,False,4.4292655,-0.000478711811701455,False,False,No issues detected.,
C_00189,LOT_004,True,30.7198,43.4259,56.5462,67.1993,10.5794,15.1971,21.6939,26.447,4.471,4.8118,5.2475,5.4828,33.0896775,9.06797794304963,3.7615466991893305,True,23.116575,38.643575,True,10.9562075,3.0741436767540526,5.0390593703013,True,8.042900000000001,12.523525,True,4.597334999999999,0.35395395148130615,2.5016389739238893,False,3.920375000000001,5.184499999999999,True,-0.024523176432176053,True,True,True,True,True,"iddq_ua,leakage_ua,prop_delay_ns",68.2,True,68.00718,0.1707033281962077,True,26.281609,0.07697575403849283,True,5.162624,0.002436276960372926,False,True,"[Module B - Iddq (standby current)] The strongest driver was delta_24h_iddq_ua (12.706), which pushed the predicted 168h value up by 24.25uA relative to baseline. [Module B - leakage current] The strongest driver was delta_24h_leakage_ua (4.618), which pushed the predicted 168h value up by 11.19uA relative to baseline. [Module A - leakage current] Flagged because 168h leakage current is 5.0sigma from its lot's mean (26.45uA vs lot mean 10.96uA); and 168h leakage current (26.45uA) falls outside the lot's normal IQR range [8.04, 12.52]uA. [Module A - Iddq (standby current)] Flagged because 168h Iddq (standby current) is 3.8sigma from its lot's mean (67.20uA vs lot mean 33.09uA); and 168h Iddq (standby current) (67.20uA) falls outside the lot's normal IQR range [23.12, 38.64]uA. [Module A - propagation delay] Flagged because 168h propagation delay (5.48ns) falls outside the lot's normal IQR range [3.92, 5.18]ns.","Iddq (standby current), leakage current, propagation delay"
C_00190,LOT_004,False,33.3285,32.14,32.8121,33.1061,9.501,9.5625,9.2067,9.5289,4.3884,4.3902,4.3924,4.2732,33.0896775,9.06797794304963,0.0018110432229916,False,23.116575,38.643575,False,10.9562075,3.0741436767540526,-0.4642943369215178,False,8.042900000000001,12.523525,False,4.597334999999999,0.35395395148130615,-0.9157547151076746,False,3.920375000000001,5.184499999999999,False,0.28146170183381075,False,False,False,False,False,,18.6,False,33.08039,0.006530492570665143,False,9.795204,0.0016160011291503906,False,4.4815106,0.0006341016610463454,False,False,No issues detected.,
C_00191,LOT_004,False,30.4887,31.2643,32.5629,33.2349,8.984,9.5568,9.5251,9.4336,4.3562,4.3165,4.3439,4.4919,33.0896775,9.06797794304963,0.016014871332071554,False,23.116575,38.643575,False,10.9562075,3.0741436767540526,-0.4952948398325027,False,8.042900000000001,12.523525,False,4.597334999999999,0.35395395148130615,-0.2978777311533066,False,3.920375000000001,5.184499999999999,False,0.28937033090604525,False,False,False,False,False,,14.7,False,32.31193,0.007275219514634884,False,9.594769,0.00026367030673556265,False,4.4144936,0.0006805108388265005,False,False,No issues detected.,
C_00192,LOT_004,False,29.5657,28.3842,29.6627,30.0756,10.4774,10.4991,11.3836,10.7162,4.6979,4.6559,4.6408,4.6579,33.0896775,9.06797794304963,-0.3323869465640034,False,23.116575,38.643575,False,10.9562075,3.0741436767540526,-0.07807296120050568,False,8.042900000000001,12.523525,False,4.597334999999999,0.35395395148130615,0.17110982868402622,False,3.920375000000001,5.184499999999999,False,0.275709971421723,False,False,False,False,False,,14.0,False,29.891817,0.010469563145107694,False,10.82558,0.0022672197447882736,False,4.749817,0.0006522006564670143,False,False,No issues detected.,
C_00193,LOT_004,False,30.3805,30.013,31.6583,30.8839,10.015,10.1926,10.3186,10.4998,4.217,4.3915,4.1889,4.4553,33.0896775,9.06797794304963,-0.2432491029260466,False,23.116575,38.643575,False,10.9562075,3.0741436767540526,-0.1484665480833719,False,8.042900000000001,12.523525,False,4.597334999999999,0.35395395148130615,-0.4012810124186465,False,3.920375000000001,5.184499999999999,False,0.307978211546662,False,False,False,False,False,,12.9,False,30.992216,0.006800111876593684,False,10.51003,0.0022043735610114165,False,4.453482,0.0004304316043853778,False,False,No issues detected.,
C_00194,LOT_004,False,28.1559,27.8446,28.3272,29.4236,9.5567,9.9639,9.8725,10.0581,4.9608,4.8887,4.9103,4.8788,33.0896775,9.06797794304963,-0.40428831245779034,False,23.116575,38.643575,False,10.9562075,3.0741436767540526,-0.2921488370212741,False,8.042900000000001,12.523525,False,4.597334999999999,0.35395395148130615,0.7952023104193714,False,3.920375000000001,5.184499999999999,False,0.2206768583581804,False,False,False,False,False,,20.6,False,28.845167,0.006948383055792916,False,10.107747,0.000998938041263152,False,4.9551907,0.00046174068450927704,False,False,No issues detected.,
C_00195,LOT_004,False,28.5243,29.3021,31.0142,30.6146,8.2938,8.7831,8.5696,8.7116,4.6698,4.5212,4.5249,4.6832,33.0896775,9.06797794304963,-0.2729470137162259,False,23.116575,38.643575,False,10.9562075,3.0741436767540526,-0.7301569920017694,False,8.042900000000001,12.523525,False,4.597334999999999,0.35395395148130615,0.24258805316526003,False,3.920375000000001,5.184499999999999,False,0.2168017416292493,False,False,False,False,False,,20.2,False,30.092989,0.005492284499274364,False,8.986193,0.001410365994771327,False,4.6564307,0.0009391022311316574,False,False,No issues detected.,
C_00196,LOT_004,False,30.489,30.7496,31.0003,31.2757,9.5628,10.0417,9.8865,9.4991,4.8368,4.5137,4.6123,4.4841,33.0896775,9.06797794304963,-0.20004211648864526,False,23.116575,38.643575,False,10.9562075,3.0741436767540526,-0.4739880933406924,False,8.042900000000001,12.523525,False,4.597334999999999,0.35395395148130615,-0.31991449601313454,False,3.920375000000001,5.184499999999999,False,0.3074213698585826,False,False,False,False,False,,13.6,False,31.367273,0.004289398129781081,False,10.11969,0.000541596815321177,False,4.5949826,0.0005644626670413544,False,False,No issues detected.,
C_00197,LOT_004,False,27.879,27.534,28.6402,28.6804,9.4009,9.5151,9.2114,9.9788,4.5057,4.4166,4.4039,4.4135,33.0896775,9.06797794304963,-0.48624704732322366,False,23.116575,38.643575,False,10.9562075,3.0741436767540526,-0.31794463849914506,False,8.042900000000001,12.523525,False,4.597334999999999,0.35395395148130615,-0.519375470257205,False,3.920375000000001,5.184499999999999,False,0.2895135520833083,False,False,False,False,False,,14.9,False,28.543186,0.007008237414889873,False,9.79253,0.0019265976376003665,False,4.522711,0.0007368805567423512,False,False,No issues detected.,
C_00198,LOT_004,True,27.5322,33.5014,41.6713,48.6845,9.4333,11.0283,13.2239,15.1662,4.4386,4.6812,5.4823,5.806,33.0896775,9.06797794304963,1.7197684641428828,False,23.116575,38.643575,True,10.9562075,3.0741436767540526,1.3694846248843109,False,8.042900000000001,12.523525,True,4.597334999999999,0.35395395148130615,3.414752102474651,True,3.920375000000001,5.184499999999999,True,0.06590120615914741,False,True,True,True,True,"iddq_ua,leakage_ua,prop_delay_ns",50.2,True,48.443142,0.10376209678649904,True,15.604418,0.03177859583960639,True,5.14528,0.0032227769745720785,True,True,"[Module B - Iddq (standby current)] The strongest driver was pct_change_24h_iddq_ua (0.217), which pushed the predicted 168h value up by 7.68uA relative to baseline. [Module A - propagation delay] Flagged because 168h propagation delay is 3.4sigma from its lot's mean (5.81ns vs lot mean 4.60ns); and 168h propagation delay (5.81ns) falls outside the lot's normal IQR range [3.92, 5.18]ns. [Module B - leakage current] The strongest driver was delta_24h_leakage_ua (1.595), which pushed the predicted 168h value up by 2.84uA relative to baseline. [Module B - propagation delay] The strongest driver was Value_24h_prop_delay_ns (4.681), which pushed the predicted 168h value up by 0.30ns relative to baseline. [Module A - Iddq (standby current)] Flagged because 168h Iddq (standby current) (48.68uA) falls outside the lot's normal IQR range [23.12, 38.64]uA. [Module A - leakage current] Flagged because 168h leakage current (15.17uA) falls outside the lot's normal IQR range [8.04, 12.52]uA.","Iddq (standby current), leakage current, propagation delay"
C_00199,LOT_004,False,25.5171,25.247,27.1408,26.4454,9.6687,9.7256,10.5192,10.506,4.4901,4.5149,4.6174,4.4302,33.0896775,9.06797794304963,-0.7327187540296861,False,23.116575,38.643575,False,10.9562075,3.0741436767540526,-0.14644972627804032,False,8.042900000000001,12.523525,False,4.597334999999999,0.35395395148130615,-0.4721941916470631,False,3.920375000000001,5.184499999999999,False,0.2122191878195886,False,False,False,False,False,,20.5,False,26.063845,0.005672532505459256,False,10.007458,0.0019573453691270615,False,4.571945,0.00039614715576171935,False,False,No issues detected.,
C_00200,LOT_004,False,28.8285,28.8023,28.9416,30.4152,9.7892,9.9458,10.5077,10.673,4.3989,4.4006,4.2944,4.595,33.0896775,9.06797794304963,-0.2949364805248473,False,23.116575,38.643575,False,10.9562075,3.0741436767540526,-0.09212565506991353,False,8.042900000000001,12.523525,False,4.597334999999999,0.35395395148130615,-0.006596903326626242,False,3.920375000000001,5.184499999999999,False,0.319865653154167,False,False,False,False,False,,11.5,False,30.032637,0.008544004461500387,False,10.244092,0.002071472136179605,False,4.4904695,0.0006240934424930159,False,False,No issues detected.,
C_00201,LOT_005,False,28.321,27.8965,29.127,28.5063,10.2084,10.0554,10.6743,10.9783,4.2954,4.2056,4.3313,4.1585,28.723202500000003,5.026635082595844,-0.043150635850015,False,23.8554,32.318524999999994,False,10.5930075,2.1044636012334985,0.18308347066405287,False,7.532624999999996,13.280375000000003,False,4.116664999999999,0.3247724272668794,0.12881327504327553,False,3.1333,5.016299999999999,False,0.24488020727470233,False,False,False,False,False,,14.3,False,28.933039,0.007198185496860083,False,10.648579,0.004119296137491858,False,4.2861595,0.0005594410790337487,False,False,No issues detected.,
C_00202,LOT_005,False,26.8516,27.583,27.5629,28.926,9.8297,10.124,10.0014,10.3912,4.2161,4.22,4.3227,4.3617,28.723202500000003,5.026635082595844,0.04034458373597856,False,23.8554,32.318524999999994,False,10.5930075,2.1044636012334985,-0.09589498239917987,False,7.532624999999996,13.280375000000003,False,4.116664999999999,0.3247724272668794,0.7544821525093471,False,3.1333,5.016299999999999,False,0.2668885250723729,False,False,False,False,False,,17.9,False,28.649431,0.007405772421095118,False,10.540674,0.002893570899963375,False,4.290079,0.00048666053348117577,False,False,No issues detected.,
C_00203,LOT_005,False,26.8291,26.6966,26.317,27.2384,10.5919,10.6144,10.7782,11.5287,4.1896,4.1904,4.1872,4.239,28.723202500000003,5.026635082595844,-0.2953869687379864,False,23.8554,32.318524999999994,False,10.5930075,2.1044636012334985,0.44462280053290465,False,7.532624999999996,13.280375000000003,False,4.116664999999999,0.3247724272668794,0.37667914431502103,False,3.1333,5.016299999999999,False,0.21158605471939695,False,False,False,False,False,,18.1,False,27.502121,0.005593895636664496,False,11.179613,0.003925091065300836,False,4.225965,0.00024697932667202177,False,False,No issues detected.,
C_00204,LOT_005,False,25.9293,25.2707,26.0107,25.3452,9.6653,10.0838,10.1451,10.7174,4.2431,4.0578,4.2487,4.1353,28.723202500000003,5.026635082595844,-0.6720206349762601,False,23.8554,32.318524999999994,False,10.5930075,2.1044636012334985,0.05910888642934394,False,7.532624999999996,13.280375000000003,False,4.116664999999999,0.3247724272668794,0.057378639427070104,False,3.1333,5.016299999999999,False,0.23079474184266752,False,False,False,False,False,,19.1,False,26.23184,0.006674584261576324,False,10.523624,0.0030543362511528858,False,4.1890574,0.0009115093761020216,False,False,No issues detected.,
C_00205,LOT_005,False,26.4366,26.21,26.5017,26.0008,10.4048,10.3405,10.548,10.9902,3.8402,3.9295,3.777,3.8625,28.723202500000003,5.026635082595844,-0.5415954122920147,False,23.8554,32.318524999999994,False,10.5930075,2.1044636012334985,0.18873811823934183,False,7.532624999999996,13.280375000000003,False,4.116664999999999,0.3247724272668794,-0.7825941448876178,False,3.1333,5.016299999999999,False,0.21262468935929368,False,False,False,False,False,,20.9,False,27.125153,0.006355226304796001,False,10.825903,0.003370853741963701,False,3.933407,2.7132418420579747e-05,False,False,No issues detected.,
C_00206,LOT_005,False,27.2219,28.4396,28.9252,28.6864,9.4768,10.0343,9.8655,10.4961,3.6403,3.4542,3.7544,3.6833,28.723202500000003,5.026635082595844,-0.007321498257836211,False,23.8554,32.318524999999994,False,10.5930075,2.1044636012334985,-0.046048551252299896,False,7.532624999999996,13.280375000000003,False,4.116664999999999,0.3247724272668794,-1.3343651234403737,False,3.1333,5.016299999999999,False,0.19341819482964157,False,False,False,False,False,,26.4,False,28.895914,0.0031688477622138223,False,10.280322,0.001708486631181505,False,3.591679,0.0009547159459855811,False,False,No issues detected.,
C_00207,LOT_005,False,28.3556,27.968,29.0544,29.0997,10.4998,10.9334,11.1264,11.0377,4.2321,4.2866,4.2885,4.2549,28.723202500000003,5.026635082595844,0.07490050377907395,False,23.8554,32.318524999999994,False,10.5930075,2.1044636012334985,0.21130919049364838,False,7.532624999999996,13.280375000000003,False,4.116664999999999,0.3247724272668794,0.42563650234509337,False,3.1333,5.016299999999999,False,0.19639896330717366,False,False,False,False,False,,18.7,False,28.961042,0.006896127806769477,False,11.251706,0.0022104591899447922,False,4.25118,-0.0002459710280100502,False,False,No issues detected.,
C_00208,LOT_005,False,28.5676,29.5051,28.9765,29.6746,10.0943,10.0486,10.081,10.7381,4.1795,4.3133,4.4002,4.3094,28.723202500000003,5.026635082595844,0.1892712489303441,False,23.8554,32.318524999999994,False,10.5930075,2.1044636012334985,0.06894512212753645,False,7.532624999999996,13.280375000000003,False,4.116664999999999,0.3247724272668794,0.5934463144607476,False,3.1333,5.016299999999999,False,0.21519550761785172,False,False,False,False,False,,19.2,False,30.082949,0.004012838088141556,False,10.623883,0.003995022551218665,False,4.250241,-0.0004379110919104676,False,False,No issues detected.,
C_00209,LOT_005,False,27.2482,27.7065,27.4024,28.9551,10.3527,10.7794,11.3407,11.4259,3.9657,3.794,3.7903,3.8093,28.723202500000003,5.026635082595844,0.04613374477946841,False,23.8554,32.318524999999994,False,10.5930075,2.1044636012334985,0.3957742483698995,False,7.532624999999996,13.280375000000003,False,4.116664999999999,0.3247724272668794,-0.9464011541454672,False,3.1333,5.016299999999999,False,0.19585052867341451,False,False,False,False,False,,23.1,False,28.642118,0.006497350374857596,False,11.098211,0.002213967280917692,False,3.8734515,0.000551746328671773,False,False,No issues detected.,
C_00210,LOT_005,False,28.3131,29.6732,29.6003,29.9572,8.2744,8.0931,8.4256,8.5662,3.5754,3.6931,3.5925,3.4571,28.723202500000003,5.026635082595844,0.24549176133206374,False,23.8554,32.318524999999994,False,10.5930075,2.1044636012334985,-0.9630993374330726,False,7.532624999999996,13.280375000000003,False,4.116664999999999,0.3247724272668794,-2.030852820698373,False,3.1333,5.016299999999999,False,0.038777438016508126,False,False,False,False,False,,40.0,False,30.176132,0.003492584737141918,False,8.761198,0.004639569748772517,False,3.6190586,-0.0005141763263278525,False,False,No issues detected.,
C_00211,LOT_005,False,25.9619,26.027,26.0167,27.2703,9.442,9.8643,9.9175,10.0873,4.1917,4.1399,4.2355,4.1889,28.723202500000003,5.026635082595844,-0.2890407750167731,False,23.8554,32.318524999999994,False,10.5930075,2.1044636012334985,-0.24030232677989166,False,7.532624999999996,13.280375000000003,False,4.116664999999999,0.3247724272668794,0.22241728033347594,False,3.1333,5.016299999999999,False,0.2801200400833623,False,False,False,False,False,,13.4,False,26.955978,0.006451238844129768,False,10.204919,0.002365408759646945,False,4.217602,0.0005395956675211595,False,False,No issues detected.,
C_00212,LOT_005,False,27.0773,28.8333,30.1171,30.3866,8.7566,9.4584,9.3836,9.6248,4.2281,4.1054,4.1187,4.3622,28.723202500000003,5.026635082595844,0.3309167012658875,False,23.8554,32.318524999999994,False,10.5930075,2.1044636012334985,-0.46007329346656334,False,7.532624999999996,13.280375000000003,False,4.116664999999999,0.3247724272668794,0.7560216920700404,False,3.1333,5.016299999999999,False,0.20155121356367817,False,False,False,False,False,,21.2,False,29.63424,0.005562077755398211,False,9.620094,0.0011228770785861597,False,4.3029246,0.001371698840459185,False,False,No issues detected.,
C_00213,LOT_005,False,26.4096,26.2985,27.1673,27.8031,9.3357,9.3383,9.4808,9.8702,4.2705,4.3527,4.2613,4.1608,28.723202500000003,5.026635082595844,-0.18304541405556837,False,23.8554,32.318524999999994,False,10.5930075,2.1044636012334985,-0.34346400649378667,False,7.532624999999996,13.280375000000003,False,4.116664999999999,0.3247724272668794,0.13589515702246818,False,3.1333,5.016299999999999,False,0.2597296273461852,False,False,False,False,False,,14.9,False,27.478043,0.00819126807318793,False,9.858851,0.003614940505557588,False,4.3358746,-0.00011684335072834988,False,False,No issues detected.,
C_00214,LOT_005,False,26.0153,27.5808,27.6901,27.4068,10.1944,10.305,10.9214,11.1569,4.089,4.1757,4.1687,4.2316,28.723202500000003,5.026635082595844,-0.2618854319777255,False,23.8554,32.318524999999994,False,10.5930075,2.1044636012334985,0.26795070234024615,False,7.532624999999996,13.280375000000003,False,4.116664999999999,0.3247724272668794,0.35389395881674984,False,3.1333,5.016299999999999,False,0.2525505371776223,False,False,False,False,False,,15.3,False,28.280972,0.004862302271525065,False,10.746718,0.0030674889352586554,False,4.1517677,-0.00016619631449381488,False,False,No issues detected.,
C_00215,LOT_005,False,23.2088,24.2127,24.4453,24.2323,9.585,9.7162,9.852,10.4662,4.0211,4.0273,4.0808,4.1335,28.723202500000003,5.026635082595844,-0.8934212303473644,False,23.8554,32.318524999999994,False,10.5930075,2.1044636012334985,-0.0602564472608002,False,7.532624999999996,13.280375000000003,False,4.116664999999999,0.3247724272668794,0.051836297008570675,False,3.1333,5.016299999999999,False,0.13786143489520897,False,False,False,False,False,,25.6,False,24.451984,0.0016616972605387253,False,10.12634,0.002848193836212154,False,4.109732,0.0005724454932742626,False,False,No issues detected.,
C_00216,LOT_005,False,25.7261,26.2649,27.0437,28.7305,9.2638,9.3879,9.1584,9.8494,4.1985,4.1106,4.3115,4.119,28.723202500000003,5.026635082595844,0.0014517664163175826,False,23.8554,32.318524999999994,False,10.5930075,2.1044636012334985,-0.35334776023883113,False,7.532624999999996,13.280375000000003,False,4.116664999999999,0.3247724272668794,0.007189649748442625,False,3.1333,5.016299999999999,False,0.2574797183843707,False,False,False,False,False,,15.1,False,27.314892,0.007291609827677403,False,9.799285,0.002856839826371934,False,4.2090874,0.0006839400821261949,False,False,No issues detected.,
C_00217,LOT_005,False,24.9299,26.0113,25.3439,26.1932,10.0861,9.9661,10.2502,10.0118,4.1116,4.284,4.1814,4.0006,28.723202500000003,5.026635082595844,-0.503319309722691,False,23.8554,32.318524999999994,False,10.5930075,2.1044636012334985,-0.27617845215252745,False,7.532624999999996,13.280375000000003,False,4.116664999999999,0.3247724272668794,-0.35737331822391255,False,3.1333,5.016299999999999,False,0.2154025023425089,False,False,False,False,False,,18.4,False,26.684359,0.0046740180333455505,False,10.411515,0.003093161360422764,False,4.208144,-0.0005267764727274563,False,False,No issues detected.,
C_00218,LOT_005,False,26.5353,27.3405,26.9414,26.7379,10.0896,10.5187,10.9111,10.8702,4.5735,4.6,4.5756,4.6211,28.723202500000003,5.026635082595844,-0.39495655988115963,False,23.8554,32.318524999999994,False,10.5930075,2.1044636012334985,0.13171646201793555,False,7.532624999999996,13.280375000000003,False,4.116664999999999,0.3247724272668794,1.5531952765974344,False,3.1333,5.016299999999999,False,0.16539189260642462,False,False,False,False,False,,29.7,False,27.756851,0.0028913277520073877,False,10.907066,0.0026969885084364093,False,4.5986753,-9.199645784163657e-06,False,False,No issues detected.,
C_00219,LOT_005,False,26.5368,26.2644,26.9683,27.5005,9.9117,10.1264,9.8522,10.1218,4.2375,4.3241,4.3612,4.2991,28.723202500000003,5.026635082595844,-0.24324473129817467,False,23.8554,32.318524999999994,False,10.5930075,2.1044636012334985,-0.22390860061623746,False,7.532624999999996,13.280375000000003,False,4.116664999999999,0.3247724272668794,0.5617317995104497,False,3.1333,5.016299999999999,False,0.26953089355557247,False,False,False,False,False,,16.2,False,27.478043,0.008428073628743501,False,10.596387,0.0032637979825337706,False,4.3095007,-0.00010138406753539769,False,False,No issues detected.,
C_00220,LOT_005,False,25.8355,25.9651,25.6171,26.2485,8.7184,8.7815,8.7414,8.7774,3.8735,4.0119,4.1468,3.9447,28.723202500000003,5.026635082595844,-0.49231791433764127,False,23.8554,32.318524999999994,False,10.5930075,2.1044636012334985,-0.8627412224833969,False,7.532624999999996,13.280375000000003,False,4.116664999999999,0.3247724272668794,-0.529493841109511,False,3.1333,5.016299999999999,False,0.16965154033865792,False,False,False,False,False,,23.7,False,26.89916,0.006486530452304419,False,9.056485,0.0019096192783779609,False,3.9876425,-0.00016845467620425615,False,False,No issues detected.,
C_00221,LOT_005,False,28.5599,27.6768,27.2896,28.2613,9.6389,9.7877,9.9807,9.8906,3.7284,3.8423,3.8271,3.8311,28.723202500000003,5.026635082595844,-0.09189099515086933,False,23.8554,32.318524999999994,False,10.5930075,2.1044636012334985,-0.3337703249361482,False,7.532624999999996,13.280375000000003,False,4.116664999999999,0.3247724272668794,-0.8792772292992047,False,3.1333,5.016299999999999,False,0.22813083913923698,False,False,False,False,False,,20.9,False,29.124739,0.010055129814147948,False,10.157693,0.0025693952030605796,False,3.8237884,-0.00012855274677276492,False,False,No issues detected.,
C_00222,LOT_005,False,30.1762,29.2601,29.8579,30.2864,9.4653,9.7632,9.878,10.1927,3.9814,3.9224,3.8812,3.766,28.723202500000003,5.026635082595844,0.3109828890130482,False,23.8554,32.318524999999994,False,10.5930075,2.1044636012334985,-0.19021830539875637,False,7.532624999999996,13.280375000000003,False,4.116664999999999,0.3247724272668794,-1.0797252801015738,False,3.1333,5.016299999999999,False,0.19229940434548515,False,False,False,False,False,,24.4,False,30.62554,0.009482220692104755,False,10.142084,0.0026311397340562648,False,3.9432313,0.00014466211265987746,False,False,No issues detected.,
C_00223,LOT_005,False,27.2776,26.7052,28.2155,27.815,10.0975,10.184,10.1304,10.4439,3.7406,3.6591,3.7621,3.7271,28.723202500000003,5.026635082595844,-0.180678025175241,False,23.8554,32.318524999999994,False,10.5930075,2.1044636012334985,-0.07085297170861223,False,7.532624999999996,13.280375000000003,False,4.116664999999999,0.3247724272668794,-1.1995014579235725,False,3.1333,5.016299999999999,False,0.22281981298365566,False,False,False,False,False,,23.9,False,27.554491,0.005897854465908465,False,10.616097,0.0030006767378913082,False,3.723492,0.0004471660216649372,False,False,No issues detected.,
C_00224,LOT_005,False,25.5511,25.9312,27.0877,26.5751,9.0606,9.5112,9.8268,10.0651,4.2213,4.2551,4.2272,4.2877,28.723202500000003,5.026635082595844,-0.4273440312859722,False,23.8554,32.318524999999994,False,10.5930075,2.1044636012334985,-0.2508513331808526,False,7.532624999999996,13.280375000000003,False,4.116664999999999,0.3247724272668794,0.5266302975266245,False,3.1333,5.016299999999999,False,0.25877409631994214,False,False,False,False,False,,16.4,False,26.924194,0.006895793999565969,False,9.810214,0.002076486407385928,False,4.291126,0.0002501789887746199,False,False,No issues detected.,
C_00225,LOT_005,False,24.3004,23.6121,25.4328,25.0474,10.8353,11.0954,11.0061,11.4205,3.8926,3.8962,3.9766,3.9479,28.723202500000003,5.026635082595844,-0.7312650390570531,False,23.8554,32.318524999999994,False,10.5930075,2.1044636012334985,0.3932082738399363,False,7.532624999999996,13.280375000000003,False,4.116664999999999,0.3247724272668794,-0.5196407879210687,False,3.1333,5.016299999999999,False,0.10174747217501323,False,False,False,False,False,,26.0,False,25.029427,0.009842545657687706,False,11.492012,0.002754250166151261,False,3.9336355,0.00025996856424543674,False,False,No issues detected.,
C_00226,LOT_005,False,26.8166,26.1738,27.2716,27.3607,9.3689,10.0206,9.6123,10.2947,3.7043,3.7255,3.7449,3.7075,28.723202500000003,5.026635082595844,-0.27105657713596765,False,23.8554,32.318524999999994,False,10.5930075,2.1044636012334985,-0.14174989761056056,False,7.532624999999996,13.280375000000003,False,4.116664999999999,0.3247724272668794,-1.2598514087027806,False,3.1333,5.016299999999999,False,0.21450967842347884,False,False,False,False,False,,24.8,False,27.010149,0.005807979181077745,False,10.267081,0.0017116754213968915,False,3.7744858,0.00034017935064104,False,False,No issues detected.,
C_00227,LOT_005,False,28.3681,28.6703,28.8656,29.8051,8.796,9.1478,9.5184,9.4623,4.1868,4.0937,4.1982,4.246,28.723202500000003,5.026635082595844,0.21523295051712518,False,23.8554,32.318524999999994,False,10.5930075,2.1044636012334985,-0.5372901195997181,False,7.532624999999996,13.280375000000003,False,4.116664999999999,0.3247724272668794,0.39823269816473983,False,3.1333,5.016299999999999,False,0.22220042558971909,False,False,False,False,False,,18.4,False,29.431421,0.005285564443800178,False,9.409607,0.0018181037055121517,False,4.196464,0.0007136393176184752,False,False,No issues detected.,
C_00228,LOT_005,False,28.4532,28.3507,29.0491,28.0315,8.9291,9.0883,9.5798,9.7787,3.9109,4.1741,4.1648,4.2125,28.723202500000003,5.026635082595844,-0.13760746277264954,False,23.8554,32.318524999999994,False,10.5930075,2.1044636012334985,-0.3869430193626092,False,7.532624999999996,13.280375000000003,False,4.116664999999999,0.3247724272668794,0.2950835475982365,False,3.1333,5.016299999999999,False,0.22652853279090462,False,False,False,False,False,,16.9,False,29.07556,0.005033747333950468,False,9.340368,0.0017504741032918275,False,4.136383,-0.0002619232177734385,False,False,No issues detected.,
C_00229,LOT_005,True,24.7906,36.8682,49.9129,58.282,10.2753,13.2209,18.4901,22.7186,4.1053,4.5366,4.8098,5.1621,28.723202500000003,5.026635082595844,5.880434329188525,True,23.8554,32.318524999999994,True,10.5930075,2.1044636012334985,5.7618447251322245,True,7.532624999999996,13.280375000000003,True,4.116664999999999,0.3247724272668794,3.2189770812684224,True,3.1333,5.016299999999999,True,-0.13748364387671086,True,True,True,True,True,"iddq_ua,leakage_ua,prop_delay_ns",80.9,True,58.829315,0.15250774434407552,True,22.403072,0.06376508581373426,True,5.1513853,0.004269342411888971,True,True,"[Module B - Iddq (standby current)] The strongest driver was delta_24h_iddq_ua (12.078), which pushed the predicted 168h value up by 23.18uA relative to baseline. [Module B - leakage current] The strongest driver was delta_24h_leakage_ua (2.946), which pushed the predicted 168h value up by 7.15uA relative to baseline. [Module A - Iddq (standby current)] Flagged because 168h Iddq (standby current) is 5.9sigma from its lot's mean (58.28uA vs lot mean 28.72uA); and 168h Iddq (standby current) (58.28uA) falls outside the lot's normal IQR range [23.86, 32.32]uA. [Module A - leakage current] Flagged because 168h leakage current is 5.8sigma from its lot's mean (22.72uA vs lot mean 10.59uA); and 168h leakage current (22.72uA) falls outside the lot's normal IQR range [7.53, 13.28]uA. [Module A - propagation delay] Flagged because 168h propagation delay is 3.2sigma from its lot's mean (5.16ns vs lot mean 4.12ns); and 168h propagation delay (5.16ns) falls outside the lot's normal IQR range [3.13, 5.02]ns. [Module B - propagation delay] The strongest driver was delta_24h_prop_delay_ns (0.431), which pushed the predicted 168h value up by 0.29ns relative to baseline.","Iddq (standby current), leakage current, propagation delay"
C_00230,LOT_005,False,25.7432,27.6511,27.1828,28.4672,9.6835,9.6074,10.1855,10.0116,3.9544,4.0915,4.0158,4.0593,28.723202500000003,5.026635082595844,-0.05092919931394748,False,23.8554,32.318524999999994,False,10.5930075,2.1044636012334985,-0.2762734882462296,False,7.532624999999996,13.280375000000003,False,4.116664999999999,0.3247724272668794,-0.17663137379842817,False,3.1333,5.016299999999999,False,0.26273950144806424,False,False,False,False,False,,14.2,False,28.489063,0.005819189325968427,False,10.090325,0.0033536483022901737,False,4.061941,-0.00020526981353759707,False,False,No issues detected.,
C_00231,LOT_005,False,28.528,30.7974,30.0853,30.4012,10.2062,10.4884,10.6356,10.9934,3.7457,3.8588,3.9676,3.733,28.723202500000003,5.026635082595844,0.3338212287997339,False,23.8554,32.318524999999994,False,10.5930075,2.1044636012334985,0.19025869573857918,False,7.532624999999996,13.280375000000003,False,4.116664999999999,0.3247724272668794,-1.1813348911073824,False,3.1333,5.016299999999999,False,0.16976832890898602,False,False,False,False,False,,26.4,False,30.559141,-0.0016545752843221005,False,10.811121,0.002241117964850529,False,3.8237884,-0.0002431360801060995,False,False,No issues detected.,
C_00232,LOT_005,False,26.5183,26.7569,27.2289,27.8876,9.2944,9.6022,9.8976,10.5674,4.4804,4.4552,4.6022,4.5756,28.723202500000003,5.026635082595844,-0.1662349636028251,False,23.8554,32.318524999999994,False,10.5930075,2.1044636012334985,-0.012168183847414563,False,7.532624999999996,13.280375000000003,False,4.116664999999999,0.3247724272668794,1.413097176574272,False,3.1333,5.016299999999999,False,0.2036721424522705,False,False,False,False,False,,26.6,False,27.50321,0.005182708803812651,False,10.061474,0.0031894017113579653,False,4.514399,0.00041110452546014,False,False,No issues detected.,
C_00233,LOT_005,False,27.3794,26.8572,27.6122,27.9438,9.93,9.8804,10.2896,10.2589,4.2348,4.1988,3.9955,4.2108,28.723202500000003,5.026635082595844,-0.1550545219999352,False,23.8554,32.318524999999994,False,10.5930075,2.1044636012334985,-0.15876135838328023,False,7.532624999999996,13.280375000000003,False,4.116664999999999,0.3247724272668794,0.28984911309187517,False,3.1333,5.016299999999999,False,0.26795176972073004,False,False,False,False,False,,14.0,False,28.002277,0.007951926210191522,False,10.378906,0.0034618489583333346,False,4.2794104,0.0005597941822475835,False,False,No issues detected.,
C_00234,LOT_005,False,27.4616,26.9351,27.4559,28.3553,8.7105,8.996,9.0132,9.7239,3.8239,4.0764,3.9729,3.8945,28.723202500000003,5.026635082595844,-0.07319061239870465,False,23.8554,32.318524999999994,False,10.5930075,2.1044636012334985,-0.4129829090370517,False,7.532624999999996,13.280375000000003,False,4.116664999999999,0.3247724272668794,-0.684063613003197,False,3.1333,5.016299999999999,False,0.2122982623149422,False,False,False,False,False,,20.1,False,28.002277,0.007410953987969303,False,9.363767,0.0025539352099100718,False,4.0299606,-0.0003224956088595891,False,False,No issues detected.,
C_00235,LOT_005,False,26.7624,26.9134,25.9792,27.0079,9.1119,8.9426,8.9536,9.0134,4.165,3.8601,3.9809,4.0238,28.723202500000003,5.026635082595844,-0.34124269452919803,False,23.8554,32.318524999999994,False,10.5930075,2.1044636012334985,-0.7505986319146302,False,7.532624999999996,13.280375000000003,False,4.116664999999999,0.3247724272668794,-0.2859386826077098,False,3.1333,5.016299999999999,False,0.19259575805244755,False,False,False,False,False,,21.6,False,27.929829,0.007058532248602978,False,9.5026045,0.0038889200316535063,False,4.022552,0.001128138981925116,False,False,No issues detected.,
C_00236,LOT_005,False,28.8555,29.644,30.4521,31.1428,10.304,10.5571,10.7992,11.0657,3.8451,3.9695,3.8853,3.9323,28.723202500000003,5.026635082595844,0.48135531229978906,False,23.8554,32.318524999999994,False,10.5930075,2.1044636012334985,0.22461424361197682,False,7.532624999999996,13.280375000000003,False,4.116664999999999,0.3247724272668794,-0.567674422214724,False,3.1333,5.016299999999999,False,0.18551795434106894,False,False,False,False,False,,20.5,False,30.613543,0.006732934421963173,False,10.972416,0.0028841383616129545,False,3.9678879,-1.11952887641061e-05,False,False,No issues detected.,
C_00237,LOT_005,False,26.2723,26.8667,25.9111,28.03,8.9498,9.1475,9.6162,9.6159,4.1943,4.19,4.2712,4.2331,28.723202500000003,5.026635082595844,-0.137905873135716,False,23.8554,32.318524999999994,False,10.5930075,2.1044636012334985,-0.464302399636318,False,7.532624999999996,13.280375000000003,False,4.116664999999999,0.3247724272668794,0.35851257749883225,False,3.1333,5.016299999999999,False,0.2582794809700722,False,False,False,False,False,,16.0,False,27.93043,0.007387010129292795,False,9.435473,0.0019998155699835823,False,4.225965,0.00024975710444979926,False,False,No issues detected.,
C_00238,LOT_005,False,25.6721,26.7401,27.1376,27.527,8.7899,8.9743,9.05,9.4142,4.1553,4.0948,4.2054,4.3629,28.723202500000003,5.026635082595844,-0.2379728148840002,False,23.8554,32.318524999999994,False,10.5930075,2.1044636012334985,-0.5601463001351327,False,7.532624999999996,13.280375000000003,False,4.116664999999999,0.3247724272668794,0.7581770474550126,False,3.1333,5.016299999999999,False,0.23501421744309037,False,False,False,False,False,,19.6,False,27.248402,0.0035298725128173705,False,9.318289,0.0023888111326429615,False,4.1816106,0.000602851279576618,False,False,No issues detected.,
C_00239,LOT_005,False,28.393,27.9502,28.974,28.56,10.8148,10.6891,11.0395,11.7214,3.6647,3.6983,3.5937,3.6944,28.723202500000003,5.026635082595844,-0.032467544852236116,False,23.8554,32.318524999999994,False,10.5930075,2.1044636012334985,0.5361900768151129,False,7.532624999999996,13.280375000000003,False,4.116664999999999,0.3247724272668794,-1.3001873451929657,False,3.1333,5.016299999999999,False,0.12993064887679062,False,False,False,False,False,,29.3,False,28.751245,0.005562815962897415,False,11.3254595,0.004419163057539199,False,3.7309775,0.00022692732810974023,False,False,No issues detected.,
C_00240,LOT_005,False,25.8077,25.4887,26.0458,27.2414,8.6713,9.2331,8.85,9.3616,4.5596,4.7704,4.5857,4.7265,28.723202500000003,5.026635082595844,-0.2947901480118535,False,23.8554,32.318524999999994,False,10.5930075,2.1044636012334985,-0.5851407927788492,False,7.532624999999996,13.280375000000003,False,4.116664999999999,0.3247724272668794,1.877730215991744,False,3.1333,5.016299999999999,False,0.10124074405240768,False,False,False,False,False,,35.6,False,26.761847,0.008841295433044424,False,9.423132,0.0013196662690904385,False,4.733466,-0.00025648508071899706,False,False,No issues detected.,
C_00241,LOT_006,False,23.3245,23.709,24.7852,25.0878,9.7893,9.961,10.6902,10.8724,5.2929,5.0791,5.2008,5.2054,35.655105000000006,22.79433543132749,-0.4635934674136972,False,20.968875,33.780249999999995,False,12.256784999999999,7.081679481648041,-0.19548823179410904,False,6.296750000000003,13.454124999999998,False,5.328175,0.9559133387257687,-0.12843737504872438,False,3.8725249999999987,6.390150000000002,False,0.21830265253881942,False,False,False,False,False,,17.9,False,24.712326,0.006967542012532555,False,10.391645,0.0029905932744344055,False,5.2550554,0.001221912691328258,False,False,No issues detected.,
C_00242,LOT_006,True,24.79,49.36,91.7061,125.2435,10.1069,18.7923,32.3319,42.6243,5.1753,5.5347,6.7149,7.42,35.655105000000006,22.79433543132749,3.9302920354885105,True,20.968875,33.780249999999995,True,12.256784999999999,7.081679481648041,4.2881798136581155,True,6.296750000000003,13.454124999999998,True,5.328175,0.9559133387257687,2.1882998335271693,False,3.8725249999999987,6.390150000000002,True,-0.053786543783499785,True,True,True,True,True,"iddq_ua,leakage_ua,prop_delay_ns",63.4,True,124.43426,0.5213490104675294,True,42.662846,0.16576767785814073,True,7.1387815,0.011139455191294353,True,True,"[Module B - Iddq (standby current)] The strongest driver was delta_24h_iddq_ua (24.570), which pushed the predicted 168h value up by 52.09uA relative to baseline. [Module B - leakage current] The strongest driver was delta_24h_leakage_ua (8.685), which pushed the predicted 168h value up by 23.36uA relative to baseline. [Module A - leakage current] Flagged because 168h leakage current is 4.3sigma from its lot's mean (42.62uA vs lot mean 12.26uA); and 168h leakage current (42.62uA) falls outside the lot's normal IQR range [6.30, 13.45]uA. [Module A - Iddq (standby current)] Flagged because 168h Iddq (standby current) is 3.9sigma from its lot's mean (125.24uA vs lot mean 35.66uA); and 168h Iddq (standby current) (125.24uA) falls outside the lot's normal IQR range [20.97, 33.78]uA. [Module B - propagation delay] The strongest driver was Value_24h_prop_delay_ns (5.535), which pushed the predicted 168h value up by 1.56ns relative to baseline. [Module A - propagation delay] Flagged because 168h propagation delay (7.42ns) falls outside the lot's normal IQR range [3.87, 6.39]ns.","Iddq (standby current), leakage current, propagation delay"
C_00243,LOT_006,False,24.8379,25.2034,26.3356,26.9407,9.7838,10.1222,10.5226,10.362,4.9029,5.1172,4.9506,5.2448,35.655105000000006,22.79433543132749,-0.3823057279407816,False,20.968875,33.780249999999995,False,12.256784999999999,7.081679481648041,-0.26756153041242225,False,6.296750000000003,13.454124999999998,False,5.328175,0.9559133387257687,-0.08722024960038634,False,3.8725249999999987,6.390150000000002,False,0.2680491907342534,False,False,False,False,False,,14.8,False,26.161222,0.006651544846428776,False,10.610256,0.003389279132419166,False,5.167496,0.00034927919705708536,False,False,No issues detected.,
C_00244,LOT_006,False,25.3475,25.8412,25.5772,26.1176,10.0725,10.1435,10.5719,10.9553,4.8208,4.9606,4.9659,5.0871,35.655105000000006,22.79433543132749,-0.4184155764809926,False,20.968875,33.780249999999995,False,12.256784999999999,7.081679481648041,-0.18378196914626801,False,6.296750000000003,13.454124999999998,False,5.328175,0.9559133387257687,-0.2521933633872629,False,3.8725249999999987,6.390150000000002,False,0.25741308667629864,False,False,False,False,False,,15.6,False,26.95908,0.007763053766886389,False,10.623883,0.0033359947734408943,False,4.997355,0.00025524294641282586,False,False,No issues detected.,
C_00245,LOT_006,False,22.5679,22.2168,23.8155,24.7245,8.3818,8.5085,8.5892,8.7966,5.0576,5.2407,5.3003,5.3776,35.655105000000006,22.79433543132749,-0.47953163771458257,False,20.968875,33.780249999999995,False,12.256784999999999,7.081679481648041,-0.48861078914499934,False,6.296750000000003,13.454124999999998,False,5.328175,0.9559133387257687,0.05170447779908976,False,3.8725249999999987,6.390150000000002,False,0.17566887551806343,False,False,False,False,False,,20.3,False,23.199654,0.006825372399224181,False,8.937387,0.0029783851835462802,False,5.3999653,0.0011060089323255726,False,False,No issues detected.,
C_00246,LOT_006,False,26.2599,26.9738,26.8353,27.2582,9.7363,10.0524,10.2085,10.3212,4.7166,4.9319,4.8598,5.1147,35.655105000000006,22.79433543132749,-0.3683768287650837,False,20.968875,33.780249999999995,False,12.256784999999999,7.081679481648041,-0.2733228755997797,False,6.296750000000003,13.454124999999998,False,5.328175,0.9559133387257687,-0.22332045317472166,False,3.8725249999999987,6.390150000000002,False,0.2624120901120261,False,False,False,False,False,,14.9,False,27.934702,0.006672929996914329,False,10.582832,0.0036835578918457002,False,5.029731,0.0006793805334303133,False,False,No issues detected.,
C_00247,LOT_006,False,25.5925,25.609,27.2841,28.6632,8.7993,8.9417,9.0349,8.9389,5.0529,4.8103,4.89,5.0555,35.655105000000006,22.79433543132749,-0.3067387080033337,False,20.968875,33.780249999999995,False,12.256784999999999,7.081679481648041,-0.46851668570968197,False,6.296750000000003,13.454124999999998,False,5.328175,0.9559133387257687,-0.2852507533407526,False,3.8725249999999987,6.390150000000002,False,0.2712516372094037,False,False,False,False,False,,15.3,False,26.937529,0.009225893126593684,False,9.318289,0.002615200021531841,False,5.022156,0.001471220567491321,False,False,No issues detected.,
C_00248,LOT_006,False,24.11,24.0703,25.1846,25.2965,9.9179,9.976,10.1106,10.5279,4.7211,4.6292,4.7019,4.888,35.655105000000006,22.79433543132749,-0.4544376839240337,False,20.968875,33.780249999999995,False,12.256784999999999,7.081679481648041,-0.24413488417265305,False,6.296750000000003,13.454124999999998,False,5.328175,0.9559133387257687,-0.4604758424929531,False,3.8725249999999987,6.390150000000002,False,0.2545536442222676,False,False,False,False,False,,16.1,False,25.010464,0.006528914684719512,False,10.391645,0.0028864266077677347,False,4.7822256,0.0010626778390672473,False,False,No issues detected.,
C_00249,LOT_006,True,27.3221,39.1141,58.5932,76.2947,8.5756,13.9778,21.9469,28.0654,4.6204,5.4322,6.6275,7.4122,35.655105000000006,22.79433543132749,1.7828813269171604,False,20.968875,33.780249999999995,True,12.256784999999999,7.081679481648041,2.2323256850253603,False,6.296750000000003,13.454124999999998,True,5.328175,0.9559133387257687,2.1801400980323207,False,3.8725249999999987,6.390150000000002,True,0.03612574519040368,False,True,True,True,True,"iddq_ua,leakage_ua,prop_delay_ns",41.8,True,76.0606,0.2565729186164008,True,28.137936,0.09833427526685927,True,7.416284,0.013778361696667142,True,True,"[Module B - Iddq (standby current)] The strongest driver was delta_24h_iddq_ua (11.792), which pushed the predicted 168h value up by 26.71uA relative to baseline. [Module B - leakage current] The strongest driver was delta_24h_leakage_ua (5.402), which pushed the predicted 168h value up by 12.22uA relative to baseline. [Module B - propagation delay] The strongest driver was Value_24h_prop_delay_ns (5.432), which pushed the predicted 168h value up by 1.63ns relative to baseline. [Module A - Iddq (standby current)] Flagged because 168h Iddq (standby current) (76.29uA) falls outside the lot's normal IQR range [20.97, 33.78]uA. [Module A - leakage current] Flagged because 168h leakage current (28.07uA) falls outside the lot's normal IQR range [6.30, 13.45]uA. [Module A - propagation delay] Flagged because 168h propagation delay (7.41ns) falls outside the lot's normal IQR range [3.87, 6.39]ns.","Iddq (standby current), leakage current, propagation delay"
C_00250,LOT_006,False,25.1353,24.8782,26.2785,27.1351,7.9067,7.8279,8.0246,8.0095,4.7942,4.6536,4.8601,4.895,35.655105000000006,22.79433543132749,-0.3737772932958818,False,20.968875,33.780249999999995,False,12.256784999999999,7.081679481648041,-0.599756740051101,False,6.296750000000003,13.454124999999998,False,5.328175,0.9559133387257687,-0.45315300294629435,False,3.8725249999999987,6.390150000000002,False,0.2173076813641454,False,False,False,False,False,,19.1,False,26.04652,0.008113334952460397,False,8.214943,0.0026877981397840736,False,4.857996,0.0014194165759616431,False,False,No issues detected.,
C_00251,LOT_006,False,23.8798,24.4445,24.5731,25.3755,9.6629,9.7608,9.9001,10.1067,4.2046,4.2548,4.3253,4.2137,35.655105000000006,22.79433543132749,-0.4509719105858287,False,20.968875,33.780249999999995,False,12.256784999999999,7.081679481648041,-0.30361230066566547,False,6.296750000000003,13.454124999999998,False,5.328175,0.9559133387257687,-1.165874514823272,False,3.8725249999999987,6.390150000000002,False,0.20285621847263752,False,False,False,False,False,,24.6,False,25.204996,0.0052812229792276915,False,10.157693,0.0027562007586161316,False,4.317853,0.00043786787456936055,False,False,No issues detected.,
C_00252,LOT_006,False,25.7947,26.2166,27.0236,27.0155,10.0924,10.1058,10.8935,11.0528,4.4847,4.3662,4.481,4.6465,35.655105000000006,22.79433543132749,-0.37902421090663296,False,20.968875,33.780249999999995,False,12.256784999999999,7.081679481648041,-0.17001404866177441,False,6.296750000000003,13.454124999999998,False,5.328175,0.9559133387257687,-0.7131138068526925,False,3.8725249999999987,6.390150000000002,False,0.19783383510492197,False,False,False,False,False,,21.1,False,27.000092,0.0054409135606553844,False,10.623883,0.003597800328996444,False,4.6676373,0.002093314917882283,False,False,No issues detected.,
C_00253,LOT_006,False,26.3004,26.5521,28.3498,28.6532,8.5946,8.5137,8.5002,9.0155,4.9219,5.0345,5.0336,5.2232,35.655105000000006,22.79433543132749,-0.30717741348918254,False,20.968875,33.780249999999995,False,12.256784999999999,7.081679481648041,-0.45770004253930047,False,6.296750000000003,13.454124999999998,False,5.328175,0.9559133387257687,-0.10981644020150524,False,3.8725249999999987,6.390150000000002,False,0.25031335963299667,False,False,False,False,False,,16.3,False,27.507483,0.006634600893656417,False,8.937387,0.0029422740724351667,False,5.113774,0.0005505126582251626,False,False,No issues detected.,
C_00254,LOT_006,False,24.429,25.786,26.2631,26.4325,8.7292,8.7737,9.0,9.1387,4.923,4.9853,5.0501,5.1146,35.655105000000006,22.79433543132749,-0.4046007407316153,False,20.968875,33.780249999999995,False,12.256784999999999,7.081679481648041,-0.44030303942453514,False,6.296750000000003,13.454124999999998,False,5.328175,0.9559133387257687,-0.22342506516824512,False,3.8725249999999987,6.390150000000002,False,0.29102444180784826,False,False,False,False,False,,14.1,False,26.541805,0.005248647689819326,False,9.056485,0.0019637859450446246,False,5.0464125,0.0004243921385871066,False,False,No issues detected.,
C_00255,LOT_006,False,25.0154,25.7609,25.5027,26.8315,8.8679,8.777,9.0018,9.1355,5.2923,5.0437,5.361,5.5392,35.655105000000006,22.79433543132749,-0.38709639184625005,False,20.968875,33.780249999999995,False,12.256784999999999,7.081679481648041,-0.4407549096353082,False,6.296750000000003,13.454124999999998,False,5.328175,0.9559133387257687,0.22075745933339136,False,3.8725249999999987,6.390150000000002,False,0.2586184812910987,False,False,False,False,False,,15.7,False,26.779917,0.007076505300733782,False,9.078565,0.0020941989156935004,False,5.1867614,0.0009934818002912712,False,False,No issues detected.,
C_00256,LOT_006,False,24.4706,26.3013,27.7926,28.2401,9.9405,9.5313,10.1754,10.3824,4.1223,4.2782,4.3357,4.2022,35.655105000000006,22.79433543132749,-0.3253003371095944,False,20.968875,33.780249999999995,False,12.256784999999999,7.081679481648041,-0.2646808578187435,False,6.296750000000003,13.454124999999998,False,5.328175,0.9559133387257687,-1.1779048940784975,False,3.8725249999999987,6.390150000000002,False,0.1834389298189168,False,False,False,False,False,,25.6,False,27.454557,0.008008732075161396,False,10.089433,0.003875921641455757,False,4.223804,-0.0003777500205569797,False,False,No issues detected.,
C_00257,LOT_006,False,25.5848,26.4123,26.6831,27.5565,9.0721,9.4855,9.7185,9.8769,4.7275,4.8431,4.8522,4.8543,35.655105000000006,22.79433543132749,-0.3552902441222153,False,20.968875,33.780249999999995,False,12.256784999999999,7.081679481648041,-0.3360622301768105,False,6.296750000000003,13.454124999999998,False,5.328175,0.9559133387257687,-0.49573008431044013,False,3.8725249999999987,6.390150000000002,False,0.2879133975315312,False,False,False,False,False,,14.7,False,27.235819,0.00571888099246556,False,9.761764,0.0019184970325893823,False,4.906943,0.0004433530860477042,False,False,No issues detected.,
C_00258,LOT_006,False,23.4641,25.3889,25.9132,26.0209,8.8747,9.0564,8.9258,9.4405,4.55,4.752,4.7582,4.9599,35.655105000000006,22.79433543132749,-0.42265785852915,False,20.968875,33.780249999999995,False,12.256784999999999,7.081679481648041,-0.39768603017099496,False,6.296750000000003,13.454124999999998,False,5.328175,0.9559133387257687,-0.38525981914941143,False,3.8725249999999987,6.390150000000002,False,0.2741817133192374,False,False,False,False,False,,14.8,False,26.302307,0.006343105061848962,False,9.340368,0.001972001881069607,False,4.8302846,0.000543643024232654,False,False,No issues detected.,
C_00259,LOT_006,False,23.5904,23.9052,24.2391,25.6452,8.845,9.2134,9.2965,9.3302,3.8076,3.9364,4.0043,4.0073,35.655105000000006,22.79433543132749,-0.4391400236324878,False,20.968875,33.780249999999995,False,12.256784999999999,7.081679481648041,-0.41326143149858113,False,6.296750000000003,13.454124999999998,False,5.328175,0.9559133387257687,-1.3817936694561923,False,3.8725249999999987,6.390150000000002,False,0.129400632855592,False,False,False,False,False,,30.0,False,24.70099,0.005526324144999182,False,9.421743,0.0014468291176689993,False,3.9842598,0.0003323600265714864,False,False,No issues detected.,
C_00260,LOT_006,False,21.7248,21.669,23.2035,24.2465,9.373,10.118,9.7885,9.9772,4.8907,4.936,4.7416,5.0574,35.655105000000006,22.79433543132749,-0.5005017599381529,False,20.968875,33.780249999999995,False,12.256784999999999,7.081679481648041,-0.3218989232578903,False,6.296750000000003,13.454124999999998,False,5.328175,0.9559133387257687,-0.2832631254638023,False,3.8725249999999987,6.390150000000002,False,0.19166882578965405,False,False,False,False,False,,19.6,False,22.775192,0.007681890699598521,False,10.689847,0.003971159670088024,False,5.036367,0.0006969926357269291,False,False,No issues detected.,
C_00261,LOT_006,False,23.9297,24.6716,25.34,24.9018,9.832,10.0766,9.8305,10.1021,4.9353,4.5911,5.1985,5.0462,35.655105000000006,22.79433543132749,-0.47175338945048406,False,20.968875,33.780249999999995,False,12.256784999999999,7.081679481648041,-0.3042618640936518,False,6.296750000000003,13.454124999999998,False,5.328175,0.9559133387257687,-0.29497966873845743,False,3.8725249999999987,6.390150000000002,False,0.24638678398546543,False,False,False,False,False,,16.6,False,25.412935,0.005148161506652821,False,10.638942,0.003905151144663499,False,4.8031664,0.001472683260175917,False,False,No issues detected.,
C_00262,LOT_006,False,27.2626,28.5374,28.2711,28.8987,10.0663,10.6267,10.4659,10.6664,4.8569,4.779,4.8897,5.0143,35.655105000000006,22.79433543132749,-0.29640719381159547,False,20.968875,33.780249999999995,False,12.256784999999999,7.081679481648041,-0.22457737661262903,False,6.296750000000003,13.454124999999998,False,5.328175,0.9559133387257687,-0.32835089467251755,False,3.8725249999999987,6.390150000000002,False,0.19740464915450673,False,False,False,False,False,,17.9,False,29.06121,0.0036375738355848408,False,11.049682,0.002937372663286,False,4.9181147,0.0009660740428500711,False,False,No issues detected.,
C_00263,LOT_006,True,24.4032,42.6124,72.5756,96.8662,9.932,16.0502,24.906,31.436,5.0231,5.6007,6.365,7.0662,35.655105000000006,22.79433543132749,2.6853643171309254,False,20.968875,33.780249999999995,True,12.256784999999999,7.081679481648041,2.708286226410325,False,6.296750000000003,13.454124999999998,True,5.328175,0.9559133387257687,1.8181826004403137,False,3.8725249999999987,6.390150000000002,True,0.020599897570430903,False,True,True,True,True,"iddq_ua,leakage_ua,prop_delay_ns",46.5,True,96.66822,0.3753876425001356,True,31.98424,0.11065305262671576,True,7.189126,0.011030736213260228,True,True,"[Module B - Iddq (standby current)] The strongest driver was delta_24h_iddq_ua (18.209), which pushed the predicted 168h value up by 42.55uA relative to baseline. [Module B - leakage current] The strongest driver was delta_24h_leakage_ua (6.118), which pushed the predicted 168h value up by 13.30uA relative to baseline. [Module B - propagation delay] The strongest driver was Value_24h_prop_delay_ns (5.601), which pushed the predicted 168h value up by 1.56ns relative to baseline. [Module A - Iddq (standby current)] Flagged because 168h Iddq (standby current) (96.87uA) falls outside the lot's normal IQR range [20.97, 33.78]uA. [Module A - leakage current] Flagged because 168h leakage current (31.44uA) falls outside the lot's normal IQR range [6.30, 13.45]uA. [Module A - propagation delay] Flagged because 168h propagation delay (7.07ns) falls outside the lot's normal IQR range [3.87, 6.39]ns.","Iddq (standby current), leakage current, propagation delay"
C_00264,LOT_006,True,25.8844,38.0964,59.2462,75.8253,9.3713,12.6906,18.3037,22.6005,4.2808,4.9902,5.8686,6.6622,35.655105000000006,22.79433543132749,1.7622884914114196,False,20.968875,33.780249999999995,True,12.256784999999999,7.081679481648041,1.460630211633473,False,6.296750000000003,13.454124999999998,True,5.328175,0.9559133387257687,1.3955501466045594,False,3.8725249999999987,6.390150000000002,True,0.05284082938930856,False,True,True,True,True,"iddq_ua,leakage_ua,prop_delay_ns",37.0,True,74.731964,0.25441363966200087,True,21.810776,0.06333455386691624,True,6.638644,0.011447529294755725,True,True,"[Module B - Iddq (standby current)] The strongest driver was delta_24h_iddq_ua (12.212), which pushed the predicted 168h value up by 26.93uA relative to baseline. [Module B - leakage current] The strongest driver was delta_24h_leakage_ua (3.319), which pushed the predicted 168h value up by 6.71uA relative to baseline. [Module B - propagation delay] The strongest driver was Value_24h_prop_delay_ns (4.990), which pushed the predicted 168h value up by 0.91ns relative to baseline. [Module A - Iddq (standby current)] Flagged because 168h Iddq (standby current) (75.83uA) falls outside the lot's normal IQR range [20.97, 33.78]uA. [Module A - leakage current] Flagged because 168h leakage current (22.60uA) falls outside the lot's normal IQR range [6.30, 13.45]uA. [Module A - propagation delay] Flagged because 168h propagation delay (6.66ns) falls outside the lot's normal IQR range [3.87, 6.39]ns.","Iddq (standby current), leakage current, propagation delay"
C_00265,LOT_006,False,25.5071,26.3204,27.1416,27.8122,8.8528,8.7674,9.0257,8.8184,5.0694,5.161,5.1472,5.1441,35.655105000000006,22.79433543132749,-0.34407254484906263,False,20.968875,33.780249999999995,False,12.256784999999999,7.081679481648041,-0.48553242333410734,False,6.296750000000003,13.454124999999998,False,5.328175,0.9559133387257687,-0.19256452707875354,False,3.8725249999999987,6.390150000000002,False,0.27153909564302375,False,False,False,False,False,,15.5,False,27.235819,0.006357075436909998,False,9.078565,0.0021608655823601598,False,5.2681327,0.0007439769903818795,False,False,No issues detected.,
C_00266,LOT_006,False,27.2111,26.7679,28.9152,29.4075,9.535,9.8398,10.3492,10.4249,4.3964,4.5585,4.4428,4.6756,35.655105000000006,22.79433543132749,-0.27408585869161095,False,20.968875,33.780249999999995,False,12.256784999999999,7.081679481648041,-0.25867945658191316,False,6.296750000000003,13.454124999999998,False,5.328175,0.9559133387257687,-0.6826717167372948,False,3.8725249999999987,6.390150000000002,False,0.20201035541758156,False,False,False,False,False,,20.6,False,27.495007,0.005049351119995111,False,10.28903,0.003119653299119735,False,4.724682,0.0011540406545003225,False,False,No issues detected.,
C_00267,LOT_006,True,26.5314,38.5242,59.5996,75.4987,9.0323,11.5005,15.754,18.6893,5.4971,6.3326,7.615,8.5046,35.655105000000006,22.79433543132749,1.7479603702435993,False,20.968875,33.780249999999995,True,12.256784999999999,7.081679481648041,0.9083318465160234,False,6.296750000000003,13.454124999999998,True,5.328175,0.9559133387257687,3.322921515285236,True,3.8725249999999987,6.390150000000002,True,0.015170563631243583,False,True,True,True,True,"iddq_ua,leakage_ua,prop_delay_ns",51.9,True,75.82875,0.2590593792385525,True,18.815096,0.05079580487145317,True,8.476436,0.014887747648027206,True,True,"[Module B - Iddq (standby current)] The strongest driver was delta_24h_iddq_ua (11.993), which pushed the predicted 168h value up by 27.01uA relative to baseline. [Module B - leakage current] The strongest driver was delta_24h_leakage_ua (2.468), which pushed the predicted 168h value up by 4.34uA relative to baseline. [Module A - propagation delay] Flagged because 168h propagation delay is 3.3sigma from its lot's mean (8.50ns vs lot mean 5.33ns); and 168h propagation delay (8.50ns) falls outside the lot's normal IQR range [3.87, 6.39]ns. [Module B - propagation delay] The strongest driver was Value_24h_prop_delay_ns (6.333), which pushed the predicted 168h value up by 2.19ns relative to baseline. [Module A - Iddq (standby current)] Flagged because 168h Iddq (standby current) (75.50uA) falls outside the lot's normal IQR range [20.97, 33.78]uA. [Module A - leakage current] Flagged because 168h leakage current (18.69uA) falls outside the lot's normal IQR range [6.30, 13.45]uA.","Iddq (standby current), leakage current, propagation delay"
C_00268,LOT_006,False,24.5137,25.0642,25.3397,26.7011,9.0712,9.2349,9.4126,9.5341,5.2911,5.2599,5.4071,5.444,35.655105000000006,22.79433543132749,-0.39281711138171777,False,20.968875,33.780249999999995,False,12.256784999999999,7.081679481648041,-0.3844688265058811,False,6.296750000000003,13.454124999999998,False,5.328175,0.9559133387257687,0.12116684149882734,False,3.8725249999999987,6.390150000000002,False,0.2502091436362705,False,False,False,False,False,,15.8,False,25.86962,0.005593190066019697,False,9.561522,0.0022682050704956077,False,5.412417,0.0010591453817155624,False,False,No issues detected.,
C_00269,LOT_006,False,23.406,23.5351,23.824,24.3735,9.1424,9.6544,10.0794,9.5424,4.487,4.5535,4.6032,4.8139,35.655105000000006,22.79433543132749,-0.4949302002678738,False,20.968875,33.780249999999995,False,12.256784999999999,7.081679481648041,-0.38329678814668827,False,6.296750000000003,13.454124999999998,False,5.328175,0.9559133387257687,-0.5379933296940155,False,3.8725249999999987,6.390150000000002,False,0.23611047946026326,False,False,False,False,False,,17.7,False,24.60728,0.007445699522230361,False,9.949124,0.002046696779463021,False,4.745979,0.0013366585572560652,False,False,No issues detected.,
C_00270,LOT_006,True,27.8091,34.5189,53.2089,65.608,9.571,11.0702,15.1882,17.1609,4.868,5.5368,6.162,7.0899,35.655105000000006,22.79433543132749,1.3140499353551722,False,20.968875,33.780249999999995,True,12.256784999999999,7.081679481648041,0.6925073370955109,False,6.296750000000003,13.454124999999998,True,5.328175,0.9559133387257687,1.8429756429054307,False,3.8725249999999987,6.390150000000002,True,0.06696693130759535,False,True,True,True,True,"iddq_ua,leakage_ua,prop_delay_ns",37.0,True,63.127293,0.19866939328511554,True,16.566555,0.03816913210550944,True,7.159065,0.011265727567672726,True,True,"[Module B - Iddq (standby current)] The strongest driver was delta_24h_iddq_ua (6.710), which pushed the predicted 168h value up by 16.58uA relative to baseline. [Module B - leakage current] The strongest driver was delta_24h_leakage_ua (1.499), which pushed the predicted 168h value up by 3.09uA relative to baseline. [Module B - propagation delay] The strongest driver was Value_24h_prop_delay_ns (5.537), which pushed the predicted 168h value up by 1.55ns relative to baseline. [Module A - Iddq (standby current)] Flagged because 168h Iddq (standby current) (65.61uA) falls outside the lot's normal IQR range [20.97, 33.78]uA. [Module A - leakage current] Flagged because 168h leakage current (17.16uA) falls outside the lot's normal IQR range [6.30, 13.45]uA. [Module A - propagation delay] Flagged because 168h propagation delay (7.09ns) falls outside the lot's normal IQR range [3.87, 6.39]ns.","Iddq (standby current), leakage current, propagation delay"
C_00271,LOT_006,False,25.1427,25.6464,26.9602,28.6302,8.6631,8.7623,8.7594,9.1318,4.7821,4.726,4.8328,5.0845,35.655105000000006,22.79433543132749,-0.30818643610663465,False,20.968875,33.780249999999995,False,12.256784999999999,7.081679481648041,-0.44127738456651466,False,6.296750000000003,13.454124999999998,False,5.328175,0.9559133387257687,-0.2549132752188793,False,3.8725249999999987,6.390150000000002,False,0.2782284780934778,False,False,False,False,False,,14.8,False,26.95908,0.009115831544664173,False,9.056485,0.0020429526117112917,False,4.9039207,0.0012355600727929012,False,False,No issues detected.,
C_00272,LOT_006,False,24.2511,24.2104,24.304,24.3875,9.1733,9.2066,9.4076,9.7242,4.764,4.9692,5.0224,5.1752,35.655105000000006,22.79433543132749,-0.4943160125876856,False,20.968875,33.780249999999995,False,12.256784999999999,7.081679481648041,-0.35762491179714034,False,6.296750000000003,13.454124999999998,False,5.328175,0.9559133387257687,-0.16003019709288202,False,3.8725249999999987,6.390150000000002,False,0.2708341395186731,False,False,False,False,False,,15.6,False,25.010464,0.0055559980180528434,False,9.549265,0.0023796174155341263,False,5.0169697,0.00033173389434814563,False,False,No issues detected.,
C_00273,LOT_006,False,25.4754,25.9309,27.8898,27.3094,7.2666,7.5966,7.9138,7.7794,4.9676,5.1593,5.29,5.1304,35.655105000000006,22.79433543132749,-0.366130656677538,False,20.968875,33.780249999999995,False,12.256784999999999,7.081679481648041,-0.6322490323945058,False,6.296750000000003,13.454124999999998,False,5.328175,0.9559133387257687,-0.2068963701915007,False,3.8725249999999987,6.390150000000002,False,0.17613289104897167,False,False,False,False,False,,21.5,False,26.962284,0.007162389500935864,False,7.821878,0.0015644302527109812,False,5.122957,-0.0002523803499009874,False,False,No issues detected.,
C_00274,LOT_006,False,25.3013,26.1315,26.1582,27.5262,8.7568,9.3312,9.7325,9.827,5.3067,5.5717,5.5374,5.684,35.655105000000006,22.79433543132749,-0.3566195217443371,False,20.968875,33.780249999999995,False,12.256784999999999,7.081679481648041,-0.34310858127605376,False,6.296750000000003,13.454124999999998,False,5.328175,0.9559133387257687,0.3722356259557112,False,3.8725249999999987,6.390150000000002,False,0.21833146343874493,False,False,False,False,False,,17.2,False,26.879725,0.005196003490024149,False,9.620094,0.002006210411919482,False,5.65908,0.0006068057537078867,False,False,No issues detected.,
C_00275,LOT_006,False,25.7148,26.7913,26.6454,27.0183,9.489,9.4813,10.3171,10.0896,4.9142,4.975,5.0372,4.8973,35.655105000000006,22.79433543132749,-0.37890137337059526,False,20.968875,33.780249999999995,False,12.256784999999999,7.081679481648041,-0.3060269821044842,False,6.296750000000003,13.454124999999998,False,5.328175,0.9559133387257687,-0.45074692709524833,False,3.8725249999999987,6.390150000000002,False,0.28452074456812837,False,False,False,False,False,,14.5,False,27.697699,0.006294434674580894,False,9.914086,0.003005460707346604,False,5.0464125,0.0004959199163648842,False,False,No issues detected.,
C_00276,LOT_006,False,23.1566,23.276,25.8688,26.2879,8.5685,8.6119,8.2807,9.1667,4.5877,4.7061,4.512,4.6187,35.655105000000006,22.79433543132749,-0.4109444220569883,False,20.968875,33.780249999999995,False,12.256784999999999,7.081679481648041,-0.43634917508027027,False,6.296750000000003,13.454124999999998,False,5.328175,0.9559133387257687,-0.7421959410522816,False,3.8725249999999987,6.390150000000002,False,0.22307266040021018,False,False,False,False,False,,20.0,False,24.266645,0.006879482163323298,False,9.056485,0.0030873970561557324,False,4.8029356,0.0006724694463941775,False,False,No issues detected.,
C_00277,LOT_006,False,24.5301,26.0337,25.9686,26.42,9.11,9.2094,9.0447,9.4968,4.6899,4.7886,4.889,4.9972,35.655105000000006,22.79433543132749,-0.40514912258892616,False,20.968875,33.780249999999995,False,12.256784999999999,7.081679481648041,-0.3897359386502053,False,6.296750000000003,13.454124999999998,False,5.328175,0.9559133387257687,-0.34623954556507064,False,3.8725249999999987,6.390150000000002,False,0.2970533611063724,False,False,False,False,False,,13.5,False,26.459183,0.002954741244845923,False,9.561522,0.0024452884038289355,False,4.942477,0.0010685918490091978,False,False,No issues detected.,
C_00278,LOT_006,False,26.2177,26.1595,28.3332,28.9764,9.1405,9.4854,9.8448,10.5661,5.2253,5.3293,5.1318,5.3996,35.655105000000006,22.79433543132749,-0.29299845218655063,False,20.968875,33.780249999999995,False,12.256784999999999,7.081679481648041,-0.23874068353154893,False,6.296750000000003,13.454124999999998,False,5.328175,0.9559133387257687,0.07471911637430434,False,3.8725249999999987,6.390150000000002,False,0.23416326551180766,False,False,False,False,False,,15.7,False,26.982542,0.005715569708082402,False,9.845954,0.0025038468148973233,False,5.3952665,0.0004581009229024256,False,False,No issues detected.,
C_00279,LOT_006,False,24.5543,25.0888,25.5039,28.0459,8.7799,8.8823,8.7568,9.1065,4.6294,4.8335,4.8998,4.5785,35.655105000000006,22.79433543132749,-0.3338199976447773,False,20.968875,33.780249999999995,False,12.256784999999999,7.081679481648041,-0.44484998342043963,False,6.296750000000003,13.454124999999998,False,5.328175,0.9559133387257687,-0.7842499624488092,False,3.8725249999999987,6.390150000000002,False,0.2682969870197121,False,False,False,False,False,,18.1,False,26.063272,0.006767169973585347,False,9.177842,0.002052375973595508,False,4.7990074,-0.00023953183492024676,False,False,No issues detected.,
C_00280,LOT_006,False,25.6557,27.279,27.8182,26.9302,8.4373,8.7336,8.9133,9.4784,4.7668,4.6922,4.8044,4.582,35.655105000000006,22.79433543132749,-0.38276636870092284,False,20.968875,33.780249999999995,False,12.256784999999999,7.081679481648041,-0.3923341923621507,False,6.296750000000003,13.454124999999998,False,5.328175,0.9559133387257687,-0.7805885426754797,False,3.8725249999999987,6.390150000000002,False,0.2472836206248239,False,False,False,False,False,,19.1,False,27.532383,0.0017596039242214632,False,9.101963,0.0025580766889784132,False,4.8356647,0.0009962829801771396,False,False,No issues detected.,
C_00281,LOT_007,False,25.197,25.2839,24.9259,25.5642,8.7771,8.899,9.2311,8.9548,5.3791,5.4186,5.2904,5.6504,26.7143175,5.059430360805428,-0.22732153977447161,False,19.927949999999996,32.038075000000006,False,9.782340000000001,2.561633411471913,-0.32305168893174957,False,6.756524999999996,11.743650000000004,False,5.278067500000001,0.4836700556813709,0.7698068045074152,False,3.8360250000000002,6.63515,False,0.33396291929124,False,False,False,False,False,,14.7,False,26.66407,0.009584514787462028,False,9.174388,0.0019124161932203565,False,5.6036325,0.001284947570165001,False,False,No issues detected.,
C_00282,LOT_007,False,25.4194,25.4096,26.6038,26.0678,9.211,9.2128,9.6807,9.7322,5.4803,5.4308,5.4443,5.5102,26.7143175,5.059430360805428,-0.1277846425179534,False,19.927949999999996,32.038075000000006,False,9.782340000000001,2.561633411471913,-0.019573448634553188,False,6.756524999999996,11.743650000000004,False,5.278067500000001,0.4836700556813709,0.47993977975953594,False,3.8360250000000002,6.63515,False,0.32205308513945197,False,False,False,False,False,,12.9,False,26.703363,0.008984468184577087,False,9.545811,0.0023125743018256317,False,5.6080513,0.0012309118058946424,False,False,No issues detected.,
C_00283,LOT_007,False,24.238,24.7335,25.8609,25.4922,8.4965,8.4372,8.8938,8.6644,4.9334,4.7706,4.8697,5.1416,26.7143175,5.059430360805428,-0.2415523908516544,False,19.927949999999996,32.038075000000006,False,9.782340000000001,2.561633411471913,-0.4364168561330691,False,6.756524999999996,11.743650000000004,False,5.278067500000001,0.4836700556813709,-0.28214998715963796,False,3.8360250000000002,6.63515,False,0.3169388533817643,False,False,False,False,False,,12.8,False,25.570719,0.005814019203186039,False,8.831263,0.002736545753478999,False,5.010674,0.0016671805540720624,False,False,No issues detected.,
C_00284,LOT_007,True,24.8449,30.7731,37.048,41.5184,8.4606,13.1466,19.4268,23.4895,5.0845,5.3496,5.9589,6.4931,26.7143175,5.059430360805428,2.926037408219863,False,19.927949999999996,32.038075000000006,True,9.782340000000001,2.561633411471913,5.350945197159914,True,6.756524999999996,11.743650000000004,True,5.278067500000001,0.4836700556813709,2.512110240705972,False,3.8360250000000002,6.63515,False,0.0020928388930555597,False,True,True,False,True,"iddq_ua,leakage_ua",69.5,True,43.41548,0.08779431644015842,True,23.570028,0.07238491878509522,True,6.09435,0.005171874035729305,True,True,"[Module B - leakage current] The strongest driver was delta_24h_leakage_ua (4.686), which pushed the predicted 168h value up by 10.12uA relative to baseline. [Module B - Iddq (standby current)] The strongest driver was pct_change_24h_iddq_ua (0.239), which pushed the predicted 168h value up by 7.29uA relative to baseline. [Module A - leakage current] Flagged because 168h leakage current is 5.4sigma from its lot's mean (23.49uA vs lot mean 9.78uA); and 168h leakage current (23.49uA) falls outside the lot's normal IQR range [6.76, 11.74]uA. [Module B - propagation delay] The strongest driver was Value_24h_prop_delay_ns (5.350), which pushed the predicted 168h value up by 0.92ns relative to baseline. [Module A - Iddq (standby current)] Flagged because 168h Iddq (standby current) (41.52uA) falls outside the lot's normal IQR range [19.93, 32.04]uA.","Iddq (standby current), leakage current, propagation delay"
C_00285,LOT_007,False,22.1339,21.6463,22.6319,22.1968,8.9568,9.4635,10.1014,10.3227,5.232,5.29,5.5465,5.43,26.7143175,5.059430360805428,-0.8928905386259415,False,19.927949999999996,32.038075000000006,False,9.782340000000001,2.561633411471913,0.21094353219319834,False,6.756524999999996,11.743650000000004,False,5.278067500000001,0.4836700556813709,0.3141242634629593,False,3.8360250000000002,6.63515,False,0.22631178061798085,False,False,False,False,False,,21.1,False,22.825817,0.008191091028849283,False,9.638718,0.0012167892456054702,False,5.406857,0.0008115070395999483,False,False,No issues detected.,
C_00286,LOT_007,False,24.5045,25.269,23.7017,24.5815,8.1185,8.3113,8.1324,8.5282,5.4631,5.3622,5.4464,5.6016,26.7143175,5.059430360805428,-0.42155289190707845,False,19.927949999999996,32.038075000000006,False,9.782340000000001,2.561633411471913,-0.4895860564526964,False,6.756524999999996,11.743650000000004,False,5.278067500000001,0.4836700556813709,0.6689115776336886,False,3.8360250000000002,6.63515,False,0.2722551579253775,False,False,False,False,False,,17.0,False,25.995495,0.0050451030731201284,False,8.710343,0.002771134450700553,False,5.5079355,0.0010120522499084499,False,False,No issues detected.,
C_00287,LOT_007,False,24.2923,24.4421,25.5224,25.4041,8.835,8.5229,8.8454,8.9992,5.1926,5.2422,5.2705,5.5485,26.7143175,5.059430360805428,-0.2589654183502631,False,19.927949999999996,32.038075000000006,False,9.782340000000001,2.561633411471913,-0.30571899807865544,False,6.756524999999996,11.743650000000004,False,5.278067500000001,0.4836700556813709,0.5591259926542838,False,3.8360250000000002,6.63515,False,0.33719037876789004,False,False,False,False,False,,12.8,False,25.45108,0.007006807793511285,False,9.023464,0.0034761402977837464,False,5.43551,0.001342431656519569,False,False,No issues detected.,
C_00288,LOT_007,False,27.2447,27.1943,27.7537,27.3567,9.1955,9.5941,9.4956,9.5825,5.5514,5.6881,5.7216,5.7995,26.7143175,5.059430360805428,0.12696735683456212,False,19.927949999999996,32.038075000000006,False,9.782340000000001,2.561633411471913,-0.07801272387572969,False,6.756524999999996,11.743650000000004,False,5.278067500000001,0.4836700556813709,1.078074803008904,False,3.8360250000000002,6.63515,False,0.24559188756929667,False,False,False,False,False,,21.7,False,28.042162,0.005887930149502236,False,9.81929,0.0015638205634223147,False,5.7486978,0.00042081776195102005,False,False,No issues detected.,
C_00289,LOT_007,False,23.8911,24.7752,23.7821,24.207,9.2658,9.3719,9.688,10.2725,4.8254,4.8179,4.8251,4.8268,26.7143175,5.059430360805428,-0.49557308257936983,False,19.927949999999996,32.038075000000006,False,9.782340000000001,2.561633411471913,0.19134666100343914,False,6.756524999999996,11.743650000000004,False,5.278067500000001,0.4836700556813709,-0.9330069015008101,False,3.8360250000000002,6.63515,False,0.2993262234119042,False,False,False,False,False,,17.8,False,25.073774,0.002073432901170507,False,9.855397,0.0033576196140713156,False,4.938365,0.0008365623792012543,False,False,No issues detected.,
C_00290,LOT_007,True,25.9427,34.273,45.8045,52.0052,9.4545,11.5667,14.0272,16.3584,5.3806,5.8618,6.3594,7.0114,26.7143175,5.059430360805428,4.9987608676115585,True,19.927949999999996,32.038075000000006,True,9.782340000000001,2.561633411471913,2.567135473229715,False,6.756524999999996,11.743650000000004,True,5.278067500000001,0.4836700556813709,3.5837085212111486,True,3.8360250000000002,6.63515,True,-0.007420065166288015,True,True,True,True,True,"iddq_ua,leakage_ua,prop_delay_ns",67.0,True,55.42514,0.14688986375596785,True,17.33537,0.04006020215352376,True,6.078189,0.001502700667911108,False,True,"[Module B - Iddq (standby current)] The strongest driver was delta_24h_iddq_ua (8.330), which pushed the predicted 168h value up by 14.00uA relative to baseline. [Module A - Iddq (standby current)] Flagged because 168h Iddq (standby current) is 5.0sigma from its lot's mean (52.01uA vs lot mean 26.71uA); and 168h Iddq (standby current) (52.01uA) falls outside the lot's normal IQR range [19.93, 32.04]uA. [Module A - propagation delay] Flagged because 168h propagation delay is 3.6sigma from its lot's mean (7.01ns vs lot mean 5.28ns); and 168h propagation delay (7.01ns) falls outside the lot's normal IQR range [3.84, 6.64]ns. [Module B - leakage current] The strongest driver was delta_24h_leakage_ua (2.112), which pushed the predicted 168h value up by 3.26uA relative to baseline. [Module A - leakage current] Flagged because 168h leakage current (16.36uA) falls outside the lot's normal IQR range [6.76, 11.74]uA.","Iddq (standby current), leakage current, propagation delay"
C_00291,LOT_007,False,24.4135,24.9137,26.3659,25.7846,8.5606,8.557,8.8401,9.3978,5.5897,5.2518,5.6142,5.6206,26.7143175,5.059430360805428,-0.18375932342153908,False,19.927949999999996,32.038075000000006,False,9.782340000000001,2.561633411471913,-0.15011515632092132,False,6.756524999999996,11.743650000000004,False,5.278067500000001,0.4836700556813709,0.708194555309933,False,3.8360250000000002,6.63515,False,0.3113924099282803,False,False,False,False,False,,15.3,False,25.768957,0.005939285680982811,False,9.053031,0.0034446594980027914,False,5.469605,0.0015125345071156802,False,False,No issues detected.,
C_00292,LOT_007,False,25.5794,25.7378,26.3714,26.6638,8.899,9.5124,9.347,9.3089,5.2071,5.3585,5.2853,5.348,26.7143175,5.059430360805428,-0.00998481971238349,False,19.927949999999996,32.038075000000006,False,9.782340000000001,2.561633411471913,-0.18481957561912168,False,6.756524999999996,11.743650000000004,False,5.278067500000001,0.4836700556813709,0.14458720191284485,False,3.8360250000000002,6.63515,False,0.3378224777266646,False,False,False,False,False,,9.6,False,26.90621,0.008113957956102159,False,9.638718,0.0008772059122721387,False,5.439559,0.0005629096031188947,False,False,No issues detected.,
C_00293,LOT_007,False,25.6751,26.0041,25.996,26.8733,9.8238,9.8138,9.879,9.8705,5.4207,5.3895,5.3156,5.5704,26.7143175,5.059430360805428,0.03142300390803116,False,19.927949999999996,32.038075000000006,False,9.782340000000001,2.561633411471913,0.03441554111731459,False,6.756524999999996,11.743650000000004,False,5.278067500000001,0.4836700556813709,0.6044047932390105,False,3.8360250000000002,6.63515,False,0.28653235219524964,False,False,False,False,False,,15.7,False,26.894638,0.006184292093912753,False,10.377737,0.00391622948116726,False,5.5108223,0.0008425159454345706,False,False,No issues detected.,
C_00294,LOT_007,False,23.5357,23.8998,24.1904,24.1691,10.1017,10.3141,10.3902,10.4654,4.8007,4.8943,4.972,4.9568,26.7143175,5.059430360805428,-0.5030640444658315,False,19.927949999999996,32.038075000000006,False,9.782340000000001,2.561633411471913,0.2666501759935718,False,6.756524999999996,11.743650000000004,False,5.278067500000001,0.4836700556813709,-0.6642286331896529,False,3.8360250000000002,6.63515,False,0.21286895531197358,False,False,False,False,False,,19.9,False,24.681286,0.005426985126071513,False,10.587193,0.0018964759402804916,False,4.9925523,0.0006823075029585075,False,False,No issues detected.,
C_00295,LOT_007,False,27.078,27.497,28.5993,27.79,9.2175,9.3421,9.0848,9.5335,5.0159,4.979,5.1461,5.0889,26.7143175,5.059430360805428,0.2126094092198865,False,19.927949999999996,32.038075000000006,False,9.782340000000001,2.561633411471913,-0.09714114396135158,False,6.756524999999996,11.743650000000004,False,5.278067500000001,0.4836700556813709,-0.39110856208270084,False,3.8360250000000002,6.63515,False,0.29242057688214196,False,False,False,False,False,,13.6,False,28.656801,0.008054175164964464,False,9.742771,0.0027824385325113912,False,5.1276383,0.0010322106944190125,False,False,No issues detected.,
C_00296,LOT_007,False,25.9845,26.1178,26.3707,27.1398,8.6543,8.8168,9.0094,9.3451,4.9847,5.2319,5.2822,5.4745,26.7143175,5.059430360805428,0.0840969179645487,False,19.927949999999996,32.038075000000006,False,9.782340000000001,2.561633411471913,-0.17068796731096786,False,6.756524999999996,11.743650000000004,False,5.278067500000001,0.4836700556813709,0.40612913223100977,False,3.8360250000000002,6.63515,False,0.3322095258170992,False,False,False,False,False,,11.8,False,27.000835,0.006132190407647033,False,9.174388,0.0024832495265536794,False,5.498488,0.0018513052039676211,False,False,No issues detected.,
C_00297,LOT_007,False,25.8622,26.4275,26.8766,28.0817,7.76,8.071,8.2837,8.2489,4.0244,4.1112,4.1523,4.1317,26.7143175,5.059430360805428,0.27026412115341836,False,19.927949999999996,32.038075000000006,False,9.782340000000001,2.561633411471913,-0.598618050940742,False,6.756524999999996,11.743650000000004,False,5.278067500000001,0.4836700556813709,-2.3701436269091607,False,3.8360250000000002,6.63515,False,0.10141013991597736,False,False,False,False,False,,39.7,False,27.321587,0.006208934783935558,False,8.706556,0.004413585556877986,False,4.23088,0.0008311096085442424,False,False,No issues detected.,
C_00298,LOT_007,False,25.0016,24.3378,25.1467,25.0657,8.9959,9.1179,8.9315,9.4196,4.6379,4.7423,4.8413,4.9523,26.7143175,5.059430360805428,-0.3258504184130229,False,19.927949999999996,32.038075000000006,False,9.782340000000001,2.561633411471913,-0.14160496126241978,False,6.756524999999996,11.743650000000004,False,5.278067500000001,0.4836700556813709,-0.673532496323501,False,3.8360250000000002,6.63515,False,0.311590490304428,False,False,False,False,False,,15.0,False,25.245804,0.006305582173665354,False,9.462962,0.002396264934539791,False,4.9055376,0.0011335944811503079,False,False,No issues detected.,
C_00299,LOT_007,False,24.2405,24.8823,25.4294,26.347,7.7912,8.0038,8.2017,8.2275,5.1361,5.2108,5.2923,5.2579,26.7143175,5.059430360805428,-0.07260056445198786,False,19.927949999999996,32.038075000000006,False,9.782340000000001,2.561633411471913,-0.6069720956311981,False,6.756524999999996,11.743650000000004,False,5.278067500000001,0.4836700556813709,-0.04169681327819508,False,3.8360250000000002,6.63515,False,0.2726909426507788,False,False,False,False,False,,16.4,False,25.584618,0.004877205657958979,False,8.377366,0.0025942087915208603,False,5.4596276,0.0017279696411556676,False,False,No issues detected.,
C_00300,LOT_007,False,23.7708,24.7999,25.7052,26.0416,9.1999,9.3896,9.1451,9.4605,5.4539,5.6157,5.4917,5.5875,26.7143175,5.059430360805428,-0.13296309110437263,False,19.927949999999996,32.038075000000006,False,9.782340000000001,2.561633411471913,-0.12563858612972753,False,6.756524999999996,11.743650000000004,False,5.278067500000001,0.4836700556813709,0.6397594731476323,False,3.8360250000000002,6.63515,False,0.3133781785592597,False,False,False,False,False,,14.7,False,25.106283,0.0021276610268486807,False,9.742771,0.002452577421400284,False,5.586225,-0.00020468727217780468,False,False,No issues detected.,
C_00301,LOT_007,False,23.9047,23.7521,24.7714,24.8807,9.4169,9.6734,9.7175,9.7986,4.9292,4.9468,4.9214,4.9294,26.7143175,5.059430360805428,-0.36241579965300663,False,19.927949999999996,32.038075000000006,False,9.782340000000001,2.561633411471913,0.006347512461065249,False,6.756524999999996,11.743650000000004,False,5.278067500000001,0.4836700556813709,-0.7208788220490816,False,3.8360250000000002,6.63515,False,0.30313804446176806,False,False,False,False,False,,15.9,False,24.750484,0.006933225462171776,False,9.99734,0.002249584738413487,False,5.0268025,0.0005555731932322209,False,False,No issues detected.,
C_00302,LOT_007,False,24.601,25.2575,24.6274,24.8836,8.4046,8.3254,8.3425,8.8547,5.5332,5.0094,5.3161,5.2747,26.7143175,5.059430360805428,-0.36184261259573114,False,19.927949999999996,32.038075000000006,False,9.782340000000001,2.561633411471913,-0.36212831853523514,False,6.756524999999996,11.743650000000004,False,5.278067500000001,0.4836700556813709,-0.006962390911830259,False,3.8360250000000002,6.63515,False,0.30900667001584986,False,False,False,False,False,,12.6,False,26.02321,0.005317434204949271,False,8.759036,0.00301136155658298,False,5.2533517,0.0016941089471181213,False,False,No issues detected.,
C_00303,LOT_007,False,22.567,22.9031,23.892,24.8355,8.3252,8.5979,8.9139,8.769,5.0882,5.122,5.0058,5.2917,26.7143175,5.059430360805428,-0.37134961171812725,False,19.927949999999996,32.038075000000006,False,9.782340000000001,2.561633411471913,-0.3955835348890678,False,6.756524999999996,11.743650000000004,False,5.278067500000001,0.4836700556813709,0.028185536482704606,False,3.8360250000000002,6.63515,False,0.2882813667760855,False,False,False,False,False,,13.9,False,23.992908,0.007568114429050032,False,9.098509,0.003476450241936583,False,5.3462844,0.0015575304826100675,False,False,No issues detected.,
C_00304,LOT_007,False,23.3187,24.118,23.5516,24.907,9.5606,9.4651,10.1162,10.1184,4.5625,4.5561,4.6311,4.7829,26.7143175,5.059430360805428,-0.3572175859956469,False,19.927949999999996,32.038075000000006,False,9.782340000000001,2.561633411471913,0.13118973171375764,False,6.756524999999996,11.743650000000004,False,5.278067500000001,0.4836700556813709,-1.0237712551843485,False,3.8360250000000002,6.63515,False,0.22578311458531458,False,False,False,False,False,,22.2,False,24.664515,0.003795239872402625,False,9.949961,0.0033670882542928085,False,4.7602506,0.0014177122804853665,False,False,No issues detected.,
C_00305,LOT_007,False,26.2581,26.2031,25.5131,25.2244,9.1736,9.2323,9.3357,9.5627,5.0717,5.297,4.962,5.2525,26.7143175,5.059430360805428,-0.29448325083039895,False,19.927949999999996,32.038075000000006,False,9.782340000000001,2.561633411471913,-0.08574216709400148,False,6.756524999999996,11.743650000000004,False,5.278067500000001,0.4836700556813709,-0.052861449038812076,False,3.8360250000000002,6.63515,False,0.3217380456772063,False,False,False,False,False,,11.4,False,26.951502,0.005197235043843593,False,9.545811,0.00217715763515896,False,5.394186,0.0006749029159545919,False,False,No issues detected.,
C_00306,LOT_007,False,23.2297,24.4556,24.2026,24.2478,8.6406,8.8928,8.8459,8.6341,4.8295,4.9682,4.9429,4.9226,26.7143175,5.059430360805428,-0.48750893363563264,False,19.927949999999996,32.038075000000006,False,9.782340000000001,2.561633411471913,-0.44824524651254577,False,6.756524999999996,11.743650000000004,False,5.278067500000001,0.4836700556813709,-0.7349379930068962,False,3.8360250000000002,6.63515,False,0.3175861307673639,False,False,False,False,False,,15.2,False,24.842426,0.002686293750339081,False,9.103442,0.0014627930005391481,False,4.9911313,0.00015924517843458115,False,False,No issues detected.,
C_00307,LOT_007,False,24.3515,24.4545,25.9791,25.2428,8.4551,9.0902,9.2266,9.233,5.7097,5.5077,5.5106,5.4385,26.7143175,5.059430360805428,-0.29084647777734113,False,19.927949999999996,32.038075000000006,False,9.782340000000001,2.561633411471913,-0.21444910795582978,False,6.756524999999996,11.743650000000004,False,5.278067500000001,0.4836700556813709,0.33169822716022856,False,3.8360250000000002,6.63515,False,0.2960076901819982,False,False,False,False,False,,13.0,False,25.507202,0.007310431586371531,False,9.324573,0.0016275872442457454,False,5.6418266,0.0009314349280463338,False,False,No issues detected.,
C_00308,LOT_007,False,26.4568,27.3235,27.1942,27.8686,8.5545,8.5895,8.5303,8.4428,5.1031,5.2095,5.4415,5.237,26.7143175,5.059430360805428,0.22814475497914485,False,19.927949999999996,32.038075000000006,False,9.782340000000001,2.561633411471913,-0.5229241600304949,False,6.756524999999996,11.743650000000004,False,5.278067500000001,0.4836700556813709,-0.08490808872206608,False,3.8360250000000002,6.63515,False,0.29265831264342235,False,False,False,False,False,,14.7,False,27.725325,0.002790448824564621,False,9.053031,0.0032189650535583546,False,5.479739,0.0018766610357496456,False,False,No issues detected.,
C_00309,LOT_007,False,24.8078,24.6299,25.4766,25.417,8.0466,8.0514,8.4242,8.6179,4.9759,4.9373,5.0169,5.0598,26.7143175,5.059430360805428,-0.2564157241989341,False,19.927949999999996,32.038075000000006,False,9.782340000000001,2.561633411471913,-0.45456933641840436,False,6.756524999999996,11.743650000000004,False,5.278067500000001,0.4836700556813709,-0.45127354368158235,False,3.8360250000000002,6.63515,False,0.2998260069966039,False,False,False,False,False,,13.8,False,25.772614,0.007935510592990457,False,8.710343,0.004575995561811664,False,5.0856495,0.0010302047941419842,False,False,No issues detected.,
C_00310,LOT_007,False,21.1554,21.5405,22.0877,21.3814,8.8137,8.7567,9.0184,8.5508,5.0228,5.2453,5.1418,5.3688,26.7143175,5.059430360805428,-1.0540549270750383,False,19.927949999999996,32.038075000000006,False,9.782340000000001,2.561633411471913,-0.48076356065810316,False,6.756524999999996,11.743650000000004,False,5.278067500000001,0.4836700556813709,0.18759172484263084,False,3.8360250000000002,6.63515,False,0.20769308823046218,False,False,False,False,False,,23.4,False,22.66282,0.0077938945558335936,False,9.07511,0.002211183579762774,False,5.394186,0.0010339306937323656,False,False,No issues detected.,
C_00311,LOT_007,False,26.863,28.4288,27.8714,27.51,9.2006,9.1316,8.838,8.8626,4.9912,5.0746,4.9468,4.9321,26.7143175,5.059430360805428,0.15726721058639775,False,19.927949999999996,32.038075000000006,False,9.782340000000001,2.561633411471913,-0.3590443487663283,False,6.756524999999996,11.743650000000004,False,5.278067500000001,0.4836700556813709,-0.7152965041687731,False,3.8360250000000002,6.63515,False,0.2859289828678471,False,False,False,False,False,,16.7,False,28.949379,0.0036151317172580365,False,9.545811,0.002876463190714514,False,5.2479224,0.0012036279201507554,False,False,No issues detected.,
C_00312,LOT_007,False,26.6395,26.9323,26.6754,27.9516,9.5966,9.5261,9.8445,9.671,4.7076,4.5578,4.7317,4.8551,26.7143175,5.059430360805428,0.24454976385978597,False,19.927949999999996,32.038075000000006,False,9.782340000000001,2.561633411471913,-0.04346445494557556,False,6.756524999999996,11.743650000000004,False,5.278067500000001,0.4836700556813709,-0.8744959400146125,False,3.8360250000000002,6.63515,False,0.25429291801564263,False,False,False,False,False,,19.6,False,27.916605,0.0068354513592190115,False,9.929725,0.002802949259016252,False,4.816919,0.0017994364579518615,False,False,No issues detected.,
C_00313,LOT_007,False,24.4998,24.297,24.9688,24.4777,8.4039,8.6831,9.0069,8.7613,4.7755,4.6009,4.7444,4.6478,26.7143175,5.059430360805428,-0.4420690355433505,False,19.927949999999996,32.038075000000006,False,9.782340000000001,2.561633411471913,-0.3985894294739512,False,6.756524999999996,11.743650000000004,False,5.278067500000001,0.4836700556813709,-1.303093901713866,False,3.8360250000000002,6.63515,False,0.28291301139549635,False,False,False,False,False,,21.7,False,25.187574,0.006184544351365827,False,9.098509,0.002884783575269914,False,4.771476,0.001184554110633001,False,False,No issues detected.,
C_00314,LOT_007,False,28.1964,28.2791,28.5551,28.1631,8.5426,8.3741,8.3213,8.6354,5.4866,5.3899,5.3185,5.3023,26.7143175,5.059430360805428,0.28635288889901106,False,19.927949999999996,32.038075000000006,False,9.782340000000001,2.561633411471913,-0.4477377578163964,False,6.756524999999996,11.743650000000004,False,5.278067500000001,0.4836700556813709,0.050101302975768564,False,3.8360250000000002,6.63515,False,0.2422044889008974,False,False,False,False,False,,16.6,False,28.93111,0.0045278498755561,False,8.878663,0.003503910160064695,False,5.4771085,0.000605614434348213,False,False,No issues detected.,
C_00315,LOT_007,False,24.3556,24.6176,24.518,24.1169,8.438,8.4355,8.6013,8.9191,4.9048,5.0045,4.9339,5.0274,26.7143175,5.059430360805428,-0.513381411496789,False,19.927949999999996,32.038075000000006,False,9.782340000000001,2.561633411471913,-0.33698810927984574,False,6.756524999999996,11.743650000000004,False,5.278067500000001,0.4836700556813709,-0.5182613582452862,False,3.8360250000000002,6.63515,False,0.32432327371758807,False,False,False,False,False,,13.1,False,25.54043,0.006408542145623104,False,8.831263,0.002748351309034564,False,5.138019,0.0009272158675723593,False,False,No issues detected.,
C_00316,LOT_007,False,24.8185,27.1407,26.3728,26.8946,9.7259,9.7816,10.1252,10.2923,5.2563,5.6795,5.5879,5.5314,26.7143175,5.059430360805428,0.035632964018364466,False,19.927949999999996,32.038075000000006,False,9.782340000000001,2.561633411471913,0.19907610422171026,False,6.756524999999996,11.743650000000004,False,5.278067500000001,0.4836700556813709,0.523771312745662,False,3.8360250000000002,6.63515,False,0.2562116471096451,False,False,False,False,False,,16.6,False,27.477024,0.002335583877563484,False,10.156524,0.002603636837005621,False,5.7154555,0.00024969119495815706,False,False,No issues detected.,
C_00317,LOT_007,False,22.5214,22.5398,23.0586,24.0542,7.7861,8.2735,8.3971,8.7216,4.5136,4.6089,4.7403,4.7229,26.7143175,5.059430360805428,-0.5257741109765023,False,19.927949999999996,32.038075000000006,False,9.782340000000001,2.561633411471913,-0.4140873535025062,False,6.756524999999996,11.743650000000004,False,5.278067500000001,0.4836700556813709,-1.1478227636356513,False,3.8360250000000002,6.63515,False,0.20300620551702764,False,False,False,False,False,,24.4,False,23.671644,0.00786002924177382,False,8.720081,0.0031012592315673806,False,4.757076,0.0010289985179901108,False,False,No issues detected.,
C_00318,LOT_007,False,23.4058,24.2891,23.4191,23.5902,8.8721,9.25,9.5582,9.378,4.7984,4.8441,4.8862,4.9709,26.7143175,5.059430360805428,-0.6174840401405706,False,19.927949999999996,32.038075000000006,False,9.782340000000001,2.561633411471913,-0.15784459953919314,False,6.756524999999996,11.743650000000004,False,5.278067500000001,0.4836700556813709,-0.6350765287035965,False,3.8360250000000002,6.63515,False,0.30239271831539094,False,False,False,False,False,,15.2,False,24.477478,0.0013081807454426997,False,9.418289,0.0011686748928493923,False,4.957119,0.0007848540835910368,False,False,No issues detected.,
C_00319,LOT_007,False,26.9435,26.6706,26.8021,27.4648,9.4872,9.6476,10.0637,9.8703,4.8632,4.9023,4.8999,5.1283,26.7143175,5.059430360805428,0.1483333985212771,False,19.927949999999996,32.038075000000006,False,9.782340000000001,2.561633411471913,0.03433746593329182,False,6.756524999999996,11.743650000000004,False,5.278067500000001,0.4836700556813709,-0.30964807153301044,False,3.8360250000000002,6.63515,False,0.28882365484904476,False,False,False,False,False,,13.1,False,27.680122,0.007010572052001951,False,10.019803,0.002584743383195661,False,4.996918,0.0006570708433787006,False,False,No issues detected.,
C_00320,LOT_007,False,25.4606,26.1169,26.2328,27.1103,9.4844,8.9399,9.8051,9.4179,4.9274,5.4257,5.1754,5.4449,26.7143175,5.059430360805428,0.07826622203709134,False,19.927949999999996,32.038075000000006,False,9.782340000000001,2.561633411471913,-0.14226860032661537,False,6.756524999999996,11.743650000000004,False,5.278067500000001,0.4836700556813709,0.34493038806169946,False,3.8360250000000002,6.63515,False,0.3271425913640028,False,False,False,False,False,,11.5,True,26.96003,0.005855066680908195,False,9.796115,0.0059459369553460035,False,6.783996,0.009432611841625638,True,True,"[Module B - propagation delay] The strongest driver was Value_24h_prop_delay_ns (5.426), which pushed the predicted 168h value up by 1.43ns relative to baseline.",propagation delay
C_00321,LOT_008,False,28.5989,28.5547,28.8596,30.0153,10.6825,10.7159,10.9823,10.7834,4.5099,4.5452,4.5183,4.5088,29.371927499999998,4.114925207158253,0.15635095842830923,False,24.085399999999996,33.416775,False,10.9235025,2.985846239234794,-0.04692220857156546,False,7.9894500000000015,12.939574999999998,False,4.232855,0.4446370371956819,0.6206073199398333,False,3.2774999999999994,5.076375000000001,False,0.15538097118607513,False,False,False,False,False,,22.4,False,29.937424,0.009602247958713105,False,11.156048,0.0030565820905897384,False,4.599307,0.0003757434739006866,False,False,No issues detected.,
C_00322,LOT_008,True,30.1762,37.7725,47.9014,53.1834,10.1814,15.686,22.9061,28.7075,4.2576,4.8672,5.7632,6.4745,29.371927499999998,4.114925207158253,5.786611250813982,True,24.085399999999996,33.416775,True,10.9235025,2.985846239234794,5.956099569466658,True,7.9894500000000015,12.939574999999998,True,4.232855,0.4446370371956819,5.041516591010988,True,3.2774999999999994,5.076375000000001,True,-0.20507528725703417,True,True,True,True,True,"iddq_ua,leakage_ua,prop_delay_ns",84.9,True,51.49084,0.09526625633239745,True,31.768078,0.11168109618292915,True,6.4152303,0.010750210237503048,True,True,"[Module B - Iddq (standby current)] The strongest driver was delta_24h_iddq_ua (7.596), which pushed the predicted 168h value up by 13.42uA relative to baseline. [Module B - leakage current] The strongest driver was delta_24h_leakage_ua (5.505), which pushed the predicted 168h value up by 13.21uA relative to baseline. [Module A - leakage current] Flagged because 168h leakage current is 6.0sigma from its lot's mean (28.71uA vs lot mean 10.92uA); and 168h leakage current (28.71uA) falls outside the lot's normal IQR range [7.99, 12.94]uA. [Module A - Iddq (standby current)] Flagged because 168h Iddq (standby current) is 5.8sigma from its lot's mean (53.18uA vs lot mean 29.37uA); and 168h Iddq (standby current) (53.18uA) falls outside the lot's normal IQR range [24.09, 33.42]uA. [Module A - propagation delay] Flagged because 168h propagation delay is 5.0sigma from its lot's mean (6.47ns vs lot mean 4.23ns); and 168h propagation delay (6.47ns) falls outside the lot's normal IQR range [3.28, 5.08]ns. [Module B - propagation delay] The strongest driver was Value_24h_prop_delay_ns (4.867), which pushed the predicted 168h value up by 0.71ns relative to baseline.","Iddq (standby current), leakage current, propagation delay"
C_00323,LOT_008,False,26.5666,26.5766,25.9453,27.2213,9.4762,9.3518,9.9034,10.1795,4.0483,4.0779,4.1406,4.2198,29.371927499999998,4.114925207158253,-0.5226407265577524,False,24.085399999999996,33.416775,False,10.9235025,2.985846239234794,-0.2491764278493691,False,7.9894500000000015,12.939574999999998,False,4.232855,0.4446370371956819,-0.029361026877871566,False,3.2774999999999994,5.076375000000001,False,0.1908036426671435,False,False,False,False,False,,19.8,False,27.270113,0.004816062439812561,False,9.910104,0.003877109707726367,False,4.1454453,0.0004690649085574705,False,False,No issues detected.,
C_00324,LOT_008,False,28.3693,29.6224,29.2422,29.2999,10.4148,9.8843,10.1074,11.0067,4.5662,4.5194,4.6678,4.7623,29.371927499999998,4.114925207158253,-0.0175039633465754,False,24.085399999999996,33.416775,False,10.9235025,2.985846239234794,0.02786395994099226,False,7.9894500000000015,12.939574999999998,False,4.232855,0.4446370371956819,1.1907352642937719,False,3.2774999999999994,5.076375000000001,False,0.15076465960844326,False,False,False,False,False,,27.4,False,29.711504,0.0006187776565551831,False,10.672958,0.005476794264051652,False,4.6306953,0.0007728843265109586,False,False,No issues detected.,
C_00325,LOT_008,False,28.5695,29.2691,29.5629,29.5337,11.1725,11.3634,11.3814,11.8838,3.7834,3.7969,3.8394,4.0344,29.371927499999998,4.114925207158253,0.03931359425891503,False,24.085399999999996,33.416775,False,10.9235025,2.985846239234794,0.32161652779752786,False,7.9894500000000015,12.939574999999998,False,4.232855,0.4446370371956819,-0.44633034002667055,False,3.2774999999999994,5.076375000000001,False,0.11954275795089203,False,False,False,False,False,,22.7,False,30.013086,0.005166571659511978,False,11.911615,0.0038070511923895913,False,3.9031713,0.0007379951450559833,False,False,No issues detected.,
C_00326,LOT_008,False,28.2556,29.3836,28.9448,29.4817,10.3148,10.4093,10.743,10.7505,3.9197,3.9577,4.1403,4.0145,29.371927499999998,4.114925207158253,0.026676669556239683,False,24.085399999999996,33.416775,False,10.9235025,2.985846239234794,-0.05794086035868201,False,7.9894500000000015,12.939574999999998,False,4.232855,0.4446370371956819,-0.4910859459148097,False,3.2774999999999994,5.076375000000001,False,0.23594502258437267,False,False,False,False,False,,17.3,False,29.557606,0.0012083732181125129,False,10.655906,0.0017125397470262316,False,4.0435257,0.0005960117763943143,False,False,No issues detected.,
C_00327,LOT_008,False,26.4335,27.3121,27.7722,27.7853,9.5622,9.7078,9.8975,9.992,4.0488,4.0618,4.1935,4.2421,29.371927499999998,4.114925207158253,-0.3855786970902725,False,24.085399999999996,33.416775,False,10.9235025,2.985846239234794,-0.3119726956330886,False,7.9894500000000015,12.939574999999998,False,4.232855,0.4446370371956819,0.020792240021901918,False,3.2774999999999994,5.076375000000001,False,0.21564230015043773,False,False,False,False,False,,17.4,False,27.484146,0.0011947647094726498,False,9.978462,0.0018795987447102818,False,4.1443987,0.0005736020088195811,False,False,No issues detected.,
C_00328,LOT_008,False,28.8985,29.9426,28.9738,29.4481,10.3857,10.4015,10.8033,10.6762,4.2261,4.4088,4.279,4.4344,29.371927499999998,4.114925207158253,0.01851127205604943,False,24.085399999999996,33.416775,False,10.9235025,2.985846239234794,-0.08282492807244425,False,7.9894500000000015,12.939574999999998,False,4.232855,0.4446370371956819,0.4532798285791511,False,3.2774999999999994,5.076375000000001,False,0.21179661135872568,False,False,False,False,False,,18.2,False,30.41805,0.003301741430494529,False,10.724524,0.00224321905771891,False,4.4604197,0.0003584698253207717,False,False,No issues detected.,
C_00329,LOT_008,False,26.8075,27.5127,27.9315,27.9273,10.3811,10.0797,10.5351,10.7067,4.4483,4.5697,4.703,4.7231,29.371927499999998,4.114925207158253,-0.3510701719406589,False,24.085399999999996,33.416775,False,10.9235025,2.985846239234794,-0.07261006851295922,False,7.9894500000000015,12.939574999999998,False,4.232855,0.4446370371956819,1.102573467770401,False,3.2774999999999994,5.076375000000001,False,0.1393747846859935,False,False,False,False,False,,27.2,False,28.223455,0.004935801590813539,False,10.649836,0.0039592749065822976,False,4.5991664,0.0002046277311113139,False,False,No issues detected.,
C_00330,LOT_008,False,28.7237,29.1822,31.0714,29.8512,10.494,10.9329,10.9171,11.1406,3.9096,4.0713,4.0208,3.9284,29.371927499999998,4.114925207158253,0.11647174028005813,False,24.085399999999996,33.416775,False,10.9235025,2.985846239234794,0.07270886797427209,False,7.9894500000000015,12.939574999999998,False,4.232855,0.4446370371956819,-0.6847270347072127,False,3.2774999999999994,5.076375000000001,False,0.1869692323261024,False,False,False,False,False,,21.4,False,30.062826,0.006115459420945897,False,11.160893,0.0015832877794901526,False,4.048095,-0.00016114426188998697,False,False,No issues detected.,
C_00331,LOT_008,False,28.7107,28.9349,29.4166,29.6515,9.9994,10.3776,10.22,10.6157,4.1589,4.1865,4.188,4.2779,29.371927499999998,4.114925207158253,0.06794108906612956,False,24.085399999999996,33.416775,False,10.9235025,2.985846239234794,-0.10308719047732419,False,7.9894500000000015,12.939574999999998,False,4.232855,0.4446370371956819,0.10130735011212301,False,3.2774999999999994,5.076375000000001,False,0.23660210094798978,False,False,False,False,False,,14.0,False,30.037792,0.007658973651462138,False,10.668229,0.00201825766033597,False,4.239677,0.00036928439140320054,False,False,No issues detected.,
C_00332,LOT_008,False,27.6289,28.2018,27.183,28.179,9.905,9.7269,9.9547,9.9758,4.6155,4.5838,4.535,4.5225,29.371927499999998,4.114925207158253,-0.289902596024055,False,24.085399999999996,33.416775,False,10.9235025,2.985846239234794,-0.31739829316960244,False,7.9894500000000015,12.939574999999998,False,4.232855,0.4446370371956819,0.6514189682145828,False,3.2774999999999994,5.076375000000001,False,0.14388983647134568,False,False,False,False,False,,23.2,False,28.41213,0.001460627471076127,False,10.164779,0.0030408243709140314,False,4.6501083,0.00046047456529405315,False,False,No issues detected.,
C_00333,LOT_008,False,25.8027,27.046,26.906,27.2633,10.4684,10.4243,11.3061,11.8133,4.2362,4.325,4.3542,4.4349,29.371927499999998,4.114925207158253,-0.5124339796825141,False,24.085399999999996,33.416775,False,10.9235025,2.985846239234794,0.298005131110849,False,7.9894500000000015,12.939574999999998,False,4.232855,0.4446370371956819,0.45440434128990775,False,3.2774999999999994,5.076375000000001,False,0.1430316227767786,False,False,False,False,False,,22.1,False,27.485802,0.0030541784498426695,False,10.847106,0.002936152638329396,False,4.348134,0.00016065306133693994,False,False,No issues detected.,
C_00334,LOT_008,False,29.0475,30.321,29.9401,30.272,8.5728,8.9029,9.0,8.9673,4.0712,4.0988,4.1317,4.0021,29.371927499999998,4.114925207158253,0.21873362325863172,False,24.085399999999996,33.416775,False,10.9235025,2.985846239234794,-0.6551584854889684,False,7.9894500000000015,12.939574999999998,False,4.232855,0.4446370371956819,-0.518973861141589,False,3.2774999999999994,5.076375000000001,False,0.11076972205435764,False,False,False,False,False,,24.9,False,30.41805,0.0006739636527167322,False,9.220132,0.0022029991255866107,False,4.171786,0.0005068460517459461,False,False,No issues detected.,
C_00335,LOT_008,False,27.4277,27.0917,27.9971,28.0489,9.5377,9.7464,10.1201,10.2751,3.7728,3.7477,3.8699,3.7679,29.371927499999998,4.114925207158253,-0.3215192095590177,False,24.085399999999996,33.416775,False,10.9235025,2.985846239234794,-0.2171587041153769,False,7.9894500000000015,12.939574999999998,False,4.232855,0.4446370371956819,-1.045695614860298,False,3.2774999999999994,5.076375000000001,False,0.18150742170664463,False,False,False,False,False,,24.6,False,27.87775,0.005458683310614696,False,9.994584,0.001723500580257843,False,3.8707578,0.0008545681820975407,False,False,No issues detected.,
C_00336,LOT_008,False,25.5381,24.9178,25.8683,24.9437,8.4319,8.7282,9.0019,9.4187,4.1485,4.2962,4.1218,4.1957,29.371927499999998,4.114925207158253,-1.076138028534937,False,24.085399999999996,33.416775,False,10.9235025,2.985846239234794,-0.50397856400859,False,7.9894500000000015,12.939574999999998,False,4.232855,0.4446370371956819,-0.0835625395363718,False,3.2774999999999994,5.076375000000001,False,0.07179391129117507,False,False,False,False,False,,30.4,False,25.602438,0.004754430368211536,False,9.098775,0.0025734368748135087,False,4.2544336,-0.0002900442229376885,False,False,No issues detected.,
C_00337,LOT_008,False,28.344,28.6466,29.6162,28.8041,9.6204,9.6867,10.0258,10.1124,4.3754,4.3079,4.6637,4.6267,29.371927499999998,4.114925207158253,-0.13799218003093155,False,24.085399999999996,33.416775,False,10.9235025,2.985846239234794,-0.2716491188802368,False,7.9894500000000015,12.939574999999998,False,4.232855,0.4446370371956819,0.8857674171363983,False,3.2774999999999994,5.076375000000001,False,0.1828529726787929,False,False,False,False,False,,23.2,False,29.242819,0.004140408558315705,False,10.039551,0.0024503526475694436,False,4.439392,0.000913139512803819,False,False,No issues detected.,
C_00338,LOT_008,False,28.5447,27.6515,28.9429,30.4287,10.8513,10.6206,11.0193,11.4136,3.8543,3.7224,3.7512,3.8215,29.371927499999998,4.114925207158253,0.2568145098145789,False,24.085399999999996,33.416775,False,10.9235025,2.985846239234794,0.1641402338673682,False,7.9894500000000015,12.939574999999998,False,4.232855,0.4446370371956819,-0.9251478522671184,False,3.2774999999999994,5.076375000000001,False,0.15397419449260358,False,False,False,False,False,,25.0,False,29.279202,0.01130348269144695,False,11.208736,0.004084280692206492,False,3.8607821,0.0009609871281517882,False,False,No issues detected.,
C_00339,LOT_008,False,28.6492,28.5126,29.0918,30.5583,9.9632,10.2495,10.4162,10.913,4.0822,4.2537,4.4129,4.341,29.371927499999998,4.114925207158253,0.28830961445816994,False,24.085399999999996,33.416775,False,10.9235025,2.985846239234794,-0.003517428279458547,False,7.9894500000000015,12.939574999999998,False,4.232855,0.4446370371956819,0.24322085420969208,False,3.2774999999999994,5.076375000000001,False,0.2170824051185578,False,False,False,False,False,,16.5,False,29.988941,0.010252369393242736,False,10.661886,0.0028637931611802886,False,4.2372108,-0.00011450867652893247,False,False,No issues detected.,
C_00340,LOT_008,False,24.9723,25.668,27.4102,26.7699,8.293,8.486,8.4614,8.5945,4.261,4.0217,4.1904,4.2577,29.371927499999998,4.114925207158253,-0.6323389536882849,False,24.085399999999996,33.416775,False,10.9235025,2.985846239234794,-0.7800142115144117,False,7.9894500000000015,12.939574999999998,False,4.232855,0.4446370371956819,0.05587703659752906,False,3.2774999999999994,5.076375000000001,False,0.05784174768788142,False,False,False,False,False,,28.6,False,26.484426,0.005669628461201991,False,8.885507,0.0027743515968322707,False,4.2269273,0.0014251894474029538,False,False,No issues detected.,
C_00341,LOT_008,False,28.6158,29.4908,29.3939,30.0664,9.4512,9.5171,9.9582,9.6188,3.7883,3.8026,3.7449,3.9096,29.371927499999998,4.114925207158253,0.16876916712651568,False,24.085399999999996,33.416775,False,10.9235025,2.985846239234794,-0.43696238702980417,False,7.9894500000000015,12.939574999999998,False,4.232855,0.4446370371956819,-0.7270087126316856,False,3.2774999999999994,5.076375000000001,False,0.18097529937898849,False,False,False,False,False,,22.0,False,30.148914,0.0045702384524875204,False,9.827297,0.0021541472964816677,False,3.9031713,0.0006984118117226496,False,False,No issues detected.,
C_00342,LOT_008,False,29.0837,28.5479,29.7226,29.6534,10.2203,10.3493,10.4748,11.3261,3.9179,4.1789,4.1073,4.0901,29.371927499999998,4.114925207158253,0.06840282285334334,False,24.085399999999996,33.416775,False,10.9235025,2.985846239234794,0.1348353089016323,False,7.9894500000000015,12.939574999999998,False,4.232855,0.4446370371956819,-0.3210596240483103,False,3.2774999999999994,5.076375000000001,False,0.225288606361568,False,False,False,False,False,,16.4,False,29.814236,0.0087939978281657,False,10.655906,0.002129206413692902,False,4.1287465,-0.00034828812811109485,False,False,No issues detected.,
C_00343,LOT_008,False,28.0282,28.5597,28.6768,29.055,10.3433,10.6174,10.8812,10.9438,3.9879,4.0837,4.1991,4.1682,29.371927499999998,4.114925207158253,-0.07701901834052217,False,24.085399999999996,33.416775,False,10.9235025,2.985846239234794,0.006797905308480203,False,7.9894500000000015,12.939574999999998,False,4.232855,0.4446370371956819,-0.14541073862802364,False,3.2774999999999994,5.076375000000001,False,0.24112915597005685,False,False,False,False,False,,14.2,False,28.977444,0.002900997882419166,False,10.966637,0.002425254567464193,False,4.14067,0.0003956237687004914,False,False,No issues detected.,
C_00344,LOT_008,False,31.0292,31.2374,30.2382,32.3592,10.4152,10.5108,10.7302,10.8968,3.9196,4.2008,4.0092,4.2117,29.371927499999998,4.114925207158253,0.7259603394014053,False,24.085399999999996,33.416775,False,10.9235025,2.985846239234794,-0.008943025815971763,False,7.9894500000000015,12.939574999999998,False,4.232855,0.4446370371956819,-0.04757813279213893,False,3.2774999999999994,5.076375000000001,False,0.12620346198674204,False,False,False,False,False,,24.7,False,32.203106,0.006706291156344937,False,10.857673,0.002408838134341772,False,4.151939,-0.00033931308852301763,False,False,No issues detected.,
C_00345,LOT_008,False,28.609,28.5117,29.5256,29.1992,9.7766,9.6987,10.0313,10.4378,3.8332,3.8471,4.0309,3.9475,29.371927499999998,4.114925207158253,-0.04197585406887184,False,24.085399999999996,33.416775,False,10.9235025,2.985846239234794,-0.16266828935051764,False,7.9894500000000015,12.939574999999998,False,4.232855,0.4446370371956819,-0.6417706491562851,False,3.2774999999999994,5.076375000000001,False,0.22038803289416298,False,False,False,False,False,,19.3,False,29.988941,0.010258619393242721,False,10.073799,0.0026048550923665325,False,3.9534225,0.0007383510165744345,False,False,No issues detected.,
C_00346,LOT_008,False,27.9052,28.4394,27.8081,28.9871,9.5746,10.1256,10.3641,10.4371,4.0222,4.0443,4.2097,4.1654,29.371927499999998,4.114925207158253,-0.09351992578882291,False,24.085399999999996,33.416775,False,10.9235025,2.985846239234794,-0.16290272875024356,False,7.9894500000000015,12.939574999999998,False,4.232855,0.4446370371956819,-0.1517080098082637,False,3.2774999999999994,5.076375000000001,False,0.23632578166332202,False,False,False,False,False,,14.5,False,28.81642,0.0026181916766696567,False,10.382383,0.0017832176844278945,False,4.1443987,0.0006951297865973594,False,False,No issues detected.,
C_00347,LOT_008,False,29.7498,29.3683,29.0143,28.8336,10.3569,10.7301,10.4541,10.6957,3.7969,3.7285,3.7192,3.7962,29.371927499999998,4.114925207158253,-0.13082315543999012,False,24.085399999999996,33.416775,False,10.9235025,2.985846239234794,-0.07629411622293716,False,7.9894500000000015,12.939574999999998,False,4.232855,0.4446370371956819,-0.9820481954314367,False,3.2774999999999994,5.076375000000001,False,0.1607988014039508,False,False,False,False,False,,25.1,False,30.207386,0.0058269862280951506,False,11.023509,0.0020375626775953493,False,3.913985,0.001288090374734667,False,False,No issues detected.,
C_00348,LOT_008,False,29.1569,28.313,29.1993,29.312,10.0447,10.1078,10.3459,10.8032,4.2346,3.899,4.0214,4.016,29.371927499999998,4.114925207158253,-0.01456344817537587,False,24.085399999999996,33.416775,False,10.9235025,2.985846239234794,-0.04029092269360467,False,7.9894500000000015,12.939574999999998,False,4.232855,0.4446370371956819,-0.4877124077825377,False,3.2774999999999994,5.076375000000001,False,0.22565067520202164,False,False,False,False,False,,17.8,False,29.608715,0.008998021231757278,False,10.525724,0.0029022528542412707,False,4.0677443,0.0011718351046244302,False,False,No issues detected.,
C_00349,LOT_008,False,28.1456,29.1528,29.2926,29.3018,9.5579,9.3364,9.7212,9.7005,4.2595,4.4435,4.347,4.4825,29.371927499999998,4.114925207158253,-0.017042229559362472,False,24.085399999999996,33.416775,False,10.9235025,2.985846239234794,-0.4095999599475116,False,7.9894500000000015,12.939574999999998,False,4.232855,0.4446370371956819,0.5614579513540007,False,3.2774999999999994,5.076375000000001,False,0.1883547506431188,False,False,False,False,False,,20.3,False,29.260868,0.0007504727257622671,False,9.883717,0.0038008096059163454,False,4.472699,0.0002027719815572087,False,False,No issues detected.,
C_00350,LOT_008,False,27.792,28.2584,27.3671,27.5651,9.9154,9.8696,10.3791,9.8618,3.8335,3.7675,3.8276,3.9819,29.371927499999998,4.114925207158253,-0.4390912128504478,False,24.085399999999996,33.416775,False,10.9235025,2.985846239234794,-0.3555784239821036,False,7.9894500000000015,12.939574999999998,False,4.232855,0.4446370371956819,-0.564404174656184,False,3.2774999999999994,5.076375000000001,False,0.19339412491022817,False,False,False,False,False,,20.0,False,28.41213,0.00106757191552055,False,10.255052,0.0026767473114861374,False,3.9360974,0.00117081516318851,False,False,No issues detected.,
C_00351,LOT_008,False,27.1513,28.8416,27.8877,29.3263,8.7502,9.1736,9.2121,9.0467,3.972,4.0894,3.9172,4.1461,29.371927499999998,4.114925207158253,-0.01108829388214045,False,24.085399999999996,33.416775,False,10.9235025,2.985846239234794,-0.6285663592914894,False,7.9894500000000015,12.939574999999998,False,4.232855,0.4446370371956819,-0.19511420044349528,False,3.2774999999999994,5.076375000000001,False,0.1555755877453726,False,False,False,False,False,,22.5,False,28.898296,0.00039372469584147355,False,9.404394,0.001602737151251896,False,4.095149,3.992389043171945e-05,False,False,No issues detected.,
C_00352,LOT_008,False,24.6072,25.3097,25.5604,25.4663,9.6386,9.8506,10.2274,10.6112,3.6064,3.7033,3.8033,3.7213,29.371927499999998,4.114925207158253,-0.9491369352730484,False,24.085399999999996,33.416775,False,10.9235025,2.985846239234794,-0.10459430090413352,False,7.9894500000000015,12.939574999999998,False,4.232855,0.4446370371956819,-1.1505001995028767,False,3.2774999999999994,5.076375000000001,False,0.061286349874248414,False,False,False,False,False,,31.5,False,26.125853,0.005667726283603248,False,10.242839,0.00272388096915351,False,3.6649823,-0.0002660950077904598,False,False,No issues detected.,
C_00353,LOT_008,False,27.423,28.1944,28.6937,28.8406,9.3879,9.2019,9.4653,9.8597,3.9901,4.2806,4.1256,4.2217,29.371927499999998,4.114925207158253,-0.1291220309607843,False,24.085399999999996,33.416775,False,10.9235025,2.985846239234794,-0.3562817421812814,False,7.9894500000000015,12.939574999999998,False,4.232855,0.4446370371956819,-0.025087878576993888,False,3.2774999999999994,5.076375000000001,False,0.20105144433439032,False,False,False,False,False,,17.9,False,28.403109,0.001449365255567751,False,9.673513,0.0032750931421915677,False,4.259984,-0.00014316655264960212,False,False,No issues detected.,
C_00354,LOT_008,False,26.7342,27.7246,28.226,27.8175,9.7871,9.8695,10.377,10.0597,3.6917,3.8332,3.8384,3.8783,29.371927499999998,4.114925207158253,-0.3777535244859236,False,24.085399999999996,33.416775,False,10.9235025,2.985846239234794,-0.2892990565453141,False,7.9894500000000015,12.939574999999998,False,4.232855,0.4446370371956819,-0.7974032083250919,False,3.2774999999999994,5.076375000000001,False,0.18639463016388985,False,False,False,False,False,,22.3,False,28.021828,0.002064081234402135,False,10.218775,0.0024255194134182373,False,3.8821402,0.0003398622194925933,False,False,No issues detected.,
C_00355,LOT_008,False,29.5502,29.5241,30.9657,29.8652,9.3509,9.05,9.8459,9.6406,4.2213,4.1174,4.3669,4.4043,29.371927499999998,4.114925207158253,0.11987398923847147,False,24.085399999999996,33.416775,False,10.9235025,2.985846239234794,-0.42966127429548406,False,7.9894500000000015,12.939574999999998,False,4.232855,0.4446370371956819,0.38558416339156304,False,3.2774999999999994,5.076375000000001,False,0.15731315769022225,False,False,False,False,False,,20.7,False,30.324993,0.00556175787183973,False,9.578305,0.0036687864197625006,False,4.3386254,0.001536287715699938,False,False,No issues detected.,
C_00356,LOT_008,False,27.7773,28.8653,29.1011,29.0021,10.0928,10.8641,11.021,11.1869,4.2794,4.3474,4.4468,4.1444,29.371927499999998,4.114925207158253,-0.08987465904766725,False,24.085399999999996,33.416775,False,10.9235025,2.985846239234794,0.08821535969899871,False,7.9894500000000015,12.939574999999998,False,4.232855,0.4446370371956819,-0.1989375436600691,False,3.2774999999999994,5.076375000000001,False,0.18912943707254093,False,False,False,False,False,,17.2,False,28.958887,0.0006499104181925367,False,11.19624,0.002306530729929602,False,4.35767,7.131826612684201e-05,False,False,No issues detected.,
C_00357,LOT_008,False,26.4256,26.6409,26.6789,27.8181,9.5405,9.9376,9.7638,9.9506,4.1115,4.0963,4.1886,4.2836,29.371927499999998,4.114925207158253,-0.3776077138162768,False,24.085399999999996,33.416775,False,10.9235025,2.985846239234794,-0.3258381115597343,False,7.9894500000000015,12.939574999999998,False,4.232855,0.4446370371956819,0.11412679501475603,False,3.2774999999999994,5.076375000000001,False,0.2009889650773095,False,False,False,False,False,,18.1,False,27.266304,0.004343083445231131,False,10.116534,0.0012425988409254301,False,4.1971607,0.0007004216723971877,False,False,No issues detected.,
C_00358,LOT_008,False,25.5053,25.6797,26.9605,26.7954,10.2242,10.6294,10.6303,11.0554,4.1417,3.9697,3.9536,4.1471,29.371927499999998,4.114925207158253,-0.6261420002283188,False,24.085399999999996,33.416775,False,10.9235025,2.985846239234794,0.04417424389335041,False,7.9894500000000015,12.939574999999998,False,4.232855,0.4446370371956819,-0.19286517502197997,False,3.2774999999999994,5.076375000000001,False,0.16549682417714023,False,False,False,False,False,,21.9,False,26.635334,0.006636347325642901,False,10.956869,0.002274091148376462,False,4.162139,0.0013363815201653374,False,False,No issues detected.,
C_00359,LOT_008,False,27.6764,29.7219,29.5121,29.7767,11.503,11.285,11.4511,11.9468,3.6594,3.7341,3.7944,3.9392,29.371927499999998,4.114925207158253,0.09836691546564888,False,24.085399999999996,33.416775,False,10.9235025,2.985846239234794,0.34271607377285723,False,7.9894500000000015,12.939574999999998,False,4.232855,0.4446370371956819,-0.6604375601548553,False,3.2774999999999994,5.076375000000001,False,0.07962881379199493,False,False,False,False,False,,26.5,False,29.745848,0.00016630348629420588,False,11.711898,0.00296456840303209,False,3.8240247,0.0006244769255320218,False,False,No issues detected.,
C_00360,LOT_008,False,24.0638,25.8611,25.7603,27.1695,10.6281,10.4709,10.9813,10.9346,3.9934,4.0282,3.9943,4.0689,29.371927499999998,4.114925207158253,-0.535229047703879,False,24.085399999999996,33.416775,False,10.9235025,2.985846239234794,0.00371670176922574,False,7.9894500000000015,12.939574999999998,False,4.232855,0.4446370371956819,-0.36873896298441755,False,3.2774999999999994,5.076375000000001,False,0.1341044969162029,False,False,False,False,False,,22.8,False,26.672134,0.00563218332926432,False,10.908635,0.003039827357398137,False,4.102956,0.000519137626224094,False,False,No issues detected.,
C_00361,LOT_009,False,25.2867,24.5966,25.3525,27.4794,11.7248,11.8906,11.8393,11.6238,4.1179,4.21,4.1234,4.3462,27.39085,3.9609163613409533,0.022355937849194988,False,21.244800000000005,32.526675,False,11.8039825,2.669308897294031,-0.0675015544969928,False,9.707600000000003,13.185349999999998,False,4.474880000000001,0.35996238492945704,-0.35748179639719535,False,3.424224999999999,5.603100000000001,False,0.19009551360801863,False,False,False,False,False,,18.5,False,26.0332,0.009976384099324553,False,12.173418,0.0019640142016940703,False,4.219256,6.4277251561483e-05,False,False,No issues detected.,
C_00362,LOT_009,False,26.8899,27.1019,27.0662,28.017,11.5495,11.3037,11.9047,11.5123,4.4538,4.4487,4.5198,4.4681,27.39085,3.9609163613409533,0.15808210597711747,False,21.244800000000005,32.526675,False,11.8039825,2.669308897294031,-0.1092726661555314,False,9.707600000000003,13.185349999999998,False,4.474880000000001,0.35996238492945704,-0.018835301364417825,False,3.424224999999999,5.603100000000001,False,0.22929501969969318,False,False,False,False,False,,14.9,False,28.109482,0.006997095913357201,False,11.768674,0.003228985394371886,False,4.5277123,0.0005486968411339678,False,False,No issues detected.,
C_00363,LOT_009,False,25.8607,26.9485,26.5218,27.1693,10.9894,11.6404,11.0093,11.4794,3.9136,3.8135,4.0008,3.852,27.39085,3.9609163613409533,-0.05593402631834308,False,21.244800000000005,32.526675,False,11.8039825,2.669308897294031,-0.12159795381083106,False,9.707600000000003,13.185349999999998,False,4.474880000000001,0.35996238492945704,-1.7304030256441059,False,3.424224999999999,5.603100000000001,False,0.16343751837798354,False,False,False,False,False,,31.2,False,27.659609,0.004938255839877664,False,11.80054,0.0011120831277635387,False,3.8919778,0.0005449846320682109,False,False,No issues detected.,
C_00364,LOT_009,False,27.629,27.5773,28.6927,29.0571,10.2117,10.4242,10.6404,10.2651,4.715,4.7139,4.7618,4.7485,27.39085,3.9609163613409533,0.42067285647907376,False,21.244800000000005,32.526675,False,11.8039825,2.669308897294031,-0.5765097106445856,False,9.707600000000003,13.185349999999998,False,4.474880000000001,0.35996238492945704,0.7601349792524057,False,3.424224999999999,5.603100000000001,False,0.15366223941669632,False,False,False,False,False,,23.7,False,28.60433,0.00713215321434868,False,10.692118,0.0018605395211113767,False,4.752264,0.00026641682518853253,False,False,No issues detected.,
C_00365,LOT_009,False,26.9589,25.3538,26.5673,27.8113,9.8855,10.2721,10.0149,10.2469,4.7093,4.7616,4.7065,4.7658,27.39085,3.9609163613409533,0.10614967892370672,False,21.244800000000005,32.526675,False,11.8039825,2.669308897294031,-0.5833279548794323,False,9.707600000000003,13.185349999999998,False,4.474880000000001,0.35996238492945704,0.8081955564801901,False,3.424224999999999,5.603100000000001,False,0.1653981174057514,False,False,False,False,False,,23.5,False,27.21828,0.012947783279418947,False,10.641464,0.0025650293986002604,False,4.7320685,-0.00020507959259880644,False,False,No issues detected.,
C_00366,LOT_009,False,25.5398,26.6847,27.3994,27.7626,11.625,11.7386,12.5862,12.6469,4.8083,4.5436,4.6349,4.7824,27.39085,3.9609163613409533,0.09385454427372562,False,21.244800000000005,32.526675,False,11.8039825,2.669308897294031,0.3157811749904608,False,9.707600000000003,13.185349999999998,False,4.474880000000001,0.35996238492945704,0.8543114860744825,False,3.424224999999999,5.603100000000001,False,0.18681900302535126,False,False,False,False,False,,22.8,False,27.248402,0.0039145947350396094,False,11.956006,0.001509764236874051,False,4.6627107,0.0008271574073367674,False,False,No issues detected.,
C_00367,LOT_009,False,26.9742,28.2192,30.2295,28.7582,12.8224,12.3299,12.7322,12.874,4.4304,4.4151,4.4785,4.6504,27.39085,3.9609163613409533,0.34521052081420045,False,21.244800000000005,32.526675,False,11.8039825,2.669308897294031,0.40085937640439945,False,9.707600000000003,13.185349999999998,False,4.474880000000001,0.35996238492945704,0.4876065037584327,False,3.424224999999999,5.603100000000001,False,0.0980191069971813,False,False,False,False,False,,24.2,False,28.591045,0.0025822595808241053,False,12.75305,0.002938540628221298,False,4.4828486,0.0004704766962263333,False,False,No issues detected.,
C_00368,LOT_009,False,22.1966,21.853,21.9826,22.8553,10.7803,10.5024,11.1417,11.2902,4.1824,4.3866,4.3733,4.4521,27.39085,3.9609163613409533,-1.1450759335055758,False,21.244800000000005,32.526675,False,11.8039825,2.669308897294031,-0.1924777235489075,False,9.707600000000003,13.185349999999998,False,4.474880000000001,0.35996238492945704,-0.06328439012999977,False,3.424224999999999,5.603100000000001,False,0.07752747341925226,False,False,False,False,False,,30.7,False,22.95562,0.007657082027859147,False,11.005488,0.0034936694145202654,False,4.4105124,0.00016605866220262587,False,False,No issues detected.,
C_00369,LOT_009,False,23.8791,24.8957,25.2068,24.599,10.6347,10.8508,11.0266,10.8997,4.6548,4.7232,4.7002,4.7681,27.39085,3.9609163613409533,-0.7048495209969114,False,21.244800000000005,32.526675,False,11.8039825,2.669308897294031,-0.33877027155482176,False,9.707600000000003,13.185349999999998,False,4.474880000000001,0.35996238492945704,0.8145851129902425,False,3.424224999999999,5.603100000000001,False,0.18739156669868096,False,False,False,False,False,,22.4,False,25.226963,0.002300437800089508,False,11.113217,0.0018223427348666751,False,4.756794,0.000233291498819985,False,False,No issues detected.,
C_00370,LOT_009,False,23.973,24.7707,24.5315,25.7711,10.9112,11.0747,11.1867,11.1813,4.2693,4.4481,4.5984,4.5163,27.39085,3.9609163613409533,-0.4089331488564024,False,21.244800000000005,32.526675,False,11.8039825,2.669308897294031,-0.23327480031675396,False,9.707600000000003,13.185349999999998,False,4.474880000000001,0.35996238492945704,0.11506757854189897,False,3.424224999999999,5.603100000000001,False,0.21922922450542132,False,False,False,False,False,,17.4,False,25.4169,0.004487504408094607,False,11.362119,0.001995963340335422,False,4.4674063,0.0001340713395012738,False,False,No issues detected.,
C_00371,LOT_009,False,26.2629,26.4561,27.8063,27.1596,10.0139,10.0813,10.2607,10.3774,3.9848,3.9158,4.1766,3.9672,27.39085,3.9609163613409533,-0.05838295457511516,False,21.244800000000005,32.526675,False,11.8039825,2.669308897294031,-0.5344388959427571,False,9.707600000000003,13.185349999999998,False,4.474880000000001,0.35996238492945704,-1.4103695865319157,False,3.424224999999999,5.603100000000001,False,0.138576547494776,False,False,False,False,False,,29.8,False,27.50321,0.007271597692701557,False,10.568931,0.003386323791080047,False,4.0363636,0.0008372472339206275,False,False,No issues detected.,
C_00372,LOT_009,False,25.8795,26.2461,25.4429,26.7703,11.1494,11.0714,11.6659,11.4456,4.111,4.2358,4.1835,4.3894,27.39085,3.9609163613409533,-0.15666829172578556,False,21.244800000000005,32.526675,False,11.8039825,2.669308897294031,-0.13426040738983183,False,9.707600000000003,13.185349999999998,False,4.474880000000001,0.35996238492945704,-0.2374692567301226,False,3.424224999999999,5.603100000000001,False,0.23751884931796707,False,False,False,False,False,,15.1,False,27.360374,0.007738017018636079,False,11.488597,0.002897200806935624,False,4.198839,-0.00025667230818006886,False,False,No issues detected.,
C_00373,LOT_009,False,26.5541,26.7837,28.7292,28.6196,10.5173,11.0368,10.917,11.0642,4.2533,4.344,4.4048,4.3792,27.39085,3.9609163613409533,0.3102186180937205,False,21.244800000000005,32.526675,False,11.8039825,2.669308897294031,-0.27714383327832276,False,9.707600000000003,13.185349999999998,False,4.474880000000001,0.35996238492945704,-0.26580555081818164,False,3.424224999999999,5.603100000000001,False,0.20958899275691567,False,False,False,False,False,,17.1,False,27.929829,0.00795922669304742,False,11.294216,0.0017876121944851381,False,4.3715625,0.00019140611754523172,False,False,No issues detected.,
C_00374,LOT_009,False,24.4915,24.0542,24.0367,24.5177,10.8526,11.1219,11.3295,11.4035,4.0661,4.131,4.1318,4.305,27.39085,3.9609163613409533,-0.7253750743242922,False,21.244800000000005,32.526675,False,11.8039825,2.669308897294031,-0.1500322800429667,False,9.707600000000003,13.185349999999998,False,4.474880000000001,0.35996238492945704,-0.4719381999685685,False,3.424224999999999,5.603100000000001,False,0.1892250842004471,False,False,False,False,False,,21.6,False,25.051992,0.006929114002651627,False,11.359387,0.0016492180400424525,False,4.156286,0.00017559557490878476,False,False,No issues detected.,
C_00375,LOT_009,False,25.6638,26.5138,25.6234,26.3316,11.0389,11.2395,11.0832,11.6566,4.8532,4.6779,4.7535,4.6411,27.39085,3.9609163613409533,-0.2674254903078523,False,21.244800000000005,32.526675,False,11.8039825,2.669308897294031,-0.05521372972210428,False,9.707600000000003,13.185349999999998,False,4.474880000000001,0.35996238492945704,0.4617704709134367,False,3.424224999999999,5.603100000000001,False,0.22032403198391143,False,False,False,False,False,,17.8,False,27.10516,0.0041066649966769765,False,11.589635,0.002431492328643802,False,4.7618523,0.0005830018361409493,False,False,No issues detected.,
C_00376,LOT_009,False,27.1219,26.7772,27.9163,27.9476,10.7755,10.8275,11.0409,11.2595,4.8972,4.7712,4.8713,4.8686,27.39085,3.9609163613409533,0.14056090793381845,False,21.244800000000005,32.526675,False,11.8039825,2.669308897294031,-0.20397882783516033,False,9.707600000000003,13.185349999999998,False,4.474880000000001,0.35996238492945704,1.0937809517990547,False,3.424224999999999,5.603100000000001,False,0.20411814761668273,False,False,False,False,False,,23.9,False,27.698551,0.006398272069295243,False,11.265441,0.0030412565337287014,False,4.874348,0.0007163066916995556,False,False,No issues detected.,
C_00377,LOT_009,False,23.4343,23.1483,24.2398,24.9208,10.7275,10.8805,10.7951,11.4004,4.2492,4.0194,4.4142,4.3034,27.39085,3.9609163613409533,-0.6236056949114105,False,21.244800000000005,32.526675,False,11.8039825,2.669308897294031,-0.15119362933571528,False,9.707600000000003,13.185349999999998,False,4.474880000000001,0.35996238492945704,-0.4763831088451262,False,3.424224999999999,5.603100000000001,False,0.16156770926939962,False,False,False,False,False,,22.1,False,24.367817,0.008468867535061313,False,11.279246,0.002769071737925214,False,4.218429,0.0013821464485592307,False,False,No issues detected.,
C_00378,LOT_009,False,25.5076,25.8839,26.0893,26.271,10.6788,10.9891,10.9194,11.0861,4.2638,4.5562,4.5536,4.4731,27.39085,3.9609163613409533,-0.28272498024191517,False,21.244800000000005,32.526675,False,11.8039825,2.669308897294031,-0.2689394624682598,False,9.707600000000003,13.185349999999998,False,4.474880000000001,0.35996238492945704,-0.004944961125173774,False,3.424224999999999,5.603100000000001,False,0.23328288632465244,False,False,False,False,False,,15.7,False,26.924194,0.00722426622178819,False,11.171242,0.0012648733350965674,False,4.8699827,0.0021790466626485216,False,False,No issues detected.,
C_00379,LOT_009,False,25.3095,25.846,25.357,25.7169,10.1745,10.6395,10.4927,10.4352,4.8194,4.9072,5.0693,4.9667,27.39085,3.9609163613409533,-0.42261685107465685,False,21.244800000000005,32.526675,False,11.8039825,2.669308897294031,-0.5127853510650571,False,9.707600000000003,13.185349999999998,False,4.474880000000001,0.35996238492945704,1.36630942729303,False,3.424224999999999,5.603100000000001,False,0.1412079166235249,False,False,False,False,False,,29.3,False,26.92099,0.0074652082655164926,False,10.9096,0.0018756962352328833,False,4.921149,9.686650700039638e-05,False,False,No issues detected.,
C_00380,LOT_009,False,26.2719,25.2949,26.5332,27.1856,10.9503,10.7889,11.2549,11.1648,5.0771,4.8675,4.9391,5.0036,27.39085,3.9609163613409533,-0.05181881697964278,False,21.244800000000005,32.526675,False,11.8039825,2.669308897294031,-0.23945617558460972,False,9.707600000000003,13.185349999999998,False,4.474880000000001,0.35996238492945704,1.4688201382586514,False,3.424224999999999,5.603100000000001,False,0.15426093023405002,False,False,False,False,False,,29.5,False,26.87523,0.010974519369337306,False,11.266334,0.003315510972340902,False,4.9951267,0.0008862966961330857,False,False,No issues detected.,
C_00381,LOT_009,True,26.6072,33.0422,43.6745,49.856,11.8325,16.5558,23.1519,27.5636,4.7476,5.1214,5.4792,5.607,27.39085,3.9609163613409533,5.6717052193433615,True,21.244800000000005,32.526675,True,11.8039825,2.669308897294031,5.904006657294725,True,9.707600000000003,13.185349999999998,True,4.474880000000001,0.35996238492945704,3.1451063983306606,True,3.424224999999999,5.603100000000001,True,-0.16961115549906247,True,True,True,True,True,"iddq_ua,leakage_ua,prop_delay_ns",82.7,True,50.49938,0.12123040419684515,True,27.55736,0.0763997201071845,True,5.5928626,0.003274045875337386,True,True,"[Module B - Iddq (standby current)] The strongest driver was delta_24h_iddq_ua (6.435), which pushed the predicted 168h value up by 13.63uA relative to baseline. [Module B - leakage current] The strongest driver was delta_24h_leakage_ua (4.723), which pushed the predicted 168h value up by 12.44uA relative to baseline. [Module A - leakage current] Flagged because 168h leakage current is 5.9sigma from its lot's mean (27.56uA vs lot mean 11.80uA); and 168h leakage current (27.56uA) falls outside the lot's normal IQR range [9.71, 13.19]uA. [Module A - Iddq (standby current)] Flagged because 168h Iddq (standby current) is 5.7sigma from its lot's mean (49.86uA vs lot mean 27.39uA); and 168h Iddq (standby current) (49.86uA) falls outside the lot's normal IQR range [21.24, 32.53]uA. [Module A - propagation delay] Flagged because 168h propagation delay is 3.1sigma from its lot's mean (5.61ns vs lot mean 4.47ns); and 168h propagation delay (5.61ns) falls outside the lot's normal IQR range [3.42, 5.60]ns. [Module B - propagation delay] The strongest driver was Value_24h_prop_delay_ns (5.121), which pushed the predicted 168h value up by 0.67ns relative to baseline.","Iddq (standby current), leakage current, propagation delay"
C_00382,LOT_009,False,27.2691,27.4739,27.4823,28.0707,10.6698,10.8262,11.418,11.3903,4.7439,4.7715,4.9493,4.9184,27.39085,3.9609163613409533,0.17163957478007377,False,21.244800000000005,32.526675,False,11.8039825,2.669308897294031,-0.1549773802572509,False,9.707600000000003,13.185349999999998,False,4.474880000000001,0.35996238492945704,1.232128740581929,False,3.424224999999999,5.603100000000001,False,0.19255665349104695,False,False,False,False,False,,25.6,False,28.350039,0.006084295336405433,False,11.201923,0.0026091900719536674,False,4.7949533,0.00016287046008640123,False,False,No issues detected.,
C_00383,LOT_009,False,27.8268,28.2026,27.9571,28.486,11.1032,11.3172,11.422,11.1029,4.5038,4.8393,4.7868,4.6658,27.39085,3.9609163613409533,0.27648904952621656,False,21.244800000000005,32.526675,False,11.8039825,2.669308897294031,-0.2626456985591706,False,9.707600000000003,13.185349999999998,False,4.474880000000001,0.35996238492945704,0.5303887516953042,False,3.424224999999999,5.603100000000001,False,0.16809512392484277,False,False,False,False,False,,21.0,False,28.667362,0.0032275153689914258,False,11.625593,0.0021416193432278125,False,5.009322,0.0011807094891866069,False,False,No issues detected.,
C_00384,LOT_009,False,24.6574,25.4344,25.7728,25.3607,11.3916,11.217,11.2542,11.7063,4.1463,4.0894,4.1802,4.2964,27.39085,3.9609163613409533,-0.5125455361326285,False,21.244800000000005,32.526675,False,11.8039825,2.669308897294031,-0.03659467815771472,False,9.707600000000003,13.185349999999998,False,4.474880000000001,0.35996238492945704,-0.49582958518006737,False,3.424224999999999,5.603100000000001,False,0.2100246348791488,False,False,False,False,False,,18.8,False,26.397192,0.0066860555648803706,False,11.659953,0.0030760633150736455,False,4.228111,0.0009632693767547581,False,False,No issues detected.,
C_00385,LOT_009,False,26.5617,26.2602,26.6949,26.9241,9.5742,9.9737,10.1126,10.3114,3.9769,4.0126,3.949,3.9787,27.39085,3.9609163613409533,-0.1178388931802601,False,21.244800000000005,32.526675,False,11.8039825,2.669308897294031,-0.5591643970141787,False,9.707600000000003,13.185349999999998,False,4.474880000000001,0.35996238492945704,-1.378421803981654,False,3.424224999999999,5.603100000000001,False,0.11411581966710116,False,False,False,False,False,,30.8,False,27.47304,0.008422497410244404,False,10.14759,0.0012075672467549703,False,4.0451493,0.00022603698836432603,False,False,No issues detected.,
C_00386,LOT_009,False,23.1693,24.1413,24.3872,24.2495,12.2164,12.519,12.6334,12.714,4.4049,4.1756,4.1886,4.375,27.39085,3.9609163613409533,-0.7930866782898963,False,21.244800000000005,32.526675,False,11.8039825,2.669308897294031,0.34091876774640656,False,9.707600000000003,13.185349999999998,False,4.474880000000001,0.35996238492945704,-0.27747343661914686,False,3.424224999999999,5.603100000000001,False,0.09408023649454322,False,False,False,False,False,,26.9,False,24.308743,0.001162795299953877,False,12.5998125,0.0005611979696485722,False,4.323443,0.001026687055163912,False,False,No issues detected.,
C_00387,LOT_009,False,25.8039,26.521,27.4491,27.8523,11.1574,11.1699,11.7618,11.4486,4.5035,4.6763,4.6297,4.5674,27.39085,3.9609163613409533,0.11650081897810563,False,21.244800000000005,32.526675,False,11.8039825,2.669308897294031,-0.13313652097749443,False,9.707600000000003,13.185349999999998,False,4.474880000000001,0.35996238492945704,0.257026855786976,False,3.424224999999999,5.603100000000001,False,0.23144608090395757,False,False,False,False,False,,15.6,False,27.314537,0.005510673946804465,False,11.488597,0.0022131730291578494,False,4.738148,0.0004295014752282013,False,False,No issues detected.,
C_00388,LOT_009,False,25.8764,26.0895,27.3878,28.0675,10.6337,10.2842,10.5005,11.1633,4.1375,4.1241,4.2707,4.2939,27.39085,3.9609163613409533,0.17083168092216958,False,21.244800000000005,32.526675,False,11.8039825,2.669308897294031,-0.24001811879077842,False,9.707600000000003,13.185349999999998,False,4.474880000000001,0.35996238492945704,-0.5027747552996906,False,3.424224999999999,5.603100000000001,False,0.19923841732889325,False,False,False,False,False,,19.2,False,26.993786,0.006279762903849277,False,10.84628,0.0039033340136210106,False,4.229402,0.0007312643422020784,False,False,No issues detected.,
C_00389,LOT_009,False,23.4808,23.4076,24.9428,24.1917,11.061,11.1352,11.0421,11.1886,4.2713,4.4858,4.4083,4.416,27.39085,3.9609163613409533,-0.8076792610982928,False,21.244800000000005,32.526675,False,11.8039825,2.669308897294031,-0.2305400100467334,False,9.707600000000003,13.185349999999998,False,4.474880000000001,0.35996238492945704,-0.16357264665734217,False,3.424224999999999,5.603100000000001,False,0.19137090823672825,False,False,False,False,False,,22.2,False,24.55269,0.007952017402648935,False,11.464565,0.002287258868747292,False,4.4500527,-0.0002482448736826595,False,False,No issues detected.,
C_00390,LOT_009,False,25.6321,25.9869,26.5873,26.6236,11.8626,11.3628,11.9672,12.1335,4.2992,4.3644,4.4993,4.3227,27.39085,3.9609163613409533,-0.19370517577408553,False,21.244800000000005,32.526675,False,11.8039825,2.669308897294031,0.12344674695912591,False,9.707600000000003,13.185349999999998,False,4.474880000000001,0.35996238492945704,-0.42276639552164214,False,3.424224999999999,5.603100000000001,False,0.21411033887841707,False,False,False,False,False,,17.8,False,26.912859,0.006430270576477061,False,12.125621,0.005297366958194309,False,4.3836904,0.00013396081394619527,False,False,No issues detected.,
C_00391,LOT_009,False,23.9311,26.0456,26.3782,27.1546,10.4578,10.0232,10.1645,10.2913,4.6653,4.8648,4.7647,4.7259,27.39085,3.9609163613409533,-0.05964528872809127,False,21.244800000000005,32.526675,False,11.8039825,2.669308897294031,-0.5666944359768396,False,9.707600000000003,13.185349999999998,False,4.474880000000001,0.35996238492945704,0.697350641371022,False,3.424224999999999,5.603100000000001,False,0.1586960018718696,False,False,False,False,False,,22.9,False,26.788565,0.005159476958380803,False,10.491046,0.0032489302211337672,False,4.8333025,-0.00021873265372382124,False,False,No issues detected.,
C_00392,LOT_009,False,25.5511,26.7722,27.716,26.872,11.6334,12.2212,12.0395,12.4042,3.9256,3.9977,3.9415,3.9728,27.39085,3.9609163613409533,-0.13099241505426432,False,21.244800000000005,32.526675,False,11.8039825,2.669308897294031,0.2248587642323675,False,9.707600000000003,13.185349999999998,False,4.474880000000001,0.35996238492945704,-1.3948124054639623,False,3.424224999999999,5.603100000000001,False,0.16448699840982423,False,False,False,False,False,,28.4,False,27.248402,0.0033069558461507054,False,12.244109,0.00015909134546915956,False,4.029861,0.00022334009276496017,False,False,No issues detected.,
C_00393,LOT_009,False,26.7341,27.02,27.6912,28.0129,11.572,12.0281,11.9149,11.9465,3.7008,3.7478,3.8188,3.7814,27.39085,3.9609163613409533,0.15704699197167732,False,21.244800000000005,32.526675,False,11.8039825,2.669308897294031,0.05339116059009698,False,9.707600000000003,13.185349999999998,False,4.474880000000001,0.35996238492945704,-1.9265346298222354,False,3.424224999999999,5.603100000000001,False,0.08764836205981519,False,False,False,False,False,,36.7,False,27.918257,0.006237894164191355,False,12.132389,0.000724229643079968,False,3.7765093,0.00019937003453572732,False,False,No issues detected.,
C_00394,LOT_009,False,25.823,27.3934,26.8342,26.3917,10.9684,11.6799,11.6084,12.0944,4.1928,4.2644,4.2969,4.2872,27.39085,3.9609163613409533,-0.25225223378908757,False,21.244800000000005,32.526675,False,11.8039825,2.669308897294031,0.10879876071832911,False,9.707600000000003,13.185349999999998,False,4.474880000000001,0.35996238492945704,-0.5213878112202767,False,3.424224999999999,5.603100000000001,False,0.21752169671842414,False,False,False,False,False,,18.5,False,27.494293,0.0007006473117404531,False,11.892716,0.0014778917206658261,False,4.269603,3.6130385928682486e-05,False,False,No issues detected.,
C_00395,LOT_009,False,25.3716,25.9216,26.8746,26.7266,11.5861,11.2182,11.499,11.7435,4.3822,4.3018,4.2471,4.4279,27.39085,3.9609163613409533,-0.16770109222279053,False,21.244800000000005,32.526675,False,11.8039825,2.669308897294031,-0.022658486644731916,False,9.707600000000003,13.185349999999998,False,4.474880000000001,0.35996238492945704,-0.13051363688794118,False,3.424224999999999,5.603100000000001,False,0.23226075936554014,False,False,False,False,False,,14.8,False,26.92099,0.006940208265516483,False,11.719017,0.0034778960333930156,False,4.3902936,0.0006145388762156164,False,False,No issues detected.,
C_00396,LOT_009,False,26.7118,27.6595,27.3944,28.7876,11.4686,12.6062,12.4817,12.5465,4.3947,4.3617,4.5364,4.618,27.39085,3.9609163613409533,0.35263304563369685,False,21.244800000000005,32.526675,False,11.8039825,2.669308897294031,0.2781684430575701,False,9.707600000000003,13.185349999999998,False,4.474880000000001,0.35996238492945704,0.39759709900812934,False,3.424224999999999,5.603100000000001,False,0.1718669287797539,False,False,False,False,False,,19.7,False,28.26815,0.004226738399929462,False,13.334669,0.005058813285827641,False,4.4492197,0.0006077757199605313,False,False,No issues detected.,
C_00397,LOT_009,False,26.5484,27.0683,28.4969,29.8889,10.9129,11.1273,11.4647,11.3166,4.2422,4.362,4.2577,4.2483,27.39085,3.9609163613409533,0.6306747661680727,False,21.244800000000005,32.526675,False,11.8039825,2.669308897294031,-0.18258752312033907,False,9.707600000000003,13.185349999999998,False,4.474880000000001,0.35996238492945704,-0.6294546582815974,False,3.424224999999999,5.603100000000001,False,0.20671123315972906,False,False,False,False,False,,19.9,False,27.954863,0.006156684684753413,False,11.346886,0.001524900563557943,False,4.3528905,-6.326047579447497e-05,False,False,No issues detected.,
C_00398,LOT_009,False,25.3017,25.0052,24.733,24.9052,11.2319,11.1699,11.4546,11.567,3.9885,3.9976,4.0104,4.0706,27.39085,3.9609163613409533,-0.6275441774686937,False,21.244800000000005,32.526675,False,11.8039825,2.669308897294031,-0.08878047057057992,False,9.707600000000003,13.185349999999998,False,4.474880000000001,0.35996238492945704,-1.1231173503843432,False,3.424224999999999,5.603100000000001,False,0.1762309499159898,False,False,False,False,False,,25.5,False,25.988016,0.006825112003750282,False,11.488597,0.0022131730291578494,False,4.08375,0.0005982622994316961,False,False,No issues detected.,
C_00399,LOT_009,False,23.3586,23.6979,24.8214,25.1408,9.4227,9.5397,9.1291,9.4185,4.8029,4.8283,4.7603,4.7643,27.39085,3.9609163613409533,-0.5680629921804902,False,21.244800000000005,32.526675,False,11.8039825,2.669308897294031,-0.8936704562061906,False,9.707600000000003,13.185349999999998,True,4.474880000000001,0.35996238492945704,0.8040284544084192,False,3.424224999999999,5.603100000000001,False,0.04783904385870985,False,False,True,False,True,leakage_ua,30.1,False,24.69989,0.006958264838324648,False,9.858154,0.0022114881727430566,False,4.8505254,0.00015434291097853202,False,True,"[Module A - leakage current] Flagged because 168h leakage current (9.42uA) falls outside the lot's normal IQR range [9.71, 13.19]uA.",leakage current
C_00400,LOT_009,False,26.0143,26.5695,26.4403,27.3506,12.0667,12.2085,12.1137,12.7954,4.0055,4.0427,4.142,4.0103,27.39085,3.9609163613409533,-0.010161789931452593,False,21.244800000000005,32.526675,False,11.8039825,2.669308897294031,0.3714135524011606,False,9.707600000000003,13.185349999999998,False,4.474880000000001,0.35996238492945704,-1.2906348536696295,False,3.424224999999999,5.603100000000001,False,0.16058620369348847,False,False,False,False,False,,27.7,False,27.380377,0.005631088998582618,False,12.533349,0.002255896091461176,False,4.1123276,0.000483524831136068,False,False,No issues detected.,
C_00401,LOT_010,False,24.2434,24.6653,24.7993,24.3556,11.1545,11.1008,10.9377,11.4436,3.0969,3.0646,2.9823,3.0345,29.190334999999997,5.625569536320244,-0.8594214272502726,False,19.82187499999999,36.62462500000001,False,11.1890725,3.85270875166055,0.0660645577972372,False,8.034850000000002,12.743099999999998,False,3.62024,0.28842914856787577,-2.030793360894169,False,2.6795749999999994,4.536950000000001,False,0.0909803401530681,False,False,False,False,False,,37.4,False,25.188204,0.0036312764697604815,False,11.446369,0.0023997859107123512,False,3.109331,0.00031063119835323766,False,False,No issues detected.,
C_00402,LOT_010,False,26.4648,27.411,27.3783,26.7905,9.2933,9.2168,9.8,9.6511,3.3,3.486,3.464,3.4181,29.190334999999997,5.625569536320244,-0.426594140292106,False,19.82187499999999,36.62462500000001,False,11.1890725,3.85270875166055,-0.3991925160024415,False,8.034850000000002,12.743099999999998,False,3.62024,0.28842914856787577,-0.7008306927495942,False,2.6795749999999994,4.536950000000001,False,0.2896739088734274,False,False,False,False,False,,16.4,False,27.484146,0.0005079591539170912,False,9.631868,0.002882419183519157,False,3.4872499,8.679522408377993e-06,False,False,No issues detected.,
C_00403,LOT_010,False,27.5943,29.3722,28.6621,29.2944,9.3213,9.4825,9.3989,9.9506,3.7335,3.7951,3.7807,3.8203,29.190334999999997,5.625569536320244,0.018498571447411582,False,19.82187499999999,36.62462500000001,False,11.1890725,3.85270875166055,-0.3214550021374463,False,8.034850000000002,12.743099999999998,False,3.62024,0.28842914856787577,0.6936192163425542,False,2.6795749999999994,4.536950000000001,False,0.28198016343247784,False,False,False,False,False,,16.7,False,29.515839,0.000997490437825525,False,9.814056,0.002302474975585938,False,3.7942545,-5.8712402979542594e-06,False,False,No issues detected.,
C_00404,LOT_010,False,27.6468,29.3344,28.1942,28.4848,9.4376,10.0469,10.5131,10.4114,3.6883,3.7043,3.6719,3.6234,29.190334999999997,5.625569536320244,-0.125415745987116,False,19.82187499999999,36.62462500000001,False,11.1890725,3.85270875166055,-0.20185084057153713,False,8.034850000000002,12.743099999999998,False,3.62024,0.28842914856787577,0.01095589684915855,False,2.6795749999999994,4.536950000000001,False,0.30952557842795253,False,False,False,False,False,,11.2,False,29.026947,-0.00213509012858072,False,10.141216,0.0006549741533067434,False,3.7285442,0.00016836274464925182,False,False,No issues detected.,
C_00405,LOT_010,False,25.8645,26.3244,26.9613,28.1905,10.3736,10.9079,10.924,10.9328,3.8629,3.6824,3.5926,3.7848,29.190334999999997,5.625569536320244,-0.17773044907627292,False,19.82187499999999,36.62462500000001,False,11.1890725,3.85270875166055,-0.06651748588302817,False,8.034850000000002,12.743099999999998,False,3.62024,0.28842914856787577,0.5705387295877778,False,2.6795749999999994,4.536950000000001,False,0.28037995686828077,False,False,False,False,False,,15.7,False,27.20657,0.006126178275214296,False,11.123878,0.0014998439258999314,False,3.8029957,0.0008374700122409403,False,False,No issues detected.,
C_00406,LOT_010,False,29.7134,29.9136,29.1324,29.2406,10.7231,11.2236,11.3098,11.7283,3.7422,3.8,3.7846,3.6867,29.190334999999997,5.625569536320244,0.00893509531354617,False,19.82187499999999,36.62462500000001,False,11.1890725,3.85270875166055,0.13996061855638303,False,8.034850000000002,12.743099999999998,False,3.62024,0.28842914856787577,0.2304205394288026,False,2.6795749999999994,4.536950000000001,False,0.23659769324845337,False,False,False,False,False,,15.1,False,30.450888,0.003731164444817445,False,11.650989,0.002967976241641579,False,3.7688427,-0.00021637015872531343,False,False,No issues detected.,
C_00407,LOT_010,False,27.872,27.2115,27.5285,26.4943,10.9404,10.7068,11.1275,10.84,3.2639,3.4396,3.4685,3.5435,29.190334999999997,5.625569536320244,-0.4792465869621992,False,19.82187499999999,36.62462500000001,False,11.1890725,3.85270875166055,-0.09060443508727384,False,8.034850000000002,12.743099999999998,False,3.62024,0.28842914856787577,-0.2660618747482135,False,2.6795749999999994,4.536950000000001,False,0.26246933564630986,False,False,False,False,False,,15.9,False,27.702705,0.003411148495144308,False,11.223034,0.0035849576738145655,False,3.4937434,0.00037599596977233894,False,False,No issues detected.,
C_00408,LOT_010,False,26.2416,28.2358,27.9306,28.2207,8.9974,8.4539,8.9368,9.3241,3.3786,3.4945,3.3637,3.3019,29.190334999999997,5.625569536320244,-0.1723621037371884,False,19.82187499999999,36.62462500000001,False,11.1890725,3.85270875166055,-0.4840678650303326,False,8.034850000000002,12.743099999999998,False,3.62024,0.28842914856787577,-1.103702595873681,False,2.6795749999999994,4.536950000000001,False,0.22378227882087626,False,False,False,False,False,,23.0,False,28.372515,0.0009494078106350291,False,9.338619,0.006143883556789816,False,3.4133887,-0.0005632727146148678,False,False,No issues detected.,
C_00409,LOT_010,False,26.1371,26.9074,27.0891,28.3261,9.1413,9.5078,9.868,9.6997,3.6689,3.5987,3.705,3.7436,29.190334999999997,5.625569536320244,-0.15362622298422504,False,19.82187499999999,36.62462500000001,False,11.1890725,3.85270875166055,-0.3865780145872869,False,8.034850000000002,12.743099999999998,False,3.62024,0.28842914856787577,0.427696023832937,False,2.6795749999999994,4.536950000000001,False,0.29178714150072294,False,False,False,False,False,,14.0,False,27.608755,0.00487052160898845,False,9.750703,0.001686825402577721,False,3.737307,0.0009625491089291042,False,False,No issues detected.,
C_00410,LOT_010,True,29.6558,36.9259,43.8496,49.962,10.5088,17.9794,27.0252,32.3885,3.8028,3.8378,4.0622,4.2346,29.190334999999997,5.625569536320244,3.692366588999096,True,19.82187499999999,36.62462500000001,True,11.1890725,3.85270875166055,5.502473419736923,True,8.034850000000002,12.743099999999998,True,3.62024,0.28842914856787577,2.130020502610275,False,2.6795749999999994,4.536950000000001,False,-0.02438473746183678,True,True,True,False,True,"iddq_ua,leakage_ua",72.1,True,51.133747,0.09866560486687555,True,32.423695,0.10030760146247017,True,3.973084,0.0009394720342424174,False,True,"[Module B - Iddq (standby current)] The strongest driver was delta_24h_iddq_ua (7.270), which pushed the predicted 168h value up by 13.18uA relative to baseline. [Module B - leakage current] The strongest driver was delta_24h_leakage_ua (7.471), which pushed the predicted 168h value up by 13.09uA relative to baseline. [Module A - leakage current] Flagged because 168h leakage current is 5.5sigma from its lot's mean (32.39uA vs lot mean 11.19uA); and 168h leakage current (32.39uA) falls outside the lot's normal IQR range [8.03, 12.74]uA. [Module A - Iddq (standby current)] Flagged because 168h Iddq (standby current) is 3.7sigma from its lot's mean (49.96uA vs lot mean 29.19uA); and 168h Iddq (standby current) (49.96uA) falls outside the lot's normal IQR range [19.82, 36.62]uA.","Iddq (standby current), leakage current"
C_00411,LOT_010,False,28.3789,29.115,28.6163,29.8291,9.5775,10.1786,9.8021,10.023,3.6619,3.8155,3.5864,3.8418,29.190334999999997,5.625569536320244,0.11354672551391609,False,19.82187499999999,36.62462500000001,False,11.1890725,3.85270875166055,-0.3026630288358582,False,8.034850000000002,12.743099999999998,False,3.62024,0.28842914856787577,0.7681609195884053,False,2.6795749999999994,4.536950000000001,False,0.29291882344046566,False,False,False,False,False,,16.8,False,29.527082,0.0028616836335924045,False,10.374598,0.001361094093322758,False,3.798971,-0.0001147851546605436,False,False,No issues detected.,
C_00412,LOT_010,False,26.4477,27.0671,26.8492,27.0307,9.7875,9.873,9.9287,9.9814,3.1875,3.2526,3.0811,3.1668,29.190334999999997,5.625569536320244,-0.383896241270647,False,19.82187499999999,36.62462500000001,False,11.1890725,3.85270875166055,-0.31346062675500247,False,8.034850000000002,12.743099999999998,False,3.62024,0.28842914856787577,-1.5721018567348177,False,2.6795749999999994,4.536950000000001,False,0.23438797534234046,False,False,False,False,False,,26.4,False,27.693523,0.004350162548489041,False,10.218775,0.002401213857862689,False,3.2766385,0.00016693408224317653,False,False,No issues detected.,
C_00413,LOT_010,False,27.6389,26.8317,27.9453,27.971,10.073,10.5344,10.5185,10.3991,3.631,3.7397,3.6302,3.6131,29.190334999999997,5.625569536320244,-0.2167487206633268,False,19.82187499999999,36.62462500000001,False,11.1890725,3.85270875166055,-0.20504339957166876,False,8.034850000000002,12.743099999999998,False,3.62024,0.28842914856787577,-0.02475477958955127,False,2.6795749999999994,4.536950000000001,False,0.31677913588407725,False,False,False,False,False,,11.0,False,27.813366,0.006817124557495107,False,10.779746,0.0017037920527988026,False,3.6977625,-0.0002912327130635581,False,False,No issues detected.,
C_00414,LOT_010,False,25.4074,25.9931,26.4973,26.2821,10.5828,10.1936,10.5983,10.9192,3.2961,3.3655,3.367,3.3968,29.190334999999997,5.625569536320244,-0.5169672121593418,False,19.82187499999999,36.62462500000001,False,11.1890725,3.85270875166055,-0.07004746981813319,False,8.034850000000002,12.743099999999998,False,3.62024,0.28842914856787577,-0.7746789848024606,False,2.6795749999999994,4.536950000000001,False,0.27959790675584284,False,False,False,False,False,,17.5,False,26.651346,0.004571154212951672,False,10.729386,0.003720738400353326,False,3.3881114,0.00015702328417036313,False,False,No issues detected.,
C_00415,LOT_010,False,26.552,26.6732,26.7714,26.4626,8.7802,9.2841,9.5433,9.5425,3.6353,3.7664,3.6205,3.7735,29.190334999999997,5.625569536320244,-0.48488157197044357,False,19.82187499999999,36.62462500000001,False,11.1890725,3.85270875166055,-0.4273804759548234,False,8.034850000000002,12.743099999999998,False,3.62024,0.28842914856787577,0.5313609971841435,False,2.6795749999999994,4.536950000000001,False,0.26121196183004924,False,False,False,False,False,,16.4,False,27.270113,0.004145229106479211,False,9.534815,0.0017410752402411535,False,3.7557793,-7.375509474012566e-05,False,False,No issues detected.,
C_00416,LOT_010,False,28.8597,29.4493,29.5112,31.4961,11.2896,11.1974,11.1,11.344,3.561,3.6745,3.501,3.6009,29.190334999999997,5.625569536320244,0.4098722778401973,False,19.82187499999999,36.62462500000001,False,11.1890725,3.85270875166055,0.04021261662543902,False,8.034850000000002,12.743099999999998,False,3.62024,0.28842914856787577,-0.0670528623616154,False,2.6795749999999994,4.536950000000001,False,0.23308299635781193,False,False,False,False,False,,16.8,False,30.384785,0.006496421517266161,False,11.47171,0.0019049319797092013,False,3.6190586,-0.0003850096596611878,False,False,No issues detected.,
C_00417,LOT_010,False,26.2191,25.3768,26.3673,25.9099,11.3374,11.1602,11.3446,11.6727,3.8017,3.8337,3.973,3.9042,29.190334999999997,5.625569536320244,-0.5831294020668654,False,19.82187499999999,36.62462500000001,False,11.1890725,3.85270875166055,0.12552921364521863,False,8.034850000000002,12.743099999999998,False,3.62024,0.28842914856787577,0.9845052117996179,False,2.6795749999999994,4.536950000000001,False,0.19535072729807923,False,False,False,False,False,,23.4,False,26.45105,0.007460068088107643,False,11.507898,0.002414571740892201,False,3.9214725,0.0006095315933227547,False,False,No issues detected.,
C_00418,LOT_010,False,27.6736,26.4891,28.6602,26.95,11.1396,11.7033,10.8066,11.5183,3.7799,3.8245,3.8626,3.7902,29.190334999999997,5.625569536320244,-0.3982414554714454,False,19.82187499999999,36.62462500000001,False,11.1890725,3.85270875166055,0.08545351367608574,False,8.034850000000002,12.743099999999998,False,3.62024,0.28842914856787577,0.5892608317983631,False,2.6795749999999994,4.536950000000001,False,0.23488515746737243,False,False,False,False,False,,18.2,False,27.516584,0.007135308308071557,False,11.900384,0.0013686385366651714,False,3.8254845,6.836904419792949e-06,False,False,No issues detected.,
C_00419,LOT_010,False,30.3125,30.966,31.1032,30.7048,9.5465,9.7506,9.9891,9.9772,3.4399,3.6407,3.5969,3.573,29.190334999999997,5.625569536320244,0.26921096436941955,False,19.82187499999999,36.62462500000001,False,11.1890725,3.85270875166055,-0.31455076885260863,False,8.034850000000002,12.743099999999998,False,3.62024,0.28842914856787577,-0.16378372378297612,False,2.6795749999999994,4.536950000000001,False,0.25258105751032867,False,False,False,False,False,,15.0,False,30.907665,-0.00040510241190593196,False,9.994584,0.0016943339135911703,False,3.7318056,0.0006326775206459905,False,False,No issues detected.,
C_00420,LOT_010,False,26.0078,24.9245,25.5685,26.3601,10.3947,10.1945,10.6268,10.7648,3.7133,3.4589,3.4506,3.6087,29.190334999999997,5.625569536320244,-0.5031019493630312,False,19.82187499999999,36.62462500000001,False,11.1890725,3.85270875166055,-0.11012316978726608,False,8.034850000000002,12.743099999999998,False,3.62024,0.28842914856787577,-0.04000982583521515,False,2.6795749999999994,4.536950000000001,False,0.283379663234533,False,False,False,False,False,,15.0,False,26.120604,0.008306274731953951,False,10.702942,0.0035308464898003494,False,3.5989616,0.0009726499425040361,False,False,No issues detected.,
C_00421,LOT_010,False,26.713,26.3062,26.4825,27.6403,10.049,10.4128,10.3801,10.7528,3.1575,3.1138,3.2507,3.2183,29.190334999999997,5.625569536320244,-0.2755338797240955,False,19.82187499999999,36.62462500000001,False,11.1890725,3.85270875166055,-0.1132378614947113,False,8.034850000000002,12.743099999999998,False,3.62024,0.28842914856787577,-1.393548474541267,False,2.6795749999999994,4.536950000000001,False,0.23971607950193685,False,False,False,False,False,,24.6,False,27.278223,0.006750159984164765,False,10.775008,0.0025153347333272246,False,3.2436874,0.0009019957727856113,False,False,No issues detected.,
C_00422,LOT_010,False,25.1198,26.1345,26.3083,26.2991,10.1356,10.4924,10.4802,10.7399,3.5172,3.4676,3.5823,3.5316,29.190334999999997,5.625569536320244,-0.513945295908864,False,19.82187499999999,36.62462500000001,False,11.1890725,3.85270875166055,-0.11658615508021529,False,8.034850000000002,12.743099999999998,False,3.62024,0.28842914856787577,-0.3073198407308,False,2.6795749999999994,4.536950000000001,False,0.29448041642496997,False,False,False,False,False,,14.6,False,26.47232,0.0023459760877821236,False,10.775008,0.0019625569555494523,False,3.4862878,0.0001297766129175821,False,False,No issues detected.,
C_00423,LOT_010,False,28.1029,29.7902,29.7075,29.292,9.9898,10.1233,10.5328,10.0332,3.5736,3.5626,3.643,3.6049,29.190334999999997,5.625569536320244,0.01807194797675623,False,19.82187499999999,36.62462500000001,False,11.1890725,3.85270875166055,-0.3000155408845292,False,8.034850000000002,12.743099999999998,False,3.62024,0.28842914856787577,-0.05318463850192221,False,2.6795749999999994,4.536950000000001,False,0.3007988883487908,False,False,False,False,False,,12.5,False,29.689507,-0.0006992602030436106,False,10.513461,0.002709452173444957,False,3.60857,0.00031923679775661747,False,False,No issues detected.,
C_00424,LOT_010,False,26.6706,26.568,27.2556,27.2911,8.9808,9.1989,9.0453,9.3481,3.3817,3.4399,3.3871,3.4461,29.190334999999997,5.625569536320244,-0.33760759470450186,False,19.82187499999999,36.62462500000001,False,11.1890725,3.85270875166055,-0.4778384816154413,False,8.034850000000002,12.743099999999998,False,3.62024,0.28842914856787577,-0.6037531257317419,False,2.6795749999999994,4.536950000000001,False,0.26803879281711557,False,False,False,False,False,,16.6,False,27.270113,0.004875784662034767,False,9.412631,0.0014842432975769038,False,3.4255323,-9.977540969848758e-05,False,False,No issues detected.,
C_00425,LOT_010,False,24.3695,23.5463,24.6404,24.4978,9.4112,9.4856,10.2886,9.6935,3.5587,3.5372,3.4769,3.5223,29.190334999999997,5.625569536320244,-0.8341439866139211,False,19.82187499999999,36.62462500000001,False,11.1890725,3.85270875166055,-0.388187271969467,False,8.034850000000002,12.743099999999998,False,3.62024,0.28842914856787577,-0.3395634612045869,False,2.6795749999999994,4.536950000000001,False,0.2058401703707337,False,False,False,False,False,,21.7,False,24.789919,0.00863624235788982,False,9.814056,0.002280947197808161,False,3.5390635,1.294065051608685e-05,False,False,No issues detected.,
C_00426,LOT_010,False,27.4907,27.5994,29.5363,27.4156,10.4563,10.5781,10.9248,11.0121,3.9332,3.6811,3.7139,3.7771,29.190334999999997,5.625569536320244,-0.31547650216423645,False,19.82187499999999,36.62462500000001,False,11.1890725,3.85270875166055,-0.045934564849658854,False,8.034850000000002,12.743099999999998,False,3.62024,0.28842914856787577,0.5438423986578675,False,2.6795749999999994,4.536950000000001,False,0.28109619659369384,False,False,False,False,False,,15.5,False,28.387096,0.005470113923814567,False,10.982424,0.0028078040440877336,False,3.8146036,0.0009271081050237032,False,False,No issues detected.,
C_00427,LOT_010,False,29.8117,29.4186,29.1075,31.3771,10.5016,10.4942,10.9464,10.7336,3.3722,3.3671,3.2953,3.3383,29.190334999999997,5.625569536320244,0.3887188640868515,False,19.82187499999999,36.62462500000001,False,11.1890725,3.85270875166055,-0.11822136822662453,False,8.034850000000002,12.743099999999998,False,3.62024,0.28842914856787577,-0.9775017587504732,False,2.6795749999999994,4.536950000000001,False,0.22925585929239167,False,False,False,False,False,,21.7,False,30.34177,0.0064109039730495775,False,10.847106,0.002450735971662738,False,3.389978,0.00015887452761332053,False,False,No issues detected.,
C_00428,LOT_010,False,25.1741,26.2105,25.6648,25.7551,10.5428,10.7749,10.6119,10.6392,3.4473,3.3741,3.4173,3.424,29.190334999999997,5.625569536320244,-0.6106466159241593,False,19.82187499999999,36.62462500000001,False,11.1890725,3.85270875166055,-0.14272360965852912,False,8.034850000000002,12.743099999999998,False,3.62024,0.28842914856787577,-0.6803750625565467,False,2.6795749999999994,4.536950000000001,False,0.2690233561581366,False,False,False,False,False,,17.2,False,26.62848,0.0029026452170477996,False,11.112887,0.002347134600745303,False,3.4156098,0.00028826275401645324,False,False,No issues detected.,
C_00429,LOT_010,False,30.8916,30.703,31.9041,31.7261,10.3967,10.4595,10.8326,10.7347,3.8935,4.0348,3.8079,4.0757,29.190334999999997,5.625569536320244,0.45075702711137,False,19.82187499999999,36.62462500000001,False,11.1890725,3.85270875166055,-0.11793585482010843,False,8.034850000000002,12.743099999999998,False,3.62024,0.28842914856787577,1.579105309783964,False,2.6795749999999994,4.536950000000001,False,0.17205584901085658,False,False,False,False,False,,29.6,False,31.286037,0.004048871146308055,False,10.808715,0.00242510324054294,False,4.026892,-5.491538047790333e-05,False,False,No issues detected.,
C_00430,LOT_010,False,25.8039,27.5716,26.9122,26.5592,9.5033,9.2625,9.5786,9.8208,3.3792,3.458,3.3742,3.3858,29.190334999999997,5.625569536320244,-0.46770997727655067,False,19.82187499999999,36.62462500000001,False,11.1890725,3.85270875166055,-0.3551455841063155,False,8.034850000000002,12.743099999999998,False,3.62024,0.28842914856787577,-0.8128166004166156,False,2.6795749999999994,4.536950000000001,False,0.28634959452976677,False,False,False,False,False,,17.5,False,28.350876,0.005411637878417968,False,9.686754,0.0029462099075317433,False,3.42788,-0.00020916632811228563,False,False,No issues detected.,
C_00431,LOT_010,False,26.1279,26.1519,27.4772,27.676,9.1784,9.6643,9.4591,10.0054,3.9027,3.9269,3.958,4.061,29.190334999999997,5.625569536320244,-0.269187855598092,False,19.82187499999999,36.62462500000001,False,11.1890725,3.85270875166055,-0.30723124334011165,False,8.034850000000002,12.743099999999998,False,3.62024,0.28842914856787577,1.5281395870995902,False,2.6795749999999994,4.536950000000001,False,0.21487180000783085,False,False,False,False,False,,27.0,False,26.819979,0.004639435513814282,False,9.90387,0.0016636779785156196,False,3.9452217,0.0001272337675094616,False,False,No issues detected.,
C_00432,LOT_010,False,27.0595,27.7617,28.1581,27.8908,9.5076,9.2176,10.076,10.1056,3.7538,3.6532,3.7918,3.6727,29.190334999999997,5.625569536320244,-0.2310050549744055,False,19.82187499999999,36.62462500000001,False,11.1890725,3.85270875166055,-0.28122356758294104,False,8.034850000000002,12.743099999999998,False,3.62024,0.28842914856787577,0.1818817559198757,False,2.6795749999999994,4.536950000000001,False,0.29499003145047475,False,False,False,False,False,,12.6,False,28.403109,0.004454226366678866,False,9.686754,0.0032580154630873,False,3.7482507,0.0006600744644800822,False,False,No issues detected.,
C_00433,LOT_010,False,25.5271,25.768,26.8108,27.0006,8.983,9.2028,9.6074,9.3226,3.2262,3.2712,3.3832,3.19,29.190334999999997,5.625569536320244,-0.38924681063178757,False,19.82187499999999,36.62462500000001,False,11.1890725,3.85270875166055,-0.4844572014937633,False,8.034850000000002,12.743099999999998,False,3.62024,0.28842914856787577,-1.4916661583485968,False,2.6795749999999994,4.536950000000001,False,0.23221166452634928,False,False,False,False,False,,25.8,False,26.635334,0.006023152881198455,False,9.412631,0.001457159964243572,False,3.2385576,-0.0002266834921307026,False,False,No issues detected.,
C_00434,LOT_010,False,29.0149,28.2235,29.0731,30.3819,10.5188,10.1359,10.8179,10.821,3.4682,3.4701,3.5922,3.5879,29.190334999999997,5.625569536320244,0.21181233158828253,False,19.82187499999999,36.62462500000001,False,11.1890725,3.85270875166055,-0.09553603029072932,False,8.034850000000002,12.743099999999998,False,3.62024,0.28842914856787577,-0.11212458990561938,False,2.6795749999999994,4.536950000000001,False,0.29166544258091676,False,False,False,False,False,,12.2,False,29.496626,0.008841152085198287,False,10.712062,0.004001124180687802,False,3.4924018,0.0001548738771014746,False,False,No issues detected.,
C_00435,LOT_010,True,27.9965,36.6567,47.3156,53.8296,10.9588,14.2231,18.4628,20.5652,3.3601,3.6415,4.0738,4.1564,29.190334999999997,5.625569536320244,4.379870311960779,True,19.82187499999999,36.62462500000001,True,11.1890725,3.85270875166055,2.4336455476835126,False,8.034850000000002,12.743099999999998,True,3.62024,0.28842914856787577,1.8588967261532712,False,2.6795749999999994,4.536950000000001,False,0.006877746463594958,False,True,True,False,True,"iddq_ua,leakage_ua",61.2,True,53.483864,0.11685530437893338,True,21.04673,0.047386319732666014,True,4.114825,0.003286977582507662,True,True,"[Module B - Iddq (standby current)] The strongest driver was delta_24h_iddq_ua (8.660), which pushed the predicted 168h value up by 16.50uA relative to baseline. [Module B - leakage current] The strongest driver was delta_24h_leakage_ua (3.264), which pushed the predicted 168h value up by 6.57uA relative to baseline. [Module A - Iddq (standby current)] Flagged because 168h Iddq (standby current) is 4.4sigma from its lot's mean (53.83uA vs lot mean 29.19uA); and 168h Iddq (standby current) (53.83uA) falls outside the lot's normal IQR range [19.82, 36.62]uA. [Module B - propagation delay] The strongest driver was Value_24h_prop_delay_ns (3.642), which pulled the predicted 168h value down by 0.66ns relative to baseline. [Module A - leakage current] Flagged because 168h leakage current (20.57uA) falls outside the lot's normal IQR range [8.03, 12.74]uA.","Iddq (standby current), leakage current, propagation delay"
C_00436,LOT_010,False,28.81,28.5691,30.2385,30.6633,9.3492,9.3005,9.5561,9.5827,3.9188,3.909,3.8093,3.9578,29.190334999999997,5.625569536320244,0.26183393352266465,False,19.82187499999999,36.62462500000001,False,11.1890725,3.85270875166055,-0.4169462587348807,False,8.034850000000002,12.743099999999998,False,3.62024,0.28842914856787577,1.1703394115195074,False,2.6795749999999994,4.536950000000001,False,0.237575460048693,False,False,False,False,False,,22.9,False,30.014162,0.010035153219434958,False,9.736948,0.003030888981289337,False,3.932249,0.00016145186954074568,False,False,No issues detected.,
C_00437,LOT_010,False,30.0327,29.7042,30.2764,31.0432,10.3548,10.6685,10.0258,10.7095,3.4582,3.5867,3.5653,3.5496,29.190334999999997,5.625569536320244,0.3293648737318753,False,19.82187499999999,36.62462500000001,False,11.1890725,3.85270875166055,-0.12447670740574406,False,8.034850000000002,12.743099999999998,False,3.62024,0.28842914856787577,-0.24491283336218145,False,2.6795749999999994,4.536950000000001,False,0.27514903632210896,False,False,False,False,False,,14.0,False,30.899408,0.008300057919820148,False,10.930418,0.0018188751008775508,False,3.581685,-3.482592900594075e-05,False,False,No issues detected.,
C_00438,LOT_010,False,25.6679,25.5198,25.8567,26.8662,10.0556,9.7653,9.8373,10.3515,3.0216,3.1272,3.0613,3.08,29.190334999999997,5.625569536320244,-0.4131377249885075,False,19.82187499999999,36.62462500000001,False,11.1890725,3.85270875166055,-0.21739834334453634,False,8.034850000000002,12.743099999999998,False,3.62024,0.28842914856787577,-1.8730423144901585,False,2.6795749999999994,4.536950000000001,False,0.19306720126823973,False,False,False,False,False,,31.0,False,26.515263,0.0069129347483317055,False,10.213854,0.003114957194858128,False,3.1321828,3.4603031476337305e-05,False,False,No issues detected.,
C_00439,LOT_010,False,26.7276,26.05,25.3083,25.9257,9.7701,10.1992,10.2406,10.3978,3.6796,3.6947,3.7147,3.8054,29.190334999999997,5.625569536320244,-0.5803207975517155,False,19.82187499999999,36.62462500000001,False,11.1890725,3.85270875166055,-0.20538082450664216,False,8.034850000000002,12.743099999999998,False,3.62024,0.28842914856787577,0.6419600824651974,False,2.6795749999999994,4.536950000000001,False,0.28033692215452294,False,False,False,False,False,,16.3,False,26.750288,0.004863111178080236,False,10.458782,0.0018026541392008506,False,3.7285442,0.0002350294113159173,False,False,No issues detected.,
C_00440,LOT_010,False,28.331,28.5356,30.1364,30.1268,9.1403,9.5131,9.5172,9.6814,3.9487,3.9133,3.9748,3.9643,29.190334999999997,5.625569536320244,0.16646581185316847,False,19.82187499999999,36.62462500000001,False,11.1890725,3.85270875166055,-0.39132791944114137,False,8.034850000000002,12.743099999999998,False,3.62024,0.28842914856787577,1.1928752752915086,False,2.6795749999999994,4.536950000000001,False,0.22322195787368165,False,False,False,False,False,,23.8,False,29.25439,0.004991602198282886,False,9.750703,0.0016500198470221648,False,3.947396,0.00023677805529700384,False,False,No issues detected.,
C_00441,LOT_011,False,26.7724,26.2815,25.9192,26.9603,9.9257,10.5217,11.073,11.3363,4.3513,4.4519,4.3676,4.5035,27.426395000000003,8.02939193754054,-0.05804860487888589,False,20.292425000000005,31.270299999999995,False,13.625335000000002,9.16987388928606,-0.24962557038810262,False,8.540650000000001,14.482899999999999,False,4.3701875,0.5563947160929493,0.23960058595834868,False,3.4814,5.1104,False,0.2658738510259014,False,False,False,False,False,,13.8,False,27.317097,0.007191643820868589,False,11.036032,0.0035717480765448733,False,4.497672,0.0003178616735670288,False,False,No issues detected.,
C_00442,LOT_011,True,23.0303,29.3119,39.2297,46.3084,9.4014,22.4651,45.0453,62.6976,4.2924,4.7743,5.4295,6.3097,27.426395000000003,8.02939193754054,2.3516108251883003,False,20.292425000000005,31.270299999999995,True,13.625335000000002,9.16987388928606,5.351465635458224,True,8.540650000000001,14.482899999999999,True,4.3701875,0.5563947160929493,3.4858571512314507,True,3.4814,5.1104,True,-0.028448359342828855,True,True,True,True,True,"iddq_ua,leakage_ua,prop_delay_ns",71.0,True,43.970837,0.10179817110697427,True,62.304737,0.27666414646572535,True,6.211626,0.009981430922614202,True,True,"[Module B - leakage current] The strongest driver was delta_24h_leakage_ua (13.064), which pushed the predicted 168h value up by 31.55uA relative to baseline. [Module B - Iddq (standby current)] The strongest driver was pct_change_24h_iddq_ua (0.273), which pushed the predicted 168h value up by 7.36uA relative to baseline. [Module A - leakage current] Flagged because 168h leakage current is 5.4sigma from its lot's mean (62.70uA vs lot mean 13.63uA); and 168h leakage current (62.70uA) falls outside the lot's normal IQR range [8.54, 14.48]uA. [Module A - propagation delay] Flagged because 168h propagation delay is 3.5sigma from its lot's mean (6.31ns vs lot mean 4.37ns); and 168h propagation delay (6.31ns) falls outside the lot's normal IQR range [3.48, 5.11]ns. [Module B - propagation delay] The strongest driver was Value_24h_prop_delay_ns (4.774), which pushed the predicted 168h value up by 0.57ns relative to baseline. [Module A - Iddq (standby current)] Flagged because 168h Iddq (standby current) (46.31uA) falls outside the lot's normal IQR range [20.29, 31.27]uA.","Iddq (standby current), leakage current, propagation delay"
C_00443,LOT_011,False,24.4264,26.1203,25.1646,26.8748,11.7519,11.2263,12.6314,13.5172,4.3944,4.4574,4.3721,4.5574,27.426395000000003,8.02939193754054,-0.06869698282146132,False,20.292425000000005,31.270299999999995,False,13.625335000000002,9.16987388928606,-0.01179241953658098,False,8.540650000000001,14.482899999999999,False,4.3701875,0.5563947160929493,0.3364742593434787,False,3.4814,5.1104,False,0.244628429789291,False,False,False,False,False,,15.6,False,26.773592,0.004536749966939289,False,12.828086,0.011123513189951577,False,4.4798756,0.00015608030954996878,False,False,No issues detected.,
C_00444,LOT_011,False,25.0048,25.2377,25.7673,24.7718,9.3328,9.3057,10.0288,9.9087,3.722,3.7043,3.7848,3.6808,27.426395000000003,8.02939193754054,-0.330609717479195,False,20.292425000000005,31.270299999999995,False,13.625335000000002,9.16987388928606,-0.40530928177130776,False,8.540650000000001,14.482899999999999,False,4.3701875,0.5563947160929493,-1.2390259649497344,False,3.4814,5.1104,False,0.20451791925777874,False,False,False,False,False,,25.1,False,26.124851,0.006160772408379447,False,9.924028,0.0042939471986558715,False,3.7751646,0.0004921153068542486,False,False,No issues detected.,
C_00445,LOT_011,False,24.9171,25.1181,26.435,26.934,9.7592,9.8729,9.9066,10.4179,4.207,4.1662,4.2646,4.2249,27.426395000000003,8.02939193754054,-0.06132407084250841,False,20.292425000000005,31.270299999999995,False,13.625335000000002,9.16987388928606,-0.3497796195155442,False,8.540650000000001,14.482899999999999,False,4.3701875,0.5563947160929493,-0.2611230764738769,False,3.4814,5.1104,False,0.313639396450548,False,False,False,False,False,,12.2,False,26.124851,0.006991327963935016,False,10.421598,0.0038104057947794625,False,4.309729,0.0009967298560672343,False,False,No issues detected.,
C_00446,LOT_011,False,23.7803,24.0358,24.0471,24.7388,10.2006,10.6442,10.701,11.1791,4.0078,4.0301,3.9514,4.1642,27.426395000000003,8.02939193754054,-0.3347196177377326,False,20.292425000000005,31.270299999999995,False,13.625335000000002,9.16987388928606,-0.26676866329188503,False,8.540650000000001,14.482899999999999,False,4.3701875,0.5563947160929493,-0.37021828935842815,False,3.4814,5.1104,False,0.34747690855120056,False,False,False,False,False,,10.7,False,24.675955,0.004445519574483248,False,11.155365,0.0035497568766276067,False,4.1443987,0.0007937408977084689,False,False,No issues detected.,
C_00447,LOT_011,False,23.3912,23.1024,24.5168,24.2362,10.6716,11.2114,11.853,12.154,4.1809,4.2452,4.3021,4.295,27.426395000000003,8.02939193754054,-0.3973146440995857,False,20.292425000000005,31.270299999999995,False,13.625335000000002,9.16987388928606,-0.16045313357243515,False,8.540650000000001,14.482899999999999,False,4.3701875,0.5563947160929493,-0.1351333825165939,False,3.4814,5.1104,False,0.33117207798259163,False,False,False,False,False,,11.8,False,24.374155,0.008831632253858782,False,11.757669,0.0037935378392537477,False,4.248491,2.2852849960329645e-05,False,False,No issues detected.,
C_00448,LOT_011,False,24.5305,25.2793,26.7049,27.1232,11.0493,11.5326,12.0798,12.1717,4.2187,4.0715,4.1927,4.3903,27.426395000000003,8.02939193754054,-0.037760642693557826,False,20.292425000000005,31.270299999999995,False,13.625335000000002,9.16987388928606,-0.15852289982945203,False,8.540650000000001,14.482899999999999,False,4.3701875,0.5563947160929493,0.036147898997372634,False,3.4814,5.1104,False,0.29936544277811755,False,False,False,False,False,,11.4,False,26.431694,0.008002736324734163,False,12.082038,0.0038155411508348225,False,4.2302117,0.001102164824803668,False,False,No issues detected.,
C_00449,LOT_011,False,23.929,23.7929,24.8618,25.4776,9.8341,10.1407,10.5389,11.0404,4.2055,4.3367,4.1663,4.2786,27.426395000000003,8.02939193754054,-0.2427076689193147,False,20.292425000000005,31.270299999999995,False,13.625335000000002,9.16987388928606,-0.2818942802496117,False,8.540650000000001,14.482899999999999,False,4.3701875,0.5563947160929493,-0.16460886013284834,False,3.4814,5.1104,False,0.34014849859242824,False,False,False,False,False,,10.3,False,24.901962,0.007701821390787764,False,10.765518,0.004339015197753902,False,4.3351607,-1.0689359241064819e-05,False,False,No issues detected.,
C_00450,LOT_011,False,24.5805,23.6459,24.9388,25.4892,10.0771,9.974,10.1535,10.7831,4.3087,4.3435,4.2397,4.4586,27.426395000000003,8.02939193754054,-0.2412629767072224,False,20.292425000000005,31.270299999999995,False,13.625335000000002,9.16987388928606,-0.3099535538128639,False,8.540650000000001,14.482899999999999,False,4.3701875,0.5563947160929493,0.15890247955774922,False,3.4814,5.1104,False,0.320952309257904,False,False,False,False,False,,11.5,False,25.251463,0.011149742613898376,False,10.559656,0.0040670565499199745,False,4.386121,0.00029597775141398323,False,False,No issues detected.,
C_00451,LOT_011,False,24.6962,25.5482,25.6054,24.7538,10.7081,11.081,11.2107,11.2118,4.013,4.1404,4.1707,4.228,27.426395000000003,8.02939193754054,-0.3328514812565794,False,20.292425000000005,31.270299999999995,False,13.625335000000002,9.16987388928606,-0.26320263824128903,False,8.540650000000001,14.482899999999999,False,4.3701875,0.5563947160929493,-0.2555514922903168,False,3.4814,5.1104,False,0.34983057077810553,False,False,False,False,False,,10.3,False,26.355772,0.0056081390168931655,False,11.580112,0.003466058731079105,False,4.1639047,0.00016322685347663283,False,False,No issues detected.,
C_00452,LOT_011,False,25.2136,25.9999,26.1182,26.437,11.3316,11.3471,12.1781,12.4489,4.3629,4.2277,4.4644,4.4594,27.426395000000003,8.02939193754054,-0.12322165958473072,False,20.292425000000005,31.270299999999995,False,13.625335000000002,9.16987388928606,-0.12829347646476688,False,8.540650000000001,14.482899999999999,False,4.3701875,0.5563947160929493,0.16034030773415173,False,3.4814,5.1104,False,0.28281015072702825,False,False,False,False,False,,12.2,False,26.911268,0.006328946071200899,False,12.196647,0.005899629794226757,False,4.4002495,0.001198260286119252,False,False,No issues detected.,
C_00453,LOT_011,True,25.9317,38.3111,54.2653,64.7722,9.751,15.7589,24.9764,32.8298,3.6209,4.1142,4.5379,4.974,27.426395000000003,8.02939193754054,4.651137382569879,True,20.292425000000005,31.270299999999995,True,13.625335000000002,9.16987388928606,2.0942997942903228,False,8.540650000000001,14.482899999999999,True,4.3701875,0.5563947160929493,1.0852232822051626,False,3.4814,5.1104,False,0.008023896224900406,False,True,True,False,True,"iddq_ua,leakage_ua",63.4,True,65.73403,0.1904370255364312,True,32.561367,0.11668379885355631,True,4.938046,0.005721152628792654,True,True,"[Module B - Iddq (standby current)] The strongest driver was delta_24h_iddq_ua (12.379), which pushed the predicted 168h value up by 24.32uA relative to baseline. [Module B - leakage current] The strongest driver was delta_24h_leakage_ua (6.008), which pushed the predicted 168h value up by 13.19uA relative to baseline. [Module A - Iddq (standby current)] Flagged because 168h Iddq (standby current) is 4.7sigma from its lot's mean (64.77uA vs lot mean 27.43uA); and 168h Iddq (standby current) (64.77uA) falls outside the lot's normal IQR range [20.29, 31.27]uA. [Module B - propagation delay] The strongest driver was delta_24h_prop_delay_ns (0.493), which pushed the predicted 168h value up by 0.49ns relative to baseline. [Module A - leakage current] Flagged because 168h leakage current (32.83uA) falls outside the lot's normal IQR range [8.54, 14.48]uA.","Iddq (standby current), leakage current, propagation delay"
C_00454,LOT_011,False,24.7856,24.9963,26.6008,26.8932,10.1033,10.6852,10.5241,11.029,4.0071,4.0454,4.1678,4.2643,27.426395000000003,8.02939193754054,-0.06640540207124628,False,20.292425000000005,31.270299999999995,False,13.625335000000002,9.16987388928606,-0.28313748164339747,False,8.540650000000001,14.482899999999999,False,4.3701875,0.5563947160929493,-0.19031003878604502,False,3.4814,5.1104,False,0.3327747367662889,False,False,False,False,False,,10.7,False,25.881542,0.006147515318128787,False,11.192211,0.003520910771687825,False,4.1617785,0.0008081836806403274,False,False,No issues detected.,
C_00455,LOT_011,False,24.1993,24.2553,24.581,24.6929,10.3015,10.3557,11.0147,10.8757,4.5399,4.5965,4.612,4.7427,27.426395000000003,8.02939193754054,-0.3404361153700626,False,20.292425000000005,31.270299999999995,False,13.625335000000002,9.16987388928606,-0.29985526880720054,False,8.540650000000001,14.482899999999999,False,4.3701875,0.5563947160929493,0.669511210702744,False,3.4814,5.1104,False,0.27098961697102636,False,False,False,False,False,,17.0,False,25.04846,0.005508055602179645,False,10.869131,0.0035654936684502456,False,4.614541,0.00012528509563870035,False,False,No issues detected.,
C_00456,LOT_011,False,23.1861,23.0478,24.0066,24.7704,11.3092,11.2884,12.3734,12.09,4.0593,4.1777,4.2057,4.1362,27.426395000000003,8.02939193754054,-0.3307840768841027,False,20.292425000000005,31.270299999999995,False,13.625335000000002,9.16987388928606,-0.1674325098182499,False,8.540650000000001,14.482899999999999,False,4.3701875,0.5563947160929493,-0.420542275532522,False,3.4814,5.1104,False,0.3113431168406109,False,False,False,False,False,,12.9,False,24.238808,0.00827088665432401,False,11.9676695,0.0047171492152743915,False,4.1639047,-9.580092430114571e-05,False,False,No issues detected.,
C_00457,LOT_011,False,24.5828,25.1651,24.7939,27.1914,10.5283,10.6163,11.1015,11.7642,4.3592,4.5092,4.7403,4.6299,27.426395000000003,8.02939193754054,-0.029266848825912718,False,20.292425000000005,31.270299999999995,False,13.625335000000002,9.16987388928606,-0.2029618970196005,False,8.540650000000001,14.482899999999999,False,4.3701875,0.5563947160929493,0.46677743782996917,False,3.4814,5.1104,False,0.3097864648403595,False,False,False,False,False,,13.4,False,26.042913,0.006095926645067011,False,11.320361,0.004889313454098166,False,4.551532,0.0002939707756042489,False,False,No issues detected.,
C_00458,LOT_011,False,24.7216,25.4377,25.033,26.9212,8.9995,9.4072,9.7837,10.3485,3.9648,3.8642,4.0572,3.9074,27.426395000000003,8.02939193754054,-0.06291821397309308,False,20.292425000000005,31.270299999999995,False,13.625335000000002,9.16987388928606,-0.3573478806320996,False,8.540650000000001,14.482899999999999,False,4.3701875,0.5563947160929493,-0.8317611339836817,False,3.4814,5.1104,False,0.2704770337614768,False,False,False,False,False,,18.4,False,26.431694,0.006902736324734161,False,9.911066,0.0034990698284573054,False,3.960997,0.0006722021155887189,False,False,No issues detected.,
C_00459,LOT_011,False,22.8814,24.3447,23.7521,23.2723,10.0233,9.5254,9.9666,10.0657,3.8984,3.9426,4.0367,4.1656,27.426395000000003,8.02939193754054,-0.5173610943785154,False,20.292425000000005,31.270299999999995,False,13.625335000000002,9.16987388928606,-0.38818799941829346,False,8.540650000000001,14.482899999999999,False,4.3701875,0.5563947160929493,-0.367702090049723,False,3.4814,5.1104,False,0.2736017245347534,False,False,False,False,False,,15.6,False,24.585495,0.001672187466091583,False,10.25898,0.005094304148356123,False,3.9973164,0.0003799747255113382,False,False,No issues detected.,
C_00460,LOT_011,False,23.022,23.5828,23.8488,23.7782,11.4703,11.255,11.4872,12.312,3.9961,4.2458,4.0901,4.1425,27.426395000000003,8.02939193754054,-0.454355077990809,False,20.292425000000005,31.270299999999995,False,13.625335000000002,9.16987388928606,-0.14322279846558006,False,8.540650000000001,14.482899999999999,False,4.3701875,0.5563947160929493,-0.40921937864335034,False,3.4814,5.1104,False,0.28479715465870864,False,False,False,False,False,,14.5,False,24.456194,0.0060652355829874756,False,11.969425,0.004961286120944547,False,4.1986194,-0.0003276432938045927,False,False,No issues detected.,
C_00461,LOT_011,False,23.8641,24.5671,24.2392,25.8277,11.1129,11.561,12.0814,12.2336,3.8861,3.876,3.9301,3.956,27.426395000000003,8.02939193754054,-0.19910536344918972,False,20.292425000000005,31.270299999999995,False,13.625335000000002,9.16987388928606,-0.15177253436670313,False,8.540650000000001,14.482899999999999,False,4.3701875,0.5563947160929493,-0.7444130722672202,False,3.4814,5.1104,False,0.27964935784105566,False,False,False,False,False,,17.2,False,25.238459,0.004662212732103137,False,12.128186,0.003938793235354954,False,3.9486942,0.0005048210355970603,False,False,No issues detected.,
C_00462,LOT_011,False,23.8054,23.343,23.999,24.8786,9.9025,10.0949,10.7005,10.6683,3.7947,4.0535,3.8542,3.95,27.426395000000003,8.02939193754054,-0.31730858573338144,False,20.292425000000005,31.270299999999995,False,13.625335000000002,9.16987388928606,-0.32247280995379396,False,8.540650000000001,14.482899999999999,False,4.3701875,0.5563947160929493,-0.7551967835902398,False,3.4814,5.1104,False,0.3063993950215776,False,False,False,False,False,,16.0,False,24.440527,0.007621715015835233,False,10.7091055,0.004265315914154046,False,4.045048,-5.869279967413771e-05,False,False,No issues detected.,
C_00463,LOT_011,False,23.1909,23.5607,24.5887,23.8458,10.7456,10.821,11.2168,12.0426,4.0672,4.1275,4.1515,4.1095,27.426395000000003,8.02939193754054,-0.4459360095824098,False,20.292425000000005,31.270299999999995,False,13.625335000000002,9.16987388928606,-0.1726016103503064,False,8.540650000000001,14.482899999999999,False,4.3701875,0.5563947160929493,-0.4685297909199606,False,3.4814,5.1104,False,0.34011380891752274,False,False,False,False,False,,11.9,False,24.465216,0.006281358909606929,False,11.4232,0.004181942039065893,False,4.1448774,0.00012067662345038249,False,False,No issues detected.,
C_00464,LOT_011,False,23.2976,23.4022,24.6747,25.4671,9.644,9.4572,9.5931,10.0062,4.1629,4.1042,4.2392,4.363,27.426395000000003,8.02939193754054,-0.24401536445612226,False,20.292425000000005,31.270299999999995,False,13.625335000000002,9.16987388928606,-0.39467663827182436,False,8.540650000000001,14.482899999999999,False,4.3701875,0.5563947160929493,-0.012917987522367056,False,3.4814,5.1104,False,0.2950253025638958,False,False,False,False,False,,13.5,False,24.595943,0.00828988507588704,False,10.116142,0.004575988006591795,False,4.2626944,0.0011006552696228053,False,False,No issues detected.,
C_00465,LOT_011,True,24.7522,31.915,42.1695,50.3395,10.8694,15.7295,24.4917,30.4649,4.3565,5.1399,6.0252,6.6587,27.426395000000003,8.02939193754054,2.853653823133517,False,20.292425000000005,31.270299999999995,True,13.625335000000002,9.16987388928606,1.836400936732084,False,8.540650000000001,14.482899999999999,True,4.3701875,0.5563947160929493,4.113109693187109,True,3.4814,5.1104,True,0.009943181933911971,False,True,True,True,True,"iddq_ua,leakage_ua,prop_delay_ns",58.8,True,50.300144,0.12767461246914336,True,30.354532,0.10156272390153673,True,6.6094804,0.010205419312583076,True,True,"[Module B - Iddq (standby current)] The strongest driver was delta_24h_iddq_ua (7.163), which pushed the predicted 168h value up by 14.13uA relative to baseline. [Module B - leakage current] The strongest driver was delta_24h_leakage_ua (4.860), which pushed the predicted 168h value up by 11.72uA relative to baseline. [Module A - propagation delay] Flagged because 168h propagation delay is 4.1sigma from its lot's mean (6.66ns vs lot mean 4.37ns); and 168h propagation delay (6.66ns) falls outside the lot's normal IQR range [3.48, 5.11]ns. [Module B - propagation delay] The strongest driver was Value_24h_prop_delay_ns (5.140), which pushed the predicted 168h value up by 0.95ns relative to baseline. [Module A - Iddq (standby current)] Flagged because 168h Iddq (standby current) (50.34uA) falls outside the lot's normal IQR range [20.29, 31.27]uA. [Module A - leakage current] Flagged because 168h leakage current (30.46uA) falls outside the lot's normal IQR range [8.54, 14.48]uA.","Iddq (standby current), leakage current, propagation delay"
C_00466,LOT_011,False,23.2863,23.5469,24.7229,24.3376,10.8742,10.9156,11.4243,11.6719,4.1999,4.6005,4.5548,4.5687,27.426395000000003,8.02939193754054,-0.3846860414869877,False,20.292425000000005,31.270299999999995,False,13.625335000000002,9.16987388928606,-0.21302746619911142,False,8.540650000000001,14.482899999999999,False,4.3701875,0.5563947160929493,0.3567835823351652,False,3.4814,5.1104,False,0.2968512613990778,False,False,False,False,False,,13.4,False,24.584372,0.007204663658142084,False,11.479147,0.003913520537482371,False,4.79475,0.0013489598168267127,False,False,No issues detected.,
C_00467,LOT_011,False,25.0691,25.6596,26.3413,26.1883,10.4286,10.5647,10.9214,11.3174,3.8914,3.9568,3.7886,3.8722,27.426395000000003,8.02939193754054,-0.1541953624422572,False,20.292425000000005,31.270299999999995,False,13.625335000000002,9.16987388928606,-0.25168666743569484,False,8.540650000000001,14.482899999999999,False,4.3701875,0.5563947160929493,-0.8950255737453988,False,3.4814,5.1104,False,0.29709577737136705,False,False,False,False,False,,17.6,False,26.762857,0.00766150998009575,False,11.197663,0.00439557852215237,False,4.013241,0.00039195009867350346,False,False,No issues detected.,
C_00468,LOT_011,False,23.5958,24.9989,24.9453,25.5903,10.6158,11.1808,11.3045,11.4067,4.2907,4.3434,4.3781,4.2185,27.426395000000003,8.02939193754054,-0.22867173682424735,False,20.292425000000005,31.270299999999995,False,13.625335000000002,9.16987388928606,-0.2419482565177063,False,8.540650000000001,14.482899999999999,False,4.3701875,0.5563947160929493,-0.2726257018850985,False,3.4814,5.1104,False,0.34417568699311074,False,False,False,False,False,,10.1,False,25.117905,0.0008264212714301284,False,11.558984,0.002626276408301462,False,4.3378973,-3.821318944295197e-05,False,False,No issues detected.,
C_00469,LOT_011,False,24.7857,24.7778,24.443,25.7477,10.3728,10.448,10.5214,10.9315,3.9879,3.9867,4.032,4.1234,27.426395000000003,8.02939193754054,-0.20906875801534244,False,20.292425000000005,31.270299999999995,False,13.625335000000002,9.16987388928606,-0.29377012514288087,False,8.540650000000001,14.482899999999999,False,4.3701875,0.5563947160929493,-0.4435475263549636,False,3.4814,5.1104,False,0.3503508613931116,False,False,False,False,False,,11.2,False,25.89471,0.00775632319980198,False,11.040276,0.004113024817572697,False,4.0827518,0.0006670260482364237,False,False,No issues detected.,
C_00470,LOT_011,False,20.8803,21.7273,22.2846,21.0193,10.1548,10.5422,10.7642,11.0426,3.8273,4.0747,3.979,3.9915,27.426395000000003,8.02939193754054,-0.7979551938477848,False,20.292425000000005,31.270299999999995,False,13.625335000000002,9.16987388928606,-0.2816543641911618,False,8.540650000000001,14.482899999999999,False,4.3701875,0.5563947160929493,-0.6806094469393524,False,3.4814,5.1104,False,0.21523582636973793,False,False,False,False,False,,20.9,False,21.985615,0.001793852615356448,False,11.126275,0.0040560768233405264,False,4.062578,-8.417915768093525e-05,False,False,No issues detected.,
C_00471,LOT_011,False,24.1081,24.2007,24.9526,26.3758,10.1316,10.514,11.4897,11.4776,4.4398,4.621,4.6678,4.7558,27.426395000000003,8.02939193754054,-0.1308436564278373,False,20.292425000000005,31.270299999999995,False,13.625335000000002,9.16987388928606,-0.23421641627038964,False,8.540650000000001,14.482899999999999,False,4.3701875,0.5563947160929493,0.6930556470913369,False,3.4814,5.1104,False,0.2812177995617675,False,False,False,False,False,,16.7,False,25.04846,0.005887222268846292,False,11.050142,0.0037232103347778368,False,4.671637,0.00035164623790316803,False,False,No issues detected.,
C_00472,LOT_011,False,23.9586,24.6914,24.5583,25.3764,10.4143,10.4174,10.9994,11.2864,4.1114,4.0848,4.0706,4.1659,27.426395000000003,8.02939193754054,-0.2553113630454974,False,20.292425000000005,31.270299999999995,False,13.625335000000002,9.16987388928606,-0.2550673028047612,False,8.540650000000001,14.482899999999999,False,4.3701875,0.5563947160929493,-0.36716290448357325,False,3.4814,5.1104,False,0.3626727192512262,False,False,False,False,False,,9.9,False,25.451403,0.005277796279059505,False,11.089235,0.00466552295684814,False,4.1944637,0.0007615536795722084,False,False,No issues detected.,
C_00473,LOT_011,False,25.7718,24.8993,25.2162,25.5328,10.7899,11.2984,11.1955,12.3939,4.2361,4.1793,4.3138,4.2121,27.426395000000003,8.02939193754054,-0.23583292666866912,False,20.292425000000005,31.270299999999995,False,13.625335000000002,9.16987388928606,-0.1342913779260139,False,8.540650000000001,14.482899999999999,False,4.3701875,0.5563947160929493,-0.2841283272963185,False,3.4814,5.1104,False,0.32688378142447966,False,False,False,False,False,,11.0,False,25.991997,0.007588171980116101,False,11.92068,0.004321389208899597,False,4.322687,0.0009957440906100833,False,False,No issues detected.,
C_00474,LOT_011,False,21.9439,21.6782,22.5753,22.3033,9.8153,10.0562,10.5202,10.9358,3.9406,3.9071,4.0416,4.0399,27.426395000000003,8.02939193754054,-0.6380427110610375,False,20.292425000000005,31.270299999999995,False,13.625335000000002,9.16987388928606,-0.29330119830136514,False,8.540650000000001,14.482899999999999,False,4.3701875,0.5563947160929493,-0.5936208422669909,False,3.4814,5.1104,False,0.2471271049261064,False,False,False,False,False,,18.0,False,22.763855,0.0075392706976996505,False,10.747362,0.004799737061394582,False,3.9866343,0.0005523212114969903,False,False,No issues detected.,
C_00475,LOT_011,False,26.0618,26.5895,26.7984,26.8922,10.3159,10.6356,10.9123,11.0773,4.1508,4.1089,4.0908,4.1365,27.426395000000003,8.02939193754054,-0.06652994450332333,False,20.292425000000005,31.270299999999995,False,13.625335000000002,9.16987388928606,-0.2778702336328842,False,8.540650000000001,14.482899999999999,False,4.3701875,0.5563947160929493,-0.4200030899663707,False,3.4814,5.1104,False,0.30231655952749836,False,False,False,False,False,,13.4,False,27.387426,0.005541155391269253,False,11.239476,0.004193584749433728,False,4.2365084,0.000886169232262504,False,False,No issues detected.,
C_00476,LOT_011,False,23.4794,24.0134,23.7213,24.4795,11.5299,11.707,11.91,11.9939,4.1808,4.1103,4.1567,4.1942,27.426395000000003,8.02939193754054,-0.3670134703752743,False,20.292425000000005,31.270299999999995,False,13.625335000000002,9.16987388928606,-0.17791247946235608,False,8.540650000000001,14.482899999999999,False,4.3701875,0.5563947160929493,-0.316299732743328,False,3.4814,5.1104,False,0.2959342369858541,False,False,False,False,False,,13.3,False,24.691967,0.0047122709062364316,False,12.130483,0.0029408519003126304,False,4.2575097,0.0010222896416982041,False,False,No issues detected.,
C_00477,LOT_011,False,25.054,24.7892,25.825,26.1953,9.1608,9.4148,9.9174,10.1876,3.9249,3.9593,3.8707,4.0666,27.426395000000003,8.02939193754054,-0.1533235654177191,False,20.292425000000005,31.270299999999995,False,13.625335000000002,9.16987388928606,-0.3748944687250932,False,8.540650000000001,14.482899999999999,False,4.3701875,0.5563947160929493,-0.5456333268795522,False,3.4814,5.1104,False,0.2779394611226269,False,False,False,False,False,,15.6,False,25.8364,0.007272215822007914,False,9.95568,0.0037561103714836997,False,4.032617,0.0005091464731428371,False,False,No issues detected.,
C_00478,LOT_011,False,24.3264,25.5745,23.9465,25.2376,11.3747,11.6448,11.7603,11.8679,4.4385,4.433,4.5488,4.4364,27.426395000000003,8.02939193754054,-0.272597852617772,False,20.292425000000005,31.270299999999995,False,13.625335000000002,9.16987388928606,-0.1916531264463038,False,8.540650000000001,14.482899999999999,False,4.3701875,0.5563947160929493,0.11900274766257586,False,3.4814,5.1104,False,0.27390308825378745,False,False,False,False,False,,13.6,False,26.430622,0.005945292366875539,False,12.138686,0.0034297651396857365,False,4.5318046,0.0006861427889929889,False,False,No issues detected.,
C_00479,LOT_011,False,23.3502,23.1378,23.249,24.3685,10.9715,11.0862,11.0196,11.2146,3.9389,4.0903,3.9955,4.1506,27.426395000000003,8.02939193754054,-0.380837680335811,False,20.292425000000005,31.270299999999995,False,13.625335000000002,9.16987388928606,-0.2628972905305346,False,8.540650000000001,14.482899999999999,False,4.3701875,0.5563947160929493,-0.39466136835727383,False,3.4814,5.1104,False,0.33105774838817964,False,False,False,False,False,,11.7,False,24.39457,0.008727565256754567,False,11.5662985,0.0033340172555711544,False,4.107965,0.00012267355918884246,False,False,No issues detected.,
C_00480,LOT_011,False,23.6161,24.7227,24.725,24.6556,9.8416,10.3763,10.7415,10.6111,4.1029,4.3067,4.3389,4.325,27.426395000000003,8.02939193754054,-0.3450815480865314,False,20.292425000000005,31.270299999999995,False,13.625335000000002,9.16987388928606,-0.3287106274734909,False,8.540650000000001,14.482899999999999,False,4.3701875,0.5563947160929493,-0.08121482590149377,False,3.4814,5.1104,False,0.343515897893475,False,False,False,False,False,,10.7,False,25.125986,0.0028005979114108636,False,10.861956,0.003372608629862464,False,4.236975,-0.00048420004844665663,False,False,No issues detected.,
C_00481,LOT_012,False,23.2067,23.5226,24.2214,24.4476,9.3551,9.3698,9.6348,9.7809,4.6627,4.5575,4.9021,4.7905,25.5221775,8.120669445515372,-0.13232622103506925,False,14.865525000000002,31.73515,False,11.347385,5.582151060646047,-0.2806238998159076,False,6.475375,13.073250000000002,False,4.565565,0.6660276553702171,0.33772621630098437,False,3.2464749999999993,5.572725,False,0.2852781936644089,False,False,False,False,False,,13.6,False,24.01586,0.0034254139158460786,False,9.858851,0.003396190505557592,False,4.7159543,0.0011003771093156594,False,False,No issues detected.,
C_00482,LOT_012,True,24.133,33.8187,46.2304,54.8745,9.6441,12.4948,17.1346,20.8536,4.5757,5.4492,6.1119,6.7817,25.5221775,8.120669445515372,3.6145200462764526,True,14.865525000000002,31.73515,True,11.347385,5.582151060646047,1.7029662753160615,False,6.475375,13.073250000000002,True,4.565565,0.6660276553702171,3.3273918614808,True,3.2464749999999993,5.572725,True,-0.02241638803958057,True,True,True,True,True,"iddq_ua,leakage_ua,prop_delay_ns",56.2,True,55.402233,0.1498856466929118,True,20.497671,0.05557549393971761,True,6.8517947,0.00974024110900031,True,True,"[Module B - Iddq (standby current)] The strongest driver was delta_24h_iddq_ua (9.686), which pushed the predicted 168h value up by 16.83uA relative to baseline. [Module B - leakage current] The strongest driver was delta_24h_leakage_ua (2.851), which pushed the predicted 168h value up by 4.79uA relative to baseline. [Module A - Iddq (standby current)] Flagged because 168h Iddq (standby current) is 3.6sigma from its lot's mean (54.87uA vs lot mean 25.52uA); and 168h Iddq (standby current) (54.87uA) falls outside the lot's normal IQR range [14.87, 31.74]uA. [Module A - propagation delay] Flagged because 168h propagation delay is 3.3sigma from its lot's mean (6.78ns vs lot mean 4.57ns); and 168h propagation delay (6.78ns) falls outside the lot's normal IQR range [3.25, 5.57]ns. [Module B - propagation delay] The strongest driver was Value_24h_prop_delay_ns (5.449), which pushed the predicted 168h value up by 1.43ns relative to baseline. [Module A - leakage current] Flagged because 168h leakage current (20.85uA) falls outside the lot's normal IQR range [6.48, 13.07]uA.","Iddq (standby current), leakage current, propagation delay"
C_00483,LOT_012,False,22.038,22.7024,22.3868,22.4247,9.9935,10.3983,10.2987,10.7409,4.6147,4.6887,4.6484,4.8045,25.5221775,8.120669445515372,-0.3814312995723004,False,14.865525000000002,31.73515,False,11.347385,5.582151060646047,-0.10864718518201621,False,6.475375,13.073250000000002,False,4.565565,0.6660276553702171,0.3587463644691835,False,3.2464749999999993,5.572725,False,0.25818701817720724,False,False,False,False,False,,15.3,False,23.034864,0.002308780733744298,False,10.742931,0.0023932733747694173,False,4.779273,0.0006289793968200693,False,False,No issues detected.,
C_00484,LOT_012,False,21.3612,20.8198,21.1778,21.0291,9.3264,8.8688,9.4659,9.7718,4.5156,4.571,4.6601,4.5993,25.5221775,8.120669445515372,-0.5532890521090349,False,14.865525000000002,31.73515,False,11.347385,5.582151060646047,-0.282254095756708,False,6.475375,13.073250000000002,False,4.565565,0.6660276553702171,0.05065104988958482,False,3.2464749999999993,5.572725,False,0.27534786801779,False,False,False,False,False,,15.8,False,21.739346,0.006385732989841032,False,9.531746,0.004603791046142576,False,4.559142,-8.234643936157039e-05,False,False,No issues detected.,
C_00485,LOT_012,False,20.0996,20.8417,21.4264,20.9808,9.9511,10.3632,10.1879,10.5817,4.6502,4.7838,4.6136,4.6284,25.5221775,8.120669445515372,-0.5592368376117036,False,14.865525000000002,31.73515,False,11.347385,5.582151060646047,-0.13716665702546993,False,6.475375,13.073250000000002,False,4.565565,0.6660276553702171,0.09434292929634037,False,3.2464749999999993,5.572725,False,0.22975177448074202,False,False,False,False,False,,18.2,False,21.277807,0.003028522470262319,False,10.732988,0.002567974705166281,False,4.8081846,0.0001693376647101489,False,False,No issues detected.,
C_00486,LOT_012,False,22.3289,22.6466,22.7283,23.0819,9.1179,9.6021,10.1554,10.2807,4.5129,4.5654,4.5335,4.4371,25.5221775,8.120669445515372,-0.30050201111777064,False,14.865525000000002,31.73515,False,11.347385,5.582151060646047,-0.19108852275963803,False,6.475375,13.073250000000002,False,4.565565,0.6660276553702171,-0.1928823810305473,False,3.2464749999999993,5.572725,False,0.30565961547314674,False,False,False,False,False,,12.2,False,23.230936,0.004057889238993331,False,9.925366,0.002244905567169189,False,4.553702,-8.123696115282087e-05,False,False,No issues detected.,
C_00487,LOT_012,False,21.34,22.3576,22.3359,22.883,8.557,8.6874,8.7224,8.6985,4.0333,4.0894,4.0481,4.1083,25.5221775,8.120669445515372,-0.3249950657032943,False,14.865525000000002,31.73515,False,11.347385,5.582151060646047,-0.4745276455656205,False,6.475375,13.073250000000002,False,4.565565,0.6660276553702171,-0.6865555751522447,False,3.2464749999999993,5.572725,False,0.2845483304781167,False,False,False,False,False,,16.5,False,22.863186,0.0035110130733913745,False,9.056485,0.0025630915006001776,False,4.1166553,0.00018927326202392323,False,False,No issues detected.,
C_00488,LOT_012,False,24.6504,23.8745,24.644,25.0664,8.2075,8.0293,8.4452,8.3377,4.4018,4.3401,4.4612,4.5485,25.5221775,8.120669445515372,-0.05612560676899642,False,14.865525000000002,31.73515,False,11.347385,5.582151060646047,-0.5391622274821912,False,6.475375,13.073250000000002,False,4.565565,0.6660276553702171,-0.025622059177880276,False,3.2464749999999993,5.572725,False,0.2274476399678827,False,False,False,False,False,,18.1,False,24.787788,0.006342280493842223,False,8.426897,0.002761090617709695,False,4.4387617,0.0006851507716708739,False,False,No issues detected.,
C_00489,LOT_012,False,21.2061,20.9439,21.8839,22.4303,9.451,9.3461,9.6562,10.0043,3.8696,4.0772,3.9629,4.0384,25.5221775,8.120669445515372,-0.3807417012531507,False,14.865525000000002,31.73515,False,11.347385,5.582151060646047,-0.24060348518131242,False,6.475375,13.073250000000002,False,4.565565,0.6660276553702171,-0.791506172077751,False,3.2464749999999993,5.572725,False,0.2825583705491708,False,False,False,False,False,,17.5,False,21.900684,0.006644335810343429,False,9.914033,0.003943978722890219,False,4.034497,-0.00029655010965135627,False,False,No issues detected.,
C_00490,LOT_012,False,20.349,20.6735,21.0545,21.3734,8.3631,7.9792,8.297,8.3451,3.9351,4.0294,4.0722,4.0366,25.5221775,8.120669445515372,-0.5108910697370102,False,14.865525000000002,31.73515,False,11.347385,5.582151060646047,-0.5378365736402216,False,6.475375,13.073250000000002,False,4.565565,0.6660276553702171,-0.7942087625565197,False,3.2464749999999993,5.572725,False,0.2206789599778473,False,False,False,False,False,,20.6,False,21.334925,0.004593227068583166,False,8.471466,0.0034185143364800375,False,4.050313,0.0001452291382683657,False,False,No issues detected.,
C_00491,LOT_012,False,22.5692,22.975,23.1135,24.2929,9.9669,10.3026,11.3007,11.4352,4.064,4.0513,4.1277,4.2176,25.5221775,8.120669445515372,-0.15137637460158765,False,14.865525000000002,31.73515,False,11.347385,5.582151060646047,0.015731390828724302,False,6.475375,13.073250000000002,False,4.565565,0.6660276553702171,-0.5224482755248069,False,3.2464749999999993,5.572725,False,0.23244703205360312,False,False,False,False,False,,17.7,False,23.57459,0.0041638241873847015,False,10.792196,0.0033999741236368816,False,4.143912,0.0006431377675798181,False,False,No issues detected.,
C_00492,LOT_012,False,23.356,23.3949,24.5187,24.6587,8.9376,8.8545,9.0812,9.259,4.6495,4.6686,4.633,4.8667,25.5221775,8.120669445515372,-0.10633082725425502,False,14.865525000000002,31.73515,False,11.347385,5.582151060646047,-0.37411832415697843,False,6.475375,13.073250000000002,False,4.565565,0.6660276553702171,0.4521358799021807,False,3.2464749999999993,5.572725,False,0.27569275588932723,False,False,False,False,False,,15.0,False,24.194012,0.005549386723836264,False,9.2074,0.0024506966802808985,False,4.7397537,0.0004941230773925806,False,False,No issues detected.,
C_00493,LOT_012,False,23.2202,25.1497,24.134,24.963,9.378,9.4563,9.4437,9.9003,3.8351,3.9758,3.9995,4.1944,25.5221775,8.120669445515372,-0.06885854716187291,False,14.865525000000002,31.73515,False,11.347385,5.582151060646047,-0.2592342959333175,False,6.475375,13.073250000000002,False,4.565565,0.6660276553702171,-0.5572816639178222,False,3.2464749999999993,5.572725,False,0.26958729191333236,False,False,False,False,False,,16.2,False,25.239117,0.0006209490882025875,False,9.858851,0.0027954960611131416,False,4.05485,0.0005489590379926893,False,False,No issues detected.,
C_00494,LOT_012,False,21.821,21.1913,21.4672,21.6822,8.4729,8.3019,8.5691,8.6943,4.8404,4.9017,4.9755,4.9352,25.5221775,8.120669445515372,-0.4728646481381682,False,14.865525000000002,31.73515,False,11.347385,5.582151060646047,-0.4752800436921436,False,6.475375,13.073250000000002,False,4.565565,0.6660276553702171,0.5549844620108679,False,3.2464749999999993,5.572725,False,0.19414812692012812,False,False,False,False,False,,19.9,False,22.092854,0.006260788514879027,False,8.809891,0.0035277135213216157,False,4.9389086,0.0002583928955925839,False,False,No issues detected.,
C_00495,LOT_012,False,21.8834,22.6121,22.2711,22.6341,9.6016,9.4116,9.9312,9.8557,3.9388,4.1106,4.131,4.1247,25.5221775,8.120669445515372,-0.35564524813837095,False,14.865525000000002,31.73515,False,11.347385,5.582151060646047,-0.26722404746735023,False,6.475375,13.073250000000002,False,4.565565,0.6660276553702171,-0.6619319730123548,False,3.2464749999999993,5.572725,False,0.3025819488019218,False,False,False,False,False,,15.4,False,23.027115,0.002882047695583756,False,9.974824,0.003911277442508274,False,4.1561337,0.00031620591481526826,False,False,No issues detected.,
C_00496,LOT_012,True,21.8067,32.3393,44.2411,53.8624,8.5141,14.9286,25.1866,32.9121,4.0285,4.8848,5.5189,6.2258,25.5221775,8.120669445515372,3.4898874643457933,True,14.865525000000002,31.73515,True,11.347385,5.582151060646047,3.8631550392877085,True,6.475375,13.073250000000002,True,4.565565,0.6660276553702171,2.492741835287821,False,3.2464749999999993,5.572725,True,0.006322570985522691,False,True,True,True,True,"iddq_ua,leakage_ua,prop_delay_ns",56.9,True,53.8544,0.14941042107476127,True,32.92849,0.12499923392401802,True,6.2146297,0.009234928125805323,True,True,"[Module B - Iddq (standby current)] The strongest driver was delta_24h_iddq_ua (10.533), which pushed the predicted 168h value up by 18.09uA relative to baseline. [Module B - leakage current] The strongest driver was delta_24h_leakage_ua (6.415), which pushed the predicted 168h value up by 13.31uA relative to baseline. [Module A - leakage current] Flagged because 168h leakage current is 3.9sigma from its lot's mean (32.91uA vs lot mean 11.35uA); and 168h leakage current (32.91uA) falls outside the lot's normal IQR range [6.48, 13.07]uA. [Module A - Iddq (standby current)] Flagged because 168h Iddq (standby current) is 3.5sigma from its lot's mean (53.86uA vs lot mean 25.52uA); and 168h Iddq (standby current) (53.86uA) falls outside the lot's normal IQR range [14.87, 31.74]uA. [Module B - propagation delay] The strongest driver was Value_24h_prop_delay_ns (4.885), which pushed the predicted 168h value up by 0.67ns relative to baseline. [Module A - propagation delay] Flagged because 168h propagation delay (6.23ns) falls outside the lot's normal IQR range [3.25, 5.57]ns.","Iddq (standby current), leakage current, propagation delay"
C_00497,LOT_012,False,24.2342,23.852,24.3015,24.6403,9.157,9.6902,10.0709,10.0414,4.2232,4.4962,4.5153,4.4691,25.5221775,8.120669445515372,-0.10859665030289065,False,14.865525000000002,31.73515,False,11.347385,5.582151060646047,-0.23395730173035703,False,6.475375,13.073250000000002,False,4.565565,0.6660276553702171,-0.14483632807466434,False,3.2464749999999993,5.572725,False,0.30223689879310534,False,False,False,False,False,,11.8,False,24.593197,0.005147200478447806,False,9.949124,0.0017980856683519095,False,4.5731907,0.0005346575631035701,False,False,No issues detected.,
C_00498,LOT_012,False,24.149,23.4871,24.9751,25.5952,8.3279,8.1512,8.8854,9.0876,4.2026,4.4727,4.5202,4.3938,25.5221775,8.120669445515372,0.008992177367879868,False,14.865525000000002,31.73515,False,11.347385,5.582151060646047,-0.4048233334155712,False,6.475375,13.073250000000002,False,4.565565,0.6660276553702171,-0.2578946964364769,False,3.2464749999999993,5.572725,False,0.26358109301028065,False,False,False,False,False,,15.2,False,24.554646,0.007413510682847753,False,8.809891,0.004574241299099397,False,4.4308124,-0.00029088639683193403,False,False,No issues detected.,
C_00499,LOT_012,False,24.4264,24.6289,24.9129,25.7924,8.2007,8.6919,8.9442,9.1235,4.4561,4.4862,4.5007,4.6432,25.5221775,8.120669445515372,0.03327588960651873,False,14.865525000000002,31.73515,False,11.347385,5.582151060646047,-0.398392120857908,False,6.475375,13.073250000000002,False,4.565565,0.6660276553702171,0.11656422878843646,False,3.2464749999999993,5.572725,False,0.2589204667390716,False,False,False,False,False,,15.4,False,25.380203,0.005217383660210493,False,9.027519,0.0023306890699598495,False,4.5456963,0.00041316846211751174,False,False,No issues detected.,
C_00500,LOT_012,False,23.4433,23.4049,25.2114,25.0602,9.8126,9.5802,9.7647,9.8373,4.3238,4.3665,4.2269,4.4018,25.5221775,8.120669445515372,-0.056889090622341446,False,14.865525000000002,31.73515,False,11.347385,5.582151060646047,-0.27052026783116645,False,6.475375,13.073250000000002,False,4.565565,0.6660276553702171,-0.24588318319750618,False,3.2464749999999993,5.572725,False,0.2913261317138144,False,False,False,False,False,,12.7,False,24.10859,0.004886730363633888,False,10.091085,0.0035478155136108424,False,4.42139,0.00038118094868129965,False,False,No issues detected.,
C_00501,LOT_012,False,20.6433,20.5895,21.0961,21.3988,10.4023,10.2645,10.6906,10.862,4.2571,4.366,4.4889,4.619,25.5221775,8.120669445515372,-0.5077632487894369,False,14.865525000000002,31.73515,False,11.347385,5.582151060646047,-0.08695303920059506,False,6.475375,13.073250000000002,False,4.565565,0.6660276553702171,0.08022940124054932,False,3.2464749999999993,5.572725,False,0.21004668569565182,False,False,False,False,False,,18.7,False,21.336739,0.005189156850179029,False,10.862091,0.004149937947591146,False,4.3957915,0.0002068856292300778,False,False,No issues detected.,
C_00502,LOT_012,False,26.1391,25.9633,26.1261,27.9922,9.6562,10.1946,10.1496,10.5436,4.5718,4.7725,4.7095,4.4371,25.5221775,8.120669445515372,0.30416488647546974,False,14.865525000000002,31.73515,False,11.347385,5.582151060646047,-0.1439919828875025,False,6.475375,13.073250000000002,False,4.565565,0.6660276553702171,-0.1928823810305473,False,3.2464749999999993,5.572725,False,0.18269261969672035,False,False,False,False,False,,18.4,False,26.776264,0.005645584657457138,False,10.582096,0.00269094513787164,False,4.7068415,-0.00045596202214558893,False,False,No issues detected.,
C_00503,LOT_012,False,21.9834,23.207,22.9162,23.2603,9.1718,9.3823,9.4176,9.4587,4.1812,4.2714,4.3129,4.4248,25.5221775,8.120669445515372,-0.2785333789505641,False,14.865525000000002,31.73515,False,11.347385,5.582151060646047,-0.3383435846649075,False,6.475375,13.073250000000002,False,4.565565,0.6660276553702171,-0.21135008263546445,False,3.2464749999999993,5.572725,False,0.31301309654866777,False,False,False,False,False,,12.2,False,23.382275,0.0012171849144829593,False,9.730992,0.0024214744249979603,False,4.264866,-4.53758663601336e-05,False,False,No issues detected.,
C_00504,LOT_012,False,23.3335,23.4153,23.3302,23.1982,9.682,10.0321,10.4927,10.8033,4.1438,4.0076,4.1199,4.2106,25.5221775,8.120669445515372,-0.2861805317397096,False,14.865525000000002,31.73515,False,11.347385,5.582151060646047,-0.09746869873081322,False,6.475375,13.073250000000002,False,4.565565,0.6660276553702171,-0.5329583496089058,False,3.2464749999999993,5.572725,False,0.2701955802325498,False,False,False,False,False,,15.9,False,24.157923,0.005157102394104014,False,10.362856,0.002296916050381132,False,4.190233,0.001268286323547363,False,False,No issues detected.,
C_00505,LOT_012,False,21.8618,22.5581,22.4,23.013,9.2323,9.4145,9.3719,9.6246,4.9584,4.8129,4.7703,4.8147,25.5221775,8.120669445515372,-0.30898653329445513,False,14.865525000000002,31.73515,False,11.347385,5.582151060646047,-0.3086238586672383,False,6.475375,13.073250000000002,False,4.565565,0.6660276553702171,0.3740610438488715,False,3.2464749999999993,5.572725,False,0.2639156636768392,False,False,False,False,False,,14.9,False,23.027115,0.00325704769558377,False,9.746225,0.0023036483128865536,False,4.935549,0.0008517276551988392,False,False,No issues detected.,
C_00506,LOT_012,False,20.9078,20.4031,21.544,21.2875,9.6299,10.0499,9.948,10.2836,4.2024,4.5255,4.2507,4.4821,25.5221775,8.120669445515372,-0.5214690153825428,False,14.865525000000002,31.73515,False,11.347385,5.582151060646047,-0.19056900976751476,False,6.475375,13.073250000000002,False,4.565565,0.6660276553702171,-0.12531761906133704,False,3.2464749999999993,5.572725,False,0.2708546023342018,False,False,False,False,False,,15.8,False,21.161648,0.005267693032158756,False,10.498721,0.003116813352372917,False,4.6973076,0.001193108240763346,False,False,No issues detected.,
C_00507,LOT_012,False,22.0347,22.703,23.3611,23.9975,8.8668,8.889,9.2717,9.0798,4.2958,4.264,4.3024,4.3462,25.5221775,8.120669445515372,-0.1877526859367492,False,14.865525000000002,31.73515,False,11.347385,5.582151060646047,-0.4062206442219715,False,6.475375,13.073250000000002,False,4.565565,0.6660276553702171,-0.3293632002083529,False,3.2464749999999993,5.572725,False,0.3020382207306639,False,False,False,False,False,,13.3,False,23.034864,0.0023046140670776407,False,9.199922,0.002159177833133278,False,4.336485,0.0005033674240112288,False,False,No issues detected.,
C_00508,LOT_012,False,21.1046,21.3631,21.8045,21.7437,8.1589,8.6865,8.7577,9.2925,4.2174,4.2589,4.1476,4.3591,25.5221775,8.120669445515372,-0.4652913808832177,False,14.865525000000002,31.73515,False,11.347385,5.582151060646047,-0.36811705338589995,False,6.475375,13.073250000000002,False,4.565565,0.6660276553702171,-0.3099946351105124,False,3.2464749999999993,5.572725,False,0.278147852819544,False,False,False,False,False,,15.0,False,21.970715,0.0042195456186930385,False,9.027519,0.0023681890699598484,False,4.332117,0.0005084519492255338,False,False,No issues detected.,
C_00509,LOT_012,False,23.8977,24.5827,25.9669,25.1957,9.9299,9.6061,9.697,9.78,3.8481,3.8361,3.9515,3.8506,25.5221775,8.120669445515372,-0.040203274150051704,False,14.865525000000002,31.73515,False,11.347385,5.582151060646047,-0.28078512798587707,False,6.475375,13.073250000000002,False,4.565565,0.6660276553702171,-1.0734764453625891,False,3.2464749999999993,5.572725,False,0.2236596442642786,False,False,False,False,False,,22.8,False,24.927761,0.0023962574852837517,False,10.188756,0.004046222146352135,False,3.936943,0.0007002989874945742,False,False,No issues detected.,
C_00510,LOT_012,False,19.0034,19.781,19.9204,20.0525,8.9793,9.0488,9.0947,9.083,3.7689,3.7287,3.803,3.9523,25.5221775,8.120669445515372,-0.6735500732665118,False,14.865525000000002,31.73515,False,11.347385,5.582151060646047,-0.40564738850652526,False,6.475375,13.073250000000002,False,4.565565,0.6660276553702171,-0.9207800833121736,False,3.2464749999999993,5.572725,False,0.1648327000559009,False,False,False,False,False,,24.4,False,20.10507,0.00225048690372044,False,9.328327,0.0019411609649658207,False,3.8771896,0.001031178029378256,False,False,No issues detected.,
C_00511,LOT_012,False,21.7655,21.484,22.2398,21.4069,9.256,9.6862,9.9362,10.39,3.8723,3.9704,4.0094,3.9033,25.5221775,8.120669445515372,-0.5067657940778094,False,14.865525000000002,31.73515,False,11.347385,5.582151060646047,-0.171508257228925,False,6.475375,13.073250000000002,False,4.565565,0.6660276553702171,-0.9943506019008692,False,3.2464749999999993,5.572725,False,0.2598096307791668,False,False,False,False,False,,20.3,False,22.094555,0.0042399645911322574,False,10.0504055,0.0025292048772176143,False,4.0286226,0.0004043238004048655,False,False,No issues detected.,
C_00512,LOT_012,True,21.3497,28.351,38.8491,45.4049,9.0648,15.5457,25.9403,33.3858,4.5468,4.9433,5.6044,6.2587,25.5221775,8.120669445515372,2.4484092885938367,False,14.865525000000002,31.73515,True,11.347385,5.582151060646047,3.9480147994148695,True,6.475375,13.073250000000002,True,4.565565,0.6660276553702171,2.542139183483089,False,3.2464749999999993,5.572725,True,0.018483046218914723,False,True,True,True,True,"iddq_ua,leakage_ua,prop_delay_ns",57.0,True,45.172253,0.11681425454881457,True,33.16755,0.12237395231458875,True,6.1281743,0.008228293784459433,True,True,"[Module B - leakage current] The strongest driver was delta_24h_leakage_ua (6.481), which pushed the predicted 168h value up by 13.30uA relative to baseline. [Module B - Iddq (standby current)] The strongest driver was delta_24h_iddq_ua (7.001), which pushed the predicted 168h value up by 12.98uA relative to baseline. [Module A - leakage current] Flagged because 168h leakage current is 3.9sigma from its lot's mean (33.39uA vs lot mean 11.35uA); and 168h leakage current (33.39uA) falls outside the lot's normal IQR range [6.48, 13.07]uA. [Module B - propagation delay] The strongest driver was Value_24h_prop_delay_ns (4.943), which pushed the predicted 168h value up by 0.56ns relative to baseline. [Module A - Iddq (standby current)] Flagged because 168h Iddq (standby current) (45.40uA) falls outside the lot's normal IQR range [14.87, 31.74]uA. [Module A - propagation delay] Flagged because 168h propagation delay (6.26ns) falls outside the lot's normal IQR range [3.25, 5.57]ns.","Iddq (standby current), leakage current, propagation delay"
C_00513,LOT_012,False,18.3249,18.4015,18.39,19.2809,9.0576,9.0966,9.3475,9.2939,4.4576,4.354,4.5132,4.3406,25.5221775,8.120669445515372,-0.7685668702408198,False,14.865525000000002,31.73515,False,11.347385,5.582151060646047,-0.36786625401039214,False,6.475375,13.073250000000002,False,4.565565,0.6660276553702171,-0.33777125947563147,False,3.2464749999999993,5.572725,False,0.18806913665190528,False,False,False,False,False,,22.0,False,19.260893,0.0059680060280694,False,9.466416,0.002568169159359399,False,4.4913907,0.0009541021188100172,False,False,No issues detected.,
C_00514,LOT_012,False,22.9012,22.7773,23.6874,22.8178,8.5954,9.1524,9.8925,9.969,4.4049,4.4919,4.7352,4.6419,25.5221775,8.120669445515372,-0.333023960419112,False,14.865525000000002,31.73515,False,11.347385,5.582151060646047,-0.2469272122923297,False,6.475375,13.073250000000002,False,4.565565,0.6660276553702171,0.11461235788710293,False,3.2464749999999993,5.572725,False,0.2877643266806224,False,False,False,False,False,,13.4,False,23.46702,0.004789722463819713,False,9.423132,0.0018800829357571065,False,4.506166,9.906931453280822e-05,False,False,No issues detected.,
C_00515,LOT_012,False,21.3656,22.5677,21.678,22.7889,8.5311,8.6935,8.8659,8.7943,3.983,3.9572,3.9488,4.0985,25.5221775,8.120669445515372,-0.3365827803161534,False,14.865525000000002,31.73515,False,11.347385,5.582151060646047,-0.45736580258444665,False,6.475375,13.073250000000002,False,4.565565,0.6660276553702171,-0.7012696788699843,False,3.2464749999999993,5.572725,False,0.2742414259384226,False,False,False,False,False,,17.1,False,22.861225,0.0020383689456515944,False,9.056485,0.0025207303894890665,False,4.075559,0.000821938467025758,False,False,No issues detected.,
C_00516,LOT_012,False,19.837,21.0113,20.6791,20.1091,8.3679,8.3387,8.7119,8.7871,4.2866,4.1235,4.292,4.3795,25.5221775,8.120669445515372,-0.6665802045408171,False,14.865525000000002,31.73515,False,11.347385,5.582151060646047,-0.4586556279442007,False,6.475375,13.073250000000002,False,4.565565,0.6660276553702171,-0.2793652763511364,False,3.2464749999999993,5.572725,False,0.25306423925053245,False,False,False,False,False,,17.9,False,21.067003,0.0003868281258477207,False,8.76249,0.0029429880036248145,False,4.2882533,0.0011441201898786761,False,False,No issues detected.,
C_00517,LOT_012,False,20.2055,20.3306,20.7099,20.4893,8.1145,8.4903,8.3863,8.5773,4.1704,4.0988,4.125,4.2232,25.5221775,8.120669445515372,-0.6197614043728132,False,14.865525000000002,31.73515,False,11.347385,5.582151060646047,-0.4962397057881493,False,6.475375,13.073250000000002,False,4.565565,0.6660276553702171,-0.5140402162575269,False,3.2464749999999993,5.572725,False,0.2427118910129662,False,False,False,False,False,,18.0,False,20.962265,0.004386562601725257,False,8.838457,0.002417757691277401,False,4.2310333,0.0009182869805230051,False,False,No issues detected.,
C_00518,LOT_012,True,19.971,25.6275,32.737,38.0804,8.1078,10.651,15.3834,18.5674,4.3462,4.9176,5.654,6.0904,25.5221775,8.120669445515372,1.54645162991276,False,14.865525000000002,31.73515,True,11.347385,5.582151060646047,1.293410895111892,False,6.475375,13.073250000000002,True,4.565565,0.6660276553702171,2.2894469737182415,False,3.2464749999999993,5.572725,True,0.06177630330058581,False,True,True,True,True,"iddq_ua,leakage_ua,prop_delay_ns",41.0,True,38.642113,0.09037925508287217,True,17.967995,0.0508124631245931,True,6.1194587,0.008346240801281398,True,True,"[Module B - Iddq (standby current)] The strongest driver was pct_change_24h_iddq_ua (0.283), which pushed the predicted 168h value up by 6.30uA relative to baseline. [Module B - leakage current] The strongest driver was delta_24h_leakage_ua (2.543), which pushed the predicted 168h value up by 4.28uA relative to baseline. [Module B - propagation delay] The strongest driver was Value_24h_prop_delay_ns (4.918), which pushed the predicted 168h value up by 0.65ns relative to baseline. [Module A - Iddq (standby current)] Flagged because 168h Iddq (standby current) (38.08uA) falls outside the lot's normal IQR range [14.87, 31.74]uA. [Module A - leakage current] Flagged because 168h leakage current (18.57uA) falls outside the lot's normal IQR range [6.48, 13.07]uA. [Module A - propagation delay] Flagged because 168h propagation delay (6.09ns) falls outside the lot's normal IQR range [3.25, 5.57]ns.","Iddq (standby current), leakage current, propagation delay"
C_00519,LOT_012,False,23.9553,24.2643,24.5082,23.4839,8.7697,8.8207,9.3749,9.3803,4.1406,4.1611,4.103,4.0454,25.5221775,8.120669445515372,-0.2509987032073617,False,14.865525000000002,31.73515,False,11.347385,5.582151060646047,-0.352388349693342,False,6.475375,13.073250000000002,False,4.565565,0.6660276553702171,-0.7809960979936521,False,3.2464749999999993,5.572725,False,0.27270841013302666,False,False,False,False,False,,17.9,False,24.46887,0.0014206261316935314,False,9.177842,0.002480153751373288,False,4.205071,0.0003053539752960188,False,False,No issues detected.,
C_00520,LOT_012,False,23.2175,24.6786,24.5589,24.1125,9.9074,10.4659,10.3442,10.3976,3.7031,3.7946,3.8396,3.899,25.5221775,8.120669445515372,-0.17359129188277614,False,14.865525000000002,31.73515,False,11.347385,5.582151060646047,-0.17014677490473998,False,6.475375,13.073250000000002,False,4.565565,0.6660276553702171,-1.0008067902668163,False,3.2464749999999993,5.572725,False,0.2014902255353715,False,False,False,False,False,,23.3,False,24.53851,-0.0009728516048855212,False,10.818556,0.00244899883270264,False,3.8267424,0.000223211185137431,False,False,No issues detected.,
C_00521,LOT_013,False,22.6458,22.5942,22.9728,22.9179,11.8578,12.7758,13.4865,14.5738,4.5465,4.4638,4.4767,4.6411,25.20018,1.5765234491575406,-1.4476663834081251,False,19.241349999999994,31.059975000000005,False,13.223965000000002,0.9948017345437646,1.356888466443074,False,10.783325000000001,15.533324999999998,False,4.44171,0.2526284641980727,0.7892618143126934,False,3.6609250000000007,5.277299999999999,False,0.1169416251970471,False,False,False,False,False,,31.2,False,23.580587,0.006849912410312224,False,14.1139145,0.00929246173434787,False,4.5585756,0.0006581640985276965,False,False,No issues detected.,
C_00522,LOT_013,False,25.5003,26.2226,25.5768,26.1401,11.8878,12.4443,12.8113,13.637,4.4338,4.4372,4.5345,4.4358,25.20018,1.5765234491575406,0.5961979192268109,False,19.241349999999994,31.059975000000005,False,13.223965000000002,0.9948017345437646,0.41519328491061064,False,10.783325000000001,15.533324999999998,False,4.44171,0.2526284641980727,-0.02339403843014884,False,3.6609250000000007,5.277299999999999,False,0.18094719098381673,False,False,False,False,False,,20.9,False,26.96003,0.005121038903130426,False,13.244388,0.005556164073944091,False,4.4136076,-0.0001638361295064277,False,False,No issues detected.,
C_00523,LOT_013,False,25.0074,24.964,24.6744,26.3306,12.8742,13.093,13.1776,13.2033,4.5673,4.6114,4.5566,4.5962,25.20018,1.5765234491575406,0.7170334197084556,False,19.241349999999994,31.059975000000005,False,13.223965000000002,0.9948017345437646,-0.020772983482460868,False,10.783325000000001,15.533324999999998,False,4.44171,0.2526284641980727,0.6115304563577306,False,3.6609250000000007,5.277299999999999,False,0.15327279779269887,False,False,False,False,False,,23.3,False,25.832209,0.006029226620992034,False,13.897079,0.005583885192871094,False,4.6498246,0.000266837633980647,False,False,No issues detected.,
C_00524,LOT_013,False,23.5893,23.5238,25.0368,24.5111,12.6165,12.4873,13.2714,13.7833,4.4897,4.4084,4.3444,4.4311,25.20018,1.5765234491575406,-0.4370883289863083,False,19.241349999999994,31.059975000000005,False,13.223965000000002,0.9948017345437646,0.5622577651179116,False,10.783325000000001,15.533324999999998,False,4.44171,0.2526284641980727,-0.04199843447443453,False,3.6609250000000007,5.277299999999999,False,0.17241686095089154,False,False,False,False,False,,21.1,False,24.579443,0.007330854013231056,False,13.337688,0.005905475319756406,False,4.4974704,0.0006185442977481396,False,False,No issues detected.,
C_00525,LOT_013,False,28.2238,27.9665,28.5812,28.8456,12.3523,12.4027,12.9523,12.9436,4.3138,4.2516,4.2609,4.0782,25.20018,1.5765234491575406,2.312315748901822,False,19.241349999999994,31.059975000000005,False,13.223965000000002,0.9948017345437646,-0.28183002729542117,False,10.783325000000001,15.533324999999998,False,4.44171,0.2526284641980727,-1.4389114906505178,False,3.6609250000000007,5.277299999999999,False,0.05090864648463411,False,False,False,False,False,,41.7,False,28.91461,0.0065840965906778974,False,13.111415,0.0049216313150193996,False,4.30516,0.00037194476127624633,False,False,No issues detected.,
C_00526,LOT_013,False,23.0416,22.751,23.0558,23.1692,13.3048,14.2524,15.79,17.7737,3.9961,4.0828,4.0508,4.198,25.20018,1.5765234491575406,-1.2882650119066168,False,19.241349999999994,31.059975000000005,False,13.223965000000002,0.9948017345437646,4.573509315488474,True,10.783325000000001,15.533324999999998,True,4.44171,0.2526284641980727,-0.9646973106281443,False,3.6609250000000007,5.277299999999999,False,-0.0747513105716695,True,False,True,False,True,leakage_ua,66.9,True,23.986542,0.00858015102810329,False,17.185476,0.020368585438198514,True,4.1248174,0.0002917873011695031,False,True,"[Module A - leakage current] Flagged because 168h leakage current is 4.6sigma from its lot's mean (17.77uA vs lot mean 13.22uA); and 168h leakage current (17.77uA) falls outside the lot's normal IQR range [10.78, 15.53]uA. [Module B - leakage current] The strongest driver was Value_24h_leakage_ua (14.252), which pushed the predicted 168h value up by 2.91uA relative to baseline.",leakage current
C_00527,LOT_013,False,23.8608,24.8942,25.1073,24.715,10.8799,11.3866,11.6559,12.1452,4.7099,4.7422,4.685,4.6393,25.20018,1.5765234491575406,-0.3077531135101538,False,19.241349999999994,31.059975000000005,False,13.223965000000002,0.9948017345437646,-1.0844020095066915,False,10.783325000000001,15.533324999999998,False,4.44171,0.2526284641980727,0.7821367264659491,False,3.6609250000000007,5.277299999999999,False,0.08802944793116568,False,False,False,False,False,,29.6,False,25.25964,0.0025377759721543955,False,12.367644,0.006812807708316382,False,4.753419,7.790918350219439e-05,False,False,No issues detected.,
C_00528,LOT_013,False,26.2159,25.131,24.5043,25.7141,12.048,12.1044,12.1075,11.8874,4.4092,4.5231,4.4635,4.6387,25.20018,1.5765234491575406,0.3259830992521084,False,19.241349999999994,31.059975000000005,False,13.223965000000002,0.9948017345437646,-1.3435491250052722,False,10.783325000000001,15.533324999999998,False,4.44171,0.2526284641980727,0.7797616971836987,False,3.6609250000000007,5.277299999999999,False,0.14585838089320652,False,False,False,False,False,,28.9,False,26.574038,0.010021094110276962,False,12.972948,0.006031583849589029,False,4.523417,2.2013611263675217e-06,False,False,No issues detected.,
C_00529,LOT_013,False,23.637,22.2876,22.9751,23.3986,11.5886,11.7698,12.0178,12.16,4.3089,4.4231,4.5382,4.5233,25.20018,1.5765234491575406,-1.1427549656573304,False,19.241349999999994,31.059975000000005,False,13.223965000000002,0.9948017345437646,-1.0695246731630965,False,10.783325000000001,15.533324999999998,False,4.44171,0.2526284641980727,0.3229643985644857,False,3.6609250000000007,5.277299999999999,False,0.13535164610108869,False,False,False,False,False,,27.8,False,24.071177,0.012385948117574049,False,12.582741,0.005645422108968099,False,4.389035,-0.00023656093809339604,False,False,No issues detected.,
C_00530,LOT_013,False,24.53,23.8305,24.8153,25.0678,11.8584,12.0935,12.2284,12.945,4.6154,4.5748,4.6568,4.7496,25.20018,1.5765234491575406,-0.0839695724606838,False,19.241349999999994,31.059975000000005,False,13.223965000000002,0.9948017345437646,-0.28042271169535105,False,10.783325000000001,15.533324999999998,False,4.44171,0.2526284641980727,1.218746276186044,False,3.6609250000000007,5.277299999999999,False,0.18239837892237282,False,False,False,False,False,,26.0,False,25.22581,0.0096896465089586,False,12.878241,0.0054495873981051934,False,4.6360803,0.0004255573961469879,False,False,No issues detected.,
C_00531,LOT_013,False,21.8887,22.5326,23.0128,23.8552,11.5066,11.6492,12.008,12.8638,4.513,4.3367,4.396,4.3219,25.20018,1.5765234491575406,-0.8531303487548677,False,19.241349999999994,31.059975000000005,False,13.223965000000002,0.9948017345437646,-0.362047016499404,False,10.783325000000001,15.533324999999998,False,4.44171,0.2526284641980727,-0.4742537638437392,False,3.6609250000000007,5.277299999999999,False,0.12901002502051717,False,False,False,False,False,,25.7,False,23.472885,0.0065297578599717975,False,12.395604,0.005183362038930254,False,4.4203053,0.0005805920282999644,False,False,No issues detected.,
C_00532,LOT_013,False,24.2071,23.7209,25.2851,24.3845,13.0873,13.4205,13.5629,13.6321,4.4604,4.5762,4.4441,4.4863,25.20018,1.5765234491575406,-0.5173916064717475,False,19.241349999999994,31.059975000000005,False,13.223965000000002,0.9948017345437646,0.4102676803103651,False,10.783325000000001,15.533324999999998,False,4.44171,0.2526284641980727,0.17650425949246826,False,3.6609250000000007,5.277299999999999,False,0.1264398094086489,False,False,False,False,False,,23.0,False,24.967184,0.008654750463697644,False,14.129324,0.004922388606601287,False,4.591724,0.00010780499246385331,False,False,No issues detected.,
C_00533,LOT_013,False,21.4687,22.1019,22.3603,22.5182,12.2463,12.6767,12.8125,13.857,4.2071,4.0919,4.2032,4.3279,25.20018,1.5765234491575406,-1.7011989269383785,False,19.241349999999994,31.059975000000005,False,13.223965000000002,0.9948017345437646,0.6363428792073025,False,10.783325000000001,15.533324999999998,False,4.44171,0.2526284641980727,-0.45050347102125243,False,3.6609250000000007,5.277299999999999,False,0.07587416221887289,False,False,False,False,False,,35.4,False,23.048523,0.00657377048068576,False,13.334357,0.004567064317067462,False,4.304412,0.0014757770008511023,False,False,No issues detected.,
C_00534,LOT_013,False,23.5462,23.0121,23.3391,23.4349,11.3055,11.2894,11.8484,12.2393,4.1131,4.2319,4.2596,4.0309,25.20018,1.5765234491575406,-1.1197296183214576,False,19.241349999999994,31.059975000000005,False,13.223965000000002,0.9948017345437646,-0.989810296673425,False,10.783325000000001,15.533324999999998,False,4.44171,0.2526284641980727,-1.6261429657344753,False,3.6609250000000007,5.277299999999999,False,0.08029678619920644,False,False,False,False,False,,34.5,False,24.175062,0.00807612624698215,False,12.176996,0.00616386271582709,False,4.1681952,-0.00044239411354065245,False,False,No issues detected.,
C_00535,LOT_013,False,23.124,22.8689,24.0332,24.3968,11.7733,12.7221,12.7907,12.6918,4.4005,4.3246,4.3842,4.4306,25.20018,1.5765234491575406,-0.509589629275295,False,19.241349999999994,31.059975000000005,False,13.223965000000002,0.9948017345437646,-0.5349457902222718,False,10.783325000000001,15.533324999999998,False,4.44171,0.2526284641980727,-0.043977625542974214,False,3.6609250000000007,5.277299999999999,False,0.1742564716027376,False,False,False,False,False,,20.7,False,24.006956,0.00790316736433241,False,14.145284,0.009883220132191981,False,4.3896537,0.0004517616854773612,False,False,No issues detected.,
C_00536,LOT_013,False,24.6358,24.8606,26.9987,26.3111,12.1984,12.252,13.239,12.8271,4.3937,4.6597,4.5326,4.4613,25.20018,1.5765234491575406,0.7046644314701765,False,19.241349999999994,31.059975000000005,False,13.223965000000002,0.9948017345437646,-0.3989387897298066,False,10.783325000000001,15.533324999999998,False,4.44171,0.2526284641980727,0.0775447060654278,False,3.6609250000000007,5.277299999999999,False,0.16729666402805365,False,False,False,False,False,,22.5,False,25.783592,0.00640966822306314,False,12.869254,0.0042864868905809145,False,4.6383166,-0.00014849561585320335,False,False,No issues detected.,
C_00537,LOT_013,False,23.8129,23.3442,24.2128,24.6764,11.7782,11.3892,12.4748,12.6149,4.7826,4.6695,4.6256,4.6079,25.20018,1.5765234491575406,-0.33223736715105323,False,19.241349999999994,31.059975000000005,False,13.223965000000002,0.9948017345437646,-0.6122476256832524,False,10.783325000000001,15.533324999999998,False,4.44171,0.2526284641980727,0.6578435273615859,False,3.6609250000000007,5.277299999999999,False,0.15547973318137986,False,False,False,False,False,,22.7,False,24.440527,0.007613381682501894,False,12.560886,0.00813671099344889,False,4.754164,0.0005879459646013033,False,False,No issues detected.,
C_00538,LOT_013,False,25.7363,25.0567,26.5136,26.6709,11.2921,11.895,12.2832,12.9186,4.7417,4.6417,4.7205,4.6885,25.20018,1.5765234491575406,0.9328881221436448,False,19.241349999999994,31.059975000000005,False,13.223965000000002,0.9948017345437646,-0.3069606630109548,False,10.783325000000001,15.533324999999998,False,4.44171,0.2526284641980727,0.9768891276103616,False,3.6609250000000007,5.277299999999999,False,0.12968468303346442,False,False,False,False,False,,26.7,False,26.04041,0.006831313112046988,False,12.581661,0.004768480724758575,False,4.71853,0.0005335429032643625,False,False,No issues detected.,
C_00539,LOT_013,False,22.9531,24.5328,25.3441,25.1683,11.9653,12.4818,12.3879,12.9157,4.7035,4.915,4.7095,4.7174,25.20018,1.5765234491575406,-0.02022171000186327,False,19.241349999999994,31.059975000000005,False,13.223965000000002,0.9948017345437646,-0.30987581675395703,False,10.783325000000001,15.533324999999998,False,4.44171,0.2526284641980727,1.0912863713720158,False,3.6609250000000007,5.277299999999999,False,0.13966648010182997,False,False,False,False,False,,27.1,False,24.81556,0.0019636068556043718,False,13.11376,0.00438861107296414,False,4.8348265,-0.000556760629018148,False,False,No issues detected.,
C_00540,LOT_013,False,25.946,26.0398,26.7936,26.6133,12.7495,13.0769,13.6592,13.4185,3.8092,3.9425,3.8026,3.9497,25.20018,1.5765234491575406,0.8963520338090368,False,19.241349999999994,31.059975000000005,False,13.223965000000002,0.9948017345437646,0.19555152875684909,False,10.783325000000001,15.533324999999998,False,4.44171,0.2526284641980727,-1.947563595265498,False,3.6609250000000007,5.277299999999999,False,0.021083702981752994,False,False,False,False,False,,40.2,False,27.000835,0.006673857074313696,False,13.846186,0.005342261695861815,False,3.951885,6.51735067367561e-05,False,False,No issues detected.,
C_00541,LOT_013,False,25.7787,24.8156,25.1397,25.3484,11.9117,12.2989,12.6518,12.6907,4.1055,4.128,4.1157,4.0693,25.20018,1.5765234491575406,0.09401699675270134,False,19.241349999999994,31.059975000000005,False,13.223965000000002,0.9948017345437646,-0.5360515381937563,False,10.783325000000001,15.533324999999998,False,4.44171,0.2526284641980727,-1.4741410916705424,False,3.6609250000000007,5.277299999999999,False,0.13378845737112616,False,False,False,False,False,,30.6,False,25.969076,0.008010251087612576,False,12.97111,0.004668127388424346,False,4.1803985,0.00036387822363111627,False,False,No issues detected.,
C_00542,LOT_013,False,24.2923,24.2553,25.2249,24.8054,12.8521,13.0484,13.8375,13.6891,4.6021,4.4364,4.6129,4.5741,25.20018,1.5765234491575406,-0.2504117526516732,False,19.241349999999994,31.059975000000005,False,13.223965000000002,0.9948017345437646,0.4675655297417814,False,10.783325000000001,15.533324999999998,False,4.44171,0.2526284641980727,0.524050211128228,False,3.6609250000000007,5.277299999999999,False,0.1480578803946142,False,False,False,False,False,,22.0,False,24.999126,0.005165461349487316,False,13.719693,0.004661758221520312,False,4.5352807,0.0006866715590159105,False,False,No issues detected.,
C_00543,LOT_013,False,25.2229,25.5817,26.0602,26.4078,12.461,12.2448,12.4634,12.9957,4.6855,4.7884,4.5724,4.5888,25.20018,1.5765234491575406,0.7660019269902567,False,19.241349999999994,31.059975000000005,False,13.223965000000002,0.9948017345437646,-0.22945778246425044,False,10.783325000000001,15.533324999999998,False,4.44171,0.2526284641980727,0.5822384285433285,False,3.6609250000000007,5.277299999999999,False,0.15690990091622148,False,False,False,False,False,,23.5,False,26.880894,0.009022178522745759,False,13.0636835,0.00568669104046292,False,4.7728972,-0.00010765803125169689,False,False,No issues detected.,
C_00544,LOT_013,False,22.0831,23.1633,22.9016,23.1016,13.0239,13.2063,13.6108,13.394,4.4006,4.3748,4.4918,4.5386,25.20018,1.5765234491575406,-1.3311441711326484,False,19.241349999999994,31.059975000000005,False,13.223965000000002,0.9948017345437646,0.17092350575562673,False,10.783325000000001,15.533324999999998,False,4.44171,0.2526284641980727,0.38352764526183314,False,3.6609250000000007,5.277299999999999,False,0.10364764181055297,False,False,False,False,False,,30.9,False,24.040155,0.006089273685879181,False,13.9123125,0.004902864636315236,False,4.4895406,0.0007968095620473256,False,False,No issues detected.,
C_00545,LOT_013,False,22.9535,24.0065,24.9156,25.4514,10.7093,11.4722,11.5225,12.2348,3.9545,3.9499,4.029,4.0677,25.20018,1.5765234491575406,0.15935062693437668,False,19.241349999999994,31.059975000000005,False,13.223965000000002,0.9948017345437646,-0.9943338111022212,False,10.783325000000001,15.533324999999998,False,4.44171,0.2526284641980727,-1.4804745030898723,False,3.6609250000000007,5.277299999999999,False,0.02487893476196179,False,False,False,False,False,,36.1,False,24.484661,0.0033205632103814084,False,12.394876,0.0064074689335293184,False,4.0065246,0.00039322613080342635,False,False,No issues detected.,
C_00546,LOT_013,False,24.2384,26.4283,25.9601,27.0058,12.7891,12.5422,13.0643,13.7014,3.9158,3.9117,3.9347,3.8378,25.20018,1.5765234491575406,1.145317566297466,False,19.241349999999994,31.059975000000005,False,13.223965000000002,0.9948017345437646,0.4799298025138235,False,10.783325000000001,15.533324999999998,False,4.44171,0.2526284641980727,-2.390506556404924,False,3.6609250000000007,5.277299999999999,False,0.03829251108027498,False,False,False,False,False,,43.0,False,27.091549,0.0046058952755398215,False,13.366639,0.005725271786583799,False,3.9324248,0.00014392210907406155,False,False,No issues detected.,
C_00547,LOT_013,False,27.0851,26.6162,26.632,26.8511,11.9372,11.8437,12.6044,13.5424,4.5505,4.4849,4.6904,4.4595,25.20018,1.5765234491575406,1.0471902596071214,False,19.241349999999994,31.059975000000005,False,13.223965000000002,0.9948017345437646,0.3200989593630329,False,10.783325000000001,15.533324999999998,False,4.44171,0.2526284641980727,0.07041961821868352,False,3.6609250000000007,5.277299999999999,False,0.1207226522978076,False,False,False,False,False,,27.7,False,27.505417,0.0061751171535915856,False,12.97162,0.007832775041792127,False,4.5488563,0.0004441406832800994,False,False,No issues detected.,
C_00548,LOT_013,False,27.0146,28.9259,28.5274,28.8645,11.118,11.988,13.1134,13.8911,4.2791,4.3735,4.2915,4.2257,25.20018,1.5765234491575406,2.3243041528866137,False,19.241349999999994,31.059975000000005,False,13.223965000000002,0.9948017345437646,0.6706210663232903,False,10.783325000000001,15.533324999999998,False,4.44171,0.2526284641980727,-0.8550501254309875,False,3.6609250000000007,5.277299999999999,False,0.025344050476572066,False,False,False,False,False,,43.1,False,29.337893,0.002861059252421071,False,13.467899,0.010277078628540041,False,4.3764133,2.0231564839681385e-05,False,False,No issues detected.,
C_00549,LOT_013,False,24.3209,24.6906,24.5741,25.6522,12.0689,12.5138,13.1723,12.9721,4.4187,4.5588,4.6436,4.5893,25.20018,1.5765234491575406,0.28671949043418954,False,19.241349999999994,31.059975000000005,False,13.223965000000002,0.9948017345437646,-0.25318110257971393,False,10.783325000000001,15.533324999999998,False,4.44171,0.2526284641980727,0.5842176196118681,False,3.6609250000000007,5.277299999999999,False,0.2010624815535818,False,False,False,False,False,,19.8,False,25.540617,0.0059028957578870994,False,13.281002,0.0053277919769287125,False,4.5659003,4.930781788296349e-05,False,False,No issues detected.,
C_00550,LOT_013,False,24.8168,25.2064,25.2442,25.7289,12.1663,12.1139,12.7682,13.2826,4.8807,4.8678,4.8693,4.9477,25.20018,1.5765234491575406,0.33537084417141794,False,19.241349999999994,31.059975000000005,False,13.223965000000002,0.9948017345437646,0.05894139300721066,False,10.783325000000001,15.533324999999998,False,4.44171,0.2526284641980727,2.002901777541902,False,3.6609250000000007,5.277299999999999,False,0.10292154957214616,False,False,False,False,False,,36.5,False,26.149885,0.006551980400085459,False,12.869254,0.005245514668358702,False,4.972618,0.0007279034932454434,False,False,No issues detected.,
C_00551,LOT_013,False,23.6923,25.0678,24.7739,23.8692,12.0658,12.0192,11.842,12.6612,4.3909,4.4611,4.4487,4.34,25.20018,1.5765234491575406,-0.8442500495068733,False,19.241349999999994,31.059975000000005,False,13.223965000000002,0.9948017345437646,-0.5657056883380861,False,10.783325000000001,15.533324999999998,False,4.44171,0.2526284641980727,-0.4026070471625647,False,3.6609250000000007,5.277299999999999,False,0.17504102586176734,False,False,False,False,False,,23.3,False,25.176582,0.0007554328918457149,False,12.831623,0.0056418269263373505,False,4.450907,-7.0783122380575e-05,False,False,No issues detected.,
C_00552,LOT_013,False,23.4407,23.7332,23.5011,24.002,12.0378,11.7114,12.3389,12.3971,4.5562,4.5578,4.6935,4.6281,25.20018,1.5765234491575406,-0.7600140680687507,False,19.241349999999994,31.059975000000005,False,13.223965000000002,0.9948017345437646,-0.8311857240369789,False,10.783325000000001,15.533324999999998,False,4.44171,0.2526284641980727,0.7378028465306334,False,3.6609250000000007,5.277299999999999,False,0.1675689812741229,False,False,False,False,False,,23.5,False,24.664383,0.006466548156738281,False,12.59453,0.006132847955491812,False,4.6253853,0.0004693422529432488,False,False,No issues detected.,
C_00553,LOT_013,False,25.341,24.7703,26.4839,26.3383,12.6045,13.485,13.8587,14.7999,4.173,4.2587,4.2026,4.2642,25.20018,1.5765234491575406,0.7219175842948526,False,19.241349999999994,31.059975000000005,False,13.223965000000002,0.9948017345437646,1.584169935854356,False,10.783325000000001,15.533324999999998,False,4.44171,0.2526284641980727,-0.7026524131533475,False,3.6609250000000007,5.277299999999999,False,0.06582436254040103,False,False,False,False,False,,34.9,False,25.965094,0.008297177865770135,False,14.803197,0.009154145187801789,False,4.242466,-0.00011273629930284394,False,False,No issues detected.,
C_00554,LOT_013,False,23.0761,23.8442,23.9296,24.6434,11.5992,12.1815,12.9411,12.8761,4.1971,4.1722,4.1464,4.2561,25.20018,1.5765234491575406,-0.3531695010927562,False,19.241349999999994,31.059975000000005,False,13.223965000000002,0.9948017345437646,-0.34968274372736186,False,10.783325000000001,15.533324999999998,False,4.44171,0.2526284641980727,-0.7347153084637071,False,3.6609250000000007,5.277299999999999,False,0.14913900609070402,False,False,False,False,False,,23.7,False,24.528456,0.004751775932312007,False,12.794424,0.0042564170625474735,False,4.246371,0.0005150749471452492,False,False,No issues detected.,
C_00555,LOT_013,False,23.6121,22.9094,23.4041,23.6331,11.627,12.2629,12.5021,12.6127,4.6733,4.5885,4.7944,4.6852,25.20018,1.5765234491575406,-0.9940099532534158,False,19.241349999999994,31.059975000000005,False,13.223965000000002,0.9948017345437646,-0.6144591216262196,False,10.783325000000001,15.533324999999998,False,4.44171,0.2526284641980727,0.9638264665579912,False,3.6609250000000007,5.277299999999999,False,0.14697766020929215,False,False,False,False,False,,25.9,False,24.25787,0.009364373058742936,False,12.7815075,0.0036014409171210384,False,4.6538205,0.00045361468527052275,False,False,No issues detected.,
C_00556,LOT_013,False,22.5299,23.2383,23.4697,24.2019,12.0911,12.0402,12.5731,13.3604,4.9114,4.9293,4.9329,4.8804,25.20018,1.5765234491575406,-0.6332160809491669,False,19.241349999999994,31.059975000000005,False,13.223965000000002,0.9948017345437646,0.13714793135395012,False,10.783325000000001,15.533324999999998,False,4.44171,0.2526284641980727,1.7365026597163113,False,3.6609250000000007,5.277299999999999,False,0.0714244806240375,False,False,False,False,False,,35.9,False,24.131105,0.006200037659539125,False,12.9858675,0.00656713541878594,False,4.937622,5.7792154947919646e-05,False,False,No issues detected.,
C_00557,LOT_013,False,25.7412,25.7746,27.2147,27.6928,11.8465,11.9226,12.5624,12.0247,4.5016,4.1867,4.4277,4.3484,25.20018,1.5765234491575406,1.581086536538356,False,19.241349999999994,31.059975000000005,False,13.223965000000002,0.9948017345437646,-1.2055316736555635,False,10.783325000000001,15.533324999999998,False,4.44171,0.2526284641980727,-0.3693566372110797,False,3.6609250000000007,5.277299999999999,False,0.12330410789719132,False,False,False,False,False,,32.0,False,26.942299,0.0081090200636122,False,12.699219,0.005393185763888895,False,4.3308544,0.001001072332594129,False,False,No issues detected.,
C_00558,LOT_013,False,21.7338,22.0603,22.2142,23.29,11.9574,12.4463,12.8501,13.4278,4.4412,4.2176,4.3725,4.3462,25.20018,1.5765234491575406,-1.2116407155382043,False,19.241349999999994,31.059975000000005,False,13.223965000000002,0.9948017345437646,0.20490012524302711,False,10.783325000000001,15.533324999999998,False,4.44171,0.2526284641980727,-0.3780650779126599,False,3.6609250000000007,5.277299999999999,False,0.13085342356826068,False,False,False,False,False,,28.6,False,23.09789,0.007205492040846072,False,13.157154,0.004936486689249669,False,4.3800364,0.001128030236562093,False,False,No issues detected.,
C_00559,LOT_013,False,23.756,24.8242,24.4282,24.9319,12.7408,12.9898,13.712,14.0989,4.7328,4.5948,4.6724,4.6662,25.20018,1.5765234491575406,-0.17017190587514805,False,19.241349999999994,31.059975000000005,False,13.223965000000002,0.9948017345437646,0.8795069103908038,False,10.783325000000001,15.533324999999998,False,4.44171,0.2526284641980727,0.8886172059534411,False,3.6609250000000007,5.277299999999999,False,0.13079557593437935,False,False,False,False,False,,25.9,False,25.20091,0.0026160456127590523,False,13.645013,0.004550089274512392,False,4.6723394,0.0005384683291117335,False,False,No issues detected.,
C_00560,LOT_013,False,26.4962,25.5833,25.6399,27.3479,11.8371,12.5168,12.9213,13.2748,4.3282,4.3663,4.4729,4.4014,25.20018,1.5765234491575406,1.3623140214931113,False,19.241349999999994,31.059975000000005,False,13.223965000000002,0.9948017345437646,0.05110063466396469,False,10.783325000000001,15.533324999999998,False,4.44171,0.2526284641980727,-0.15956238394575717,False,3.6609250000000007,5.277299999999999,False,0.16174734900506166,False,False,False,False,False,,28.3,False,27.002275,0.009853996298048222,False,13.171724,0.004548085551791721,False,4.3860645,0.00013725367652045461,False,False,No issues detected.,
C_00561,LOT_014,False,22.5143,22.9126,23.8294,23.4614,10.6185,10.63,10.8587,10.5687,4.4064,4.4383,4.3707,4.3915,27.4969225,10.45631570988871,-0.38594114905917953,False,18.543775000000004,30.814524999999996,False,11.7788725,3.1598586837102753,-0.3829831081493264,False,8.323424999999997,13.461925000000003,False,4.704865,0.43321959407707766,-0.7233398587789793,False,3.472174999999999,5.84205,False,0.2720460651938732,False,False,False,False,False,,17.4,False,23.83312,0.006392502403259269,False,11.027056,0.002757331530253087,False,4.5195236,0.0005640529208713114,False,False,No issues detected.,
C_00562,LOT_014,False,22.264,22.6283,22.1387,22.6664,10.5985,10.8115,10.7577,11.127,4.1928,4.3033,4.2742,4.0943,27.4969225,10.45631570988871,-0.4619717531512267,False,18.543775000000004,30.814524999999996,False,11.7788725,3.1598586837102753,-0.20629799154010814,False,8.323424999999997,13.461925000000003,False,4.704865,0.43321959407707766,-1.4093660774987236,False,3.472174999999999,5.84205,False,0.20119982956608828,False,False,False,False,False,,26.7,False,23.459549,0.005772562154134119,False,11.062352,0.0017420290311177533,False,4.2516336,-0.0003587941381666404,False,False,No issues detected.,
C_00563,LOT_014,False,22.104,22.019,22.8885,23.8758,10.4807,10.4094,10.6579,11.0414,4.6295,4.6166,4.5707,4.6648,27.4969225,10.45631570988871,-0.346309598951325,False,18.543775000000004,30.814524999999996,False,11.7788725,3.1598586837102753,-0.23338781060109556,False,8.323424999999997,13.461925000000003,False,4.704865,0.43321959407707766,-0.09248196653097816,False,3.472174999999999,5.84205,False,0.26643257539370624,False,False,False,False,False,,14.6,False,22.98775,0.006727424303690604,False,10.8071375,0.002762065898047555,False,4.6656804,0.00034083616998460534,False,False,No issues detected.,
C_00564,LOT_014,False,21.9811,21.9289,22.332,23.536,9.6651,9.6551,9.9291,10.2264,4.2688,4.1206,4.1522,4.216,27.4969225,10.45631570988871,-0.37880670495192575,False,18.543775000000004,30.814524999999996,False,11.7788725,3.1598586837102753,-0.49131073740839015,False,8.323424999999997,13.461925000000003,False,4.704865,0.43321959407707766,-1.1284461891467947,False,3.472174999999999,5.84205,False,0.1794162220040585,False,False,False,False,False,,25.4,False,22.830616,0.006261916648017045,False,10.012556,0.002482333861456983,False,4.2884374,0.001165537267261084,False,False,No issues detected.,
C_00565,LOT_014,False,22.2101,22.0228,22.5193,22.5144,10.3385,10.5436,11.0877,10.536,4.6729,4.6574,4.6419,4.87,27.4969225,10.45631570988871,-0.47650842210970623,False,18.543775000000004,30.814524999999996,False,11.7788725,3.1598586837102753,-0.39333167220650256,False,8.323424999999997,13.461925000000003,False,4.704865,0.43321959407707766,0.38118081974523926,False,3.472174999999999,5.84205,False,0.2569784708137007,False,False,False,False,False,,16.1,False,22.98775,0.006701035414801703,False,10.778167,0.0016289359092712427,False,4.7579894,0.0006985375457339818,False,False,No issues detected.,
C_00566,LOT_014,False,23.6123,23.2207,24.5249,24.6157,10.2347,10.2998,10.4023,10.3826,4.1607,4.192,4.2967,4.4981,27.4969225,10.45631570988871,-0.2755485373567269,False,18.543775000000004,30.814524999999996,False,11.7788725,3.1598586837102753,-0.44187814701906564,False,8.323424999999997,13.461925000000003,False,4.704865,0.43321959407707766,-0.47727527292593463,False,3.472174999999999,5.84205,False,0.2320890806931163,False,False,False,False,False,,17.4,False,24.214336,0.006900252744886605,False,10.614737,0.0021870594236585873,False,4.2676744,0.0005255169868469226,False,False,No issues detected.,
C_00567,LOT_014,False,24.0922,24.2251,24.4259,24.5176,10.711,10.7173,10.9036,10.7409,4.4788,4.6304,4.5389,4.4247,27.4969225,10.45631570988871,-0.28493042699374543,False,18.543775000000004,30.814524999999996,False,11.7788725,3.1598586837102753,-0.328487000178509,False,8.323424999999997,13.461925000000003,False,4.704865,0.43321959407707766,-0.6467043592450109,False,3.472174999999999,5.84205,False,0.28342565899557587,False,False,False,False,False,,16.2,False,24.868969,0.004471312247382262,False,11.116079,0.002769300905863445,False,4.62186,-5.930536588032936e-05,False,False,No issues detected.,
C_00568,LOT_014,False,25.7445,26.0255,26.23,26.6799,10.351,10.3603,10.7371,10.3967,4.7576,4.916,4.7978,4.9154,27.4969225,10.45631570988871,-0.07813674746137672,False,18.543775000000004,30.814524999999996,False,11.7788725,3.1598586837102753,-0.4374159221503753,False,8.323424999999997,13.461925000000003,False,4.704865,0.43321959407707766,0.4859775570597625,False,3.472174999999999,5.84205,False,0.22715293145080728,False,False,False,False,False,,17.7,False,26.81755,0.005500351799858934,False,10.614737,0.0017669205347696905,False,4.8849316,-0.00021575302547878947,False,False,No issues detected.,
C_00569,LOT_014,False,19.1217,19.3837,20.1998,20.477,10.0203,10.2219,10.4504,10.3675,4.575,4.4824,4.5262,4.4064,27.4969225,10.45631570988871,-0.6713571677413244,False,18.543775000000004,30.814524999999996,False,11.7788725,3.1598586837102753,-0.44665684173659964,False,8.323424999999997,13.461925000000003,False,4.704865,0.43321959407707766,-0.688946215915843,False,3.472174999999999,5.84205,False,0.15336809395587025,False,False,False,False,False,,23.1,False,20.49369,0.007708267296685106,False,10.526167,0.0021129646937052427,False,4.4904923,5.619683265685923e-05,False,False,No issues detected.,
C_00570,LOT_014,False,23.0247,23.9173,24.2362,24.154,10.151,10.3056,10.6995,10.8384,4.5545,4.6662,4.7574,4.887,27.4969225,10.45631570988871,-0.31970366931810823,False,18.543775000000004,30.814524999999996,False,11.7788725,3.1598586837102753,-0.29763118991628656,False,8.323424999999997,13.461925000000003,False,4.704865,0.43321959407707766,0.42042188878371595,False,3.472174999999999,5.84205,False,0.2710563943713424,False,False,False,False,False,,15.0,False,24.17809,0.001811035707261821,False,10.614737,0.0021467816458808045,False,4.7297196,0.00044110860294765963,False,False,No issues detected.,
C_00571,LOT_014,False,27.3706,27.952,27.4242,28.3151,10.9572,11.1371,11.3817,11.327,4.7799,4.9906,4.9454,5.0181,27.4969225,10.45631570988871,0.07824720701826524,False,18.543775000000004,30.814524999999996,False,11.7788725,3.1598586837102753,-0.14300402177144708,False,8.323424999999997,13.461925000000003,False,4.704865,0.43321959407707766,0.723039780015743,False,3.472174999999999,5.84205,False,0.14684532609249257,False,False,False,False,False,,23.7,False,28.599958,0.004499711248609743,False,11.346548,0.0014545005586412202,False,4.9260607,-0.0004481897460089769,False,False,No issues detected.,
C_00572,LOT_014,False,21.748,21.5597,21.7412,22.2036,11.6199,11.437,11.6496,11.7374,4.7771,4.8841,4.8574,4.9671,27.4969225,10.45631570988871,-0.5062320846905968,False,18.543775000000004,30.814524999999996,False,11.7788725,3.1598586837102753,-0.013124795806154384,False,8.323424999999997,13.461925000000003,False,4.704865,0.43321959407707766,0.6053165729003108,False,3.472174999999999,5.84205,False,0.17251562326200964,False,False,False,False,False,,21.4,False,22.584364,0.007115721787346738,False,11.903151,0.0032371566560533355,False,4.883371,-5.063358942668393e-06,False,False,No issues detected.,
C_00573,LOT_014,False,22.1777,23.8497,23.4907,23.4241,11.5883,11.7571,12.0137,11.9557,4.3172,4.3469,4.2969,4.47,27.4969225,10.45631570988871,-0.38950837111280656,False,18.543775000000004,30.814524999999996,False,11.7788725,3.1598586837102753,0.055960572196339736,False,8.323424999999997,13.461925000000003,False,4.704865,0.43321959407707766,-0.5421384517483605,False,3.472174999999999,5.84205,False,0.16779562332114645,False,False,False,False,False,,21.1,False,24.085651,0.0016385513729519413,False,12.070248,0.00217463645935059,False,4.389748,0.00029755622545878254,False,False,No issues detected.,
C_00574,LOT_014,False,22.25,22.1478,22.8841,22.3967,9.9875,9.9302,10.2141,10.2613,4.3522,4.3312,4.5106,4.3668,27.4969225,10.45631570988871,-0.4877647769545287,False,18.543775000000004,30.814524999999996,False,11.7788725,3.1598586837102753,-0.48026593968375864,False,8.323424999999997,13.461925000000003,False,4.704865,0.43321959407707766,-0.7803548237937095,False,3.472174999999999,5.84205,False,0.24807910008950895,False,False,False,False,False,,19.1,False,22.98775,0.005832979859246147,False,10.265122,0.0023258500946892685,False,4.445317,0.0007924777189890548,False,False,No issues detected.,
C_00575,LOT_014,False,24.1739,24.2314,25.3345,24.2558,10.0003,9.9568,10.7264,10.3257,4.2524,4.3373,4.3257,4.4495,27.4969225,10.45631570988871,-0.30996792655512656,False,18.543775000000004,30.814524999999996,False,11.7788725,3.1598586837102753,-0.45988528141824997,False,8.323424999999997,13.461925000000003,False,4.704865,0.43321959407707766,-0.5894585644124078,False,3.472174999999999,5.84205,False,0.2493020525627116,False,False,False,False,False,,17.4,False,24.868969,0.004427562247382265,False,10.265122,0.002141127872467045,False,4.369918,0.0002265129831102164,False,False,No issues detected.,
C_00576,LOT_014,False,21.4686,21.8586,21.4548,22.3119,10.6489,10.935,11.0341,10.927,4.8881,4.9302,4.8557,5.1163,27.4969225,10.45631570988871,-0.4958747080576802,False,18.543775000000004,30.814524999999996,False,11.7788725,3.1598586837102753,-0.2695919613087698,False,8.323424999999997,13.461925000000003,False,4.704865,0.43321959407707766,0.9497146611674222,False,3.472174999999999,5.84205,False,0.19814243075151927,False,False,False,False,False,,23.0,False,22.6654,0.005602774662441684,False,11.156475,0.0015380212995741067,False,4.9615307,0.0002175742043389205,False,False,No issues detected.,
C_00577,LOT_014,False,23.7436,23.8848,23.4756,23.03,10.209,10.6072,11.0589,11.8307,4.294,4.4759,4.5179,4.3709,27.4969225,10.45631570988871,-0.4271985108268639,False,18.543775000000004,30.814524999999996,False,11.7788725,3.1598586837102753,0.016401841090926437,False,8.323424999999997,13.461925000000003,False,4.704865,0.43321959407707766,-0.7708908012608996,False,3.472174999999999,5.84205,False,0.2552855103397686,False,False,False,False,False,,18.7,False,24.496464,0.004247665108574772,False,11.01253,0.0028147939364115354,False,4.4657617,-7.040512826707775e-05,False,False,No issues detected.,
C_00578,LOT_014,True,26.1827,33.6251,45.9949,53.8382,9.7081,12.7844,17.1732,19.2929,4.3394,4.6875,5.0614,5.2232,27.4969225,10.45631570988871,2.5191738879009384,False,18.543775000000004,30.814524999999996,True,11.7788725,3.1598586837102753,2.377963147129447,False,8.323424999999997,13.461925000000003,True,4.704865,0.43321959407707766,1.1964717364740876,False,3.472174999999999,5.84205,False,0.025483083679171403,False,True,True,False,True,"iddq_ua,leakage_ua",44.7,True,53.74933,0.13975158759223089,True,19.937782,0.049676265886094834,True,5.2055635,0.003597663508521186,True,True,"[Module B - Iddq (standby current)] The strongest driver was delta_24h_iddq_ua (7.442), which pushed the predicted 168h value up by 13.69uA relative to baseline. [Module B - leakage current] The strongest driver was delta_24h_leakage_ua (3.076), which pushed the predicted 168h value up by 6.24uA relative to baseline. [Module B - propagation delay] The strongest driver was Value_24h_prop_delay_ns (4.688), which pushed the predicted 168h value up by 0.29ns relative to baseline. [Module A - Iddq (standby current)] Flagged because 168h Iddq (standby current) (53.84uA) falls outside the lot's normal IQR range [18.54, 30.81]uA. [Module A - leakage current] Flagged because 168h leakage current (19.29uA) falls outside the lot's normal IQR range [8.32, 13.46]uA.","Iddq (standby current), leakage current, propagation delay"
C_00579,LOT_014,True,24.273,33.7981,46.5325,55.2754,10.605,14.0879,18.7077,21.0527,4.7175,4.9014,5.681,5.8962,27.4969225,10.45631570988871,2.6566219183425606,False,18.543775000000004,30.814524999999996,True,11.7788725,3.1598586837102753,2.9348867871238986,False,8.323424999999997,13.461925000000003,True,4.704865,0.43321959407707766,2.749956410762068,False,3.472174999999999,5.84205,True,0.010140635526715513,False,True,True,True,True,"iddq_ua,leakage_ua,prop_delay_ns",49.0,True,55.73677,0.1523518793741862,True,21.955832,0.05463841338687473,True,4.886121,-0.00010610558191935053,False,True,"[Module B - Iddq (standby current)] The strongest driver was delta_24h_iddq_ua (9.525), which pushed the predicted 168h value up by 16.86uA relative to baseline. [Module B - leakage current] The strongest driver was delta_24h_leakage_ua (3.483), which pushed the predicted 168h value up by 7.74uA relative to baseline. [Module A - Iddq (standby current)] Flagged because 168h Iddq (standby current) (55.28uA) falls outside the lot's normal IQR range [18.54, 30.81]uA. [Module A - leakage current] Flagged because 168h leakage current (21.05uA) falls outside the lot's normal IQR range [8.32, 13.46]uA. [Module A - propagation delay] Flagged because 168h propagation delay (5.90ns) falls outside the lot's normal IQR range [3.47, 5.84]ns.","Iddq (standby current), leakage current, propagation delay"
C_00580,LOT_014,False,24.6993,24.3968,24.9173,26.6589,11.1495,11.385,11.6605,11.8447,4.5373,4.5265,4.6667,4.6322,27.4969225,10.45631570988871,-0.08014510304116672,False,18.543775000000004,30.814524999999996,False,11.7788725,3.1598586837102753,0.02083241897473252,False,8.323424999999997,13.461925000000003,False,4.704865,0.43321959407707766,-0.16773248715770536,False,3.472174999999999,5.84205,False,0.2197874458007082,False,False,False,False,False,,15.4,False,25.543453,0.007962869559393996,False,11.839,0.0031527760293748658,False,4.6368375,0.0007662325170305011,False,False,No issues detected.,
C_00581,LOT_014,True,22.0623,30.2884,41.7834,49.1732,10.2526,14.4251,18.0254,20.7151,4.2827,4.6747,5.1257,5.4207,27.4969225,10.45631570988871,2.0730320412476058,False,18.543775000000004,30.814524999999996,True,11.7788725,3.1598586837102753,2.8280465661543976,False,8.323424999999997,13.461925000000003,True,4.704865,0.43321959407707766,1.6523606267740516,False,3.472174999999999,5.84205,False,0.025798264989297937,False,True,True,False,True,"iddq_ua,leakage_ua",47.3,True,50.379993,0.13952495443556046,True,21.453972,0.0488116101582845,True,5.3866053,0.004943786546919083,True,True,"[Module B - Iddq (standby current)] The strongest driver was delta_24h_iddq_ua (8.226), which pushed the predicted 168h value up by 14.77uA relative to baseline. [Module B - leakage current] The strongest driver was delta_24h_leakage_ua (4.173), which pushed the predicted 168h value up by 9.71uA relative to baseline. [Module B - propagation delay] The strongest driver was Value_24h_prop_delay_ns (4.675), which pushed the predicted 168h value up by 0.33ns relative to baseline. [Module A - Iddq (standby current)] Flagged because 168h Iddq (standby current) (49.17uA) falls outside the lot's normal IQR range [18.54, 30.81]uA. [Module A - leakage current] Flagged because 168h leakage current (20.72uA) falls outside the lot's normal IQR range [8.32, 13.46]uA.","Iddq (standby current), leakage current, propagation delay"
C_00582,LOT_014,False,23.8695,25.1354,25.0756,24.2461,9.6507,10.0224,10.3101,9.9433,4.7156,4.7937,4.769,4.8359,27.4969225,10.45631570988871,-0.31089559556102975,False,18.543775000000004,30.814524999999996,False,11.7788725,3.1598586837102753,-0.58090335161593,False,8.323424999999997,13.461925000000003,False,4.704865,0.43321959407707766,0.30246785185040886,False,3.472174999999999,5.84205,False,0.2230726007966325,False,False,False,False,False,,18.7,False,25.384087,0.001726990339491098,False,10.2159195,0.0013438853793674094,False,4.791555,-1.4896334542170554e-05,False,False,No issues detected.,
C_00583,LOT_014,False,24.3974,24.0831,25.229,25.1616,10.2653,9.9657,10.5818,10.3994,4.8084,4.7185,4.7256,4.7997,27.4969225,10.45631570988871,-0.223340855880188,False,18.543775000000004,30.814524999999996,False,11.7788725,3.1598586837102753,-0.4365614535584981,False,8.323424999999997,13.461925000000003,False,4.704865,0.43321959407707766,0.21890745778023812,False,3.472174999999999,5.84205,False,0.24969415749539786,False,False,False,False,False,,16.2,False,25.027044,0.006555168724060046,False,10.320277,0.0024623417642381457,False,4.8185287,0.0006946434179941834,False,False,No issues detected.,
C_00584,LOT_014,False,24.4331,24.4431,24.0642,23.5556,10.0996,9.6316,10.1843,9.9312,4.4772,4.366,4.3395,4.5119,27.4969225,10.45631570988871,-0.37693223974412216,False,18.543775000000004,30.814524999999996,False,11.7788725,3.1598586837102753,-0.584732636786934,False,8.323424999999997,13.461925000000003,False,4.704865,0.43321959407707766,-0.4454207580594059,False,3.472174999999999,5.84205,False,0.2501300745132664,False,False,False,False,False,,17.4,False,25.576818,0.00787304490407307,False,10.199515,0.003943856546613901,False,4.578984,0.0014790540536244734,False,False,No issues detected.,
C_00585,LOT_014,False,23.7761,23.7819,24.3584,24.8595,10.2684,10.401,11.0265,11.2563,4.4596,4.4674,4.5993,4.3887,27.4969225,10.45631570988871,-0.2522324854351658,False,18.543775000000004,30.814524999999996,False,11.7788725,3.1598586837102753,-0.16537844008466898,False,8.323424999999997,13.461925000000003,False,4.704865,0.43321959407707766,-0.7298030936794339,False,3.472174999999999,5.84205,False,0.2784111515656956,False,False,False,False,False,,17.2,False,24.532553,0.005212866104973685,False,10.614737,0.0014842816458808066,False,4.5457544,0.0005441280047098824,False,False,No issues detected.,
C_00586,LOT_014,False,23.4381,24.6561,25.7466,25.3219,10.3048,10.3969,10.5379,10.8168,4.2826,4.4793,4.3559,4.3801,27.4969225,10.45631570988871,-0.2080104082877917,False,18.543775000000004,30.814524999999996,False,11.7788725,3.1598586837102753,-0.3044669386513018,False,8.323424999999997,13.461925000000003,False,4.704865,0.43321959407707766,-0.7496544580165471,False,3.472174999999999,5.84205,False,0.25941776955236623,False,False,False,False,False,,18.3,False,24.95732,0.0020918004141913618,False,10.614737,0.001512753868103024,False,4.4076715,-0.000497420475218033,False,False,No issues detected.,
C_00587,LOT_014,False,21.0191,21.3555,20.6407,21.5209,9.1112,9.4019,9.7179,9.6404,4.466,4.2691,4.6682,4.6074,27.4969225,10.45631570988871,-0.5715227682297672,False,18.543775000000004,30.814524999999996,False,11.7788725,3.1598586837102753,-0.6767620688305678,False,8.323424999999997,13.461925000000003,False,4.704865,0.43321959407707766,-0.22497828199030834,False,3.472174999999999,5.84205,False,0.12523058350039828,False,False,False,False,False,,24.4,False,21.831104,0.0033028074900309295,False,9.772975,0.0025769094996982186,False,4.4355507,0.0011559075673421232,False,False,No issues detected.,
C_00588,LOT_014,False,25.5653,25.1615,25.6417,26.3038,10.4989,10.884,10.7297,10.7568,4.2459,4.2374,4.2481,4.0945,27.4969225,10.45631570988871,-0.1141054395356144,False,18.543775000000004,30.814524999999996,False,11.7788725,3.1598586837102753,-0.32345512958190037,False,8.323424999999997,13.461925000000003,False,4.704865,0.43321959407707766,-1.408904417862976,False,3.472174999999999,5.84205,False,0.19491783768661508,False,False,False,False,False,,27.0,False,26.184164,0.007101833661397296,False,11.136411,0.0017528521749708365,False,4.317116,0.0005535818311903208,False,False,No issues detected.,
C_00589,LOT_014,False,23.2039,23.1543,24.2995,23.6935,10.459,10.6985,11.3825,11.2616,4.6325,4.5941,4.5993,4.6852,27.4969225,10.45631570988871,-0.3637440381035015,False,18.543775000000004,30.814524999999996,False,11.7788725,3.1598586837102753,-0.16370114988579942,False,8.323424999999997,13.461925000000003,False,4.704865,0.43321959407707766,-0.04539268368480365,False,3.472174999999999,5.84205,False,0.2745552509195616,False,False,False,False,False,,14.3,False,24.026484,0.0060568301094902945,False,11.079883,0.002648490428924566,False,4.6947594,0.0006990233951144743,False,False,No issues detected.,
C_00590,LOT_014,False,24.8142,24.44,25.5882,25.9681,10.6855,10.4972,10.785,10.9267,4.7013,4.8245,4.8577,4.718,27.4969225,10.45631570988871,-0.14621043801825606,False,18.543775000000004,30.814524999999996,False,11.7788725,3.1598586837102753,-0.2696869022634225,False,8.323424999999997,13.461925000000003,False,4.704865,0.43321959407707766,0.03031949657767133,False,3.472174999999999,5.84205,False,0.2616916359784373,False,False,False,False,False,,14.2,False,25.641403,0.008343077765570738,False,10.906842,0.002844737720489506,False,4.798187,-0.00018273070123460256,False,False,No issues detected.,
C_00591,LOT_014,False,24.3638,24.065,24.452,25.7048,9.4514,9.6926,9.7939,9.696,4.4497,4.5573,4.5974,4.5483,27.4969225,10.45631570988871,-0.17139139154962219,False,18.543775000000004,30.814524999999996,False,11.7788725,3.1598586837102753,-0.6591663452348799,False,8.323424999999997,13.461925000000003,False,4.704865,0.43321959407707766,-0.3613987043534874,False,3.472174999999999,5.84205,False,0.20865657927030867,False,False,False,False,False,,20.1,False,24.888176,0.005716499752468524,False,9.978791,0.001987439144982228,False,4.6202993,0.00043749541176690214,False,False,No issues detected.,
C_00592,LOT_014,False,23.329,22.7393,23.0642,23.6554,9.7159,9.7105,9.7148,9.3961,4.1164,4.1086,4.1251,4.211,27.4969225,10.45631570988871,-0.36738776894112035,False,18.543775000000004,30.814524999999996,False,11.7788725,3.1598586837102753,-0.7540756529029873,False,8.323424999999997,13.461925000000003,False,4.704865,0.43321959407707766,-1.1399876800404645,False,3.472174999999999,5.84205,False,0.1537225255386786,False,False,False,False,False,,26.8,False,23.907759,0.008114296616448295,False,10.012556,0.002097611639234757,False,4.194547,0.0005968553913964163,False,False,No issues detected.,
C_00593,LOT_014,True,22.738,37.8878,56.3329,70.3559,10.3712,14.2287,19.1221,22.485,4.5567,4.8573,5.577,6.1835,27.4969225,10.45631570988871,4.0988603145817,True,18.543775000000004,30.814524999999996,True,11.7788725,3.1598586837102753,3.3881665516221657,True,8.323424999999997,13.461925000000003,True,4.704865,0.43321959407707766,3.4131304775123454,True,3.472174999999999,5.84205,True,-0.035953162321991305,True,True,True,True,True,"iddq_ua,leakage_ua,prop_delay_ns",61.0,True,70.459,0.2261888863457574,True,22.217247,0.05547602089775933,True,5.6759834,0.005685301589965818,True,True,"[Module B - Iddq (standby current)] The strongest driver was delta_24h_iddq_ua (15.150), which pushed the predicted 168h value up by 28.47uA relative to baseline. [Module B - leakage current] The strongest driver was delta_24h_leakage_ua (3.857), which pushed the predicted 168h value up by 8.36uA relative to baseline. [Module A - Iddq (standby current)] Flagged because 168h Iddq (standby current) is 4.1sigma from its lot's mean (70.36uA vs lot mean 27.50uA); and 168h Iddq (standby current) (70.36uA) falls outside the lot's normal IQR range [18.54, 30.81]uA. [Module A - propagation delay] Flagged because 168h propagation delay is 3.4sigma from its lot's mean (6.18ns vs lot mean 4.70ns); and 168h propagation delay (6.18ns) falls outside the lot's normal IQR range [3.47, 5.84]ns. [Module A - leakage current] Flagged because 168h leakage current is 3.4sigma from its lot's mean (22.48uA vs lot mean 11.78uA); and 168h leakage current (22.48uA) falls outside the lot's normal IQR range [8.32, 13.46]uA. [Module B - propagation delay] The strongest driver was Value_24h_prop_delay_ns (4.857), which pushed the predicted 168h value up by 0.47ns relative to baseline.","Iddq (standby current), leakage current, propagation delay"
C_00594,LOT_014,False,25.0259,25.9217,25.6558,25.4715,12.2305,11.5391,11.6499,11.9453,4.8611,4.941,5.0222,5.0635,27.4969225,10.45631570988871,-0.1937032656812883,False,18.543775000000004,30.814524999999996,False,11.7788725,3.1598586837102753,0.05266928576836915,False,8.323424999999997,13.461925000000003,False,4.704865,0.43321959407707766,0.8278365173302683,False,3.472174999999999,5.84205,False,0.15307239377406257,False,False,False,False,False,,24.2,False,26.507145,0.0040655897776285714,False,12.062797,0.003636781893836131,False,4.925318,-0.00010890441470675884,False,False,No issues detected.,
C_00595,LOT_014,False,25.2731,24.0274,25.329,25.8856,10.5648,10.3899,10.3129,10.2288,4.7562,4.9437,4.9474,4.6538,27.4969225,10.45631570988871,-0.15410040636743072,False,18.543775000000004,30.814524999999996,False,11.7788725,3.1598586837102753,-0.4905512097711663,False,8.323424999999997,13.461925000000003,False,4.704865,0.43321959407707766,-0.11787324649705036,False,3.472174999999999,5.84205,False,0.24605143999934193,False,False,False,False,False,,16.8,False,25.387373,0.009444256740146213,False,10.765114,0.0026056516011555932,False,4.8320794,-0.0007751429822709808,False,False,No issues detected.,
C_00596,LOT_014,False,23.7271,24.5329,24.2776,24.087,10.9513,10.9217,10.9357,11.2762,4.6119,4.9224,4.8471,4.7715,27.4969225,10.45631570988871,-0.326111279977438,False,18.543775000000004,30.814524999999996,False,11.7788725,3.1598586837102753,-0.15908069009268724,False,8.323424999999997,13.461925000000003,False,4.704865,0.43321959407707766,0.1538134491399394,False,3.472174999999999,5.84205,False,0.25414552113088007,False,False,False,False,False,,15.0,True,24.914213,0.0026480081982082687,False,11.190203,0.0018646021736992762,False,5.4121,0.0034006933212280296,True,True,"[Module B - propagation delay] The strongest driver was Value_24h_prop_delay_ns (4.922), which pushed the predicted 168h value up by 0.43ns relative to baseline.",propagation delay
C_00597,LOT_014,False,22.8704,23.3278,22.9598,23.4681,10.9032,11.5022,11.1843,11.6451,4.9228,4.9805,4.9884,4.9159,27.4969225,10.45631570988871,-0.3853003879932467,False,18.543775000000004,30.814524999999996,False,11.7788725,3.1598586837102753,-0.04233496285439151,False,8.323424999999997,13.461925000000003,False,4.704865,0.43321959407707766,0.4871317061491288,False,3.472174999999999,5.84205,False,0.19660774566107192,False,False,False,False,False,,19.2,False,23.998936,0.004660664579603408,False,11.796656,0.0020448309368557385,False,4.959806,-0.00014370857344733447,False,False,No issues detected.,
C_00598,LOT_014,False,26.5997,26.4543,26.3715,26.6883,10.6699,10.6405,10.5688,10.6589,4.4483,4.4168,4.491,4.5536,27.4969225,10.45631570988871,-0.0773334052294606,False,18.543775000000004,30.814524999999996,False,11.7788725,3.1598586837102753,-0.35443752778366033,False,8.323424999999997,13.461925000000003,False,4.704865,0.43321959407707766,-0.349164724006197,False,3.472174999999999,5.84205,False,0.21686674019918573,False,False,False,False,False,,17.1,False,27.423382,0.006729734759860569,False,11.052561,0.002861533376905657,False,4.5480247,0.0009112823221418573,False,False,No issues detected.,
C_00599,LOT_014,False,20.8428,20.7819,21.3074,21.712,10.9276,10.9914,10.9391,10.8836,4.6171,4.7017,4.3955,4.4793,27.4969225,10.45631570988871,-0.5532467324536791,False,18.543775000000004,30.814524999999996,False,11.7788725,3.1598586837102753,-0.2833267527485693,False,8.323424999999997,13.461925000000003,False,4.704865,0.43321959407707766,-0.5206712786861332,False,3.472174999999999,5.84205,False,0.19547119236112237,False,False,False,False,False,,19.8,False,21.542065,0.0052789212968614345,False,11.239812,0.0017250826199849412,False,4.7548065,0.000368795267740887,False,False,No issues detected.,
C_00600,LOT_014,False,24.1655,24.0509,23.8436,24.8362,10.4046,10.4618,10.6683,10.5116,4.3128,4.4193,4.4683,4.4936,27.4969225,10.45631570988871,-0.25446080376893265,False,18.543775000000004,30.814524999999996,False,11.7788725,3.1598586837102753,-0.40105353651827924,False,8.323424999999997,13.461925000000003,False,4.704865,0.43321959407707766,-0.48766261473023803,False,3.472174999999999,5.84205,False,0.2775116785938221,False,False,False,False,False,,15.2,False,24.852468,0.005566447851392968,False,10.758178,0.002058178869883218,False,4.432525,9.184137450324314e-05,False,False,No issues detected.,
C_00601,LOT_015,False,27.7679,27.8994,27.2342,27.813,9.9435,10.1814,10.1787,10.5899,5.0075,4.8853,5.1741,5.1559,28.252495,1.9664863520489722,-0.22349252489958596,False,20.544975,35.90885,False,11.272575,0.5990078038745108,-1.1396763040219369,False,9.2308,13.410174999999999,False,4.939635,0.35836706404152646,0.6034734262715052,False,3.7600250000000006,6.192024999999999,False,0.13512863289562999,False,False,False,False,False,,27.7,False,28.66614,0.005324580574035644,False,10.472439,0.0020211028628879125,False,5.1052113,0.0015271615134345162,False,False,No issues detected.,
C_00602,LOT_015,False,26.8651,27.6382,29.4176,29.0457,10.6248,10.5208,10.5854,11.0813,4.8147,4.8168,4.7438,4.7023,28.252495,1.9664863520489722,0.403361558636562,False,20.544975,35.90885,False,11.272575,0.5990078038745108,-0.3193197129700006,False,9.2308,13.410174999999999,False,4.939635,0.35836706404152646,-0.6622678918185914,False,3.7600250000000006,6.192024999999999,False,0.19509986897819126,False,False,False,False,False,,20.8,False,28.661907,0.007109077750311949,False,11.020065,0.0034671201917860278,False,4.886701,0.0004854243543412968,False,False,No issues detected.,
C_00603,LOT_015,False,23.3845,24.1165,24.8201,24.1079,11.3314,11.6604,11.683,11.8958,4.5701,4.9132,4.606,4.8967,28.252495,1.9664863520489722,-2.1076144239097085,False,20.544975,35.90885,False,11.272575,0.5990078038745108,1.0404288491215754,False,9.2308,13.410174999999999,False,4.939635,0.35836706404152646,-0.11980732692283566,False,3.7600250000000006,6.192024999999999,False,0.05086647057657245,False,False,False,False,False,,40.0,False,24.651949,0.00371839533911812,False,11.785663,0.0008698795212639757,False,5.0052433,0.0006391895929972345,False,False,No issues detected.,
C_00604,LOT_015,False,26.8102,25.9305,27.3447,27.4412,10.2917,10.6329,10.7759,10.8322,4.5945,4.469,4.5882,4.5239,28.252495,1.9664863520489722,-0.4125607071489084,False,20.544975,35.90885,False,11.272575,0.5990078038745108,-0.7351740614255101,False,9.2308,13.410174999999999,False,4.939635,0.35836706404152646,-1.1600814966406223,False,3.7600250000000006,6.192024999999999,False,0.14789229972509133,False,False,False,False,False,,27.3,False,27.049633,0.007771757125854502,False,10.979811,0.0024091021855672246,False,4.647932,0.0012425836986965583,False,False,No issues detected.,
C_00605,LOT_015,False,28.5885,28.9157,31.3637,31.3441,11.2212,11.5718,11.9117,11.959,4.5178,4.5678,4.7379,4.8919,28.252495,1.9664863520489722,1.5721466852687365,False,20.544975,35.90885,False,11.272575,0.5990078038745108,1.1459366565177547,False,9.2308,13.410174999999999,False,4.939635,0.35836706404152646,-0.1332014149449541,False,3.7600250000000006,6.192024999999999,False,0.13391982721797563,False,False,False,False,False,,31.4,False,30.031403,0.007747934638129333,False,11.9126835,0.0023672464370727564,False,4.6478243,0.0005557242181566021,False,False,No issues detected.,
C_00606,LOT_015,False,25.2938,25.3631,27.0327,25.3698,10.3403,10.3015,10.2402,10.3382,4.8526,4.9515,4.9475,5.1215,28.252495,1.9664863520489722,-1.465911521326546,False,20.544975,35.90885,False,11.272575,0.5990078038745108,-1.559871163541212,False,9.2308,13.410174999999999,False,4.939635,0.35836706404152646,0.5074824621129976,False,3.7600250000000006,6.192024999999999,False,0.11524930746868522,False,False,False,False,False,,32.2,False,26.651505,0.008947253587510855,False,10.702614,0.002785512712266705,False,4.9444838,-4.8723909589981014e-05,False,False,No issues detected.,
C_00607,LOT_015,False,28.5621,27.4807,29.3576,29.0372,10.5744,10.9104,10.4836,11.2113,5.2865,5.2667,5.1545,5.2796,28.252495,1.9664863520489722,0.39903912843451916,False,20.544975,35.90885,False,11.272575,0.5990078038745108,-0.10229415978165954,False,9.2308,13.410174999999999,False,4.939635,0.35836706404152646,0.9486502363414909,False,3.7600250000000006,6.192024999999999,False,0.15408873572045145,False,False,False,False,False,,25.2,False,29.225637,0.012117621082729771,False,11.185136,0.001907887787289095,False,5.383452,0.0008107773515913211,False,False,No issues detected.,
C_00608,LOT_015,False,25.3636,25.2226,25.4791,25.1511,10.5475,10.394,11.0459,10.6479,4.684,4.7339,4.6887,4.5952,28.252495,1.9664863520489722,-1.577125107819088,False,20.544975,35.90885,False,11.272575,0.5990078038745108,-1.042849518753292,False,9.2308,13.410174999999999,False,4.939635,0.35836706404152646,-0.9611234808120864,False,3.7600250000000006,6.192024999999999,False,0.13141273055174868,False,False,False,False,False,,31.6,False,26.246223,0.007108496178521051,False,10.858303,0.003224326875474717,False,4.735192,8.970986472234266e-06,False,False,No issues detected.,
C_00609,LOT_015,False,25.0343,25.7592,25.5485,26.1075,10.9688,11.5764,11.047,11.2292,5.3372,5.2737,5.5143,5.5302,28.252495,1.9664863520489722,-1.0907754319093186,False,20.544975,35.90885,False,11.272575,0.5990078038745108,-0.07241141053495544,False,9.2308,13.410174999999999,False,4.939635,0.35836706404152646,1.6479332484962037,False,3.7600250000000006,6.192024999999999,False,0.10557291498424076,False,False,False,False,False,,33.5,False,26.750292,0.00688258211347792,False,11.80054,0.0015565275722079835,False,5.3918233,0.0008203006373511432,False,False,No issues detected.,
C_00610,LOT_015,False,28.7024,29.6768,30.8286,31.6231,11.3247,11.6574,11.5689,11.5875,5.4065,5.2921,5.4913,5.5001,28.252495,1.9664863520489722,1.7140241001357643,False,20.544975,35.90885,False,11.272575,0.5990078038745108,0.5257444025987611,False,9.2308,13.410174999999999,False,4.939635,0.35836706404152646,1.563941154857509,False,3.7600250000000006,6.192024999999999,False,0.09399764274026667,False,False,False,False,False,,34.6,False,30.483063,0.005599046834309895,False,11.785663,0.0008907128545972975,False,5.4211516,0.0008961919307708769,False,False,No issues detected.,
C_00611,LOT_015,False,27.7735,27.3468,28.6619,28.6641,11.32,11.515,11.3196,11.3305,4.6469,4.7318,4.7578,4.8052,28.252495,1.9664863520489722,0.20930986862488593,False,20.544975,35.90885,False,11.272575,0.5990078038745108,0.09670157821873035,False,9.2308,13.410174999999999,False,4.939635,0.35836706404152646,-0.37513212984444894,False,3.7600250000000006,6.192024999999999,False,0.19726507055006115,False,False,False,False,False,,18.3,False,28.142479,0.005525548214382583,False,11.869803,0.0024639126989576513,False,4.828684,0.0006728045357598214,False,False,No issues detected.,
C_00612,LOT_015,False,28.9123,29.1128,30.0645,30.3225,10.6581,11.3117,11.4076,11.1245,4.6647,4.7932,4.8022,4.7539,28.252495,1.9664863520489722,1.0526414271033049,False,20.544975,35.90885,False,11.272575,0.5990078038745108,-0.2472004522181841,False,9.2308,13.410174999999999,False,4.939635,0.35836706404152646,-0.51828144558083,False,3.7600250000000006,6.192024999999999,False,0.17863964751439976,False,False,False,False,False,,24.8,False,30.246046,0.007869764349195693,False,11.508045,0.0013635083092583544,False,4.8006225,5.154488351610192e-05,False,False,No issues detected.,
C_00613,LOT_015,False,27.6201,28.2665,28.0121,27.8136,11.529,11.1105,11.3386,11.2319,5.0823,4.9326,5.1134,5.0125,28.252495,1.9664863520489722,-0.22318741217944071,False,20.544975,35.90885,False,11.272575,0.5990078038745108,-0.0679039567379684,False,9.2308,13.410174999999999,False,4.939635,0.35836706404152646,0.2033250466107477,False,3.7600250000000006,6.192024999999999,False,0.18957252074294273,False,False,False,False,False,,17.4,False,28.682152,0.0028864707946777302,False,11.482898,0.0025860955450269906,False,5.083394,0.0010471809069315602,False,False,No issues detected.,
C_00614,LOT_015,False,28.0079,29.2565,29.6959,29.296,11.0825,10.8767,10.7069,10.926,4.7064,4.5609,4.8464,4.8692,28.252495,1.9664863520489722,0.5306444150566945,False,20.544975,35.90885,False,11.272575,0.5990078038745108,-0.57858177766346,False,9.2308,13.410174999999999,False,4.939635,0.35836706404152646,-0.19654428954954972,False,3.7600250000000006,6.192024999999999,False,0.18275866312307298,False,False,False,False,False,,20.7,False,29.406746,0.001043374379475918,False,11.344408,0.0032479724672105606,False,4.7693367,0.00144747708638509,False,False,No issues detected.,
C_00615,LOT_015,False,25.2034,26.2608,25.7355,27.2912,11.2022,11.25,11.9643,11.7607,4.6248,4.6568,4.8332,4.8159,28.252495,1.9664863520489722,-0.4888388871849441,False,20.544975,35.90885,False,11.272575,0.5990078038745108,0.8148892165389217,False,9.2308,13.410174999999999,False,4.939635,0.35836706404152646,-0.3452744752951457,False,3.7600250000000006,6.192024999999999,False,0.16946374004319775,False,False,False,False,False,,23.3,False,27.239681,0.00679778641594781,False,11.6871395,0.003035691049363878,False,4.772099,0.0008006876256730849,False,False,No issues detected.,
C_00616,LOT_015,False,26.2666,26.4003,27.6826,28.4344,11.0015,10.9269,11.3186,11.731,4.3462,4.4608,4.6793,4.5597,28.252495,1.9664863520489722,0.09250254892970158,False,20.544975,35.90885,False,11.272575,0.5990078038745108,0.7653072247720464,False,9.2308,13.410174999999999,False,4.939635,0.35836706404152646,-1.060183923475663,False,3.7600250000000006,6.192024999999999,False,0.16354739154727482,False,False,False,False,False,,25.7,False,27.515686,0.007745736355251726,False,11.30822,0.0026480549282497843,False,4.5619473,0.0007024121231502965,False,False,No issues detected.,
C_00617,LOT_015,False,27.0301,28.5999,29.1085,29.9441,11.4806,11.1031,11.3324,11.319,4.8616,4.9532,4.8834,4.9031,28.252495,1.9664863520489722,0.8602170049323955,False,20.544975,35.90885,False,11.272575,0.5990078038745108,0.07750316389822337,False,9.2308,13.410174999999999,False,4.939635,0.35836706404152646,-0.10194854289334525,False,3.7600250000000006,6.192024999999999,False,0.19562103842394174,False,False,False,False,False,,22.4,False,29.133734,0.0037071788152058804,False,11.507118,0.002805682118733727,False,4.9421363,-7.683133549160306e-05,False,False,No issues detected.,
C_00618,LOT_015,False,28.7879,29.5215,29.977,29.8311,10.115,9.777,10.0411,10.1201,4.3334,4.2743,4.4893,4.435,28.252495,1.9664863520489722,0.8027541093052483,False,20.544975,35.90885,False,11.272575,0.5990078038745108,-1.923973264697962,False,9.2308,13.410174999999999,False,4.939635,0.35836706404152646,-1.4081511685502572,False,3.7600250000000006,6.192024999999999,False,0.038497515397075355,False,False,False,False,False,,39.1,False,30.558796,0.007203443951076934,False,10.21793,0.0030620127783881346,False,4.3666315,0.0006411910268995483,False,False,No issues detected.,
C_00619,LOT_015,False,26.8415,26.9406,27.7643,28.8286,10.9398,10.7285,11.0915,11.2914,4.3455,4.3488,4.5365,4.4192,28.252495,1.9664863520489722,0.292961606064406,False,20.544975,35.90885,False,11.272575,0.5990078038745108,0.03142696952900365,False,9.2308,13.410174999999999,False,4.939635,0.35836706404152646,-1.4522400416230594,False,3.7600250000000006,6.192024999999999,False,0.15289452996010883,False,False,False,False,False,,29.5,False,28.121958,0.008203873464796278,False,11.2717905,0.0037728507253858754,False,4.456294,0.0007464865260654041,False,False,No issues detected.,
C_00620,LOT_015,False,29.9549,29.8723,29.5227,32.0542,10.2529,10.1288,10.4594,10.7418,4.4072,4.5693,4.8173,4.8316,28.252495,1.9664863520489722,1.9332475895593333,False,20.544975,35.90885,False,11.272575,0.5990078038745108,-0.8860902922580204,False,9.2308,13.410174999999999,False,4.939635,0.35836706404152646,-0.3014646457228038,False,3.7600250000000006,6.192024999999999,False,0.08441021041204444,False,False,False,False,False,,36.9,False,31.166927,0.008990467622545037,False,10.637733,0.0035342601352267794,False,4.737094,0.0011652355935838478,False,False,No issues detected.,
C_00621,LOT_015,False,27.0894,27.31,26.8962,27.6334,10.8005,10.8316,10.4744,11.0357,4.8401,4.5285,4.7233,4.7503,28.252495,1.9664863520489722,-0.3148229324627321,False,20.544975,35.90885,False,11.272575,0.5990078038745108,-0.39544559931914286,False,9.2308,13.410174999999999,False,4.939635,0.35836706404152646,-0.5283270115974169,False,3.7600250000000006,6.192024999999999,False,0.1872921201235495,False,False,False,False,False,,20.0,False,28.121958,0.0056385956870185095,False,11.265441,0.003012784311506484,False,4.738293,0.0014568970203399645,False,False,No issues detected.,
C_00622,LOT_015,False,26.0837,25.2837,26.193,27.1528,10.658,10.2446,10.4263,11.0232,5.3971,5.4479,5.5082,5.388,28.252495,1.9664863520489722,-0.5592182212981941,False,20.544975,35.90885,False,11.272575,0.5990078038745108,-0.4163134409718699,False,9.2308,13.410174999999999,False,4.939635,0.35836706404152646,1.2511333908409752,False,3.7600250000000006,6.192024999999999,False,0.0934594724000467,False,False,False,False,False,,30.8,False,26.647419,0.009470270665486656,False,10.843933,0.004162035454644096,False,5.523854,0.0005274567974938305,False,False,No issues detected.,
C_00623,LOT_015,False,27.6175,27.6163,30.1011,29.8391,11.1556,11.127,12.0094,11.7918,4.9595,5.0502,4.8661,5.0281,28.252495,1.9664863520489722,0.8068222789071698,False,20.544975,35.90885,False,11.272575,0.5990078038745108,0.8668084065709026,False,9.2308,13.410174999999999,False,4.939635,0.35836706404152646,0.24685583268262953,False,3.7600250000000006,6.192024999999999,False,0.18106403026295514,False,False,False,False,False,,23.2,False,28.702229,0.007541170459323466,False,11.488597,0.0025110896958245124,False,5.0548687,3.242151472303433e-05,False,False,No issues detected.,
C_00624,LOT_015,False,27.8879,28.1802,25.882,28.5873,11.2098,11.2567,11.455,11.9559,4.8833,4.9588,4.9305,5.1534,28.252495,1.9664863520489722,0.17025544044643418,False,20.544975,35.90885,False,11.272575,0.5990078038745108,1.140761431787879,False,9.2308,13.410174999999999,False,4.939635,0.35836706404152646,0.5964973387599871,False,3.7600250000000006,6.192024999999999,False,0.18593029203886385,False,False,False,False,False,,25.2,False,28.654568,0.0032942202674018065,False,11.6871395,0.0029891632715860978,False,5.030953,0.00050106201701694,False,False,No issues detected.,
C_00625,LOT_015,False,31.2083,29.1168,31.5688,31.3813,11.6092,11.5105,11.9553,11.9032,5.3102,5.303,5.4206,5.4778,28.252495,1.9664863520489722,1.591063673917673,False,20.544975,35.90885,False,11.272575,0.5990078038745108,1.0527826113799896,False,9.2308,13.410174999999999,False,4.939635,0.35836706404152646,1.5017144542547562,False,3.7600250000000006,6.192024999999999,False,0.04445223892770511,False,False,False,False,False,,36.0,False,31.308598,0.015220816421508779,False,12.005772,0.0034393863677978486,False,5.3706903,0.00047007184558444596,False,False,No issues detected.,
C_00626,LOT_015,False,29.1077,29.9521,28.1746,28.6057,10.8253,11.4023,11.6171,11.7756,4.8623,4.8066,4.8346,4.9045,28.252495,1.9664863520489722,0.1796122305308545,False,20.544975,35.90885,False,11.272575,0.5990078038745108,0.8397636837889715,False,9.2308,13.410174999999999,False,4.939635,0.35836706404152646,-0.098041933886896,False,3.7600250000000006,6.192024999999999,False,0.1822476870872976,False,False,False,False,False,,22.9,False,30.418543,0.0032391865412394103,False,11.825143,0.0029364087528652594,False,4.934568,0.0008886661688486705,False,False,No issues detected.,
C_00627,LOT_015,False,24.4881,25.9707,26.8265,25.9746,11.7077,11.6374,12.0728,11.6917,5.1354,5.3466,5.18,5.3021,28.252495,1.9664863520489722,-1.1583578994212484,False,20.544975,35.90885,False,11.272575,0.5990078038745108,0.6996987306158797,False,9.2308,13.410174999999999,False,4.939635,0.35836706404152646,1.0114350239451664,False,3.7600250000000006,6.192024999999999,False,0.11643291275885925,False,False,False,False,False,,28.8,False,26.456066,0.0033705981360541396,False,11.956006,0.0022125420146518315,False,5.3631177,0.00011470621426900523,False,False,No issues detected.,
C_00628,LOT_015,False,26.3802,25.4737,26.3103,26.7843,11.3357,11.0167,11.6973,11.207,5.0102,5.1785,5.0646,5.2844,28.252495,1.9664863520489722,-0.7466082835867223,False,20.544975,35.90885,False,11.272575,0.5990078038745108,-0.10947269731019513,False,9.2308,13.410174999999999,False,4.939635,0.35836706404152646,0.9620443243636069,False,3.7600250000000006,6.192024999999999,False,0.17453385236363794,False,False,False,False,False,,24.3,False,26.795286,0.009177681795756017,False,11.413738,0.002757210074530706,False,5.306805,0.0008910078737470863,False,False,No issues detected.,
C_00629,LOT_015,False,26.6582,27.6654,28.9047,28.9694,10.9444,10.6916,11.289,11.4992,4.4918,4.4683,4.5283,4.6366,28.252495,1.9664863520489722,0.36456139105823154,False,20.544975,35.90885,False,11.272575,0.5990078038745108,0.3783339691639095,False,9.2308,13.410174999999999,False,4.939635,0.35836706404152646,-0.8455994716213252,False,3.7600250000000006,6.192024999999999,False,0.16925996430289186,False,False,False,False,False,,23.6,False,28.423868,0.005267140134175606,False,11.246768,0.003855333317650694,False,4.6191797,0.0010477758725484202,False,False,No issues detected.,
C_00630,LOT_015,False,28.1603,29.5617,30.7475,30.8166,11.6606,11.5332,11.7879,12.0753,3.7826,3.9119,3.9411,3.8868,28.252495,1.9664863520489722,1.3039017521420084,False,20.544975,35.90885,False,11.272575,0.5990078038745108,1.3400910552547116,False,9.2308,13.410174999999999,False,4.939635,0.35836706404152646,-2.937867638076251,False,3.7600250000000006,6.192024999999999,False,-0.031403935235934544,True,False,False,False,True,multivariate (cross-parameter),51.1,False,30.188608,0.0043535289552476784,False,12.024038,0.0034085994084676052,False,3.9423585,0.000211517318089802,False,True,"[Module A - cross-parameter] The combination of readings across parameters and checkpoints is unusual relative to this lot, even though no single parameter individually crossed its threshold (multivariate outlier).",cross-parameter
C_00631,LOT_015,False,27.9964,28.1005,28.1617,29.7407,10.0121,10.3395,10.663,10.732,4.8327,5.1193,4.8544,4.948,28.252495,1.9664863520489722,0.7567837928035309,False,20.544975,35.90885,False,11.272575,0.5990078038745108,-0.9024506801137574,False,9.2308,13.410174999999999,False,4.939635,0.35836706404152646,0.023341988813545347,False,3.7600250000000006,6.192024999999999,False,0.16234393866110264,False,False,False,False,False,,24.4,False,28.66614,0.003928052796257865,False,10.674619,0.0023272133403354272,False,5.11625,-2.1180290646022953e-05,False,False,No issues detected.,
C_00632,LOT_015,False,26.3134,27.0168,27.1259,28.5131,11.8429,12.5468,12.4969,12.8854,5.0032,5.2137,5.2239,5.3353,28.252495,1.9664863520489722,0.13252316738860936,False,20.544975,35.90885,False,11.272575,0.5990078038745108,2.692494137084531,False,9.2308,13.410174999999999,False,4.939635,0.35836706404152646,1.104077466098145,False,3.7600250000000006,6.192024999999999,False,0.0517522386532735,False,False,False,False,False,,44.8,False,27.942905,0.00643128768073188,False,12.7008,0.0010694440417819602,False,5.3137264,0.000694627952575682,False,False,No issues detected.,
C_00633,LOT_015,False,25.962,26.5192,26.7364,27.6629,10.6837,10.8274,10.9585,11.3355,5.4459,5.4228,5.4788,5.4788,28.252495,1.9664863520489722,-0.29982155705564556,False,20.544975,35.90885,False,11.272575,0.5990078038745108,0.10504871487981879,False,9.2308,13.410174999999999,False,4.939635,0.35836706404152646,1.5045048892593627,False,3.7600250000000006,6.192024999999999,False,0.11324555931604796,False,False,False,False,False,,31.9,False,27.392853,0.006067033216688358,False,11.265441,0.0030419509781731443,False,5.531317,0.0007535919030507432,False,False,No issues detected.,
C_00634,LOT_015,False,23.7934,24.8236,26.5061,26.1643,11.2985,11.2052,11.3422,11.3151,4.715,4.8467,4.7855,4.6871,28.252495,1.9664863520489722,-1.0618914277356732,False,20.544975,35.90885,False,11.272575,0.5990078038745108,0.07099239730257047,False,9.2308,13.410174999999999,False,4.939635,0.35836706404152646,-0.7046825038886302,False,3.7600250000000006,6.192024999999999,False,0.1469616559104035,False,False,False,False,False,,26.5,False,25.221447,0.0027628263261583186,False,11.488597,0.0019680341402689644,False,4.823579,-0.00016056364907158905,False,False,No issues detected.,
C_00635,LOT_015,False,25.7276,25.1904,25.3279,26.4092,12.4256,11.7006,12.1037,12.0278,4.932,4.9878,5.024,5.1991,28.252495,1.9664863520489722,-0.9373545857968391,False,20.544975,35.90885,False,11.272575,0.5990078038745108,1.2607932569743536,False,9.2308,13.410174999999999,False,4.939635,0.35836706404152646,0.7240202184705613,False,3.7600250000000006,6.192024999999999,False,0.0961646665706336,False,False,False,False,False,,30.7,False,26.181448,0.006882277658250595,False,12.103059,0.002794852881961401,False,5.086018,0.0006820700380537245,False,False,No issues detected.,
C_00636,LOT_015,False,28.3882,28.6932,29.6491,29.9834,10.9903,11.4295,11.506,11.4167,4.8001,4.8425,4.8815,4.8896,28.252495,1.9664863520489722,0.8802018881018374,False,20.544975,35.90885,False,11.272575,0.5990078038745108,0.24060621425592346,False,9.2308,13.410174999999999,False,4.939635,0.35836706404152646,-0.13961941545555195,False,3.7600250000000006,6.192024999999999,False,0.20013953589811978,False,False,False,False,False,,22.3,False,29.484255,0.005493436368306471,False,11.823143,0.0027336319817437005,False,4.879188,0.00025477819972567913,False,False,No issues detected.,
C_00637,LOT_015,False,23.4892,23.8633,25.1646,25.0431,10.3339,10.8838,11.339,11.3301,4.6412,4.5492,4.6227,4.743,28.252495,1.9664863520489722,-1.6320453974450344,False,20.544975,35.90885,False,11.272575,0.5990078038745108,0.09603380728584172,False,9.2308,13.410174999999999,False,4.939635,0.35836706404152646,-0.5486971871310535,False,3.7600250000000006,6.192024999999999,False,0.0887758084846545,False,False,False,False,False,,34.2,False,24.66872,0.005593196148342565,False,11.018369,0.0009345050070020831,False,4.7026315,0.0010654963440365267,False,False,No issues detected.,
C_00638,LOT_015,False,27.9013,27.8457,28.891,28.9423,10.5689,10.4989,10.457,10.7255,4.8122,4.9697,4.9675,4.9688,28.252495,1.9664863520489722,0.35078046653172057,False,20.544975,35.90885,False,11.272575,0.5990078038745108,-0.9133019577731729,False,9.2308,13.410174999999999,False,4.939635,0.35836706404152646,0.08138303690938611,False,3.7600250000000006,6.192024999999999,False,0.18910206980786948,False,False,False,False,False,,23.2,False,28.616806,0.005354902988009978,False,10.900327,0.002787685616811111,False,4.983148,9.338956938849859e-05,False,False,No issues detected.,
C_00639,LOT_015,False,24.4265,25.9561,25.2509,26.2478,9.406,9.8054,9.8279,10.1311,5.0858,5.0618,5.284,5.3989,28.252495,1.9664863520489722,-1.0194299075156126,False,20.544975,35.90885,False,11.272575,0.5990078038745108,-1.905609564043565,False,9.2308,13.410174999999999,False,4.939635,0.35836706404152646,1.2815491323912012,False,3.7600250000000006,6.192024999999999,False,0.04485371649570968,False,False,False,False,False,,38.6,False,26.456066,0.0034719870249430387,False,10.100417,0.0020487301190694135,False,5.26572,0.0014161103513505734,False,False,No issues detected.,
C_00640,LOT_015,False,26.0473,25.6403,26.5166,26.1281,9.6846,9.3459,9.4421,10.096,4.2663,4.2913,4.5369,4.5222,28.252495,1.9664863520489722,-1.0802998951843705,False,20.544975,35.90885,False,11.272575,0.5990078038745108,-1.9642064634044174,False,9.2308,13.410174999999999,False,4.939635,0.35836706404152646,-1.1648252361484568,False,3.7600250000000006,6.192024999999999,False,0.008857520194750834,False,False,False,False,False,,40.9,False,26.89741,0.008729926660325793,False,9.962134,0.00427940528657701,False,4.3576922,0.0004610572338104271,False,False,No issues detected.,
C_00641,LOT_016,False,22.0877,22.4562,23.2807,23.6038,11.7209,11.7133,12.0505,12.0041,4.8495,5.036,4.9286,4.9425,27.3069325,10.442226889951412,-0.3546305341788287,False,18.798825000000008,30.73219999999999,False,13.7902275,5.9657006437436015,-0.2993994514078012,False,9.514324999999996,15.192575000000005,False,4.7151000000000005,0.38315775287698894,0.5934892307216477,False,3.4456499999999997,5.937775,False,0.30452417845519253,False,False,False,False,False,,14.7,False,23.484674,0.0071421837064955035,False,12.095999,0.0026576303058200392,False,4.9339805,-0.0007084689935048392,False,False,No issues detected.,
C_00642,LOT_016,False,18.055,19.1926,19.1204,20.0308,11.6698,11.6416,11.8902,11.534,5.1441,5.0813,5.0818,5.2141,27.3069325,10.442226889951412,-0.6967989277269817,False,18.798825000000008,30.73219999999999,False,13.7902275,5.9657006437436015,-0.3781999189594216,False,9.514324999999996,15.192575000000005,False,4.7151000000000005,0.38315775287698894,1.3023356470101268,False,3.4456499999999997,5.937775,False,0.12746514739720305,False,False,False,False,False,,29.5,False,19.955072,0.005294947242736825,False,12.095999,0.0031555469724867053,False,5.199721,0.0008223670800526958,False,False,No issues detected.,
C_00643,LOT_016,False,25.506,25.3159,26.2847,26.4962,11.7855,11.6772,12.3406,12.046,4.3902,4.4166,4.563,4.5875,27.3069325,10.442226889951412,-0.07763980887833104,False,18.798825000000008,30.73219999999999,False,13.7902275,5.9657006437436015,-0.292375967914049,False,9.514324999999996,15.192575000000005,False,4.7151000000000005,0.38315775287698894,-0.33302210131962423,False,3.4456499999999997,5.937775,False,0.30762665027801533,False,False,False,False,False,,12.4,False,26.598812,0.008909111828274204,False,12.267486,0.004099205684661871,False,4.509756,0.0006469172795613617,False,False,No issues detected.,
C_00644,LOT_016,False,25.0275,24.9766,25.6598,26.1447,12.2823,12.7099,13.1867,13.9718,4.6329,4.6076,4.5528,4.7647,27.3069325,10.442226889951412,-0.11130121115433896,False,18.798825000000008,30.73219999999999,False,13.7902275,5.9657006437436015,0.030436072951535022,False,9.514324999999996,15.192575000000005,False,4.7151000000000005,0.38315775287698894,0.12945059737816064,False,3.4456499999999997,5.937775,False,0.28390484387306963,False,False,False,False,False,,11.9,False,25.774525,0.0055411436716715405,False,12.984576,0.001907473786671961,False,4.70623,0.0006849316914876323,False,False,No issues detected.,
C_00645,LOT_016,True,21.0571,30.1,44.6772,53.9809,10.5,14.8797,22.4939,28.827,4.5708,5.1684,5.1077,5.4122,27.3069325,10.442226889951412,2.5544328600701487,False,18.798825000000008,30.73219999999999,True,13.7902275,5.9657006437436015,2.5205375525789226,False,9.514324999999996,15.192575000000005,True,4.7151000000000005,0.38315775287698894,1.8193550691999194,False,3.4456499999999997,5.937775,False,0.05747325775980472,False,True,True,False,True,"iddq_ua,leakage_ua",43.4,True,55.791355,0.17841218842400444,True,26.416695,0.08011801834106445,True,6.318186,0.00798462365468343,True,True,"[Module B - Iddq (standby current)] The strongest driver was delta_24h_iddq_ua (9.043), which pushed the predicted 168h value up by 19.15uA relative to baseline. [Module B - leakage current] The strongest driver was delta_24h_leakage_ua (4.380), which pushed the predicted 168h value up by 11.03uA relative to baseline. [Module B - propagation delay] The strongest driver was Value_24h_prop_delay_ns (5.168), which pushed the predicted 168h value up by 0.86ns relative to baseline. [Module A - Iddq (standby current)] Flagged because 168h Iddq (standby current) (53.98uA) falls outside the lot's normal IQR range [18.80, 30.73]uA. [Module A - leakage current] Flagged because 168h leakage current (28.83uA) falls outside the lot's normal IQR range [9.51, 15.19]uA.","Iddq (standby current), leakage current, propagation delay"
C_00646,LOT_016,False,21.7148,22.0727,23.4241,23.0086,11.2527,11.1374,11.3025,11.7987,4.3381,4.4848,4.4907,4.3242,27.3069325,10.442226889951412,-0.4116298702661112,False,18.798825000000008,30.73219999999999,False,13.7902275,5.9657006437436015,-0.33382960676858153,False,9.514324999999996,15.192575000000005,False,4.7151000000000005,0.38315775287698894,-1.0202064216758702,False,3.4456499999999997,5.937775,False,0.30210525775034974,False,False,False,False,False,,18.4,False,22.90318,0.005767216449313686,False,11.646565,0.0035358710924784376,False,4.457836,-0.00018724895053439598,False,False,No issues detected.,
C_00647,LOT_016,False,26.1578,25.5991,26.3014,27.0232,12.4297,12.1833,13.1427,12.8975,4.4274,4.4232,4.4979,4.3918,27.3069325,10.442226889951412,-0.0271716467177165,False,18.798825000000008,30.73219999999999,False,13.7902275,5.9657006437436015,-0.14964336182980081,False,9.514324999999996,15.192575000000005,False,4.7151000000000005,0.38315775287698894,-0.8437777849266033,False,3.4456499999999997,5.937775,False,0.2610628335711704,False,False,False,False,False,,19.0,False,26.747807,0.007977128813001845,False,12.634526,0.0031335156440734924,False,4.475591,0.0003638276576995879,False,False,No issues detected.,
C_00648,LOT_016,False,25.0506,25.9016,26.7704,28.5673,9.797,10.2664,10.6619,11.3514,4.4999,4.3754,4.543,4.627,27.3069325,10.442226889951412,0.12069911076274895,False,18.798825000000008,30.73219999999999,False,13.7902275,5.9657006437436015,-0.4088082265002129,False,9.514324999999996,15.192575000000005,False,4.7151000000000005,0.38315775287698894,-0.229931403810808,False,3.4456499999999997,5.937775,False,0.21151291460397464,False,False,False,False,False,,17.8,False,26.53227,0.004379655774434419,False,11.116023,0.0059001601643032435,False,4.5939484,0.0015176969740125872,False,False,No issues detected.,
C_00649,LOT_016,False,23.8748,25.2997,25.2501,25.822,10.8031,11.0547,11.0497,11.8628,4.5618,4.5292,4.5464,4.7285,27.3069325,10.442226889951412,-0.1422045810390267,False,18.798825000000008,30.73219999999999,False,13.7902275,5.9657006437436015,-0.32308485039747137,False,9.514324999999996,15.192575000000005,False,4.7151000000000005,0.38315775287698894,0.034972540420712475,False,3.4456499999999997,5.937775,False,0.31422225620853445,False,False,False,False,False,,12.0,False,25.7846,0.0033673562791612316,False,11.613276,0.00387899672190348,False,4.6895432,0.0011134947723812503,False,False,No issues detected.,
C_00650,LOT_016,True,24.0493,38.7397,61.2517,79.1676,12.193,15.8364,21.455,25.4412,4.5251,5.0336,5.5754,5.9693,27.3069325,10.442226889951412,4.966437527794543,True,18.798825000000008,30.73219999999999,True,13.7902275,5.9657006437436015,1.9529931513105174,False,9.514324999999996,15.192575000000005,True,4.7151000000000005,0.38315775287698894,3.273325387735673,True,3.4456499999999997,5.937775,True,-0.01528975363829399,True,True,True,True,True,"iddq_ua,leakage_ua,prop_delay_ns",67.2,True,79.26802,0.28144667104085286,True,23.707405,0.05465975757175022,True,6.0472093,0.007038953214221532,True,True,"[Module B - Iddq (standby current)] The strongest driver was delta_24h_iddq_ua (14.690), which pushed the predicted 168h value up by 30.25uA relative to baseline. [Module B - leakage current] The strongest driver was delta_24h_leakage_ua (3.643), which pushed the predicted 168h value up by 7.57uA relative to baseline. [Module A - Iddq (standby current)] Flagged because 168h Iddq (standby current) is 5.0sigma from its lot's mean (79.17uA vs lot mean 27.31uA); and 168h Iddq (standby current) (79.17uA) falls outside the lot's normal IQR range [18.80, 30.73]uA. [Module A - propagation delay] Flagged because 168h propagation delay is 3.3sigma from its lot's mean (5.97ns vs lot mean 4.72ns); and 168h propagation delay (5.97ns) falls outside the lot's normal IQR range [3.45, 5.94]ns. [Module B - propagation delay] The strongest driver was Value_24h_prop_delay_ns (5.034), which pushed the predicted 168h value up by 0.67ns relative to baseline. [Module A - leakage current] Flagged because 168h leakage current (25.44uA) falls outside the lot's normal IQR range [9.51, 15.19]uA.","Iddq (standby current), leakage current, propagation delay"
C_00651,LOT_016,False,21.5663,21.8452,22.6401,23.4773,12.3369,12.7371,12.9619,13.7901,4.4267,4.4927,4.4864,4.6218,27.3069325,10.442226889951412,-0.36674480839764806,False,18.798825000000008,30.73219999999999,False,13.7902275,5.9657006437436015,-2.137217530908576e-05,False,9.514324999999996,15.192575000000005,False,4.7151000000000005,0.38315775287698894,-0.24350283740690404,False,3.4456499999999997,5.937775,False,0.27491312937661255,False,False,False,False,False,,14.3,False,22.648016,0.005575110944112153,False,12.984576,0.0017185848977830684,False,4.4347677,-0.00040230747858683365,False,False,No issues detected.,
C_00652,LOT_016,False,24.1349,23.5505,23.4015,24.2885,10.7831,10.7681,11.3329,11.7614,5.3937,4.9565,5.1541,5.0794,27.3069325,10.442226889951412,-0.2890602293754646,False,18.798825000000008,30.73219999999999,False,13.7902275,5.9657006437436015,-0.34008201570216046,False,9.514324999999996,15.192575000000005,False,4.7151000000000005,0.38315775287698894,0.9507833190496763,False,3.4456499999999997,5.937775,False,0.23020230428022626,False,False,False,False,False,,21.4,False,24.71334,0.008075283050537112,False,11.380508,0.004252836269802514,False,5.050063,0.0006497439808315692,False,False,No issues detected.,
C_00653,LOT_016,False,23.0135,23.341,23.0463,23.4606,11.8358,11.4622,11.4795,11.8803,4.6985,4.5723,4.4833,4.6411,27.3069325,10.442226889951412,-0.3683440841245594,False,18.798825000000008,30.73219999999999,False,13.7902275,5.9657006437436015,-0.32015141457072527,False,9.514324999999996,15.192575000000005,False,4.7151000000000005,0.38315775287698894,-0.19313193963677436,False,3.4456499999999997,5.937775,False,0.31983714155463655,False,False,False,False,False,,12.1,False,24.114641,0.0053725082609388485,False,12.275932,0.005650918833414719,False,4.7260003,0.0010673632568783213,False,False,No issues detected.,
C_00654,LOT_016,False,24.9621,24.8244,25.012,25.5856,11.2817,11.4776,12.3159,12.3997,4.2804,4.2818,4.2526,4.1464,27.3069325,10.442226889951412,-0.1648434302511127,False,18.798825000000008,30.73219999999999,False,13.7902275,5.9657006437436015,-0.2330870392328999,False,9.514324999999996,15.192575000000005,False,4.7151000000000005,0.38315775287698894,-1.4842450550193595,False,3.4456499999999997,5.937775,False,0.2749421876215786,False,False,False,False,False,,23.6,False,25.784796,0.006669415007697206,False,12.093638,0.004278044584062359,False,4.3243136,0.00029523361523946397,False,False,No issues detected.,
C_00655,LOT_016,False,23.1087,23.4688,23.1916,23.9563,11.0457,10.9665,11.5074,11.1911,4.8733,4.7629,4.7669,5.0386,27.3069325,10.442226889951412,-0.32087336688923357,False,18.798825000000008,30.73219999999999,False,13.7902275,5.9657006437436015,-0.4356784986732075,False,9.514324999999996,15.192575000000005,False,4.7151000000000005,0.38315775287698894,0.8442997631418343,False,3.4456499999999997,5.937775,False,0.30406006794146706,False,False,False,False,False,,16.8,False,24.31085,0.005847570440504274,False,11.508191,0.0037617438104417594,False,4.94649,0.0012749292426639124,False,False,No issues detected.,
C_00656,LOT_016,False,23.1743,22.9976,23.8322,23.2499,11.3251,11.3402,11.8013,12.4809,4.683,4.8906,4.7615,4.9404,27.3069325,10.442226889951412,-0.38852177248744646,False,18.798825000000008,30.73219999999999,False,13.7902275,5.9657006437436015,-0.21947589699679768,False,9.514324999999996,15.192575000000005,False,4.7151000000000005,0.38315775287698894,0.5880084594616865,False,3.4456499999999997,5.937775,False,0.32022484169340953,False,False,False,False,False,,13.9,False,23.949177,0.006608172141181108,False,12.106368,0.005320611561669248,False,4.860031,-0.00021228383382161498,False,False,No issues detected.,
C_00657,LOT_016,False,22.7544,23.1447,23.7958,25.1457,12.6501,12.7569,12.9689,12.9926,4.2283,4.4277,4.1924,4.4755,27.3069325,10.442226889951412,-0.20697045972825565,False,18.798825000000008,30.73219999999999,False,13.7902275,5.9657006437436015,-0.1337022334227406,False,9.514324999999996,15.192575000000005,False,4.7151000000000005,0.38315775287698894,-0.6253299018509557,False,3.4456499999999997,5.937775,False,0.2544726413625347,False,False,False,False,False,,17.5,False,24.024061,0.006106675020853676,False,13.231757,0.0032976191944546177,False,4.4068627,-0.00014470322397019952,False,False,No issues detected.,
C_00658,LOT_016,False,21.2415,21.738,22.9344,22.951,9.8756,10.0769,10.4657,11.6538,4.4169,4.3724,4.4097,4.4218,27.3069325,10.442226889951412,-0.41714593504875147,False,18.798825000000008,30.73219999999999,False,13.7902275,5.9657006437436015,-0.3581184554140395,False,9.514324999999996,15.192575000000005,False,4.7151000000000005,0.38315775287698894,-0.7654810526414246,False,3.4456499999999997,5.937775,False,0.21963705553052854,False,False,False,False,False,,20.4,False,22.643364,0.006287249671088328,False,11.076906,0.006944487529330782,False,4.493686,0.0008422652721405041,False,False,No issues detected.,
C_00659,LOT_016,False,22.813,23.9133,24.1542,24.763,11.7999,12.3111,13.3004,12.864,4.8122,4.9307,4.8578,4.7023,27.3069325,10.442226889951412,-0.24361973042819354,False,18.798825000000008,30.73219999999999,False,13.7902275,5.9657006437436015,-0.15525879612671487,False,9.514324999999996,15.192575000000005,False,4.7151000000000005,0.38315775287698894,-0.03340660577501024,False,3.4456499999999997,5.937775,False,0.30231469240589615,False,False,False,False,False,,11.9,False,24.22838,0.0021880569669935467,False,12.652686,0.002372125826941598,False,4.8899403,-0.00028305373721652466,False,False,No issues detected.,
C_00660,LOT_016,False,24.0163,24.2013,25.3938,24.5307,11.9935,12.0689,12.9621,13.2621,4.8256,4.6447,4.6089,4.8498,27.3069325,10.442226889951412,-0.265865943084571,False,18.798825000000008,30.73219999999999,False,13.7902275,5.9657006437436015,-0.08852732169084988,False,9.514324999999996,15.192575000000005,False,4.7151000000000005,0.38315775287698894,0.3515523279604482,False,3.4456499999999997,5.937775,False,0.31484606544974064,False,False,False,False,False,,12.2,False,24.764097,0.003908313984341093,False,12.673342,0.004197512160407178,False,4.784797,0.0009728971640268943,False,False,No issues detected.,
C_00661,LOT_016,False,24.5539,25.213,25.3861,25.8969,9.9104,10.3325,10.602,11.0212,4.2108,4.1543,4.2152,4.2107,27.3069325,10.442226889951412,-0.13503178152132267,False,18.798825000000008,30.73219999999999,False,13.7902275,5.9657006437436015,-0.46415796992830294,False,9.514324999999996,15.192575000000005,False,4.7151000000000005,0.38315775287698894,-1.3164290588214607,False,3.4456499999999997,5.937775,False,0.20492186943697588,False,False,False,False,False,,25.7,False,25.962667,0.005206024063958055,False,10.906105,0.003983368343777129,False,4.309832,0.0010800840006934265,False,False,No issues detected.,
C_00662,LOT_016,False,23.3735,23.6677,23.9715,25.4474,11.9061,11.8473,12.3183,12.6018,4.3459,4.2631,4.3693,4.4494,27.3069325,10.442226889951412,-0.1780781551289059,False,18.798825000000008,30.73219999999999,False,13.7902275,5.9657006437436015,-0.19921004605659134,False,9.514324999999996,15.192575000000005,False,4.7151000000000005,0.38315775287698894,-0.6934480589390618,False,3.4456499999999997,5.937775,False,0.30482593843620037,False,False,False,False,False,,15.5,False,24.535671,0.006027578014797635,False,12.447062,0.004165010685390892,False,4.3881516,0.000868414205975005,False,False,No issues detected.,
C_00663,LOT_016,False,22.4279,23.6111,23.8866,23.9943,11.3904,11.833,12.1287,12.2801,4.8337,4.8807,4.8423,5.012,27.3069325,10.442226889951412,-0.31723429637290834,False,18.798825000000008,30.73219999999999,False,13.7902275,5.9657006437436015,-0.25313497779740496,False,9.514324999999996,15.192575000000005,False,4.7151000000000005,0.38315775287698894,0.7748766605156426,False,3.4456499999999997,5.937775,False,0.3211466129654176,False,False,False,False,False,,15.4,False,24.209993,0.004158981683519148,False,12.395512,0.003906330744425455,False,4.9623256,0.0005668442567189532,False,False,No issues detected.,
C_00664,LOT_016,False,23.8674,23.6455,25.0891,25.4684,11.5887,11.834,12.9164,12.8236,4.7947,5.1197,4.8821,5.0408,27.3069325,10.442226889951412,-0.17606708984356825,False,18.798825000000008,30.73219999999999,False,13.7902275,5.9657006437436015,-0.16203084226388884,False,9.514324999999996,15.192575000000005,False,4.7151000000000005,0.38315775287698894,0.8500415235094145,False,3.4456499999999997,5.937775,False,0.28351833431208395,False,False,False,False,False,,17.9,False,24.641476,0.006916497760348861,False,12.326606,0.0034208735889858697,False,5.2509,0.0009111096647050651,False,False,No issues detected.,
C_00665,LOT_016,False,22.8521,22.3345,24.4877,24.4607,11.196,11.1268,11.6413,11.7977,4.6659,4.5133,4.373,4.5728,27.3069325,10.442226889951412,-0.27256949403569636,False,18.798825000000008,30.73219999999999,False,13.7902275,5.9657006437436015,-0.3339972316729669,False,9.514324999999996,15.192575000000005,False,4.7151000000000005,0.38315775287698894,-0.37138750013936245,False,3.4456499999999997,5.937775,False,0.3083789431824398,False,False,False,False,False,,12.7,False,23.438097,0.007663868056403277,False,11.638959,0.003556659242841937,False,4.64848,0.0009387495729658332,False,False,No issues detected.,
C_00666,LOT_016,False,23.2994,23.6567,25.2757,25.3298,11.2723,11.9578,11.7991,11.5904,4.6137,4.6563,4.8061,4.8447,27.3069325,10.442226889951412,-0.18934012072679637,False,18.798825000000008,30.73219999999999,False,13.7902275,5.9657006437436015,-0.3687458743520798,False,9.514324999999996,15.192575000000005,False,4.7151000000000005,0.38315775287698894,0.33824188347196654,False,3.4456499999999997,5.937775,False,0.32239641923247186,False,False,False,False,False,,12.0,False,24.572277,0.006358174090915251,False,12.292055,0.0023212161805894593,False,4.7497935,0.0006492606216006817,False,False,No issues detected.,
C_00667,LOT_016,False,24.9776,25.7026,25.9839,26.4716,11.6344,11.3259,12.2382,12.3111,4.0248,4.0915,4.1526,4.1091,27.3069325,10.442226889951412,-0.07999562821258394,False,18.798825000000008,30.73219999999999,False,13.7902275,5.9657006437436015,-0.24793860576145457,False,9.514324999999996,15.192575000000005,False,4.7151000000000005,0.38315775287698894,-1.581593992160598,False,3.4456499999999997,5.937775,False,0.2164463351421581,False,False,False,False,False,,27.4,False,26.688334,0.006845371606614852,False,12.132,0.005597916454739036,False,4.1532655,0.0004289269182417134,False,False,No issues detected.,
C_00668,LOT_016,False,25.1109,25.5549,25.9283,26.2409,12.2805,12.1603,12.2217,12.1506,4.405,4.5633,4.489,4.5056,27.3069325,10.442226889951412,-0.10208861684722108,False,18.798825000000008,30.73219999999999,False,13.7902275,5.9657006437436015,-0.27484240291532613,False,9.514324999999996,15.192575000000005,False,4.7151000000000005,0.38315775287698894,-0.5467721804581605,False,3.4456499999999997,5.937775,False,0.2994984023136013,False,False,False,False,False,,14.6,False,26.599846,0.007256568654378255,False,12.543839,0.002663468435075552,False,4.602189,0.00027006294462415966,False,False,No issues detected.,
C_00669,LOT_016,False,23.1534,24.803,24.6012,25.7164,13.0525,12.8946,13.5369,13.5795,4.2671,4.2238,4.2737,4.2916,27.3069325,10.442226889951412,-0.15231736647386707,False,18.798825000000008,30.73219999999999,False,13.7902275,5.9657006437436015,-0.03532317703889429,False,9.514324999999996,15.192575000000005,False,4.7151000000000005,0.38315775287698894,-1.105288870759098,False,3.4456499999999997,5.937775,False,0.22048573591752402,False,False,False,False,False,,23.2,False,24.818766,0.00010948361290825165,False,13.296563,0.002791410753462046,False,4.3380537,0.0007934284951951784,False,False,No issues detected.,
C_00670,LOT_016,False,22.2549,23.4503,23.3896,23.7366,10.7611,10.7178,11.1311,10.7531,4.6077,4.5787,4.6644,4.8196,27.3069325,10.442226889951412,-0.3419129403744082,False,18.798825000000008,30.73219999999999,False,13.7902275,5.9657006437436015,-0.5090982067940539,False,9.514324999999996,15.192575000000005,False,4.7151000000000005,0.38315775287698894,0.27273361746003627,False,3.4456499999999997,5.937775,False,0.2939434870922834,False,False,False,False,False,,14.5,False,24.057173,0.004214394272698306,False,11.30385,0.004069792874654131,False,4.674454,0.000664959806866113,False,False,No issues detected.,
C_00671,LOT_016,False,24.2414,25.9326,26.7633,26.4995,11.6337,12.0403,12.4864,12.7656,4.6433,4.624,4.4949,4.7436,27.3069325,10.442226889951412,-0.07732378433349234,False,18.798825000000008,30.73219999999999,False,13.7902275,5.9657006437436015,-0.17175308671824774,False,9.514324999999996,15.192575000000005,False,4.7151000000000005,0.38315775287698894,0.0743818956709173,False,3.4456499999999997,5.937775,False,0.3029339621598584,False,False,False,False,False,,11.3,False,26.349926,0.002898097186618376,False,12.547818,0.0035244318326314275,False,4.70623,0.0005710428025987437,False,False,No issues detected.,
C_00672,LOT_016,False,21.7017,22.2303,22.4063,22.5374,10.8137,10.9336,11.0567,11.3695,4.8266,4.932,4.9501,4.8075,27.3069325,10.442226889951412,-0.4567543446685432,False,18.798825000000008,30.73219999999999,False,13.7902275,5.9657006437436015,-0.40577421573083544,False,9.514324999999996,15.192575000000005,False,4.7151000000000005,0.38315775287698894,0.24115393543834723,False,3.4456499999999997,5.937775,False,0.2736163894169704,False,False,False,False,False,,15.1,False,22.894157,0.004610120900472007,False,11.479218,0.003789010620117186,False,4.907578,-0.0001695972813500325,False,False,No issues detected.,
C_00673,LOT_016,False,23.166,24.5876,23.2094,24.7361,10.3244,10.4917,10.718,10.9144,4.8149,4.834,4.945,4.9623,27.3069325,10.442226889951412,-0.24619580929369753,False,18.798825000000008,30.73219999999999,False,13.7902275,5.9657006437436015,-0.48206030971667363,False,9.514324999999996,15.192575000000005,False,4.7151000000000005,0.38315775287698894,0.6451650740298653,False,3.4456499999999997,5.937775,False,0.2690012845062127,False,False,False,False,False,,16.9,False,24.76896,0.0012594510608249356,False,10.898981,0.0028283409330579984,False,4.880918,0.0003258196247948566,False,False,No issues detected.,
C_00674,LOT_016,False,23.5558,23.6681,24.4804,24.7934,12.7796,13.0562,13.3362,13.663,4.7818,4.8112,4.8514,4.8615,27.3069325,10.442226889951412,-0.24070847401513373,False,18.798825000000008,30.73219999999999,False,13.7902275,5.9657006437436015,-0.02132649752270542,False,9.514324999999996,15.192575000000005,False,4.7151000000000005,0.38315775287698894,0.38208805355166836,False,3.4456499999999997,5.937775,False,0.2592452409264223,False,False,False,False,False,,15.2,False,24.547243,0.006105160543653707,False,13.570057,0.0035684508005777963,False,4.8629565,0.0003594203048282174,False,False,No issues detected.,
C_00675,LOT_016,True,20.9534,28.2358,39.927,49.2451,11.7546,20.1788,32.9815,44.0232,4.344,4.6381,4.7654,5.2583,27.3069325,10.442226889951412,2.100908908722446,False,18.798825000000008,30.73219999999999,True,13.7902275,5.9657006437436015,5.0677991246017635,True,9.514324999999996,15.192575000000005,True,4.7151000000000005,0.38315775287698894,1.4176928325769558,False,3.4456499999999997,5.937775,False,0.0043124946159290856,False,True,True,False,True,"iddq_ua,leakage_ua",67.0,True,47.868618,0.13633901396857367,True,43.912266,0.16481573456658258,True,5.026985,0.002700591447618275,True,True,"[Module B - leakage current] The strongest driver was delta_24h_leakage_ua (8.424), which pushed the predicted 168h value up by 23.61uA relative to baseline. [Module B - Iddq (standby current)] The strongest driver was delta_24h_iddq_ua (7.282), which pushed the predicted 168h value up by 14.55uA relative to baseline. [Module A - leakage current] Flagged because 168h leakage current is 5.1sigma from its lot's mean (44.02uA vs lot mean 13.79uA); and 168h leakage current (44.02uA) falls outside the lot's normal IQR range [9.51, 15.19]uA. [Module B - propagation delay] The strongest driver was Value_24h_prop_delay_ns (4.638), which pushed the predicted 168h value up by 0.21ns relative to baseline. [Module A - Iddq (standby current)] Flagged because 168h Iddq (standby current) (49.25uA) falls outside the lot's normal IQR range [18.80, 30.73]uA.","Iddq (standby current), leakage current, propagation delay"
C_00676,LOT_016,False,20.755,21.2076,22.337,23.2519,12.1262,11.7113,11.8146,12.052,4.1363,4.1995,4.416,4.1721,27.3069325,10.442226889951412,-0.3883302424602716,False,18.798825000000008,30.73219999999999,False,13.7902275,5.9657006437436015,-0.29137021848773603,False,9.514324999999996,15.192575000000005,False,4.7151000000000005,0.38315775287698894,-1.4171708543617225,False,3.4456499999999997,5.937775,False,0.2328490699418111,False,False,False,False,False,,25.2,False,21.85623,0.004504373486836756,False,12.207665,0.003446982245975073,False,4.1960645,-2.3857831954953044e-05,False,False,No issues detected.,
C_00677,LOT_016,False,23.21,23.7494,23.4588,24.1713,12.2584,12.4972,12.7089,12.7727,4.6811,4.8494,4.9659,4.8952,27.3069325,10.442226889951412,-0.30028388896792013,False,18.798825000000008,30.73219999999999,False,13.7902275,5.9657006437436015,-0.17056294989711052,False,9.514324999999996,15.192575000000005,False,4.7151000000000005,0.38315775287698894,0.470041382818684,False,3.4456499999999997,5.937775,False,0.30889763581548735,False,False,False,False,False,,13.5,False,24.38184,0.004391942723592113,False,12.826401,0.0022861163669162365,False,4.9291587,0.0005538797749413374,False,False,No issues detected.,
C_00678,LOT_016,False,21.5569,21.8629,22.4578,22.0703,12.3011,12.5871,12.8232,13.3066,4.1518,4.1615,4.2856,4.1559,27.3069325,10.442226889951412,-0.5014861825152667,False,18.798825000000008,30.73219999999999,False,13.7902275,5.9657006437436015,-0.08106801344569553,False,9.514324999999996,15.192575000000005,False,4.7151000000000005,0.38315775287698894,-1.4594510897957198,False,3.4456499999999997,5.937775,False,0.22480926422419018,False,False,False,False,False,,25.9,False,22.673286,0.005627683597140843,False,12.796348,0.0014531084590488044,False,4.227804,0.0004604457219441718,False,False,No issues detected.,
C_00679,LOT_016,False,21.1713,21.7929,21.7699,22.0773,11.2354,10.9836,11.6114,11.7937,4.294,4.1854,4.2909,4.4001,27.3069325,10.442226889951412,-0.500815827420154,False,18.798825000000008,30.73219999999999,False,13.7902275,5.9657006437436015,-0.33466773129050914,False,9.514324999999996,15.192575000000005,False,4.7151000000000005,0.38315775287698894,-0.8221156889943702,False,3.4456499999999997,5.937775,False,0.24599355262392225,False,False,False,False,False,,19.6,False,22.552734,0.0052766276041666706,False,11.568224,0.004059888564215772,False,4.3792324,0.0013460583792792456,False,False,No issues detected.,
C_00680,LOT_016,False,23.0383,24.4635,25.4651,24.8783,11.2098,11.002,11.8804,12.0288,4.5499,4.5921,4.5025,4.6123,27.3069325,10.442226889951412,-0.2325780243615545,False,18.798825000000008,30.73219999999999,False,13.7902275,5.9657006437436015,-0.29525911626947937,False,9.514324999999996,15.192575000000005,False,4.7151000000000005,0.38315775287698894,-0.2682968026305439,False,3.4456499999999997,5.937775,False,0.32850349973031684,False,False,False,False,False,,11.0,False,24.724161,0.0018101468616061754,False,11.568411,0.003933408843146425,False,4.6867194,0.0006570792886945916,False,False,No issues detected.,
C_00681,LOT_017,False,19.1624,21.0983,21.2239,22.1479,10.34,10.4957,10.3011,10.5639,3.9747,4.1068,4.1972,4.1658,24.72204,9.204483693727887,-0.27966153079874195,False,16.637325000000004,28.826699999999995,False,10.7545825,1.9291781746862822,-0.09884131103183753,False,8.016599999999999,12.702850000000002,False,4.114165,0.23534951591415187,0.2193970945699116,False,3.398225,4.842475,False,0.30692521924495203,False,False,False,False,False,,12.0,False,21.773502,0.004688905207316092,False,10.708004,0.0014743333180745487,False,4.0974865,-6.467711130777844e-05,False,False,No issues detected.,
C_00682,LOT_017,False,18.3459,19.308,20.5254,20.3177,9.8752,10.0961,9.8031,10.1365,3.8716,4.0238,4.0859,4.1649,24.72204,9.204483693727887,-0.4784994081744317,False,16.637325000000004,28.826699999999995,False,10.7545825,1.9291781746862822,-0.3203864257382607,False,8.016599999999999,12.702850000000002,False,4.114165,0.23534951591415187,0.2155729949260102,False,3.398225,4.842475,False,0.2583585767359215,False,False,False,False,False,,16.1,False,19.894323,0.004071689923604331,False,10.461573,0.00253800449371338,False,4.0210733,-1.8935129377574257e-05,False,False,No issues detected.,
C_00683,LOT_017,False,21.0674,20.7727,21.933,22.0409,10.0939,10.0659,10.4705,10.579,4.051,4.0949,4.1062,4.0147,24.72204,9.204483693727887,-0.2912863001568442,False,16.637325000000004,28.826699999999995,False,10.7545825,1.9291781746862822,-0.09101414390018789,False,8.016599999999999,12.702850000000002,False,4.114165,0.23534951591415187,-0.42262674564532005,False,3.398225,4.842475,False,0.33452737467997246,False,False,False,False,False,,11.8,False,21.947943,0.008161407873365611,False,10.493631,0.0029703566869099993,False,4.0781655,-0.00011621158917744944,False,False,No issues detected.,
C_00684,LOT_017,False,21.0741,21.5164,21.8902,23.9164,11.2592,11.1965,11.6696,11.5143,3.8795,3.8212,3.8289,3.9168,24.72204,9.204483693727887,-0.08752690827721049,False,16.637325000000004,28.826699999999995,False,10.7545825,1.9291781746862822,0.39380369836681567,False,8.016599999999999,12.702850000000002,False,4.114165,0.23534951591415187,-0.8386038069098581,False,3.398225,4.842475,False,0.16843772217670328,False,False,False,False,False,,23.6,False,22.730362,0.008430291239420566,False,11.424843,0.0015857141282823327,False,3.920856,0.0006920555485619428,False,False,No issues detected.,
C_00685,LOT_017,True,21.5969,32.2202,50.7112,63.6903,10.003,12.6596,16.5377,19.2137,3.6349,3.949,4.0546,4.5946,24.72204,9.204483693727887,4.233617147537968,True,16.637325000000004,28.826699999999995,True,10.7545825,1.9291781746862822,4.384829566805357,True,8.016599999999999,12.702850000000002,True,4.114165,0.23534951591415187,2.0413681249093694,False,3.398225,4.842475,False,-0.02168643609304466,True,True,True,False,True,"iddq_ua,leakage_ua",62.6,True,63.21636,0.21525109850565594,True,18.833872,0.04287688778771295,True,4.4899993,0.0037569395436180975,True,True,"[Module B - Iddq (standby current)] The strongest driver was delta_24h_iddq_ua (10.623), which pushed the predicted 168h value up by 24.51uA relative to baseline. [Module A - leakage current] Flagged because 168h leakage current is 4.4sigma from its lot's mean (19.21uA vs lot mean 10.75uA); and 168h leakage current (19.21uA) falls outside the lot's normal IQR range [8.02, 12.70]uA. [Module A - Iddq (standby current)] Flagged because 168h Iddq (standby current) is 4.2sigma from its lot's mean (63.69uA vs lot mean 24.72uA); and 168h Iddq (standby current) (63.69uA) falls outside the lot's normal IQR range [16.64, 28.83]uA. [Module B - leakage current] The strongest driver was delta_24h_leakage_ua (2.657), which pushed the predicted 168h value up by 4.23uA relative to baseline. [Module B - propagation delay] The strongest driver was Value_24h_prop_delay_ns (3.949), which pulled the predicted 168h value down by 0.42ns relative to baseline.","Iddq (standby current), leakage current, propagation delay"
C_00686,LOT_017,False,21.758,20.8164,21.3443,21.4758,9.136,9.4072,9.5184,9.3269,3.9079,3.9608,3.992,3.8411,24.72204,9.204483693727887,-0.3526802923462237,False,16.637325000000004,28.826699999999995,False,10.7545825,1.9291781746862822,-0.7400469893000762,False,8.016599999999999,12.702850000000002,False,4.114165,0.23534951591415187,-1.160253076958125,False,3.398225,4.842475,False,0.28495292298743213,False,False,False,False,False,,20.4,False,21.945145,0.007838504536946603,False,9.662018,0.0017695682101779545,False,3.9406588,-0.00013986939059363386,False,False,No issues detected.,
C_00687,LOT_017,False,22.4181,22.8948,23.482,24.7332,10.7081,10.888,11.1729,11.6373,4.1018,4.1191,4.0265,4.1846,24.72204,9.204483693727887,0.0012124525797796697,False,16.637325000000004,28.826699999999995,False,10.7545825,1.9291781746862822,0.45756141738621176,False,8.016599999999999,12.702850000000002,False,4.114165,0.23534951591415187,0.2992782871314351,False,3.398225,4.842475,False,0.2598364196612776,False,False,False,False,False,,15.8,False,24.057617,0.00807511935763889,False,11.226059,0.0023476316663954,False,4.1615844,0.0002950303978390134,False,False,No issues detected.,
C_00688,LOT_017,False,19.9803,21.2589,22.2509,21.1097,9.9426,9.6478,10.2702,10.1321,3.8019,3.7519,3.7432,3.7891,24.72204,9.204483693727887,-0.3924543863836184,False,16.637325000000004,28.826699999999995,False,10.7545825,1.9291781746862822,-0.3226671896706621,False,8.016599999999999,12.702850000000002,False,4.114165,0.23534951591415187,-1.381201056383619,False,3.398225,4.842475,False,0.23426889396722816,False,False,False,False,False,,24.8,False,21.745754,0.0033809322357177696,False,10.133169,0.003370619265238443,False,3.876156,0.0008628895256254407,False,False,No issues detected.,
C_00689,LOT_017,False,22.9373,23.0543,24.6333,25.4259,9.5687,9.5691,9.3095,9.785,4.3445,4.3946,4.4436,4.3475,24.72204,9.204483693727887,0.07646925383545658,False,16.637325000000004,28.826699999999995,False,10.7545825,1.9291781746862822,-0.5025883626107632,False,8.016599999999999,12.702850000000002,False,4.114165,0.23534951591415187,0.9914403226778405,False,3.398225,4.842475,False,0.1904474638700676,False,False,False,False,False,,23.7,False,24.300314,0.008652874649895552,False,9.816397,0.001717338286505801,False,4.4080954,9.371777640448942e-05,False,False,No issues detected.,
C_00690,LOT_017,False,19.5781,19.732,20.4765,20.6564,10.401,10.756,11.1844,11.04,4.4956,4.7237,4.4367,4.6351,24.72204,9.204483693727887,-0.441702124234345,False,16.637325000000004,28.826699999999995,False,10.7545825,1.9291781746862822,0.14794771356275233,False,8.016599999999999,12.702850000000002,False,4.114165,0.23534951591415187,2.213452608884997,False,3.398225,4.842475,False,0.1317110833349433,False,False,False,False,False,,36.9,False,20.522413,0.005488980929056808,False,11.114322,0.002488345199161104,False,4.7066097,-0.00011868245866563592,False,False,No issues detected.,
C_00691,LOT_017,False,19.3502,19.7539,20.1542,20.9673,8.9812,9.2619,9.632,9.4198,4.0649,3.9954,3.9741,4.0549,24.72204,9.204483693727887,-0.4079251074732796,False,16.637325000000004,28.826699999999995,False,10.7545825,1.9291781746862822,-0.6918917690000604,False,8.016599999999999,12.702850000000002,False,4.114165,0.23534951591415187,-0.2518169615509977,False,3.398225,4.842475,False,0.23455521206784075,False,False,False,False,False,,19.0,False,20.758093,0.006973561668395985,False,9.4567175,0.0013528992440965393,False,4.1152773,0.0008324811829460987,False,False,No issues detected.,
C_00692,LOT_017,False,21.5496,22.1282,22.9075,22.501,9.0125,8.7675,9.1177,9.2522,3.7977,3.942,3.9986,3.9637,24.72204,9.204483693727887,-0.24129979191700432,False,16.637325000000004,28.826699999999995,False,10.7545825,1.9291781746862822,-0.7787681406069779,False,8.016599999999999,12.702850000000002,False,4.114165,0.23534951591415187,-0.6393257254664801,False,3.398225,4.842475,False,0.2352998723282808,False,False,False,False,False,,19.7,False,23.096361,0.006723341390821671,False,9.231477,0.0032220609982808427,False,3.9686966,0.00018539301554361862,False,False,No issues detected.,
C_00693,LOT_017,False,22.3642,22.9075,23.2675,23.6745,10.0034,10.4265,11.1024,10.6732,3.7875,3.8149,3.9542,3.7858,24.72204,9.204483693727887,-0.11380757844286425,False,16.637325000000004,28.826699999999995,False,10.7545825,1.9291781746862822,-0.04218506152923607,False,8.016599999999999,12.702850000000002,False,4.114165,0.23534951591415187,-1.3952227550779286,False,3.398225,4.842475,False,0.26961978830545674,False,False,False,False,False,,23.1,False,24.048595,0.007924273808797209,False,10.694274,0.0018595413102043947,False,3.872608,0.0004007496277491239,False,False,No issues detected.,
C_00694,LOT_017,False,20.5884,20.3336,21.1433,21.4271,10.6923,10.8737,10.8683,11.1978,4.0177,4.018,4.1294,4.099,24.72204,9.204483693727887,-0.3579711920447245,False,16.637325000000004,28.826699999999995,False,10.7545825,1.9291781746862822,0.22974420186568614,False,8.016599999999999,12.702850000000002,False,4.114165,0.23534951591415187,-0.06443607899976037,False,3.398225,4.842475,False,0.2692968091942681,False,False,False,False,False,,14.5,False,21.211288,0.006095058695475257,False,11.226059,0.0024469372219509586,False,4.095303,0.0005368267960018596,False,False,No issues detected.,
C_00695,LOT_017,False,19.7874,19.5851,20.4701,20.1675,10.2447,10.3058,10.513,10.5701,4.1853,4.3188,4.461,4.4073,24.72204,9.204483693727887,-0.4948175423574872,False,16.637325000000004,28.826699999999995,False,10.7545825,1.9291781746862822,-0.09562750730890873,False,8.016599999999999,12.702850000000002,False,4.114165,0.23534951591415187,1.245530499017159,False,3.398225,4.842475,False,0.23471907624862987,False,False,False,False,False,,23.6,False,20.473331,0.006168273968166771,False,10.623813,0.00220842135747274,False,4.250241,-0.00047610553635491556,False,False,No issues detected.,
C_00696,LOT_017,False,24.6392,24.5354,25.9755,25.5525,8.7951,9.3205,9.2388,9.7049,4.0706,4.0329,4.0407,4.0339,24.72204,9.204483693727887,0.0902234201974729,False,16.637325000000004,28.826699999999995,False,10.7545825,1.9291781746862822,-0.5441086332892482,False,8.016599999999999,12.702850000000002,False,4.114165,0.23534951591415187,-0.34104595324206216,False,3.398225,4.842475,False,0.15933734270080702,False,False,False,False,False,,21.6,False,25.74318,0.008387356397840717,False,9.584732,0.0018349448310004401,False,4.114327,0.0005654649575551371,False,False,No issues detected.,
C_00697,LOT_017,False,21.4455,21.3195,22.5391,22.6634,9.1144,9.5403,10.2654,10.2746,3.9199,3.9885,3.9466,3.9439,24.72204,9.204483693727887,-0.2236562167417166,False,16.637325000000004,28.826699999999995,False,10.7545825,1.9291781746862822,-0.248801539587215,False,8.016599999999999,12.702850000000002,False,4.114165,0.23534951591415187,-0.7234559176323396,False,3.398225,4.842475,False,0.3023336835770542,False,False,False,False,False,,15.9,False,22.450499,0.007854156812032054,False,9.790923,0.0017404383235507526,False,3.999785,7.836768362257107e-05,False,False,No issues detected.,
C_00698,LOT_017,False,22.3307,22.3579,23.2863,23.1236,10.558,10.476,10.5613,10.7213,4.2055,4.2061,4.3482,4.1653,24.72204,9.204483693727887,-0.17365884423144862,False,16.637325000000004,28.826699999999995,False,10.7545825,1.9291781746862822,-0.0172521649045779,False,8.016599999999999,12.702850000000002,False,4.114165,0.23534951591415187,0.21727259476774458,False,3.398225,4.842475,False,0.3044546218454021,False,False,False,False,False,,11.6,False,23.602098,0.008640267117818191,False,10.82558,0.0024276364114549365,False,4.2611628,0.0003823802630106596,False,False,No issues detected.,
C_00699,LOT_017,False,22.2306,22.1034,22.5985,23.2672,10.1352,9.7678,10.1469,9.9355,4.1579,4.2164,4.3143,4.1188,24.72204,9.204483693727887,-0.15805775189664975,False,16.637325000000004,28.826699999999995,False,10.7545825,1.9291781746862822,-0.42457586901385996,False,8.016599999999999,12.702850000000002,False,4.114165,0.23534951591415187,0.019694113166100972,False,3.398225,4.842475,False,0.30397603456167505,False,False,False,False,False,,13.3,False,23.120897,0.007065953424241804,False,10.140047,0.002585049120585128,False,4.1731305,-0.00030048255390591194,False,False,No issues detected.,
C_00700,LOT_017,False,22.3117,21.9313,23.1745,24.3645,10.5394,11.0747,11.2678,11.5142,4.029,4.1027,4.0677,4.1708,24.72204,9.204483693727887,-0.038844112488746634,False,16.637325000000004,28.826699999999995,False,10.7545825,1.9291781746862822,0.3937518628228976,False,8.016599999999999,12.702850000000002,False,4.114165,0.23534951591415187,0.24064209259159328,False,3.398225,4.842475,False,0.26628287550344126,False,False,False,False,False,,15.0,False,23.205673,0.008849814012315537,False,11.307655,0.0016177453782823352,False,4.1397834,0.0002575234889984161,False,False,No issues detected.,
C_00701,LOT_017,False,20.7578,20.2141,20.5394,21.3,9.0978,9.3286,9.3498,9.9064,4.2126,4.0824,4.1729,4.3653,24.72204,9.204483693727887,-0.3717796797588813,False,16.637325000000004,28.826699999999995,False,10.7545825,1.9291781746862822,-0.43966001229405843,False,8.016599999999999,12.702850000000002,False,4.114165,0.23534951591415187,1.06707251563503,False,3.398225,4.842475,False,0.24087757309497954,False,False,False,False,False,,21.8,False,21.186314,0.0067514835357666125,False,9.7177305,0.002702295292748347,False,4.270198,0.0013041518635220012,False,False,No issues detected.,
C_00702,LOT_017,False,23.1327,23.2639,24.1505,24.4711,10.1155,10.2866,10.1554,10.4259,3.9952,4.1222,4.1905,4.1169,24.72204,9.204483693727887,-0.027262800212356865,False,16.637325000000004,28.826699999999995,False,10.7545825,1.9291781746862822,-0.17037436163896516,False,8.016599999999999,12.702850000000002,False,4.114165,0.23534951591415187,0.011621013917861715,False,3.398225,4.842475,False,0.29368488107041846,False,False,False,False,False,,11.7,False,24.300314,0.0071973190943400095,False,10.634379,0.0024151346312628855,False,4.12546,2.2639915678234078e-05,False,False,No issues detected.,
C_00703,LOT_017,False,21.988,22.0894,22.5431,22.5316,10.7444,10.5559,10.8736,11.1374,4.166,4.2335,4.2619,4.4355,24.72204,9.204483693727887,-0.23797532516599568,False,16.637325000000004,28.826699999999995,False,10.7545825,1.9291781746862822,0.19843553333908756,False,8.016599999999999,12.702850000000002,False,4.114165,0.23534951591415187,1.365352287859446,False,3.398225,4.842475,False,0.267168335785787,False,False,False,False,False,,23.0,False,22.980265,0.006186560164557554,False,11.059838,0.0034995714929368805,False,4.237638,2.8736088010998067e-05,False,False,No issues detected.,
C_00704,LOT_017,False,19.2396,19.238,19.7437,19.8974,9.8734,10.1316,10.0127,10.4763,3.9676,4.0626,4.1178,4.0265,24.72204,9.204483693727887,-0.5241619367838743,False,16.637325000000004,28.826699999999995,False,10.7545825,1.9291781746862822,-0.14424924750418822,False,8.016599999999999,12.702850000000002,False,4.114165,0.23534951591415187,-0.3724885503141501,False,3.398225,4.842475,False,0.2649074868205854,False,False,False,False,False,,16.1,False,20.277918,0.007221651819017201,False,10.474074,0.0023782941924201076,False,4.0271134,-0.00024643446074591583,False,False,No issues detected.,
C_00705,LOT_017,False,21.6595,21.21,21.1385,22.5245,10.1448,9.6432,10.1505,10.393,4.0656,4.1904,3.9821,4.0023,24.72204,9.204483693727887,-0.23874668836639323,False,16.637325000000004,28.826699999999995,False,10.7545825,1.9291781746862822,-0.1874282555880556,False,8.016599999999999,12.702850000000002,False,4.114165,0.23534951591415187,-0.47531434073909345,False,3.398225,4.842475,False,0.3083886928521492,False,False,False,False,False,,13.5,False,22.424086,0.008431150118509922,False,10.33268,0.004788053809271917,False,4.1405983,-0.0003458451588948592,False,False,No issues detected.,
C_00706,LOT_017,False,20.7844,21.4983,21.9874,21.5206,10.1939,10.1363,10.3328,10.3757,3.933,3.9069,4.0623,4.0134,24.72204,9.204483693727887,-0.3478130991944199,False,16.637325000000004,28.826699999999995,False,10.7545825,1.9291781746862822,-0.19639580468590592,False,8.016599999999999,12.702850000000002,False,4.114165,0.23534951591415187,-0.4281504451309596,False,3.398225,4.842475,False,0.3249599407889674,False,False,False,False,False,,12.3,False,21.929285,0.00299295173221164,False,10.453197,0.0022006703164842373,False,3.9497988,0.00029790848890940476,False,False,No issues detected.,
C_00707,LOT_017,False,24.1385,23.7745,24.3391,25.0621,9.7222,10.1868,9.6355,10.2934,3.7707,3.8409,3.7504,3.8762,24.72204,9.204483693727887,0.0369450380179091,False,16.637325000000004,28.826699999999995,False,10.7545825,1.9291781746862822,-0.2390564573305915,False,8.016599999999999,12.702850000000002,False,4.114165,0.23534951591415187,-1.0111131908459168,False,3.398225,4.842475,False,0.2154125271972785,False,False,False,False,False,,22.7,False,25.01034,0.00858222039540609,False,10.418848,0.001611444706386991,False,3.864858,0.00016637438933054619,False,False,No issues detected.,
C_00708,LOT_017,False,22.9156,22.2422,22.7251,23.113,9.3666,9.4833,9.5047,9.5668,3.5409,3.727,3.6194,3.8177,24.72204,9.204483693727887,-0.17481045689683075,False,16.637325000000004,28.826699999999995,False,10.7545825,1.9291781746862822,-0.6156935194402938,False,8.016599999999999,12.702850000000002,False,4.114165,0.23534951591415187,-1.2596796676995976,False,3.398225,4.842475,False,0.20521688666069282,False,False,False,False,False,,25.2,False,23.694866,0.010087959586249454,False,9.79253,0.0021474309709337033,False,3.7334497,4.478956593407616e-05,False,False,No issues detected.,
C_00709,LOT_017,False,22.2942,22.52,22.818,23.4023,10.1714,10.0924,10.3264,9.9508,4.2988,4.3566,4.2041,4.1207,24.72204,9.204483693727887,-0.14338012254824198,False,16.637325000000004,28.826699999999995,False,10.7545825,1.9291781746862822,-0.41664503079437415,False,8.016599999999999,12.702850000000002,False,4.114165,0.23534951591415187,0.02776721241434023,False,3.398225,4.842475,False,0.2971466059098479,False,False,False,False,False,,13.6,False,23.703096,0.008215947151184086,False,10.453197,0.0025055314275953533,False,4.301942,-0.0003795703358120406,False,False,No issues detected.,
C_00710,LOT_017,False,21.5839,21.7231,22.3322,23.1716,9.5957,9.8458,10.0767,10.7578,3.7091,3.6696,3.6653,3.6208,24.72204,9.204483693727887,-0.1684439944259446,False,16.637325000000004,28.826699999999995,False,10.7545825,1.9291781746862822,0.0016678086255682914,False,8.016599999999999,12.702850000000002,False,4.114165,0.23534951591415187,-2.0963076897934387,False,3.398225,4.842475,False,0.2291502326063936,False,False,False,False,False,,31.0,False,22.861792,0.007907580629984546,False,10.263867,0.002903245682186547,False,3.7345257,0.0004508727815416126,False,False,No issues detected.,
C_00711,LOT_017,False,22.3911,22.7106,23.436,24.0546,9.983,10.3548,10.3136,10.5785,4.3025,4.3613,4.2606,4.2524,24.72204,9.204483693727887,-0.0725124865455306,False,16.637325000000004,28.826699999999995,False,10.7545825,1.9291781746862822,-0.09127332161977925,False,8.016599999999999,12.702850000000002,False,4.114165,0.23534951591415187,0.587360460305445,False,3.398225,4.842475,False,0.2865708629871251,False,False,False,False,False,,15.6,False,24.00365,0.008979518508911136,False,10.646703,0.0020271025445726242,False,4.301942,-0.00041220922470092743,False,False,No issues detected.,
C_00712,LOT_017,True,18.6722,29.9902,50.0096,63.9792,9.6619,11.9783,15.2996,17.8667,3.8106,4.097,4.4231,4.5763,24.72204,9.204483693727887,4.265004024804845,True,16.637325000000004,28.826699999999995,True,10.7545825,1.9291781746862822,3.68660479022709,True,8.016599999999999,12.702850000000002,True,4.114165,0.23534951591415187,1.9636114321500127,False,3.398225,4.842475,False,0.006116687103166374,False,True,True,False,True,"iddq_ua,leakage_ua",60.2,True,64.10651,0.23691879408094618,True,18.179012,0.04306050207349989,True,4.4575167,0.0025035879876878497,False,True,"[Module B - Iddq (standby current)] The strongest driver was delta_24h_iddq_ua (11.318), which pushed the predicted 168h value up by 24.90uA relative to baseline. [Module A - Iddq (standby current)] Flagged because 168h Iddq (standby current) is 4.3sigma from its lot's mean (63.98uA vs lot mean 24.72uA); and 168h Iddq (standby current) (63.98uA) falls outside the lot's normal IQR range [16.64, 28.83]uA. [Module B - leakage current] The strongest driver was delta_24h_leakage_ua (2.316), which pushed the predicted 168h value up by 4.07uA relative to baseline. [Module A - leakage current] Flagged because 168h leakage current is 3.7sigma from its lot's mean (17.87uA vs lot mean 10.75uA); and 168h leakage current (17.87uA) falls outside the lot's normal IQR range [8.02, 12.70]uA.","Iddq (standby current), leakage current"
C_00713,LOT_017,False,21.4209,20.9507,21.8446,22.552,10.3629,10.407,10.8286,10.3137,4.3082,4.3359,4.243,4.3148,24.72204,9.204483693727887,-0.23575901399865667,False,16.637325000000004,28.826699999999995,False,10.7545825,1.9291781746862822,-0.22853384191519485,False,8.016599999999999,12.702850000000002,False,4.114165,0.23534951591415187,0.8524980356160388,False,3.398225,4.842475,False,0.28809841457586777,False,False,False,False,False,,17.7,False,22.316662,0.009485846074422192,False,10.624605,0.0015111470752292207,False,4.3490853,9.156479835510501e-05,False,False,No issues detected.,
C_00714,LOT_017,False,20.9775,21.0868,21.5966,21.6797,9.2308,9.3663,9.5403,9.5368,3.8897,3.8849,3.9918,3.98,24.72204,9.204483693727887,-0.3305280449432605,False,16.637325000000004,28.826699999999995,False,10.7545825,1.9291781746862822,-0.631244182615757,False,8.016599999999999,12.702850000000002,False,4.114165,0.23534951591415187,-0.5700670319157957,False,3.398225,4.842475,False,0.28868767250810706,False,False,False,False,False,,15.8,False,21.934422,0.005886260689629447,False,9.732964,0.002546274736192486,False,3.921812,0.00025633373260498034,False,False,No issues detected.,
C_00715,LOT_017,False,20.1943,20.5694,20.8035,21.4905,10.4984,10.3509,10.3963,11.1683,3.8959,4.0051,4.031,4.0544,24.72204,9.204483693727887,-0.351083244593288,False,16.637325000000004,28.826699999999995,False,10.7545825,1.9291781746862822,0.2144527164098144,False,8.016599999999999,12.702850000000002,False,4.114165,0.23534951591415187,-0.2539414613531647,False,3.398225,4.842475,False,0.29310372475776963,False,False,False,False,False,,13.3,False,21.464724,0.006217524909973133,False,10.797946,0.003104485946231423,False,3.9872184,-0.0001241779168446835,False,False,No issues detected.,
C_00716,LOT_017,False,20.4164,21.1365,21.2915,21.8912,10.1542,10.147,10.2292,9.8452,4.3137,4.2076,4.1979,4.3241,24.72204,9.204483693727887,-0.30755011298775914,False,16.637325000000004,28.826699999999995,False,10.7545825,1.9291781746862822,-0.47138336517200174,False,8.016599999999999,12.702850000000002,False,4.114165,0.23534951591415187,0.8920137319363659,False,3.398225,4.842475,False,0.2928720278294016,False,False,False,False,False,,17.8,False,21.839687,0.004883245468139637,False,10.445411,0.0020722967253790944,False,4.3313713,0.0008595229678683795,False,False,No issues detected.,
C_00717,LOT_017,False,21.2028,22.3815,23.312,22.4725,9.3811,9.6146,9.3594,9.4281,4.1334,4.1456,4.223,4.3019,24.72204,9.204483693727887,-0.24439610898902234,False,16.637325000000004,28.826699999999995,False,10.7545825,1.9291781746862822,-0.687589418854849,False,8.016599999999999,12.702850000000002,False,4.114165,0.23534951591415187,0.7976859407200984,False,3.398225,4.842475,False,0.2719443524650415,False,False,False,False,False,,18.1,False,23.255852,0.006071887122260206,False,9.892447,0.0019294963306850902,False,4.1675105,0.00015215631590949198,False,False,No issues detected.,
C_00718,LOT_017,False,21.9153,21.7665,21.964,21.9084,8.9029,9.2548,9.3761,9.1436,3.9736,4.0186,3.923,3.9885,24.72204,9.204483693727887,-0.30568145847412037,False,16.637325000000004,28.826699999999995,False,10.7545825,1.9291781746862822,-0.8350615413021527,False,8.016599999999999,12.702850000000002,False,4.114165,0.23534951591415187,-0.5339505352789353,False,3.398225,4.842475,False,0.2724644311468114,False,False,False,False,False,,18.3,False,22.75111,0.006837569978502057,False,9.407849,0.0010628424432542625,False,4.0027094,-0.00011035146713256955,False,False,No issues detected.,
C_00719,LOT_017,False,21.7612,22.3135,22.507,24.8889,10.6041,10.5762,10.5412,11.2227,4.1144,4.1574,4.2343,4.2121,24.72204,9.204483693727887,0.01812812163638265,False,16.637325000000004,28.826699999999995,False,10.7545825,1.9291781746862822,0.24265125230131945,False,8.016599999999999,12.702850000000002,False,4.114165,0.23534951591415187,0.4161257762506899,False,3.398225,4.842475,False,0.29719478213400535,False,False,False,False,False,,13.6,False,23.477818,0.008085538440280482,False,10.950331,0.0025981300989786783,False,4.1841326,0.00018564288881089963,False,False,No issues detected.,
C_00720,LOT_017,False,22.2479,22.0132,23.5287,23.7476,9.6827,10.3729,10.5818,10.6039,3.6544,3.64,3.6607,3.7692,24.72204,9.204483693727887,-0.10586579675989904,False,16.637325000000004,28.826699999999995,False,10.7545825,1.9291781746862822,-0.07810709346455459,False,8.016599999999999,12.702850000000002,False,4.114165,0.23534951591415187,-1.465756148509913,False,3.398225,4.842475,False,0.23775304731060137,False,False,False,False,False,,25.3,False,23.15926,0.00795874858432345,False,10.543198,0.0011826224433051245,False,3.7382388,0.0006822139687008319,False,False,No issues detected.,
C_00721,LOT_018,False,17.1108,17.9296,18.4943,19.3493,12.5305,11.9508,12.5462,12.421,5.9832,6.1754,6.1216,6.1019,21.789545,8.012133131693105,-0.3045687034763905,False,16.466424999999994,23.132050000000007,False,13.65762,4.199159978950613,-0.2944922332559086,False,9.754650000000005,15.572774999999995,False,6.1273775,0.48961683107879495,-0.052035588612965596,False,5.2923,6.854675,False,0.2972274523335611,False,False,False,False,False,,12.7,False,19.259329,0.00923422807057698,False,12.543557,0.004116369215647385,False,6.072917,-0.0007116876072353771,False,False,No issues detected.,
C_00722,LOT_018,False,18.3947,18.7493,18.6272,19.0828,12.3221,12.3779,12.4485,12.5954,5.5006,5.4494,5.4602,5.6146,21.789545,8.012133131693105,-0.33783075686711894,False,16.466424999999994,23.132050000000007,False,13.65762,4.199159978950613,-0.25296011710071903,False,9.754650000000005,15.572774999999995,False,6.1273775,0.48961683107879495,-1.047303661661658,False,5.2923,6.854675,False,0.25762521040727304,False,False,False,False,False,,20.8,False,19.787811,0.007211883884006065,False,12.811809,0.00301325407028198,False,5.6634345,0.0014863507323794908,False,False,No issues detected.,
C_00723,LOT_018,False,19.8556,20.4842,21.1702,21.5795,10.8207,11.1947,11.6405,11.8701,6.164,6.4863,6.6876,6.6868,21.789545,8.012133131693105,-0.026215864932291097,False,16.466424999999994,23.132050000000007,False,13.65762,4.199159978950613,-0.42568513916126327,False,9.754650000000005,15.572774999999995,False,6.1273775,0.48961683107879495,1.1425720369281407,False,5.2923,6.854675,False,0.17556370713757063,False,False,False,False,False,,25.7,False,21.447952,0.006692724100748689,False,11.595679,0.0027845783551534073,False,6.693411,0.0014382699542575415,False,False,No issues detected.,
C_00724,LOT_018,True,18.4183,27.3579,39.7616,48.8037,13.2096,16.7653,21.6662,24.6149,5.8478,6.4411,6.8312,7.2922,21.789545,8.012133131693105,3.371655782046576,True,16.466424999999994,23.132050000000007,True,13.65762,4.199159978950613,2.609398083170498,False,9.754650000000005,15.572774999999995,True,6.1273775,0.48961683107879495,2.3790491381464447,False,5.2923,6.854675,True,0.028311423385622647,False,True,True,True,True,"iddq_ua,leakage_ua,prop_delay_ns",51.7,True,49.264347,0.15212810469733343,True,24.279066,0.05217893115149604,True,7.2520313,0.0056314675437079565,True,True,"[Module B - Iddq (standby current)] The strongest driver was delta_24h_iddq_ua (8.940), which pushed the predicted 168h value up by 17.42uA relative to baseline. [Module B - leakage current] The strongest driver was delta_24h_leakage_ua (3.556), which pushed the predicted 168h value up by 7.63uA relative to baseline. [Module A - Iddq (standby current)] Flagged because 168h Iddq (standby current) is 3.4sigma from its lot's mean (48.80uA vs lot mean 21.79uA); and 168h Iddq (standby current) (48.80uA) falls outside the lot's normal IQR range [16.47, 23.13]uA. [Module B - propagation delay] The strongest driver was Value_24h_prop_delay_ns (6.441), which pushed the predicted 168h value up by 1.97ns relative to baseline. [Module A - leakage current] Flagged because 168h leakage current (24.61uA) falls outside the lot's normal IQR range [9.75, 15.57]uA. [Module A - propagation delay] Flagged because 168h propagation delay (7.29ns) falls outside the lot's normal IQR range [5.29, 6.85]ns.","Iddq (standby current), leakage current, propagation delay"
C_00725,LOT_018,True,19.1004,28.6363,43.2395,54.2802,11.8293,15.9418,20.1562,23.2869,5.2541,5.9349,6.1154,6.6212,21.789545,8.012133131693105,4.055181618423028,True,16.466424999999994,23.132050000000007,True,13.65762,4.199159978950613,2.2931443546493306,False,9.754650000000005,15.572774999999995,True,6.1273775,0.48961683107879495,1.0085897147611098,False,5.2923,6.854675,False,0.010843825833793286,False,True,True,False,True,"iddq_ua,leakage_ua",58.3,True,53.952988,0.17581033104790583,True,23.91879,0.05539576956431071,True,6.6541624,0.004994877825842964,True,True,"[Module B - Iddq (standby current)] The strongest driver was delta_24h_iddq_ua (9.536), which pushed the predicted 168h value up by 18.43uA relative to baseline. [Module B - leakage current] The strongest driver was delta_24h_leakage_ua (4.113), which pushed the predicted 168h value up by 8.11uA relative to baseline. [Module A - Iddq (standby current)] Flagged because 168h Iddq (standby current) is 4.1sigma from its lot's mean (54.28uA vs lot mean 21.79uA); and 168h Iddq (standby current) (54.28uA) falls outside the lot's normal IQR range [16.47, 23.13]uA. [Module B - propagation delay] The strongest driver was Value_24h_prop_delay_ns (5.935), which pushed the predicted 168h value up by 1.56ns relative to baseline. [Module A - leakage current] Flagged because 168h leakage current (23.29uA) falls outside the lot's normal IQR range [9.75, 15.57]uA.","Iddq (standby current), leakage current, propagation delay"
C_00726,LOT_018,False,17.7152,18.5933,18.695,19.2602,11.8496,11.6993,12.1241,12.9607,5.8782,5.8654,5.844,5.9594,21.789545,8.012133131693105,-0.3156893374618083,False,16.466424999999994,23.132050000000007,False,13.65762,4.199159978950613,-0.16596652747061177,False,9.754650000000005,15.572774999999995,False,6.1273775,0.48961683107879495,-0.34307950490567835,False,5.2923,6.854675,False,0.31451212223255576,False,False,False,False,False,,12.1,False,19.27389,0.004726316261291509,False,12.280243,0.004034325832790804,False,5.9941516,0.0008941082795461007,False,False,No issues detected.,
C_00727,LOT_018,False,18.0325,18.6043,18.2887,19.1997,12.2124,12.123,12.0354,12.7603,6.0208,6.0151,6.0859,5.9997,21.789545,8.012133131693105,-0.32324038522968485,False,16.466424999999994,23.132050000000007,False,13.65762,4.199159978950613,-0.21369035819022134,False,9.754650000000005,15.572774999999995,False,6.1273775,0.48961683107879495,-0.26077024296465107,False,5.2923,6.854675,False,0.3254816519640706,False,False,False,False,False,,11.4,False,19.328232,0.005027304246690549,False,12.569648,0.0031017207569546215,False,6.026828,8.144314024183252e-05,False,False,No issues detected.,
C_00728,LOT_018,False,18.2819,17.8176,18.4354,18.9113,11.822,11.7322,12.2785,12.2584,6.6305,6.3482,6.4994,6.6334,21.789545,8.012133131693105,-0.3592357931016775,False,16.466424999999994,23.132050000000007,False,13.65762,4.199159978950613,-0.3332142635703226,False,9.754650000000005,15.572774999999995,False,6.1273775,0.48961683107879495,1.0335071588226614,False,5.2923,6.854675,False,0.25343626896848587,False,False,False,False,False,,20.9,False,19.18724,0.009511393059624574,False,12.244055,0.0035545471827189085,False,6.630496,0.0019603890630933954,False,False,No issues detected.,
C_00729,LOT_018,False,18.3177,18.9898,19.4784,19.8597,10.9692,10.9588,11.3326,11.5679,5.8943,5.9792,6.1602,6.1938,21.789545,8.012133131693105,-0.24086531867103286,False,16.466424999999994,23.132050000000007,False,13.65762,4.199159978950613,-0.4976519138292581,False,9.754650000000005,15.572774999999995,False,6.1273775,0.48961683107879495,0.13566220722773972,False,5.2923,6.854675,False,0.28341450371220134,False,False,False,False,False,,15.0,False,19.8705,0.006115976142883308,False,11.479218,0.0036140106201171867,False,6.1631618,0.001277512184778852,False,False,No issues detected.,
C_00730,LOT_018,False,18.4956,18.3846,18.9669,18.6702,12.9308,13.3372,13.4926,13.6909,5.956,5.9141,6.0846,6.0175,21.789545,8.012133131693105,-0.3893276545369668,False,16.466424999999994,23.132050000000007,False,13.65762,4.199159978950613,0.00792539464245807,False,9.754650000000005,15.572774999999995,False,6.1273775,0.48961683107879495,-0.22441528359615734,False,5.2923,6.854675,False,0.2846237763121763,False,False,False,False,False,,14.0,False,19.297766,0.006341428693135587,False,13.676338,0.0023551263597276525,False,6.044365,0.0009046175638834611,False,False,No issues detected.,
C_00731,LOT_018,False,18.1046,19.4259,19.7584,20.0425,12.1135,12.9084,12.9025,12.9976,6.09,6.0141,5.6952,5.9296,21.789545,8.012133131693105,-0.2180499214484244,False,16.466424999999994,23.132050000000007,False,13.65762,4.199159978950613,-0.15717905564649173,False,9.754650000000005,15.572774999999995,False,6.1273775,0.48961683107879495,-0.4039434256461891,False,5.2923,6.854675,False,0.2941168707835849,False,False,False,False,False,,13.7,False,20.06891,0.004465351380242251,False,13.15978,0.0017456913100348556,False,5.9955754,-0.00012864286104838054,False,False,No issues detected.,
C_00732,LOT_018,False,17.0524,17.4998,17.6176,17.924,11.5746,12.0465,12.1918,12.117,5.864,6.1731,5.7155,5.7999,21.789545,8.012133131693105,-0.48246140403100657,False,16.466424999999994,23.132050000000007,False,13.65762,4.199159978950613,-0.36688766508605514,False,9.754650000000005,15.572774999999995,False,6.1273775,0.48961683107879495,-0.6688444498087487,False,5.2923,6.854675,False,0.2469873958134634,False,False,False,False,False,,18.2,False,18.615625,0.007748787371317543,False,12.455575,0.002840798536936442,False,5.917085,-0.0017778807587093765,False,False,No issues detected.,
C_00733,LOT_018,False,17.2394,17.0879,17.1972,17.4165,11.6882,12.1913,12.3512,12.5103,5.9696,5.8656,6.1013,5.9978,21.789545,8.012133131693105,-0.5458028377863336,False,16.466424999999994,23.132050000000007,False,13.65762,4.199159978950613,-0.27322607515580266,False,9.754650000000005,15.572774999999995,False,6.1273775,0.48961683107879495,-0.2646508285152206,False,5.2923,6.854675,False,0.26519226935670337,False,False,False,False,False,,16.3,False,18.37495,0.0089378500620524,False,12.445632,0.0017661943117777505,False,6.0266676,0.0011185249646504742,False,False,No issues detected.,
C_00734,LOT_018,False,19.0513,19.8962,20.1679,21.1005,11.7978,12.2697,12.4943,12.6804,5.9141,5.8885,6.328,5.9847,21.789545,8.012133131693105,-0.08600019354076718,False,16.466424999999994,23.132050000000007,False,13.65762,4.199159978950613,-0.2327179733324212,False,9.754650000000005,15.572774999999995,False,6.1273775,0.48961683107879495,-0.2914064446796728,False,5.2923,6.854675,False,0.29924702434111256,False,False,False,False,False,,12.5,False,20.76658,0.006044309594896102,False,12.603631,0.0023189654138353116,False,6.0384336,0.0010412052207522948,False,False,No issues detected.,
C_00735,LOT_018,False,19.3266,20.5744,20.6086,21.6769,12.2914,12.2814,11.7802,12.2582,5.9602,5.9847,5.8768,6.2619,21.789545,8.012133131693105,-0.014059302079544537,False,16.466424999999994,23.132050000000007,False,13.65762,4.199159978950613,-0.3332618921438949,False,9.754650000000005,15.572774999999995,False,6.1273775,0.48961683107879495,0.2747505630139401,False,5.2923,6.854675,False,0.26921095028128345,False,False,False,False,False,,14.3,False,21.184322,0.004235571924845373,False,12.569648,0.0020017207569546194,False,6.1827116,0.001375080564286973,False,False,No issues detected.,
C_00736,LOT_018,False,17.8725,18.2092,18.8472,19.7089,13.5938,13.3404,13.4804,13.2519,5.853,5.9013,5.9073,5.9351,21.789545,8.012133131693105,-0.2596867732726158,False,16.466424999999994,23.132050000000007,False,13.65762,4.199159978950613,-0.0966193243491027,False,9.754650000000005,15.572774999999995,False,6.1273775,0.48961683107879495,-0.3927101516840132,False,5.2923,6.854675,False,0.2677532648824561,False,False,False,False,False,,14.9,False,19.4466,0.008593055280049647,False,13.618534,0.0019314867231580897,False,5.9142222,8.97377808888754e-05,False,False,No issues detected.,
C_00737,LOT_018,False,17.217,17.4913,18.4023,19.8342,13.0359,12.9947,13.2422,13.5694,6.8614,6.9924,7.1909,7.1182,21.789545,8.012133131693105,-0.24404799169716274,False,16.466424999999994,23.132050000000007,False,13.65762,4.199159978950613,-0.021008963802814265,False,9.754650000000005,15.572774999999995,False,6.1273775,0.48961683107879495,2.0236691982521844,False,5.2923,6.854675,True,0.10937692809937083,False,False,False,True,True,prop_delay_ns,36.4,False,19.41055,0.01332811919318306,False,13.448966,0.003154625182681614,False,6.9929132,3.564209408230607e-06,False,True,"[Module A - propagation delay] Flagged because 168h propagation delay (7.12ns) falls outside the lot's normal IQR range [5.29, 6.85]ns.",propagation delay
C_00738,LOT_018,False,17.7207,18.4451,19.7627,19.4461,12.211,12.4565,13.1462,13.3114,5.3195,5.6479,5.6168,5.496,21.789545,8.012133131693105,-0.29248702704778795,False,16.466424999999994,23.132050000000007,False,13.65762,4.199159978950613,-0.08244982371129396,False,9.754650000000005,15.572774999999995,False,6.1273775,0.48961683107879495,-1.2895338965551013,False,5.2923,6.854675,False,0.23917868641251044,False,False,False,False,False,,23.8,True,19.372025,0.006436975945366753,False,12.826401,0.002568755255805121,False,6.0483623,0.0027809878826141362,True,True,"[Module B - propagation delay] The strongest driver was Value_24h_prop_delay_ns (5.648), which pushed the predicted 168h value up by 1.25ns relative to baseline.",propagation delay
C_00739,LOT_018,False,18.6963,19.3895,19.7339,19.6921,11.7565,11.7723,12.0983,12.5679,4.9783,5.0456,5.1928,5.1222,21.789545,8.012133131693105,-0.2617835931486542,False,16.466424999999994,23.132050000000007,False,13.65762,4.199159978950613,-0.25950904596693297,False,9.754650000000005,15.572774999999995,False,6.1273775,0.48961683107879495,-2.052988043293459,False,5.2923,6.854675,True,0.16420868614826223,False,False,False,True,True,prop_delay_ns,33.9,False,19.908915,0.003607045597500259,False,12.46007,0.004776178169250491,False,5.156493,0.0007700915760464117,False,True,"[Module A - propagation delay] Flagged because 168h propagation delay (5.12ns) falls outside the lot's normal IQR range [5.29, 6.85]ns.",propagation delay
C_00740,LOT_018,False,19.294,20.0576,21.0509,20.7919,10.9117,10.8764,11.5086,11.399,6.1154,6.047,5.9652,5.9707,21.789545,8.012133131693105,-0.12451677769228257,False,16.466424999999994,23.132050000000007,False,13.65762,4.199159978950613,-0.537874244211205,False,9.754650000000005,15.572774999999995,False,6.1273775,0.48961683107879495,-0.3200002329470275,False,5.2923,6.854675,False,0.2286400582591957,False,False,False,False,False,,18.1,False,20.871195,0.005649964163038461,False,11.429608,0.003841724618275958,False,6.0291977,-0.0001236271328396247,False,False,No issues detected.,
C_00741,LOT_018,False,19.237,19.0464,19.8387,20.9073,12.7169,12.5871,12.9631,13.2362,5.5154,5.5538,5.712,5.5326,21.789545,8.012133131693105,-0.11011362211520906,False,16.466424999999994,23.132050000000007,False,13.65762,4.199159978950613,-0.10035816737454095,False,9.754650000000005,15.572774999999995,False,6.1273775,0.48961683107879495,-1.2147815643704467,False,5.2923,6.854675,False,0.2364252759712634,False,False,False,False,False,,23.3,False,20.225328,0.008187003093295639,False,13.006239,0.002910687065124515,False,5.6590157,0.0007306642744276269,False,False,No issues detected.,
C_00742,LOT_018,False,17.6612,17.7194,18.2881,19.1581,10.9387,10.9854,11.3609,11.7909,6.1757,6.0457,6.4294,6.1694,21.789545,8.012133131693105,-0.32843251063701795,False,16.466424999999994,23.132050000000007,False,13.65762,4.199159978950613,-0.44454605429595945,False,9.754650000000005,15.572774999999995,False,6.1273775,0.48961683107879495,0.0858273191046367,False,5.2923,6.854675,False,0.2696671381430847,False,False,False,False,False,,15.2,False,19.19136,0.010221947733561196,False,11.479218,0.0034292883978949635,False,6.2147655,0.0011740663104587126,False,False,No issues detected.,
C_00743,LOT_018,False,18.469,18.2675,19.4246,19.4753,12.3536,12.8623,12.9042,13.2434,6.0647,5.8177,6.0837,6.1382,21.789545,8.012133131693105,-0.2888425544061022,False,16.466424999999994,23.132050000000007,False,13.65762,4.199159978950613,-0.0986435387259324,False,9.754650000000005,15.572774999999995,False,6.1273775,0.48961683107879495,0.02210401953738992,False,5.2923,6.854675,False,0.3196015089220818,False,False,False,False,False,,11.4,False,19.319077,0.007302614847819022,False,13.077634,0.0014953740119934124,False,6.0724673,0.0017692175494299972,False,False,No issues detected.,
C_00744,LOT_018,False,19.5077,20.4668,20.1099,20.7832,12.4397,12.3286,12.3511,12.2999,6.1303,6.0609,6.0273,6.0511,21.789545,8.012133131693105,-0.12560263084237358,False,16.466424999999994,23.132050000000007,False,13.65762,4.199159978950613,-0.3233313345540363,False,9.754650000000005,15.572774999999995,False,6.1273775,0.48961683107879495,-0.1557901917545075,False,5.2923,6.854675,False,0.2866439148427979,False,False,False,False,False,,13.4,False,20.998844,0.0036947510189480307,False,12.630559,0.002096937274932863,False,6.0291977,-0.00022015491061740575,False,False,No issues detected.,
C_00745,LOT_018,False,17.9527,18.3197,18.8632,18.8206,13.6478,13.9216,14.362,14.2014,6.0143,6.1585,6.1235,6.219,21.789545,8.012133131693105,-0.37055612421814704,False,16.466424999999994,23.132050000000007,False,13.65762,4.199159978950613,0.12949732868617517,False,9.754650000000005,15.572774999999995,False,6.1273775,0.48961683107879495,0.1871310261089771,False,5.2923,6.854675,False,0.21468727492382417,False,False,False,False,False,,17.4,False,19.289335,0.006733578130933966,False,14.309282,0.002692238214280872,False,6.180991,0.00015618869993421706,False,False,No issues detected.,
C_00746,LOT_018,False,18.2898,18.4225,18.694,18.7152,11.2832,11.2908,12.0339,11.9686,5.8109,5.8495,5.7883,5.8541,21.789545,8.012133131693105,-0.38371117272614985,False,16.466424999999994,23.132050000000007,False,13.65762,4.199159978950613,-0.4022280666768243,False,9.754650000000005,15.572774999999995,False,6.1273775,0.48961683107879495,-0.5581456409451349,False,5.2923,6.854675,False,0.2910704668857212,False,False,False,False,False,,15.1,False,19.346973,0.006419954299926762,False,11.877391,0.004073547649383539,False,5.8129196,-0.0002540304395887581,False,False,No issues detected.,
C_00747,LOT_018,False,17.7199,17.7863,18.5882,19.2823,10.6106,10.8083,11.074,10.8769,5.7513,5.8004,5.5657,5.7208,21.789545,8.012133131693105,-0.31293102083916274,False,16.466424999999994,23.132050000000007,False,13.65762,4.199159978950613,-0.662208635522125,False,9.754650000000005,15.572774999999995,False,6.1273775,0.48961683107879495,-0.8303993535193008,False,5.2923,6.854675,False,0.2051778051367889,False,False,False,False,False,,21.7,False,19.230013,0.010025783983866369,False,11.265356,0.003174000443352599,False,5.8129196,8.694178263346508e-05,False,False,No issues detected.,
C_00748,LOT_018,True,18.1266,25.1955,35.7602,44.0677,12.9616,20.4794,28.2466,33.9105,6.4322,6.8129,7.0587,7.5301,21.789545,8.012133131693105,2.7805522741347954,False,16.466424999999994,23.132050000000007,True,13.65762,4.199159978950613,4.823078925671528,True,9.754650000000005,15.572774999999995,True,6.1273775,0.48961683107879495,2.8649392973466994,False,5.2923,6.854675,True,-0.03844629159253987,True,True,True,True,True,"iddq_ua,leakage_ua,prop_delay_ns",67.1,True,44.076225,0.1311161477830675,True,33.893257,0.09315178570217558,True,7.4939413,0.004729453521304661,True,True,"[Module B - Iddq (standby current)] The strongest driver was delta_24h_iddq_ua (7.069), which pushed the predicted 168h value up by 13.78uA relative to baseline. [Module B - leakage current] The strongest driver was delta_24h_leakage_ua (7.518), which pushed the predicted 168h value up by 12.34uA relative to baseline. [Module A - leakage current] Flagged because 168h leakage current is 4.8sigma from its lot's mean (33.91uA vs lot mean 13.66uA); and 168h leakage current (33.91uA) falls outside the lot's normal IQR range [9.75, 15.57]uA. [Module B - propagation delay] The strongest driver was Value_24h_prop_delay_ns (6.813), which pushed the predicted 168h value up by 2.16ns relative to baseline. [Module A - Iddq (standby current)] Flagged because 168h Iddq (standby current) (44.07uA) falls outside the lot's normal IQR range [16.47, 23.13]uA. [Module A - propagation delay] Flagged because 168h propagation delay (7.53ns) falls outside the lot's normal IQR range [5.29, 6.85]ns.","Iddq (standby current), leakage current, propagation delay"
C_00749,LOT_018,False,18.0795,19.5802,19.8218,20.0459,11.8712,12.3357,12.8645,12.8961,6.0161,6.0147,5.8995,6.0888,21.789545,8.012133131693105,-0.21762556504494052,False,16.466424999999994,23.132050000000007,False,13.65762,4.199159978950613,-0.18135055673451767,False,9.754650000000005,15.572774999999995,False,6.1273775,0.48961683107879495,-0.0787912047774178,False,5.2923,6.854675,False,0.31541889032786957,False,False,False,False,False,,11.0,False,20.091133,0.003548146650526249,False,12.754872,0.0029109189033508353,False,6.0776706,0.0004372956540849447,False,False,No issues detected.,
C_00750,LOT_018,False,18.2547,19.1352,19.8958,19.53,11.8272,11.7353,11.7674,11.9766,5.7724,5.7959,5.8882,5.8482,21.789545,8.012133131693105,-0.2820154087382866,False,16.466424999999994,23.132050000000007,False,13.65762,4.199159978950613,-0.4003229237339259,False,9.754650000000005,15.572774999999995,False,6.1273775,0.48961683107879495,-0.5701958802863761,False,5.2923,6.854675,False,0.30878336288442376,False,False,False,False,False,,14.3,False,19.772366,0.004424760903252488,False,12.244055,0.0035330194049411315,False,5.8129196,0.00011819178263346626,False,False,No issues detected.,
C_00751,LOT_018,False,17.5939,18.197,18.9301,20.0054,11.4017,11.384,11.9925,12.4444,6.3041,6.1151,6.2914,6.6668,21.789545,8.012133131693105,-0.22268039867467573,False,16.466424999999994,23.132050000000007,False,13.65762,4.199159978950613,-0.2889196901479301,False,9.754650000000005,15.572774999999995,False,6.1273775,0.48961683107879495,1.1017237679747784,False,5.2923,6.854675,False,0.2786239742232848,False,False,False,False,False,,20.2,True,19.443886,0.00865892918904623,False,12.106368,0.005016444895002575,False,6.5501504,0.00302118329472012,True,True,"[Module B - propagation delay] The strongest driver was Value_24h_prop_delay_ns (6.115), which pushed the predicted 168h value up by 1.60ns relative to baseline.",propagation delay
C_00752,LOT_018,False,18.2393,18.2521,19.5525,20.0295,12.2198,12.422,12.4918,12.7136,6.3715,6.0901,6.2903,6.114,21.789545,8.012133131693105,-0.21967246063821622,False,16.466424999999994,23.132050000000007,False,13.65762,4.199159978950613,-0.22481163011939223,False,9.754650000000005,15.572774999999995,False,6.1273775,0.48961683107879495,-0.027322385896180423,False,5.2923,6.854675,False,0.31773749464502066,False,False,False,False,False,,11.0,False,19.430082,0.008180432785881899,False,12.783846,0.002512818760342064,False,6.2037053,0.0007889257695939832,False,False,No issues detected.,
C_00753,LOT_018,False,18.8529,18.7227,19.1239,19.8946,11.4739,11.7844,11.8114,11.6129,5.8206,5.9517,5.9333,5.9408,21.789545,8.012133131693105,-0.23650942499997682,False,16.466424999999994,23.132050000000007,False,13.65762,4.199159978950613,-0.4869354847754535,False,9.754650000000005,15.572774999999995,False,6.1273775,0.48961683107879495,-0.3810683950323046,False,5.2923,6.854675,False,0.3105280028550397,False,False,False,False,False,,13.5,False,19.796242,0.0074551511128743515,False,12.279465,0.0034379494561089428,False,5.905715,-0.00031934035619099775,False,False,No issues detected.,
C_00754,LOT_018,False,16.1216,16.0037,16.8164,16.6054,12.8399,12.9061,12.6293,13.5019,5.9831,5.8704,5.9493,5.8802,21.789545,8.012133131693105,-0.6470368021586406,False,16.466424999999994,23.132050000000007,False,13.65762,4.199159978950613,-0.0370836073835214,False,9.754650000000005,15.572774999999995,False,6.1273775,0.48961683107879495,-0.504838649960995,False,5.2923,6.854675,False,0.17772883599197264,False,False,False,False,False,,21.5,False,18.668705,0.01850697907341852,False,13.274666,0.002559484948052298,False,6.057677,0.001300533278783162,False,False,No issues detected.,
C_00755,LOT_018,False,17.5043,18.0931,18.6165,18.8909,10.8885,11.1501,11.4386,11.6217,5.976,5.8925,6.2772,6.1983,21.789545,8.012133131693105,-0.3617819315225816,False,16.466424999999994,23.132050000000007,False,13.65762,4.199159978950613,-0.4848398275382649,False,9.754650000000005,15.572774999999995,False,6.1273775,0.48961683107879495,0.144853067742245,False,5.2923,6.854675,False,0.2757766790923414,False,False,False,False,False,,15.3,False,19.218573,0.007815782059563533,False,11.583222,0.0030077943695916063,False,6.0773025,0.0012833503882090245,False,False,No issues detected.,
C_00756,LOT_018,False,18.2949,18.1426,18.4643,19.858,12.3641,12.7761,12.471,12.9332,6.2309,6.1051,6.3145,6.1486,21.789545,8.012133131693105,-0.2410774968727748,False,16.466424999999994,23.132050000000007,False,13.65762,4.199159978950613,-0.1725154563368257,False,9.754650000000005,15.572774999999995,False,6.1273775,0.48961683107879495,0.043345119393138246,False,5.2923,6.854675,False,0.3158474945236554,False,False,False,False,False,,11.2,False,19.344786,0.00834851173824733,False,13.112467,0.0023358806398179827,False,6.2435293,0.0009613147205776625,False,False,No issues detected.,
C_00757,LOT_018,False,19.2468,19.4005,19.8252,20.36,11.4248,11.6205,11.7121,12.152,5.1593,5.0294,5.3483,5.1877,21.789545,8.012133131693105,-0.17842252200543665,False,16.466424999999994,23.132050000000007,False,13.65762,4.199159978950613,-0.35855266471087416,False,9.754650000000005,15.572774999999995,False,6.1273775,0.48961683107879495,-1.9192099624711947,False,5.2923,6.854675,True,0.1802772257946943,False,False,False,True,True,prop_delay_ns,32.0,False,20.494324,0.007595998128255201,False,12.083269,0.003213674439324274,False,5.2368965,0.001440948020087349,False,True,"[Module A - propagation delay] Flagged because 168h propagation delay (5.19ns) falls outside the lot's normal IQR range [5.29, 6.85]ns.",propagation delay
C_00758,LOT_018,False,19.4384,19.9914,20.4056,21.0149,11.1847,10.9445,11.7058,11.823,6.2265,6.0703,6.2748,6.4576,21.789545,8.012133131693105,-0.09668399005201046,False,16.466424999999994,23.132050000000007,False,13.65762,4.199159978950613,-0.43690166823757887,False,9.754650000000005,15.572774999999995,False,6.1273775,0.48961683107879495,0.6744508747225996,False,5.2923,6.854675,False,0.2466266698161288,False,False,False,False,False,,18.3,False,20.907034,0.006358568890889494,False,11.573868,0.00437060970730252,False,6.360901,0.0020180616590711833,False,False,No issues detected.,
C_00759,LOT_018,False,18.3083,17.9674,18.642,19.1493,12.6367,12.6447,12.9219,12.7651,6.5,6.444,6.311,6.5249,21.789545,8.012133131693105,-0.32953084485780004,False,16.466424999999994,23.132050000000007,False,13.65762,4.199159978950613,-0.21254727242448232,False,9.754650000000005,15.572774999999995,False,6.1273775,0.48961683107879495,0.8119052997506656,False,5.2923,6.854675,False,0.27282502426299826,False,False,False,False,False,,18.1,False,19.278399,0.009104156345791278,False,12.974539,0.0022905472437540673,False,6.54525,0.0007031245761447486,False,False,No issues detected.,
C_00760,LOT_018,False,17.5614,17.4973,18.8746,18.358,13.361,13.5144,13.8331,13.6469,5.99,5.7604,5.9982,6.0873,21.789545,8.012133131693105,-0.4282935572333474,False,16.466424999999994,23.132050000000007,False,13.65762,4.199159978950613,-0.0025528915434839296,False,9.754650000000005,15.572774999999995,False,6.1273775,0.48961683107879495,-0.08185482494892014,False,5.2923,6.854675,False,0.23992314388022712,False,False,False,False,False,,16.6,False,18.60271,0.007676463360256625,False,13.891683,0.0026200182278950995,False,6.062525,0.0020980888578626864,False,False,No issues detected.,
C_00761,LOT_019,False,29.9038,29.9999,31.3282,31.1808,11.6515,11.2492,12.0534,11.7026,4.4329,4.2614,4.3837,4.2696,29.984805,9.301217606422593,0.12858477788694592,False,21.8657,35.30695,False,14.4298025,3.401748721443097,-0.8017060410161805,False,10.93735,17.059975,False,4.4007075,0.38908177334920746,-0.33696643991166714,False,3.350500000000001,5.348249999999999,False,0.07757853086098487,False,False,False,False,False,,27.8,False,30.956902,0.006645844099256726,False,12.00781,0.005268122492896186,False,4.3261857,0.00044990071720547094,False,False,No issues detected.,
C_00762,LOT_019,False,25.1251,24.7906,25.8021,26.5631,12.5864,13.3045,13.6951,13.7014,3.8519,4.0617,4.1225,3.9943,29.984805,9.301217606422593,-0.36787710435215254,False,21.8657,35.30695,False,14.4298025,3.401748721443097,-0.21412589807368113,False,10.93735,17.059975,False,4.4007075,0.38908177334920746,-1.0445297822657005,False,3.350500000000001,5.348249999999999,False,0.16590422545679762,False,False,False,False,False,,25.4,False,26.05102,0.00875291436513264,False,14.011342,0.004908625337812629,False,4.0385423,-0.00016081756485833123,False,False,No issues detected.,
C_00763,LOT_019,False,25.8651,27.9249,28.0932,29.5137,13.5826,13.9441,14.3472,14.158,3.8891,3.8203,3.749,4.07,29.984805,9.301217606422593,-0.050649820263822046,False,21.8657,35.30695,False,14.4298025,3.401748721443097,-0.07990081639089883,False,10.93735,17.059975,False,4.4007075,0.38908177334920746,-0.8499691392718732,False,3.350500000000001,5.348249999999999,False,0.1462167619569389,False,False,False,False,False,,24.8,False,28.7327,0.0056097246381971505,False,14.621806,0.0047062926716274645,False,3.9799712,0.0011088275723987154,False,False,No issues detected.,
C_00764,LOT_019,False,30.8114,29.9793,32.1284,32.024,13.6241,14.1249,14.8276,14.7969,4.5023,4.8238,4.5825,4.8969,29.984805,9.301217606422593,0.21923957553599357,False,21.8657,35.30695,False,14.4298025,3.401748721443097,0.10791434937154053,False,10.93735,17.059975,False,4.4007075,0.38908177334920746,1.2752910415946372,False,3.350500000000001,5.348249999999999,False,0.11547202117352279,False,False,False,False,False,,29.9,False,31.756742,0.012343350537618012,False,14.74128,0.004280413903130424,False,4.9929814,0.0011748710685306103,False,False,No issues detected.,
C_00765,LOT_019,False,26.3757,27.1017,27.2052,28.8563,12.7048,13.3685,13.7562,13.7438,4.153,4.3346,4.1138,4.3217,29.984805,9.301217606422593,-0.12132873863963309,False,21.8657,35.30695,False,14.4298025,3.401748721443097,-0.2016617205367778,False,10.93735,17.059975,False,4.4007075,0.38908177334920746,-0.2030614267019128,False,3.350500000000001,5.348249999999999,False,0.22456390425612066,False,False,False,False,False,,15.5,False,28.154333,0.007309952184889045,False,13.915829,0.003800893783569342,False,4.3339787,-4.314910040961431e-06,False,False,No issues detected.,
C_00766,LOT_019,False,26.2602,27.2842,27.3081,27.8873,12.6617,12.7413,13.0374,13.2442,3.8128,4.0468,4.0065,4.0524,29.984805,9.301217606422593,-0.2255086472282566,False,21.8657,35.30695,False,14.4298025,3.401748721443097,-0.3485273596272688,False,10.93735,17.059975,False,4.4007075,0.38908177334920746,-0.8952038462294886,False,3.350500000000001,5.348249999999999,False,0.17892470584481018,False,False,False,False,False,,23.5,False,28.088198,0.005583317417568641,False,13.368897,0.004358315542009137,False,4.0414844,-3.691419495476738e-05,False,False,No issues detected.,
C_00767,LOT_019,False,24.6459,24.9309,25.7001,25.5881,13.0321,12.9131,13.7572,13.4067,4.4154,4.6142,4.3778,4.5613,29.984805,9.301217606422593,-0.4727020897741418,False,21.8657,35.30695,False,14.4298025,3.401748721443097,-0.3007578112841844,False,10.93735,17.059975,False,4.4007075,0.38908177334920746,0.41274742483469007,False,3.350500000000001,5.348249999999999,False,0.18216626471426284,False,False,False,False,False,,19.8,False,25.89338,0.006683883412679028,False,13.455831,0.003768962319691976,False,4.544853,-0.000481574927435983,False,False,No issues detected.,
C_00768,LOT_019,False,27.8739,27.6316,28.6715,29.0832,13.3446,14.0031,13.9699,14.7576,4.3431,4.4928,4.4232,4.634,29.984805,9.301217606422593,-0.09693408305783877,False,21.8657,35.30695,False,14.4298025,3.401748721443097,0.09636146783379754,False,10.93735,17.059975,False,4.4007075,0.38908177334920746,0.5995976064152874,False,3.350500000000001,5.348249999999999,False,0.22364866692899416,False,False,False,False,False,,18.8,False,28.877567,0.00865255063374838,False,14.82883,0.005734234481387669,False,4.4814205,-7.902418772379492e-05,False,False,No issues detected.,
C_00769,LOT_019,False,27.5622,27.2812,26.8163,28.4554,13.3615,13.8275,13.8741,14.253,4.074,4.1979,4.0153,4.155,29.984805,9.301217606422593,-0.16443062238904393,False,21.8657,35.30695,False,14.4298025,3.401748721443097,-0.051974003513403415,False,10.93735,17.059975,False,4.4007075,0.38908177334920746,-0.6315060658970353,False,3.350500000000001,5.348249999999999,False,0.21771253774325905,False,False,False,False,False,,19.4,False,28.35363,0.007447431013319239,False,14.395437,0.0039440086152818426,False,4.169,-0.00020069341129726656,False,False,No issues detected.,
C_00770,LOT_019,False,29.6153,29.5421,30.0544,31.2759,12.4004,12.108,12.8071,12.489,4.4157,4.3806,4.2937,4.4913,29.984805,9.301217606422593,0.13880924569579828,False,21.8657,35.30695,False,14.4298025,3.401748721443097,-0.5705308236807883,False,10.93735,17.059975,False,4.4007075,0.38908177334920746,0.2328366585259992,False,3.350500000000001,5.348249999999999,False,0.15517407888165913,False,False,False,False,False,,22.0,False,30.956902,0.009825010765923384,False,12.790306,0.004738236745198564,False,4.5047426,0.0008621015442742223,False,False,No issues detected.,
C_00771,LOT_019,False,28.6074,29.3354,30.7183,30.1501,12.5457,12.7184,13.1172,13.7701,4.0653,4.159,4.0903,4.1379,29.984805,9.301217606422593,0.01777132919520761,False,21.8657,35.30695,False,14.4298025,3.401748721443097,-0.193930402866482,False,10.93735,17.059975,False,4.4007075,0.38908177334920746,-0.6754556959524443,False,3.350500000000001,5.348249999999999,False,0.18283140732012992,False,False,False,False,False,,21.5,False,30.578112,0.008629942003885905,False,13.368897,0.004517343319786914,False,4.168387,6.518705685933564e-05,False,False,No issues detected.,
C_00772,LOT_019,False,29.0111,28.7962,28.9533,29.6789,12.9568,13.5335,14.2332,14.6108,4.6594,4.7047,4.595,4.9139,29.984805,9.301217606422593,-0.03288870478514254,False,21.8657,35.30695,False,14.4298025,3.401748721443097,0.053207192776783645,False,10.93735,17.059975,False,4.4007075,0.38908177334920746,1.3189836562696058,False,3.350500000000001,5.348249999999999,False,0.1780214347737854,False,False,False,False,False,,27.1,False,30.221685,0.009899204232957636,False,14.256467,0.005020603232913546,False,4.8071766,0.000711642985873753,False,False,No issues detected.,
C_00773,LOT_019,False,28.8163,30.4563,30.764,30.9253,13.5753,13.7533,14.3337,14.4146,4.0029,4.1895,4.0715,4.1186,29.984805,9.301217606422593,0.10111525606610648,False,21.8657,35.30695,False,14.4298025,3.401748721443097,-0.004469024976527332,False,10.93735,17.059975,False,4.4007075,0.38908177334920746,-0.7250596643775553,False,3.350500000000001,5.348249999999999,False,0.16508383023311185,False,False,False,False,False,,22.8,False,30.837528,0.002647418255276158,False,14.317433,0.003917592758602571,False,4.1420317,-0.000329641183217365,False,False,No issues detected.,
C_00774,LOT_019,False,26.6825,26.4644,26.734,28.3829,12.1417,12.4937,12.512,12.2774,4.307,4.4551,4.3571,4.4473,29.984805,9.301217606422593,-0.17222530079221768,False,21.8657,35.30695,False,14.4298025,3.401748721443097,-0.6327341247847673,False,10.93735,17.059975,False,4.4007075,0.38908177334920746,0.11974989113196645,False,3.350500000000001,5.348249999999999,False,0.17574480361488937,False,False,False,False,False,,21.5,False,27.742525,0.008875868754916713,False,12.907653,0.0028746726036071747,False,4.4409256,-9.843334621853186e-05,False,False,No issues detected.,
C_00775,LOT_019,False,24.8485,25.1035,25.3802,27.1642,13.0013,12.9589,13.1727,12.9008,4.6675,4.5123,4.7551,4.5991,29.984805,9.301217606422593,-0.3032511569294263,False,21.8657,35.30695,False,14.4298025,3.401748721443097,-0.4494754390181302,False,10.93735,17.059975,False,4.4007075,0.38908177334920746,0.5098992386413823,False,3.350500000000001,5.348249999999999,False,0.14807576984237414,False,False,False,False,False,,21.8,False,26.30401,0.008336877716912161,False,13.511974,0.003840793991088868,False,4.626066,0.0007900431103176558,False,False,No issues detected.,
C_00776,LOT_019,False,27.151,27.2898,27.3328,27.3684,12.4076,13.2509,13.5797,13.559,4.7889,4.6207,4.67,4.7009,29.984805,9.301217606422593,-0.281297042033867,False,21.8657,35.30695,False,14.4298025,3.401748721443097,-0.25598672074478984,False,10.93735,17.059975,False,4.4007075,0.38908177334920746,0.7715408959303056,False,3.350500000000001,5.348249999999999,False,0.16758595967516315,False,False,False,False,False,,23.1,False,28.31705,0.00713368704054091,False,13.838353,0.004079535812801787,False,4.6559005,0.0002444477664099782,False,False,No issues detected.,
C_00777,LOT_019,False,26.7831,27.5852,28.282,28.35,12.8739,13.0529,13.224,13.6886,4.271,4.2994,4.3714,4.2195,29.984805,9.301217606422593,-0.17576247209517484,False,21.8657,35.30695,False,14.4298025,3.401748721443097,-0.21788866865085954,False,10.93735,17.059975,False,4.4007075,0.38908177334920746,-0.4657311455126,False,3.350500000000001,5.348249999999999,False,0.23482266185708445,False,False,False,False,False,,17.1,False,28.520103,0.006492385101318356,False,13.699566,0.004490735329522032,False,4.322982,0.0001637627389695886,False,False,No issues detected.,
C_00778,LOT_019,False,30.7373,32.6629,31.7352,33.3411,14.7896,14.3424,15.3926,15.3044,4.3529,4.2053,4.5579,4.4412,29.984805,9.301217606422593,0.3608446917404058,False,21.8657,35.30695,False,14.4298025,3.401748721443097,0.257102323427633,False,10.93735,17.059975,False,4.4007075,0.38908177334920746,0.10407195292506632,False,3.350500000000001,5.348249999999999,False,0.057443269380755724,False,False,False,False,False,,25.1,False,32.91174,0.0017280510372585686,False,15.135853,0.005510088984171552,False,4.3840275,0.0012411630630493147,False,False,No issues detected.,
C_00779,LOT_019,False,27.5693,28.3083,28.299,29.5607,12.4405,13.5664,13.8262,14.6113,3.9198,3.8879,3.8681,3.8452,29.984805,9.301217606422593,-0.04559671840245429,False,21.8657,35.30695,False,14.4298025,3.401748721443097,0.05335417600245485,False,10.93735,17.059975,False,4.4007075,0.38908177334920746,-1.4277397145032098,False,3.350500000000001,5.348249999999999,False,0.14690030320880354,False,False,False,False,False,,29.6,False,29.043188,0.005103389549255377,False,14.503132,0.006505082405938044,False,3.9612553,0.0005094118886523767,False,False,No issues detected.,
C_00780,LOT_019,True,27.3808,43.055,66.6251,85.7143,12.3538,17.865,27.3849,34.6081,4.5968,5.1117,5.7587,6.2024,29.984805,9.301217606422593,5.991634359948547,True,21.8657,35.30695,True,14.4298025,3.401748721443097,5.9317425101992605,True,10.93735,17.059975,True,4.4007075,0.38908177334920746,4.630626833251709,True,3.350500000000001,5.348249999999999,True,-0.20366250053177049,True,True,True,True,True,"iddq_ua,leakage_ua,prop_delay_ns",85.1,True,85.5416,0.29504585478040907,True,34.39409,0.11478533850775825,True,6.0988417,0.006855150466495091,True,True,"[Module B - Iddq (standby current)] The strongest driver was delta_24h_iddq_ua (15.674), which pushed the predicted 168h value up by 39.05uA relative to baseline. [Module B - leakage current] The strongest driver was delta_24h_leakage_ua (5.511), which pushed the predicted 168h value up by 13.01uA relative to baseline. [Module A - Iddq (standby current)] Flagged because 168h Iddq (standby current) is 6.0sigma from its lot's mean (85.71uA vs lot mean 29.98uA); and 168h Iddq (standby current) (85.71uA) falls outside the lot's normal IQR range [21.87, 35.31]uA. [Module A - leakage current] Flagged because 168h leakage current is 5.9sigma from its lot's mean (34.61uA vs lot mean 14.43uA); and 168h leakage current (34.61uA) falls outside the lot's normal IQR range [10.94, 17.06]uA. [Module A - propagation delay] Flagged because 168h propagation delay is 4.6sigma from its lot's mean (6.20ns vs lot mean 4.40ns); and 168h propagation delay (6.20ns) falls outside the lot's normal IQR range [3.35, 5.35]ns. [Module B - propagation delay] The strongest driver was Value_24h_prop_delay_ns (5.112), which pushed the predicted 168h value up by 0.81ns relative to baseline.","Iddq (standby current), leakage current, propagation delay"
C_00781,LOT_019,False,27.0274,26.9103,27.451,28.4699,13.0392,13.7545,14.161,14.5039,4.4703,4.4686,4.2276,4.5343,29.984805,9.301217606422593,-0.16287168670840943,False,21.8657,35.30695,False,14.4298025,3.401748721443097,0.021782179128318098,False,10.93735,17.059975,False,4.4007075,0.38908177334920746,0.3433532721156235,False,3.350500000000001,5.348249999999999,False,0.21853752600391774,False,False,False,False,False,,16.9,False,28.333385,0.009882537968953454,False,14.464221,0.004928618060217962,False,4.520628,0.00036130538516574194,False,False,No issues detected.,
C_00782,LOT_019,False,28.3948,28.8783,29.9096,31.6602,13.2211,13.3251,13.3873,13.5863,4.184,4.374,4.2627,4.3585,29.984805,9.301217606422593,0.18012641687289624,False,21.8657,35.30695,False,14.4298025,3.401748721443097,-0.24796143662315165,False,10.93735,17.059975,False,4.4007075,0.38908177334920746,-0.108479766699629,False,3.350500000000001,5.348249999999999,False,0.20719356964779534,False,False,False,False,False,,16.7,False,30.02683,0.007975907452901209,False,13.938333,0.004258559428320985,False,4.375627,1.1298894882204467e-05,False,False,No issues detected.,
C_00783,LOT_019,False,28.4823,28.7613,29.5692,29.4414,13.3894,13.3614,14.1222,14.2567,4.7068,4.6943,4.617,4.567,29.984805,9.301217606422593,-0.05842299610588325,False,21.8657,35.30695,False,14.4298025,3.401748721443097,-0.050886327643437736,False,10.93735,17.059975,False,4.4007075,0.38908177334920746,0.42739730151982636,False,3.350500000000001,5.348249999999999,False,0.1965411661699456,False,False,False,False,False,,18.7,False,30.007042,0.008650985633002397,False,13.94979,0.004086041673024498,False,4.7434654,0.0003414265526665572,False,False,No issues detected.,
C_00784,LOT_019,False,28.078,26.9322,27.6356,30.0308,12.1003,12.4239,13.1156,13.648,4.6262,4.6222,4.519,4.4305,29.984805,9.301217606422593,0.004945051491778639,False,21.8657,35.30695,False,14.4298025,3.401748721443097,-0.22982370657534681,False,10.93735,17.059975,False,4.4007075,0.38908177334920746,0.07657130721788101,False,3.350500000000001,5.348249999999999,False,0.18295556111707417,False,False,False,False,False,,17.8,False,28.931704,0.013885441441006119,False,13.135165,0.00493934176762899,False,4.618065,-2.871610853407332e-05,False,False,No issues detected.,
C_00785,LOT_019,False,22.9169,23.6156,25.9165,26.8541,13.9393,14.7279,15.4716,16.0509,4.3097,4.3602,4.3583,4.3761,29.984805,9.301217606422593,-0.3365908779338972,False,21.8657,35.30695,False,14.4298025,3.401748721443097,0.47654827935447686,False,10.93735,17.059975,False,4.4007075,0.38908177334920746,-0.0632450597420159,False,3.350500000000001,5.348249999999999,False,0.09101157982945274,False,False,False,False,False,,24.4,False,25.256842,0.011397511524624291,False,16.083849,0.009416312175326878,False,4.32552,-0.0002408330652448856,False,False,No issues detected.,
C_00786,LOT_019,False,24.1626,24.7322,25.2102,25.3114,11.4179,11.6227,12.2161,12.0385,3.925,4.0183,4.0179,4.067,29.984805,9.301217606422593,-0.5024508830728748,False,21.8657,35.30695,False,14.4298025,3.401748721443097,-0.702962710010384,False,10.93735,17.059975,False,4.4007075,0.38908177334920746,-0.8576796006851031,False,3.350500000000001,5.348249999999999,False,0.06291161043596405,False,False,False,False,False,,29.0,False,25.70276,0.00674000483618843,False,12.298416,0.00469247317843967,False,4.0453954,0.0001881623215145536,False,False,No issues detected.,
C_00787,LOT_019,False,27.8557,27.6387,30.2185,29.803,14.1435,14.0541,14.0816,14.8284,4.2153,4.0767,4.2732,4.1791,29.984805,9.301217606422593,-0.01954636561502037,False,21.8657,35.30695,False,14.4298025,3.401748721443097,0.11717429258881508,False,10.93735,17.059975,False,4.4007075,0.38908177334920746,-0.5695653592107582,False,3.350500000000001,5.348249999999999,False,0.17904627975572024,False,False,False,False,False,,20.8,False,28.877567,0.008603245078192816,False,14.682462,0.004363623184627957,False,4.2324576,0.001081650262408788,False,False,No issues detected.,
C_00788,LOT_019,False,28.3315,27.4988,28.746,28.0065,12.7848,12.6762,13.1146,13.2052,4.0985,4.3578,4.481,4.5929,29.984805,9.301217606422593,-0.2126931208053837,False,21.8657,35.30695,False,14.4298025,3.401748721443097,-0.3599920512296088,False,10.93735,17.059975,False,4.4007075,0.38908177334920746,0.4939642850540418,False,3.350500000000001,5.348249999999999,False,0.19859220893428087,False,False,False,False,False,,19.2,False,29.109058,0.011182349861992735,False,13.339088,0.004603391944037545,False,4.345022,-8.87347115410707e-05,False,False,No issues detected.,
C_00789,LOT_019,False,22.9012,22.7205,23.4967,24.1916,11.722,12.2147,12.096,12.6291,4.2008,4.3658,4.1956,4.463,29.984805,9.301217606422593,-0.6228437227400989,False,21.8657,35.30695,False,14.4298025,3.401748721443097,-0.5293461238477668,False,10.93735,17.059975,False,4.4007075,0.38908177334920746,0.16010130586120078,False,3.350500000000001,5.348249999999999,False,0.07228805246209524,False,False,False,False,False,,26.6,False,24.4467,0.011987494044833704,False,12.684924,0.003265445317162404,False,4.4024234,0.00025432904031541526,False,False,No issues detected.,
C_00790,LOT_019,False,23.0046,23.2322,24.6005,25.5419,12.6915,12.9926,12.664,13.3255,4.3434,4.245,4.3759,4.3932,29.984805,9.301217606422593,-0.4776691813910609,False,21.8657,35.30695,False,14.4298025,3.401748721443097,-0.3246278871331595,False,10.93735,17.059975,False,4.4007075,0.38908177334920746,-0.019295429686607017,False,3.350500000000001,5.348249999999999,False,0.15396195412814268,False,False,False,False,False,,21.3,False,24.95029,0.011931185277303068,False,13.561881,0.003953340731726756,False,4.3394494,0.0006558986504872633,False,False,No issues detected.,
C_00791,LOT_019,False,27.8071,28.6615,28.9156,29.1777,14.4721,14.428,14.8306,15.1186,4.7422,4.8288,4.8408,4.7614,29.984805,9.301217606422593,-0.08677412293232287,False,21.8657,35.30695,False,14.4298025,3.401748721443097,0.20248335676827958,False,10.93735,17.059975,False,4.4007075,0.38908177334920746,0.9270352010971027,False,3.350500000000001,5.348249999999999,False,0.10424859230255068,False,False,False,False,False,,27.5,False,29.17418,0.0035602713690863702,False,15.132977,0.004895670360989035,False,4.8234696,-3.701639705234245e-05,False,False,No issues detected.,
C_00792,LOT_019,False,24.3782,24.7335,25.2357,26.4204,13.2996,13.4857,13.9233,14.1756,4.0205,4.0524,4.0617,4.1382,29.984805,9.301217606422593,-0.3832191817057091,False,21.8657,35.30695,False,14.4298025,3.401748721443097,-0.0747270068472787,False,10.93735,17.059975,False,4.4007075,0.38908177334920746,-0.6746846498111208,False,3.350500000000001,5.348249999999999,False,0.1820989931968548,False,False,False,False,False,,21.5,False,25.887098,0.008011099391513406,False,14.215894,0.005070789898766415,False,4.135437,0.0005766459147135447,False,False,No issues detected.,
C_00793,LOT_019,False,23.4017,24.3139,23.3843,23.868,14.3371,14.5143,14.8066,15.025,4.4238,4.4279,4.4151,4.3906,29.984805,9.301217606422593,-0.6576348666196437,False,21.8657,35.30695,False,14.4298025,3.401748721443097,0.17496809692266313,False,10.93735,17.059975,False,4.4007075,0.38908177334920746,-0.025977829578073056,False,3.350500000000001,5.348249999999999,False,0.09488538826745707,False,False,False,False,False,,25.7,False,24.612616,0.0020744137869940843,False,15.132977,0.0042963648054334825,False,4.4854646,0.00039975397851731923,False,False,No issues detected.,
C_00794,LOT_019,False,26.7557,28.2907,28.7746,28.7164,13.9227,14.2523,14.324,14.6817,3.762,3.6995,3.8621,3.8979,29.984805,9.301217606422593,-0.13636978013761916,False,21.8657,35.30695,False,14.4298025,3.401748721443097,0.07404941417693534,False,10.93735,17.059975,False,4.4007075,0.38908177334920746,-1.2922926090108109,False,3.350500000000001,5.348249999999999,False,0.11091282706996725,False,False,False,False,False,,30.2,False,28.626175,0.0023296869913736907,False,14.668984,0.002893641757965088,False,3.8292377,0.0009009562465879652,False,False,No issues detected.,
C_00795,LOT_019,False,26.5129,27.0745,27.8093,28.5488,12.961,12.677,12.9938,12.9904,4.0328,4.0058,4.0861,4.1534,29.984805,9.301217606422593,-0.15438892634964527,False,21.8657,35.30695,False,14.4298025,3.401748721443097,-0.4231360449778823,False,10.93735,17.059975,False,4.4007075,0.38908177334920746,-0.6356183119840907,False,3.350500000000001,5.348249999999999,False,0.20295820744864762,False,False,False,False,False,,20.1,False,28.163355,0.007561492178175182,False,13.3674345,0.004794684039221873,False,4.137801,0.00091667479409112,False,False,No issues detected.,
C_00796,LOT_019,False,27.8724,27.1142,28.4356,28.1607,13.8205,14.0569,14.1816,14.2572,4.3809,4.5538,4.3118,4.5451,29.984805,9.301217606422593,-0.19611464618787527,False,21.8657,35.30695,False,14.4298025,3.401748721443097,-0.05073934441776705,False,10.93735,17.059975,False,4.4007075,0.38908177334920746,0.3711109332032492,False,3.350500000000001,5.348249999999999,False,0.21396883416563217,False,False,False,False,False,,17.4,False,28.318321,0.008361952972412108,False,14.64757,0.0041018726136949285,False,4.6029434,0.00034127375284830834,False,False,No issues detected.,
C_00797,LOT_019,False,30.9333,30.8443,31.2195,31.9739,11.533,12.4554,13.1904,13.5912,4.5472,4.6181,4.5904,4.504,29.984805,9.301217606422593,0.21385318397738667,False,21.8657,35.30695,False,14.4298025,3.401748721443097,-0.24652100101157529,False,10.93735,17.059975,False,4.4007075,0.38908177334920746,0.26547761184200364,False,3.350500000000001,5.348249999999999,False,0.11096323961243088,False,False,False,False,False,,21.7,False,31.792051,0.006581606356302894,False,13.482056,0.007129553222656256,False,4.6141763,-2.724810176425575e-05,False,False,No issues detected.,
C_00798,LOT_019,False,27.3541,28.4885,28.935,29.897,12.8211,13.1154,14.0104,14.3772,4.3478,4.2084,4.3671,4.315,29.984805,9.301217606422593,-0.00944016189228523,False,21.8657,35.30695,False,14.4298025,3.401748721443097,-0.015463370256720154,False,10.93735,17.059975,False,4.4007075,0.38908177334920746,-0.22028145719145753,False,3.350500000000001,5.348249999999999,False,0.225556132220244,False,False,False,False,False,,15.6,False,29.317421,0.005756395551893457,False,13.934337,0.005687060154808897,False,4.3840275,0.0012196352852715377,False,False,No issues detected.,
C_00799,LOT_019,False,24.6393,24.8263,25.7138,24.9866,13.7861,13.841,13.7798,14.4569,4.361,4.3297,4.3109,4.2523,29.984805,9.301217606422593,-0.5373710423190924,False,21.8657,35.30695,False,14.4298025,3.401748721443097,0.007965755915241336,False,10.93735,17.059975,False,4.4007075,0.38908177334920746,-0.38143010072795674,False,3.350500000000001,5.348249999999999,False,0.18805595693080923,False,False,False,False,False,,20.1,False,25.904953,0.007490645853678386,False,14.342555,0.0034830211533440534,False,4.404455,0.000519133228725858,False,False,No issues detected.,
C_00800,LOT_019,False,26.283,26.3583,27.7731,27.2682,12.5479,13.3215,13.334,14.4475,4.1909,4.1303,4.1657,4.0363,29.984805,9.301217606422593,-0.2920698251510808,False,21.8657,35.30695,False,14.4298025,3.401748721443097,0.005202471272626192,False,10.93735,17.059975,False,4.4007075,0.38908177334920746,-0.9365833224804868,False,3.350500000000001,5.348249999999999,False,0.19828620533127372,False,False,False,False,False,,22.9,False,27.709122,0.009380706278483074,False,14.052735,0.0050780231157938616,False,4.24329,0.0007846524132622607,False,False,No issues detected.,
C_00801,LOT_020,False,26.8612,27.3749,27.7598,28.1904,9.9254,9.9328,10.0727,10.2824,3.7766,3.634,3.7593,3.7307,26.768372499999998,4.340957495169169,0.32758383411551584,False,21.145325,31.373950000000004,False,10.4579475,1.5560184976798301,-0.11281838889560533,False,8.390475,12.093599999999999,False,3.9901275,0.3050412178853448,-0.8504670345812421,False,3.1509000000000005,4.78515,False,0.15748094763059883,False,False,False,False,False,,24.2,False,28.134516,0.005275109460618759,False,10.233525,0.0020883699735005676,False,3.7488081,0.0007972787883546625,False,False,No issues detected.,
C_00802,LOT_020,False,25.8522,25.5469,26.3942,27.1587,9.2618,9.7396,9.4336,9.5477,4.1965,4.2512,4.1657,4.1807,26.768372499999998,4.340957495169169,0.089917374319923,False,21.145325,31.373950000000004,False,10.4579475,1.5560184976798301,-0.5849850122972595,False,8.390475,12.093599999999999,False,3.9901275,0.3050412178853448,0.6247434406442415,False,3.1509000000000005,4.78515,False,0.18430229631355594,False,False,False,False,False,,21.0,False,26.761847,0.008437128766377762,False,9.882343,0.000991272862752283,False,4.195132,-0.0003893626477983254,False,False,No issues detected.,
C_00803,LOT_020,False,28.0135,28.3001,28.8818,29.8872,9.1709,9.5127,9.4942,9.5523,3.8336,3.8364,3.748,3.8883,26.768372499999998,4.340957495169169,0.7184653393797996,False,21.145325,31.373950000000004,False,10.4579475,1.5560184976798301,-0.5820287492407091,False,8.390475,12.093599999999999,False,3.9901275,0.3050412178853448,-0.3338155437022725,False,3.1509000000000005,4.78515,False,0.0813023211462317,False,False,False,False,False,,26.9,False,28.7917,0.0034138914108276333,False,9.778441,0.0018454265912373818,False,3.9204257,0.0005835114823447347,False,False,No issues detected.,
C_00804,LOT_020,False,24.4426,24.5672,25.1182,25.6106,10.5241,10.0609,10.2542,10.386,3.5172,3.5928,3.5877,3.6445,26.768372499999998,4.340957495169169,-0.26670901553134824,False,21.145325,31.373950000000004,False,10.4579475,1.5560184976798301,-0.046238203535035584,False,8.390475,12.093599999999999,False,3.9901275,0.3050412178853448,-1.1330517967244358,False,3.1509000000000005,4.78515,False,0.16365078786352805,False,False,False,False,False,,26.3,False,25.664148,0.0076176967408922,False,10.715382,0.00454501126607259,False,3.63355,0.0002829856157302857,False,False,No issues detected.,
C_00805,LOT_020,False,23.0602,23.2811,23.5276,24.7237,9.9586,10.2664,10.311,11.1144,3.6337,3.7188,3.6903,3.6365,26.768372499999998,4.340957495169169,-0.47101877921527896,False,21.145325,31.373950000000004,False,10.4579475,1.5560184976798301,0.42187962481090857,False,8.390475,12.093599999999999,False,3.9901275,0.3050412178853448,-1.1592777607284444,False,3.1509000000000005,4.78515,False,0.1479236865383537,False,False,False,False,False,,27.3,False,24.252811,0.006747996054755327,False,10.679857,0.0028712309307522186,False,3.6986203,-0.00014013667106628337,False,False,No issues detected.,
C_00806,LOT_020,False,25.8043,24.7724,25.4347,26.1875,10.3878,10.5842,10.771,10.6293,4.0245,3.845,4.0176,3.9707,26.768372499999998,4.340957495169169,-0.13381206810857318,False,21.145325,31.373950000000004,False,10.4579475,1.5560184976798301,0.1101224055212093,False,8.390475,12.093599999999999,False,3.9901275,0.3050412178853448,-0.06368811446098444,False,3.1509000000000005,4.78515,False,0.2100562138025207,False,False,False,False,False,,15.6,False,26.229628,0.01011963617536756,False,10.91194,0.0022759695900811147,False,4.000931,0.0010828526814778633,False,False,No issues detected.,
C_00807,LOT_020,False,22.8808,22.7413,23.0088,23.9515,9.314,9.0121,9.6706,9.7307,3.9545,3.9599,3.9559,4.0156,26.768372499999998,4.340957495169169,-0.6489058008825824,False,21.145325,31.373950000000004,False,10.4579475,1.5560184976798301,-0.46737715591710083,False,8.390475,12.093599999999999,False,3.9901275,0.3050412178853448,0.08350510851151442,False,3.1509000000000005,4.78515,False,0.14525976386675787,False,False,False,False,False,,23.1,False,23.906816,0.008093864462110738,False,9.541239,0.00367457489437527,False,4.0037007,0.00030417175822787675,False,False,No issues detected.,
C_00808,LOT_020,False,25.0706,25.4517,26.9873,26.7638,9.0259,9.4056,9.8505,9.8906,3.7245,3.7404,3.8523,3.8587,26.768372499999998,4.340957495169169,-0.0010533390398516495,False,21.145325,31.373950000000004,False,10.4579475,1.5560184976798301,-0.36461488140788095,False,8.390475,12.093599999999999,False,3.9901275,0.3050412178853448,-0.43085161051710535,False,3.1509000000000005,4.78515,False,0.1819989520839781,False,False,False,False,False,,19.5,False,26.525894,0.007459681701660164,False,9.7192335,0.0021780105061001264,False,3.7952118,0.0003806374443901898,False,False,No issues detected.,
C_00809,LOT_020,False,24.0064,22.8322,23.4466,24.4086,10.0934,10.0462,9.8747,10.1436,4.0489,4.1886,4.2414,4.0605,26.768372499999998,4.340957495169169,-0.543606451485892,False,21.145325,31.373950000000004,False,10.4579475,1.5560184976798301,-0.20202041329760662,False,8.390475,12.093599999999999,False,3.9901275,0.3050412178853448,0.23069833148401328,False,3.1509000000000005,4.78515,False,0.18164344092003898,False,False,False,False,False,,20.4,False,24.630827,0.01249046493106418,False,10.273657,0.0015795614242553662,False,4.1405983,-0.0003333451588948575,False,False,No issues detected.,
C_00810,LOT_020,False,26.6948,27.0323,26.6147,28.0182,9.8082,9.71,9.7611,10.0725,4.1262,4.1703,4.1644,4.0613,26.768372499999998,4.340957495169169,0.2879151665020612,False,21.145325,31.373950000000004,False,10.4579475,1.5560184976798301,-0.24771395749776637,False,8.390475,12.093599999999999,False,3.9901275,0.3050412178853448,0.23332092788441386,False,3.1509000000000005,4.78515,False,0.20666614014394202,False,False,False,False,False,,17.1,False,27.918257,0.00615247749752469,False,10.125089,0.0028825603591071175,False,4.1096034,-0.0004215041319529224,False,False,No issues detected.,
C_00811,LOT_020,False,26.3101,25.3091,26.1271,27.4709,10.3941,10.1897,10.0803,10.5587,3.5655,3.5405,3.5587,3.4499,26.768372499999998,4.340957495169169,0.16183699121260905,False,21.145325,31.373950000000004,False,10.4579475,1.5560184976798301,0.0647501942619782,False,8.390475,12.093599999999999,False,3.9901275,0.3050412178853448,-1.7709983711219448,False,3.1509000000000005,4.78515,False,0.1315725526319803,False,False,False,False,False,,33.2,False,27.103636,0.012462054083082406,False,10.630094,0.0030582887119717053,False,3.5390635,-9.976016150581919e-06,False,False,No issues detected.,
C_00812,LOT_020,False,25.0536,26.2002,26.1286,26.5619,9.2561,9.4674,9.6214,9.9546,3.6483,3.4513,3.5925,3.5015,26.768372499999998,4.340957495169169,-0.04756381517897134,False,21.145325,31.373950000000004,False,10.4579475,1.5560184976798301,-0.32348426496891824,False,8.390475,12.093599999999999,False,3.9901275,0.3050412178853448,-1.601840903296089,False,3.1509000000000005,4.78515,False,0.14552268514228306,False,False,False,False,False,,31.1,False,26.736147,0.003721853658888083,False,9.7177305,0.0017384064038594592,False,3.5902927,0.0009652270290586697,False,False,No issues detected.,
C_00813,LOT_020,False,25.9451,26.1027,26.6734,27.0068,10.124,10.5499,10.5005,11.0878,4.0732,3.962,3.9764,4.0574,26.768372499999998,4.340957495169169,0.0549250943519567,False,21.145325,31.373950000000004,False,10.4579475,1.5560184976798301,0.4047847123534646,False,8.390475,12.093599999999999,False,3.9901275,0.3050412178853448,0.22053577043246034,False,3.1509000000000005,4.78515,False,0.21450022975897398,False,False,False,False,False,,17.6,False,26.993786,0.0061880962371826265,False,10.819025,0.0018689238866170304,False,4.110502,0.0010312622653113458,False,False,No issues detected.,
C_00814,LOT_020,False,25.6699,25.8426,26.1526,27.2264,9.9275,9.8462,10.3272,10.5571,4.5735,4.669,4.5923,4.6452,26.768372499999998,4.340957495169169,0.10551301193566606,False,21.145325,31.373950000000004,False,10.4579475,1.5560184976798301,0.06372192885100424,False,8.390475,12.093599999999999,False,3.9901275,0.3050412178853448,2.147488475626992,False,3.1509000000000005,4.78515,False,0.07340772175415056,False,False,False,False,False,,39.2,False,26.89916,0.007337224896748855,False,10.310047,0.003221160761515302,False,4.6721325,2.175341712104231e-05,False,False,No issues detected.,
C_00815,LOT_020,False,25.3005,25.4405,26.5517,26.1648,10.2422,10.5131,10.4704,10.4337,4.2351,4.1303,4.2895,4.3475,26.768372499999998,4.340957495169169,-0.13904132917027723,False,21.145325,31.373950000000004,False,10.4579475,1.5560184976798301,-0.015583040970370748,False,8.390475,12.093599999999999,False,3.9901275,0.3050412178853448,1.171554790127822,False,3.1509000000000005,4.78515,False,0.19458201499821798,False,False,False,False,False,,25.0,False,26.65702,0.0084480595058865,False,10.698782,0.0012894581052992102,False,4.293962,0.001136541679170396,False,False,No issues detected.,
C_00816,LOT_020,False,24.2944,23.5546,24.7528,24.9508,9.5127,9.3706,9.2884,9.237,3.6795,3.5575,3.7113,3.7614,26.768372499999998,4.340957495169169,-0.4187031322058972,False,21.145325,31.373950000000004,False,10.4579475,1.5560184976798301,-0.7846613017907865,False,8.390475,12.093599999999999,False,3.9901275,0.3050412178853448,-0.7498248977158591,False,3.1509000000000005,4.78515,False,0.15156412182327084,False,False,False,False,False,,24.0,False,24.923761,0.009508065054151742,False,9.841193,0.0032680083274841338,False,3.7175324,0.001111336085531446,False,False,No issues detected.,
C_00817,LOT_020,False,26.2909,24.9439,25.8381,25.5686,9.7257,9.7906,10.0315,9.8006,3.9739,4.1099,4.0559,4.1125,26.768372499999998,4.340957495169169,-0.276384300315118,False,21.145325,31.373950000000004,False,10.4579475,1.5560184976798301,-0.4224548107751721,False,8.390475,12.093599999999999,False,3.9901275,0.3050412178853448,0.40116709751006796,False,3.1509000000000005,4.78515,False,0.230492584600635,False,False,False,False,False,,17.0,False,26.293674,0.009373433812459316,False,10.049377,0.0017970655653211838,False,4.0974865,-8.62048890855554e-05,False,False,No issues detected.,
C_00818,LOT_020,False,22.5787,23.0713,23.1572,23.3446,8.1969,8.6832,8.5173,8.9986,4.0,3.8759,3.8814,3.8855,26.768372499999998,4.340957495169169,-0.7887136660080503,False,21.145325,31.373950000000004,False,10.4579475,1.5560184976798301,-0.9378728480259226,False,8.390475,12.093599999999999,False,3.9901275,0.3050412178853448,-0.34299463110367595,False,3.1509000000000005,4.78515,False,0.048113862127789564,False,False,False,False,False,,30.4,False,24.13043,0.007355070983039003,False,8.9961815,0.002173482555813264,False,3.9747858,0.0006867069774203822,False,False,No issues detected.,
C_00819,LOT_020,False,24.6079,25.6091,24.9034,26.1569,10.3167,10.6006,10.6309,10.808,3.9588,4.0316,4.0623,4.1358,26.768372499999998,4.340957495169169,-0.14086120416531941,False,21.145325,31.373950000000004,False,10.4579475,1.5560184976798301,0.22496679860937482,False,8.390475,12.093599999999999,False,3.9901275,0.3050412178853448,0.47755021767174266,False,3.1509000000000005,4.78515,False,0.21679873750050727,False,False,False,False,False,,18.1,False,26.550598,0.006538181559244781,False,10.823533,0.001548146237267388,False,4.024766,-4.7458553314209485e-05,False,False,No issues detected.,
C_00820,LOT_020,False,27.4865,27.0016,26.9069,27.7936,10.0663,10.3608,10.4212,10.6692,3.9213,4.1987,4.2479,4.1589,26.768372499999998,4.340957495169169,0.23617542930123753,False,21.145325,31.373950000000004,False,10.4579475,1.5560184976798301,0.13576477420737468,False,8.390475,12.093599999999999,False,3.9901275,0.3050412178853448,0.5532776887333186,False,3.1509000000000005,4.78515,False,0.17802259619375355,False,False,False,False,False,,20.7,False,27.93852,0.00650639188554552,False,10.563434,0.0014071781052483498,False,4.1643414,-0.00023860104348924185,False,False,No issues detected.,
C_00821,LOT_020,False,26.9698,26.2328,27.3674,26.3583,10.0534,10.2076,10.3798,10.5722,4.0691,3.9458,4.0626,4.1119,26.768372499999998,4.340957495169169,-0.09446590998791099,False,21.145325,31.373950000000004,False,10.4579475,1.5560184976798301,0.07342618366707221,False,8.390475,12.093599999999999,False,3.9901275,0.3050412178853448,0.399200150209769,False,3.1509000000000005,4.78515,False,0.224799875739006,False,False,False,False,False,,17.1,False,27.637798,0.009756932703653964,False,10.545812,0.0023486920356750535,False,4.089998,0.0010013733916812459,False,False,No issues detected.,
C_00822,LOT_020,False,26.5094,26.1998,26.7064,27.4729,10.1744,10.7601,10.4645,10.9143,3.889,3.9604,3.8475,3.9475,26.768372499999998,4.340957495169169,0.16229771905945495,False,21.145325,31.373950000000004,False,10.4579475,1.5560184976798301,0.293282181850965,False,8.390475,12.093599999999999,False,3.9901275,0.3050412178853448,-0.13974341007260976,False,3.1509000000000005,4.78515,False,0.1938326393500091,False,False,False,False,False,,17.8,False,27.14193,0.006542566850450305,False,10.987872,0.0015817508591545984,False,3.9800315,0.00013632979393005427,False,False,No issues detected.,
C_00823,LOT_020,False,24.9039,25.9181,25.7776,25.878,10.0508,9.7471,10.114,10.6067,3.9431,4.0148,3.9121,3.8862,26.768372499999998,4.340957495169169,-0.20510970240801674,False,21.145325,31.373950000000004,False,10.4579475,1.5560184976798301,0.09559815659120022,False,8.390475,12.093599999999999,False,3.9901275,0.3050412178853448,-0.34069985925332474,False,3.1509000000000005,4.78515,False,0.23926524870009552,False,False,False,False,False,,15.9,False,26.684359,0.00532124025556777,False,10.176787,0.00298394011391534,False,4.010337,-3.099391725328335e-05,False,False,No issues detected.,
C_00824,LOT_020,False,24.7293,25.523,25.4087,26.2479,10.7245,10.4921,10.8235,10.6541,4.2394,4.1741,4.2191,4.4006,26.768372499999998,4.340957495169169,-0.11989808713381879,False,21.145325,31.373950000000004,False,10.4579475,1.5560184976798301,0.12606051939130672,False,8.390475,12.093599999999999,False,3.9901275,0.3050412178853448,1.3456296262044283,False,3.1509000000000005,4.78515,False,0.1606409172385883,False,False,False,False,False,,28.2,False,26.516056,0.006896222644382055,False,10.940544,0.0031141953362358895,False,4.28463,0.0007675682067871084,False,False,No issues detected.,
C_00825,LOT_020,False,24.5197,23.2449,25.0059,24.302,10.3091,10.212,10.775,10.6027,3.9048,3.9357,3.8372,3.8461,26.768372499999998,4.340957495169169,-0.5681632457227925,False,21.145325,31.373950000000004,False,10.4579475,1.5560184976798301,0.09302749306376533,False,8.390475,12.093599999999999,False,3.9901275,0.3050412178853448,-0.4721575038234187,False,3.1509000000000005,4.78515,False,0.20460963704218238,False,False,False,False,False,,19.5,False,24.99949,0.012184657902187764,False,10.616235,0.002807185967763267,False,3.9452217,6.612265639834796e-05,False,False,No issues detected.,
C_00826,LOT_020,False,24.0343,24.4034,24.1892,25.3381,8.8652,9.1688,9.2488,9.8151,4.0306,4.0146,4.1738,4.0835,26.768372499999998,4.340957495169169,-0.329483184664138,False,21.145325,31.373950000000004,False,10.4579475,1.5560184976798301,-0.41313615548821964,False,8.390475,12.093599999999999,False,3.9901275,0.3050412178853448,0.306097977995537,False,3.1509000000000005,4.78515,False,0.17229693014327485,False,False,False,False,False,,19.8,False,25.339067,0.006497690688239194,False,9.457114,0.002002182081010612,False,4.0995274,0.0005897733264499259,False,False,No issues detected.,
C_00827,LOT_020,False,24.6722,25.545,25.2998,25.6713,9.9572,9.77,10.0787,10.1987,3.7196,3.7121,3.7038,3.6815,26.768372499999998,4.340957495169169,-0.2527259253795679,False,21.145325,31.373950000000004,False,10.4579475,1.5560184976798301,-0.1666095232071864,False,8.390475,12.093599999999999,False,3.9901275,0.3050412178853448,-1.0117567132058947,False,3.1509000000000005,4.78515,False,0.21645423969138344,False,False,False,False,False,,22.6,False,26.323095,0.005403439733717165,False,10.164524,0.002739750544230146,False,3.7285442,0.00011419607798258495,False,False,No issues detected.,
C_00828,LOT_020,False,23.8045,25.2451,25.2529,25.3321,9.9181,9.9593,10.2812,10.0226,3.7863,3.8587,3.9022,3.8967,26.768372499999998,4.340957495169169,-0.33086536820467655,False,21.145325,31.373950000000004,False,10.4579475,1.5560184976798301,-0.2797829850025195,False,8.390475,12.093599999999999,False,3.9901275,0.3050412178853448,-0.3062782814980636,False,3.1509000000000005,4.78515,False,0.22499443729726237,False,False,False,False,False,,16.5,False,25.365412,0.0008354983223809084,False,10.233525,0.001904342195722787,False,3.9073102,0.00033757116264767256,False,False,No issues detected.,
C_00829,LOT_020,False,24.8537,24.4825,25.3177,26.2947,10.7211,10.2676,10.8329,10.6706,3.6418,3.6576,3.7336,3.6103,26.768372499999998,4.340957495169169,-0.10911705551761917,False,21.145325,31.373950000000004,False,10.4579475,1.5560184976798301,0.13666450644197717,False,8.390475,12.093599999999999,False,3.9901275,0.3050412178853448,-1.2451677928415719,False,3.1509000000000005,4.78515,False,0.17120113582730234,False,False,False,False,False,,26.8,False,25.764822,0.008905013932122112,False,10.865267,0.0041504638883802635,False,3.703609,0.00031950687302483477,False,False,No issues detected.,
C_00830,LOT_020,False,23.7903,24.5713,24.6154,24.6882,9.3557,9.5606,9.6761,10.3201,3.5054,3.6349,3.6656,3.5743,26.768372499999998,4.340957495169169,-0.4791966984967989,False,21.145325,31.373950000000004,False,10.4579475,1.5560184976798301,-0.08858988514952941,False,8.390475,12.093599999999999,False,3.9901275,0.3050412178853448,-1.3631846308596107,False,3.1509000000000005,4.78515,False,0.15751625379069017,False,False,False,False,False,,28.5,False,25.093224,0.0036244692484537705,False,9.777297,0.001504840416378439,False,3.581685,-0.0003695481512281631,False,False,No issues detected.,
C_00831,LOT_020,False,23.8035,24.1038,24.915,23.8327,9.7884,10.3758,10.7819,10.5433,3.6376,3.7739,3.8505,3.7617,26.768372499999998,4.340957495169169,-0.6762730349852445,False,21.145325,31.373950000000004,False,10.4579475,1.5560184976798301,0.05485313968135304,False,8.390475,12.093599999999999,False,3.9901275,0.3050412178853448,-0.7488414240657096,False,3.1509000000000005,4.78515,False,0.1838236351615673,False,False,False,False,False,,22.0,False,24.69636,0.0041149974611070445,False,10.617463,0.001678216054704455,False,3.7573717,-0.00011478011078304583,False,False,No issues detected.,
C_00832,LOT_020,False,24.611,26.3448,25.657,26.503,10.6108,11.1186,11.3089,11.202,4.1152,4.1123,4.0597,4.0667,26.768372499999998,4.340957495169169,-0.06113225026859111,False,21.145325,31.373950000000004,False,10.4579475,1.5560184976798301,0.4781771560617388,False,8.390475,12.093599999999999,False,3.9901275,0.3050412178853448,0.2510234535871192,False,3.1509000000000005,4.78515,False,0.13235991429097888,False,False,False,False,False,,22.4,False,26.959627,0.004269632996453184,False,11.307655,0.001312884267171219,False,4.1601977,0.0003326231585608568,False,False,No issues detected.,
C_00833,LOT_020,False,22.8666,23.8862,23.5521,24.4167,10.0661,9.9751,9.8961,10.3199,4.0278,4.1007,4.1627,4.13,26.768372499999998,4.340957495169169,-0.5417405037061653,False,21.145325,31.373950000000004,False,10.4579475,1.5560184976798301,-0.08871841832590087,False,8.390475,12.093599999999999,False,3.9901275,0.3050412178853448,0.45853639376883704,False,3.1509000000000005,4.78515,False,0.18876369564787943,False,False,False,False,False,,20.1,False,24.374325,0.0033897555457221224,False,10.283458,0.002141373305850563,False,4.1215696,0.00014492801030477033,False,False,No issues detected.,
C_00834,LOT_020,False,25.0549,25.8004,26.9532,27.4508,10.0938,10.3729,10.3502,10.6045,3.9915,4.1706,4.0544,4.1747,26.768372499999998,4.340957495169169,0.15720667635180527,False,21.145325,31.373950000000004,False,10.4579475,1.5560184976798301,0.09418429165111074,False,8.390475,12.093599999999999,False,3.9901275,0.3050412178853448,0.6050739676412343,False,3.1509000000000005,4.78515,False,0.2300171683320431,False,False,False,False,False,,18.5,False,26.755808,0.00663477692074246,False,10.625157,0.0017517871962653296,False,4.163985,-4.593905872769039e-05,False,False,No issues detected.,
C_00835,LOT_020,False,26.0906,26.5174,27.6851,28.4127,8.5622,9.1221,9.4551,9.1303,3.9271,4.1453,3.988,4.1562,26.768372499999998,4.340957495169169,0.3787937342924669,False,21.145325,31.373950000000004,False,10.4579475,1.5560184976798301,-0.8532337513851196,False,8.390475,12.093599999999999,False,3.9901275,0.3050412178853448,0.544426425881966,False,3.1509000000000005,4.78515,False,0.11820994122123019,False,False,False,False,False,,26.2,False,27.380377,0.005992894554138194,False,9.292665,0.001184475888146297,False,4.11326,-0.00022250144216749238,False,False,No issues detected.,
C_00836,LOT_020,True,26.2949,33.2585,44.7025,51.9617,9.5644,12.807,16.6086,19.4521,4.1458,4.3866,4.8881,5.0536,26.768372499999998,4.340957495169169,5.8036337669826015,True,21.145325,31.373950000000004,True,10.4579475,1.5560184976798301,5.7802349479849555,True,8.390475,12.093599999999999,True,3.9901275,0.3050412178853448,3.486323938031633,True,3.1509000000000005,4.78515,True,-0.17058551118034493,True,True,True,True,True,"iddq_ua,leakage_ua,prop_delay_ns",81.9,True,51.85253,0.12912521828545465,True,20.013554,0.050045511245727536,True,4.835705,0.0031187833574083143,True,True,"[Module B - Iddq (standby current)] The strongest driver was delta_24h_iddq_ua (6.964), which pushed the predicted 168h value up by 13.70uA relative to baseline. [Module B - leakage current] The strongest driver was delta_24h_leakage_ua (3.243), which pushed the predicted 168h value up by 6.28uA relative to baseline. [Module A - Iddq (standby current)] Flagged because 168h Iddq (standby current) is 5.8sigma from its lot's mean (51.96uA vs lot mean 26.77uA); and 168h Iddq (standby current) (51.96uA) falls outside the lot's normal IQR range [21.15, 31.37]uA. [Module A - leakage current] Flagged because 168h leakage current is 5.8sigma from its lot's mean (19.45uA vs lot mean 10.46uA); and 168h leakage current (19.45uA) falls outside the lot's normal IQR range [8.39, 12.09]uA. [Module A - propagation delay] Flagged because 168h propagation delay is 3.5sigma from its lot's mean (5.05ns vs lot mean 3.99ns); and 168h propagation delay (5.05ns) falls outside the lot's normal IQR range [3.15, 4.79]ns. [Module B - propagation delay] The strongest driver was delta_24h_prop_delay_ns (0.241), which pushed the predicted 168h value up by 0.15ns relative to baseline.","Iddq (standby current), leakage current, propagation delay"
C_00837,LOT_020,False,23.494,24.465,24.0461,23.7959,9.5746,9.9905,9.8258,9.7083,3.6281,3.8357,3.7897,3.8189,26.768372499999998,4.340957495169169,-0.6847504273672138,False,21.145325,31.373950000000004,False,10.4579475,1.5560184976798301,-0.48177287167073846,False,8.390475,12.093599999999999,False,3.9901275,0.3050412178853448,-0.5613257814370469,False,3.1509000000000005,4.78515,False,0.18609970016441352,False,False,False,False,False,,21.4,False,24.855463,0.0027115488052368176,False,10.104036,0.0007884467442830347,False,3.7789998,-0.0003937513510386157,False,False,No issues detected.,
C_00838,LOT_020,False,25.3698,24.5758,25.3585,25.7474,9.5006,9.5494,9.6873,9.3973,4.1634,3.9609,4.1984,4.244,26.768372499999998,4.340957495169169,-0.2351952308070714,False,21.145325,31.373950000000004,False,10.4579475,1.5560184976798301,-0.6816419609288226,False,8.390475,12.093599999999999,False,3.9901275,0.3050412178853448,0.8322563808259593,False,3.1509000000000005,4.78515,False,0.1964616872776616,False,False,False,False,False,,22.1,False,25.991047,0.00982810351053873,False,9.795204,0.0017069733513726106,False,4.126906,0.0011528188758426236,False,False,No issues detected.,
C_00839,LOT_020,False,24.8613,25.4719,25.4901,25.6533,9.4693,10.0172,10.0912,10.0644,4.0348,3.9385,4.0312,3.9629,26.768372499999998,4.340957495169169,-0.2568724760011827,False,21.145325,31.373950000000004,False,10.4579475,1.5560184976798301,-0.252919551140823,False,8.390475,12.093599999999999,False,3.9901275,0.3050412178853448,-0.08925842936489294,False,3.1509000000000005,4.78515,False,0.23940798606016378,False,False,False,False,False,,15.2,False,26.502892,0.007159663475884321,False,10.11969,0.0007117357042100641,False,4.043101,0.0007263946798112665,False,False,No issues detected.,
C_00840,LOT_020,False,26.6965,27.3565,27.4809,28.2317,9.7417,10.0136,9.8205,10.0639,4.0074,4.0768,4.2248,4.0947,26.768372499999998,4.340957495169169,0.337097864152889,False,21.145325,31.373950000000004,False,10.4579475,1.5560184976798301,-0.25324088408175166,False,8.390475,12.093599999999999,False,3.9901275,0.3050412178853448,0.34281432760114794,False,3.1509000000000005,4.78515,False,0.19589955632033235,False,False,False,False,False,,18.1,False,27.94584,0.004092644691467282,False,10.173342,0.001109317715962726,False,4.095229,0.0001279802004496227,False,False,No issues detected.,
C_00841,LOT_021,False,22.0889,22.6196,23.2306,23.3472,8.3186,8.6965,8.9588,8.9815,4.6913,4.8136,4.6728,4.6403,25.9721925,1.8828351752401997,-1.3941700975844147,False,21.460475000000002,30.567224999999997,False,9.2710825,0.7636039156148344,-0.37923129266150424,False,6.754850000000001,11.7671,False,4.7157675,0.2974074226889989,-0.25375123229159335,False,3.8640750000000006,5.535949999999999,False,0.1233548600002618,False,False,False,False,False,,30.5,False,23.630018,0.007016793293423134,False,9.014398,0.00220762236913045,False,4.811487,-1.4672236972385684e-05,False,False,No issues detected.,
C_00842,LOT_021,False,24.8714,24.0773,25.2334,25.9143,10.2777,10.3808,10.0967,10.4048,4.7864,4.623,4.7962,4.8054,25.9721925,1.8828351752401997,-0.03074751351647769,False,21.460475000000002,30.567224999999997,False,9.2710825,0.7636039156148344,1.4846931462984432,False,6.754850000000001,11.7671,False,4.7157675,0.2974074226889989,0.30137949883560544,False,3.8640750000000006,5.535949999999999,False,0.07849310674015075,False,False,False,False,False,,33.4,False,25.297821,0.008475840589735236,False,10.602426,0.0015390664948357429,False,4.7630377,0.0009724838998582613,False,False,No issues detected.,
C_00843,LOT_021,False,25.9725,25.6686,26.5942,26.1855,8.552,8.5105,8.5923,8.7248,4.7175,4.7295,4.6056,4.6027,25.9721925,1.8828351752401997,0.11329058581709908,False,21.460475000000002,30.567224999999997,False,9.2710825,0.7636039156148344,-0.7154003388787595,False,6.754850000000001,11.7671,False,4.7157675,0.2974074226889989,-0.38017712865975123,False,3.8640750000000006,5.535949999999999,False,0.17743824853590057,False,False,False,False,False,,22.1,False,26.945786,0.008869343905978723,False,8.933933,0.002940508736504446,False,4.785338,0.00038776336775885815,False,False,No issues detected.,
C_00844,LOT_021,False,24.5153,24.3447,25.6199,25.8323,9.6491,9.8571,10.0494,10.2854,4.9443,4.7681,4.7539,5.0191,25.9721925,1.8828351752401997,-0.07429885623533236,False,21.460475000000002,30.567224999999997,False,9.2710825,0.7636039156148344,1.3283293593162055,False,6.754850000000001,11.7671,False,4.7157675,0.2974074226889989,1.01992242580037,False,3.8640750000000006,5.535949999999999,False,0.12117428973335731,False,False,False,False,False,,30.0,False,25.566217,0.0084827598783705,False,10.288237,0.0029940042919582733,False,4.908413,0.0009743953704834015,False,False,No issues detected.,
C_00845,LOT_021,False,26.3459,25.95,27.5703,26.2378,9.6754,9.8793,10.2633,10.4837,4.6661,4.5833,4.7675,4.7982,25.9721925,1.8828351752401997,0.14106784464875802,False,21.460475000000002,30.567224999999997,False,9.2710825,0.7636039156148344,1.5880189653344452,False,6.754850000000001,11.7671,False,4.7157675,0.2974074226889989,0.2771702846374474,False,3.8640750000000006,5.535949999999999,False,0.11821661141560408,False,False,False,False,False,,32.3,False,27.084951,0.007881606949700255,False,10.288237,0.002839837625291608,False,4.735035,0.0010537148793538385,False,False,No issues detected.,
C_00846,LOT_021,False,20.3041,20.62,20.7881,20.9407,8.4528,8.1485,9.0994,8.8928,4.2563,4.3079,4.261,4.3996,25.9721925,1.8828351752401997,-2.6722957835956693,False,21.460475000000002,30.567224999999997,True,9.2710825,0.7636039156148344,-0.4953909903610402,False,6.754850000000001,11.7671,False,4.7157675,0.2974074226889989,-1.0630787124994467,False,3.8640750000000006,5.535949999999999,False,-0.01751378034199569,True,True,False,False,True,iddq_ua,48.1,False,21.645622,0.007122376759846998,False,8.798566,0.004514346281687416,False,4.3163614,5.875991185506141e-05,False,True,"[Module A - Iddq (standby current)] Flagged because 168h Iddq (standby current) (20.94uA) falls outside the lot's normal IQR range [21.46, 30.57]uA.",Iddq (standby current)
C_00847,LOT_021,False,25.4571,25.6469,26.653,28.0176,8.4866,9.017,8.9845,9.4677,4.6408,4.737,4.6024,4.8109,25.9721925,1.8828351752401997,1.0863444272221352,False,21.460475000000002,30.567224999999997,False,9.2710825,0.7636039156148344,0.2574862385844223,False,6.754850000000001,11.7671,False,4.7157675,0.2974074226889989,0.31987264857031095,False,3.8640750000000006,5.535949999999999,False,0.17451943425090777,False,False,False,False,False,,25.3,False,26.90621,0.008745207956102168,False,9.324573,0.0021359205775790782,False,4.8189397,0.0005690255959828688,False,False,No issues detected.,
C_00848,LOT_021,False,24.3489,24.6656,24.7826,25.33,9.3851,9.9315,9.8091,10.2045,4.7216,4.6733,4.8055,4.7937,25.9721925,1.8828351752401997,-0.3410773860850956,False,21.460475000000002,30.567224999999997,False,9.2710825,0.7636039156148344,1.2223843813692798,False,6.754850000000001,11.7671,False,4.7157675,0.2974074226889989,0.2620395257636013,False,3.8640750000000006,5.535949999999999,False,0.14680035064819502,False,False,False,False,False,,27.8,False,25.585403,0.006387523905436189,False,10.183076,0.0017470548947652197,False,4.822585,0.0010367021242777491,False,False,No issues detected.,
C_00849,LOT_021,False,26.277,26.6278,27.7039,27.5918,8.724,8.9203,8.9885,9.7802,4.4818,4.5825,4.7341,4.722,25.9721925,1.8828351752401997,0.860196113445449,False,21.460475000000002,30.567224999999997,False,9.2710825,0.7636039156148344,0.6667298184164914,False,6.754850000000001,11.7671,False,4.7157675,0.2974074226889989,0.02095610104028129,False,3.8640750000000006,5.535949999999999,False,0.16185519179494084,False,False,False,False,False,,24.1,False,27.515257,0.006162895011901852,False,9.314835,0.0027398235744900226,False,4.691962,0.0007601511478424102,False,False,No issues detected.,
C_00850,LOT_021,False,24.6379,25.2567,25.6644,26.7897,9.175,9.429,9.4753,9.7987,4.5124,4.5918,4.6966,4.731,25.9721925,1.8828351752401997,0.43418962570407105,False,21.460475000000002,30.567224999999997,False,9.2710825,0.7636039156148344,0.6909570383425492,False,6.754850000000001,11.7671,False,4.7157675,0.2974074226889989,0.05121761878797657,False,3.8640750000000006,5.535949999999999,False,0.18036165374955865,False,False,False,False,False,,21.7,False,26.042913,0.005459815533955902,False,9.733549,0.002114924430847166,False,4.6787133,0.0006035647339291036,False,False,No issues detected.,
C_00851,LOT_021,False,23.4584,24.6458,24.1137,23.8819,8.5901,8.2485,8.7133,8.7714,4.5478,4.5772,4.7136,4.8595,25.9721925,1.8828351752401997,-1.1101834762213485,False,21.460475000000002,30.567224999999997,False,9.2710825,0.7636039156148344,-0.6543739362542017,False,6.754850000000001,11.7671,False,4.7157675,0.2974074226889989,0.48328484440787384,False,3.8640750000000006,5.535949999999999,False,0.14194900918326608,False,False,False,False,False,,27.2,False,25.06269,0.0028950745476616665,False,8.804784,0.003863082091013591,False,4.738573,0.0011206463495890273,False,False,No issues detected.,
C_00852,LOT_021,False,21.8907,22.4898,22.4767,22.9387,8.4294,7.9793,8.498,8.5134,4.6692,4.7206,4.6433,4.5949,25.9721925,1.8828351752401997,-1.6111301402752924,False,21.460475000000002,30.567224999999997,False,9.2710825,0.7636039156148344,-0.9922454357635567,False,6.754850000000001,11.7671,False,4.7157675,0.2974074226889989,-0.4064037773744207,False,3.8640750000000006,5.535949999999999,False,0.09955149144618669,False,False,False,False,False,,33.4,False,23.472885,0.006826980082194018,False,8.468012,0.003393832333882648,False,4.7231,1.736239857143736e-05,False,False,No issues detected.,
C_00853,LOT_021,False,26.2528,27.2744,27.1045,27.5654,8.9162,9.3956,9.5169,9.7562,4.4734,4.7203,4.6063,4.5782,25.9721925,1.8828351752401997,0.8461747055457209,False,21.460475000000002,30.567224999999997,False,9.2710825,0.7636039156148344,0.6352999114853872,False,6.754850000000001,11.7671,False,4.7157675,0.2974074226889989,-0.4625557047507036,False,3.8640750000000006,5.535949999999999,False,0.14951107396780106,False,False,False,False,False,,24.6,False,27.7294,0.0031597266303168402,False,9.638718,0.0016883170233832469,False,4.7608137,0.00028134522967868423,False,False,No issues detected.,
C_00854,LOT_021,False,21.3757,21.813,22.0521,22.5573,9.8463,9.9088,10.0821,10.6071,4.657,4.5601,4.81,4.7827,25.9721925,1.8828351752401997,-1.813696995311524,False,21.460475000000002,30.567224999999997,False,9.2710825,0.7636039156148344,1.7496210701385329,False,6.754850000000001,11.7671,False,4.7157675,0.2974074226889989,0.22505322629419328,False,3.8640750000000006,5.535949999999999,False,0.005297756010970489,False,False,False,False,False,,39.8,False,22.84489,0.007165906906127938,False,10.377737,0.0032565072589450456,False,4.736339,0.0012238825851016556,False,False,No issues detected.,
C_00855,LOT_021,False,25.2794,26.8203,26.1152,26.6674,9.5132,9.5102,9.4616,9.7127,4.34,4.2425,4.3169,4.2938,25.9721925,1.8828351752401997,0.3692343913807071,False,21.460475000000002,30.567224999999997,False,9.2710825,0.7636039156148344,0.5783332051727634,False,6.754850000000001,11.7671,False,4.7157675,0.2974074226889989,-1.418819665577932,False,3.8640750000000006,5.535949999999999,False,0.1163974929386582,False,False,False,False,False,,31.0,False,27.504063,0.004748351754082576,False,9.868638,0.002489153046078157,False,4.3531995,0.0007687464025285529,False,False,No issues detected.,
C_00856,LOT_021,False,26.2517,25.6154,26.1965,26.1035,9.7838,10.1541,10.4267,10.8563,4.226,4.2638,4.2851,4.3285,25.9721925,1.8828351752401997,0.06973924309824442,False,21.460475000000002,30.567224999999997,False,9.2710825,0.7636039156148344,2.075968270439816,False,6.754850000000001,11.7671,False,4.7157675,0.2974074226889989,-1.3021447027062554,False,3.8640750000000006,5.535949999999999,False,0.04354539657255674,False,False,False,False,False,,40.1,False,26.780302,0.008089597553677021,False,10.601301,0.003105563841925729,False,4.333871,0.00048660338719686,False,False,No issues detected.,
C_00857,LOT_021,False,24.1121,24.7103,23.7551,24.4227,8.6488,9.1447,9.2885,9.6887,5.4089,5.4402,5.3,5.4728,25.9721925,1.8828351752401997,-0.82295705985115,False,21.460475000000002,30.567224999999997,False,9.2710825,0.7636039156148344,0.5469032982416616,False,6.754850000000001,11.7671,False,4.7157675,0.2974074226889989,2.545439159370392,False,3.8640750000000006,5.535949999999999,False,0.011741949953939623,False,False,False,False,False,,45.6,False,25.5814,0.006049304983350965,False,9.419678,0.001909567599826387,False,5.46625,0.0001809023804134798,False,False,No issues detected.,
C_00858,LOT_021,False,23.3925,24.4231,25.08,25.5686,8.3654,8.5502,8.6873,8.8522,4.7703,4.7753,4.6076,4.9186,25.9721925,1.8828351752401997,-0.21435360105194062,False,21.460475000000002,30.567224999999997,False,9.2710825,0.7636039156148344,-0.548559916252822,False,6.754850000000001,11.7671,False,4.7157675,0.2974074226889989,0.6820021442844181,False,3.8640750000000006,5.535949999999999,False,0.170896198240302,False,False,False,False,False,,22.1,False,25.031382,0.004224177826775434,False,8.961855,0.0028587148242526566,False,4.8375697,0.00043242856661478916,False,False,No issues detected.,
C_00859,LOT_021,False,24.8026,23.8502,25.5725,25.5892,8.4596,8.4704,8.6186,8.8556,4.9945,4.8923,4.9194,4.9782,25.9721925,1.8828351752401997,-0.20341265397866654,False,21.460475000000002,30.567224999999997,False,9.2710825,0.7636039156148344,-0.5441073461042478,False,6.754850000000001,11.7671,False,4.7157675,0.2974074226889989,0.8824006395913919,False,3.8640750000000006,5.535949999999999,False,0.14524229144200157,False,False,False,False,False,,25.1,False,25.490993,0.011394399303860128,False,8.933933,0.003218980958726673,False,5.010379,0.0008199919276767331,False,False,No issues detected.,
C_00860,LOT_021,False,26.9389,27.1955,28.4467,29.2364,8.8353,9.3409,9.3666,9.4541,4.5084,4.528,4.5178,4.2579,25.9721925,1.8828351752401997,1.7336660919262756,False,21.460475000000002,30.567224999999997,False,9.2710825,0.7636039156148344,0.2396759579901303,False,6.754850000000001,11.7671,False,4.7157675,0.2974074226889989,-1.5395294974826343,False,3.8640750000000006,5.535949999999999,False,0.09985069191109425,False,False,False,False,False,,34.5,False,28.10783,0.006335625330607103,False,9.638718,0.002068178134494361,False,4.683417,0.0010792836348215767,False,False,No issues detected.,
C_00861,LOT_021,False,24.2713,24.8916,26.1789,25.8869,8.2868,8.5612,8.6655,8.6657,4.3401,4.3517,4.3133,4.4947,25.9721925,1.8828351752401997,-0.04530003535180222,False,21.460475000000002,30.567224999999997,False,9.2710825,0.7636039156148344,-0.7927964846966015,False,6.754850000000001,11.7671,False,4.7157675,0.2974074226889989,-0.7433153416321155,False,3.8640750000000006,5.535949999999999,False,0.1497677810064716,False,False,False,False,False,,24.1,False,25.60432,0.004949448098076712,False,9.059805,0.0034625341415405308,False,4.454194,0.0007117643674214672,False,False,No issues detected.,
C_00862,LOT_021,False,23.5869,23.6032,25.1521,25.6253,8.0222,7.5033,8.0457,8.2364,5.3889,5.2506,5.2296,5.1197,25.9721925,1.8828351752401997,-0.18423944090366004,False,21.460475000000002,30.567224999999997,False,9.2710825,0.7636039156148344,-1.3549989449267041,False,6.754850000000001,11.7671,False,4.7157675,0.2974074226889989,1.358178946402407,False,3.8640750000000006,5.535949999999999,False,0.004939784199024411,False,False,False,False,False,,36.1,False,24.737698,0.007878455564710821,False,8.270888,0.0053304745038350405,False,5.3515067,0.0007007410420311796,False,False,No issues detected.,
C_00863,LOT_021,False,26.0605,25.7114,27.3388,26.6338,8.1015,8.0113,8.2169,8.2935,4.3592,4.2527,4.4734,4.6271,25.9721925,1.8828351752401997,0.35138896314468887,False,21.460475000000002,30.567224999999997,False,9.2710825,0.7636039156148344,-1.2802219580197882,False,6.754850000000001,11.7671,False,4.7157675,0.2974074226889989,-0.29813479165488055,False,3.8640750000000006,5.535949999999999,False,0.10834074331798571,False,False,False,False,False,,30.3,False,26.945786,0.008572121683756503,False,8.382926,0.0025807360225253615,False,4.45481,0.00140354265636868,False,False,No issues detected.,
C_00864,LOT_021,False,25.8298,26.1015,26.536,26.3408,9.1941,9.1194,8.9935,9.1449,4.8723,4.9323,5.0233,4.8903,25.9721925,1.8828351752401997,0.19577258001512457,False,21.460475000000002,30.567224999999997,False,9.2710825,0.7636039156148344,-0.16524600963891287,False,6.754850000000001,11.7671,False,4.7157675,0.2974074226889989,0.5868464829222156,False,3.8640750000000006,5.535949999999999,False,0.15651483163563662,False,False,False,False,False,,22.1,False,26.932446,0.005770455042521149,False,9.450706,0.0023007328351338664,False,4.934181,1.306398179796226e-05,False,False,No issues detected.,
C_00865,LOT_021,False,26.2287,25.932,26.1936,26.703,7.8781,7.778,7.8933,8.3319,4.9437,4.9344,4.8922,5.0039,25.9721925,1.8828351752401997,0.38814204748791636,False,21.460475000000002,30.567224999999997,False,9.2710825,0.7636039156148344,-1.2299341069300245,False,6.754850000000001,11.7671,False,4.7157675,0.2974074226889989,0.9688140847153702,False,3.8640750000000006,5.535949999999999,False,0.08702964536530061,False,False,False,False,False,,30.9,False,26.926113,0.00690356339348688,False,8.259185,0.003341561370425757,False,4.9655576,0.0002163720501793747,False,False,No issues detected.,
C_00866,LOT_021,False,24.688,24.4911,25.0662,25.6501,9.276,9.8153,10.1729,9.9785,4.125,4.3788,4.3853,4.1929,25.9721925,1.8828351752401997,-0.1710678153008851,False,21.460475000000002,30.567224999999997,False,9.2710825,0.7636039156148344,0.9264194244347287,False,6.754850000000001,11.7671,False,4.7157675,0.2974074226889989,-1.758084903438226,False,3.8640750000000006,5.535949999999999,False,0.07968696518923979,False,False,False,False,False,,35.7,False,25.694366,0.00835601704915365,False,10.183076,0.0025539993392096586,False,4.538967,0.00111227175394694,False,False,No issues detected.,
C_00867,LOT_021,False,22.8588,23.1038,22.9374,23.9516,9.4069,9.3806,9.5977,9.5816,4.2656,4.5058,4.3384,4.3604,25.9721925,1.8828351752401997,-1.0731648349103238,False,21.460475000000002,30.567224999999997,False,9.2710825,0.7636039156148344,0.40664733856161384,False,6.754850000000001,11.7671,False,4.7157675,0.2974074226889989,-1.1948844342449725,False,3.8640750000000006,5.535949999999999,False,0.09540819912276266,False,False,False,False,False,,30.2,False,24.153393,0.007288838831583661,False,9.855397,0.003297202947404654,False,4.7290797,0.0015505536344316284,False,False,No issues detected.,
C_00868,LOT_021,False,25.7507,27.6192,27.3517,28.9325,7.9263,7.4841,8.227,8.2571,4.8024,4.7582,4.8829,4.7998,25.9721925,1.8828351752401997,1.5722605668987175,False,21.460475000000002,30.567224999999997,False,9.2710825,0.7636039156148344,-1.3278906501986283,False,6.754850000000001,11.7671,False,4.7157675,0.2974074226889989,0.2825501100148182,False,3.8640750000000006,5.535949999999999,False,0.07787671090820741,False,False,False,False,False,,34.2,False,28.26747,0.004501870875888405,False,8.123039,0.004437078094482423,False,4.840156,0.0005691394329071015,False,False,No issues detected.,
C_00869,LOT_021,False,24.9549,26.1643,25.4262,26.32,9.1238,8.9931,9.8258,9.6752,5.2725,5.3311,5.4817,5.4968,25.9721925,1.8828351752401997,0.1847254101547316,False,21.460475000000002,30.567224999999997,False,9.2710825,0.7636039156148344,0.5292239755929156,False,6.754850000000001,11.7671,False,4.7157675,0.2974074226889989,2.626136540030918,False,3.8640750000000006,5.535949999999999,False,0.027064325628165298,False,False,False,False,False,,45.5,False,26.754843,0.004100991376241043,False,9.49915,0.0035142380290561245,False,5.341234,7.03764385647232e-05,False,False,No issues detected.,
C_00870,LOT_021,False,23.0221,24.1817,24.0218,23.9246,7.717,8.3271,8.6183,8.6587,4.2169,4.3596,4.3488,4.5358,25.9721925,1.8828351752401997,-1.0875049111714086,False,21.460475000000002,30.567224999999997,False,9.2710825,0.7636039156148344,-0.8019635408848393,False,6.754850000000001,11.7671,False,4.7157675,0.2974074226889989,-0.6051210772509649,False,3.8640750000000006,5.535949999999999,False,0.10631135855321727,False,False,False,False,False,,28.7,False,24.47117,0.002010211287604443,False,8.705921,0.002630702590942385,False,4.4307537,0.0004941229714287627,False,False,No issues detected.,
C_00871,LOT_021,False,21.7882,22.6137,23.7969,24.0963,8.3501,8.393,8.9361,9.048,4.8685,4.7776,4.8369,4.896,25.9721925,1.8828351752401997,-0.9963126484296136,False,21.460475000000002,30.567224999999997,False,9.2710825,0.7636039156148344,-0.2921442588732405,False,6.754850000000001,11.7671,False,4.7157675,0.2974074226889989,0.6060121108290906,False,3.8640750000000006,5.535949999999999,False,0.12085903055026626,False,False,False,False,False,,27.3,False,23.364744,0.005215584627787262,False,8.831263,0.0030434901979234435,False,4.890809,0.0007861740218268527,False,False,No issues detected.,
C_00872,LOT_021,False,24.1829,25.0767,26.0407,26.6095,9.2772,9.4057,9.4573,9.9119,4.3761,4.3275,4.379,4.2223,25.9721925,1.8828351752401997,0.3384828945097112,False,21.460475000000002,30.567224999999997,False,9.2710825,0.7636039156148344,0.8392014327009166,False,6.754850000000001,11.7671,False,4.7157675,0.2974074226889989,-1.6592306121290825,False,3.8640750000000006,5.535949999999999,False,0.13309303342205958,False,False,False,False,False,,32.2,False,25.57808,0.003481800164116761,False,9.855397,0.0031228973918490974,False,4.403845,0.0005301724539862761,False,False,No issues detected.,
C_00873,LOT_021,False,25.8747,25.6118,26.2783,27.3227,7.8307,7.9698,7.9113,7.7762,4.1367,4.0699,4.0452,4.3343,25.9721925,1.8828351752401997,0.7172733533766246,False,21.460475000000002,30.567224999999997,False,9.2710825,0.7636039156148344,-1.9576674103306015,False,6.754850000000001,11.7671,False,4.7157675,0.2974074226889989,-1.2826428357132957,False,3.8640750000000006,5.535949999999999,False,0.013516025130570264,False,False,False,False,False,,40.6,False,26.910717,0.009020257017347556,False,8.192081,0.0015436211903889958,False,4.216712,0.001019527763790557,False,False,No issues detected.,
C_00874,LOT_021,False,26.6436,25.2542,25.6546,26.7918,8.8281,9.0969,9.1847,9.6726,4.5292,4.6029,4.6489,4.8315,25.9721925,1.8828351752401997,0.4353049649688215,False,21.460475000000002,30.567224999999997,False,9.2710825,0.7636039156148344,0.5258190690087114,False,6.754850000000001,11.7671,False,4.7157675,0.2974074226889989,0.38913790030392864,False,3.8640750000000006,5.535949999999999,False,0.18107870196297632,False,False,False,False,False,,20.3,False,26.550743,0.009003771548800991,False,9.382392,0.00198258284462823,False,4.687287,0.0005860198179880779,False,False,No issues detected.,
C_00875,LOT_021,False,25.9112,26.0354,25.7748,28.0338,8.4205,8.7297,8.8256,8.9074,4.8313,4.7402,4.7991,4.8256,25.9721925,1.8828351752401997,1.0949484729787857,False,21.460475000000002,30.567224999999997,False,9.2710825,0.7636039156148344,-0.47627113031128393,False,6.754850000000001,11.7671,False,4.7157675,0.2974074226889989,0.3692997942248812,False,3.8640750000000006,5.535949999999999,False,0.17847691470703225,False,False,False,False,False,,25.2,False,27.000835,0.006704412629869255,False,9.098509,0.0025611724641588043,False,4.8446198,0.0007251371595594636,False,False,No issues detected.,
C_00876,LOT_021,False,25.0231,25.2511,25.8321,26.2818,8.0674,8.4567,8.3469,8.8015,4.6213,4.5378,4.7541,4.8993,25.9721925,1.8828351752401997,0.16443685781497275,False,21.460475000000002,30.567224999999997,False,9.2710825,0.7636039156148344,-0.6149555946447757,False,6.754850000000001,11.7671,False,4.7157675,0.2974074226889989,0.6171080006699139,False,3.8640750000000006,5.535949999999999,False,0.16969403886496637,False,False,False,False,False,,21.7,False,26.124851,0.006067716852823886,False,8.883453,0.0029635650634765648,False,4.7214627,0.001275435601340401,False,False,No issues detected.,
C_00877,LOT_021,False,27.7016,27.2833,27.3759,29.1444,7.8783,8.5682,8.512,9.159,4.4751,4.6336,4.71,4.7717,25.9721925,1.8828351752401997,1.684803609851464,False,21.460475000000002,30.567224999999997,False,9.2710825,0.7636039156148344,-0.14678093931688874,False,6.754850000000001,11.7671,False,4.7157675,0.2974074226889989,0.1880669268247853,False,3.8640750000000006,5.535949999999999,False,0.12539132142728926,False,False,False,False,False,,32.8,False,28.128351,0.005868411191304521,False,9.039583,0.003273494487338602,False,4.6935225,0.00041612814797295196,False,False,No issues detected.,
C_00878,LOT_021,False,26.0564,26.0808,26.4613,27.3561,9.304,9.1478,9.1737,9.7283,4.9273,4.8274,4.8302,4.8229,25.9721925,1.8828351752401997,0.735012558825524,False,21.460475000000002,30.567224999999997,False,9.2710825,0.7636039156148344,0.5987626446779816,False,6.754850000000001,11.7671,False,4.7157675,0.2974074226889989,0.36022133890057234,False,3.8640750000000006,5.535949999999999,False,0.1554376841339728,False,False,False,False,False,,23.4,False,27.036924,0.006639752515157064,False,9.694623,0.0037973818990919314,False,4.8746743,0.0003282938904232455,False,False,No issues detected.,
C_00879,LOT_021,False,28.1192,28.7789,29.3457,29.0165,8.1008,8.6593,8.5621,9.0445,4.4572,4.4837,4.6673,4.5938,25.9721925,1.8828351752401997,1.6168741374887632,False,21.460475000000002,30.567224999999997,False,9.2710825,0.7636039156148344,-0.29672778696736063,False,6.754850000000001,11.7671,False,4.7157675,0.2974074226889989,-0.4101024073213618,False,3.8640750000000006,5.535949999999999,False,0.06314182471974061,False,False,False,False,False,,35.3,False,29.42935,0.004517013189527723,False,9.039583,0.002640855598449707,False,4.6097646,0.0008754484441545288,False,False,No issues detected.,
C_00880,LOT_021,False,22.781,23.2231,23.3994,23.5482,7.875,7.7046,7.6085,7.8786,4.4897,4.468,4.3087,4.5239,25.9721925,1.8828351752401997,-1.2874161965296618,False,21.460475000000002,30.567224999999997,False,9.2710825,0.7636039156148344,-1.82356647409123,False,6.754850000000001,11.7671,False,4.7157675,0.2974074226889989,-0.6451335284951415,False,3.8640750000000006,5.535949999999999,False,0.04768511447341284,False,False,False,False,False,,37.8,False,24.178427,0.006634213489956335,False,8.127163,0.002934464814927842,False,4.607088,0.0009658895068698462,False,False,No issues detected.,
C_00881,LOT_022,False,23.0333,22.4661,24.3944,24.3327,11.9213,12.0709,11.8769,12.415,5.0136,4.8747,5.1838,5.4661,27.478902499999997,10.531810651118793,-0.29873329517804964,False,19.420250000000003,31.68575,False,12.65111,7.7500307168225016,-0.030465685702056766,False,8.901625000000003,13.398749999999998,False,4.874835,0.575787858703854,1.0268799368763806,False,3.960074999999998,5.612200000000002,False,0.2514658454244581,False,False,False,False,False,,21.0,False,23.737284,0.008827664629618322,False,12.598777,0.0036658112314012317,False,5.1260557,0.001745525815751819,False,False,No issues detected.,
C_00882,LOT_022,False,23.4839,24.9375,25.0208,25.7839,10.7059,10.2256,10.429,11.1424,3.9347,4.0595,4.0922,3.9482,27.478902499999997,10.531810651118793,-0.1609412242727643,False,19.420250000000003,31.68575,False,12.65111,7.7500307168225016,-0.1946714864916777,False,8.901625000000003,13.398749999999998,False,4.874835,0.575787858703854,-1.6093340385570687,False,3.960074999999998,5.612200000000002,True,0.22968224181505692,False,False,False,True,True,prop_delay_ns,26.9,False,25.15116,0.0014837450451321071,False,11.019953,0.005516338708665636,False,4.043759,-0.0001093134085337313,False,True,"[Module A - propagation delay] Flagged because 168h propagation delay (3.95ns) falls outside the lot's normal IQR range [3.96, 5.61]ns.",propagation delay
C_00883,LOT_022,False,24.6083,24.4131,24.0772,25.5134,9.7749,10.2561,10.2361,10.3975,4.5672,4.4289,4.4281,4.6235,27.478902499999997,10.531810651118793,-0.18662531687190947,False,19.420250000000003,31.68575,False,12.65111,7.7500307168225016,-0.2907872345729198,False,8.901625000000003,13.398749999999998,False,4.874835,0.575787858703854,-0.436506251739618,False,3.960074999999998,5.612200000000002,False,0.33981312351109805,False,False,False,False,False,,11.6,False,25.649567,0.008586573961046007,False,10.675022,0.002909181425306532,False,4.646422,0.0015105688148074707,False,False,No issues detected.,
C_00884,LOT_022,False,22.6936,22.7705,24.1614,24.5736,10.3426,10.5324,10.686,10.7793,4.3573,4.5227,4.596,4.4908,27.478902499999997,10.531810651118793,-0.2758597354474245,False,19.420250000000003,31.68575,False,12.65111,7.7500307168225016,-0.24152291370110063,False,8.901625000000003,13.398749999999998,False,4.874835,0.575787858703854,-0.6669730773144373,False,3.960074999999998,5.612200000000002,False,0.35585962287765055,False,False,False,False,False,,12.8,False,23.859192,0.007560360378689247,False,10.910266,0.002624068906572124,False,4.6417837,0.0008269702381557861,False,False,No issues detected.,
C_00885,LOT_022,False,23.324,24.488,24.0716,24.9858,10.1895,10.2775,10.4729,10.3527,4.5423,4.3778,4.5422,4.4471,27.478902499999997,10.531810651118793,-0.23672116624458622,False,19.420250000000003,31.68575,False,12.65111,7.7500307168225016,-0.2965678568229395,False,8.901625000000003,13.398749999999998,False,4.874835,0.575787858703854,-0.7428690854351584,False,3.960074999999998,5.612200000000002,False,0.35472324631100716,False,False,False,False,False,,13.5,False,25.076181,0.004084593137105309,False,10.731603,0.0031534907552931055,False,4.601882,0.0015561248673333083,False,False,No issues detected.,
C_00886,LOT_022,False,23.3121,24.5697,25.9934,26.7553,10.8347,11.0772,10.7756,11.5715,4.8959,4.7927,5.0929,4.8196,27.478902499999997,10.531810651118793,-0.06870637195923478,False,19.420250000000003,31.68575,False,12.65111,7.7500307168225016,-0.1393039640032081,False,8.901625000000003,13.398749999999998,False,4.874835,0.575787858703854,-0.09592942811322602,False,3.960074999999998,5.612200000000002,False,0.3455142024149915,False,False,False,False,False,,8.9,False,25.06269,0.0034235467698838905,False,11.50095,0.0029427073584662577,False,4.896886,0.0007235129992167158,False,False,No issues detected.,
C_00887,LOT_022,False,19.5816,20.0067,20.9565,20.5978,10.4679,10.4018,10.5644,10.6953,4.3633,4.3035,4.1538,4.338,27.478902499999997,10.531810651118793,-0.6533636739157496,False,19.420250000000003,31.68575,False,12.65111,7.7500307168225016,-0.25236158041988743,False,8.901625000000003,13.398749999999998,False,4.874835,0.575787858703854,-0.9323485931232727,False,3.960074999999998,5.612200000000002,False,0.19669691492333496,False,False,False,False,False,,22.9,False,21.056608,0.007291029167175302,False,10.856006,0.0031542060322231735,False,4.3774185,0.0005133230421278236,False,False,No issues detected.,
C_00888,LOT_022,False,23.7956,23.5262,24.1639,24.3077,10.4513,10.4693,11.1877,11.2244,4.3587,4.4453,4.6301,4.7192,27.478902499999997,10.531810651118793,-0.30110705604673205,False,19.420250000000003,31.68575,False,12.65111,7.7500307168225016,-0.1840908832661954,False,8.901625000000003,13.398749999999998,False,4.874835,0.575787858703854,-0.2702992042075139,False,3.960074999999998,5.612200000000002,False,0.36294935722372296,False,False,False,False,False,,9.4,False,24.638172,0.0077220288170708595,False,10.934217,0.003228593423631453,False,4.5685277,0.0008557479063669869,False,False,No issues detected.,
C_00889,LOT_022,False,24.6594,25.5351,26.7586,27.2994,9.6328,10.1102,10.5293,10.7372,4.6784,4.8314,4.6907,4.7948,27.478902499999997,10.531810651118793,-0.01704384041322748,False,19.420250000000003,31.68575,False,12.65111,7.7500307168225016,-0.2469551502351592,False,8.901625000000003,13.398749999999998,False,4.874835,0.575787858703854,-0.1390008469094243,False,3.960074999999998,5.612200000000002,False,0.3272011498113409,False,False,False,False,False,,10.7,False,26.371933,0.00581134016248915,False,10.521865,0.002858783965640593,False,4.83172,2.2213564978680445e-06,False,False,No issues detected.,
C_00890,LOT_022,False,24.5514,25.0824,25.2552,26.1098,10.6614,11.3079,11.6063,11.6464,4.5037,4.6643,4.7699,4.7208,27.478902499999997,10.531810651118793,-0.12999687758861836,False,19.420250000000003,31.68575,False,12.65111,7.7500307168225016,-0.12963948617895654,False,8.901625000000003,13.398749999999998,False,4.874835,0.575787858703854,-0.26752040299485624,False,3.960074999999998,5.612200000000002,False,0.36069524344573844,False,False,False,False,False,,9.2,False,25.97717,0.006213687112596301,False,11.631241,0.00224542253282335,False,4.7242556,0.00041635806825425964,False,False,No issues detected.,
C_00891,LOT_022,False,22.8072,23.922,23.9906,26.1377,10.3984,10.4475,10.5059,10.6956,4.4872,4.9454,4.7787,4.7256,27.478902499999997,10.531810651118793,-0.12734776045916874,False,19.420250000000003,31.68575,False,12.65111,7.7500307168225016,-0.2523228708958916,False,8.901625000000003,13.398749999999998,False,4.874835,0.575787858703854,-0.25918399935688174,False,3.960074999999998,5.612200000000002,False,0.36160627363523884,False,False,False,False,False,,9.1,False,24.382746,0.003199623213873965,False,10.885258,0.003039984173244902,False,4.9129786,-0.0002251482698652496,False,False,No issues detected.,
C_00892,LOT_022,False,23.4347,22.2773,23.6971,25.0163,11.9182,11.7391,12.0493,12.7926,5.2935,5.1854,5.3611,5.5029,27.478902499999997,10.531810651118793,-0.2338251779847935,False,19.420250000000003,31.68575,False,12.65111,7.7500307168225016,0.018256701833823396,False,8.901625000000003,13.398749999999998,False,4.874835,0.575787858703854,1.0907923647675144,False,3.960074999999998,5.612200000000002,False,0.24126653118482938,False,False,False,False,False,,22.0,False,24.20276,0.01337125483618842,False,12.472289,0.0050915908707512714,False,5.401457,0.001500394672817657,False,False,No issues detected.,
C_00893,LOT_022,False,23.5623,24.2641,24.383,25.6162,10.9395,11.1744,11.4726,11.8566,4.6386,4.8662,4.8427,4.8673,27.478902499999997,10.531810651118793,-0.17686441217988694,False,19.420250000000003,31.68575,False,12.65111,7.7500307168225016,-0.10251701303265887,False,8.901625000000003,13.398749999999998,False,4.874835,0.575787858703854,-0.01308641696086082,False,3.960074999999998,5.612200000000002,False,0.3497121415173448,False,False,False,False,False,,9.0,False,24.691967,0.0029712986840142205,False,11.458395,0.0019721875296698655,False,5.1085153,0.0016827448791927756,False,False,No issues detected.,
C_00894,LOT_022,False,21.9883,22.9192,23.8603,23.3466,10.8998,11.4608,10.9389,11.4097,4.3138,4.4908,4.3309,4.4336,27.478902499999997,10.531810651118793,-0.39236391888236466,False,19.420250000000003,31.68575,False,12.65111,7.7500307168225016,-0.16018130061153799,False,8.901625000000003,13.398749999999998,False,4.874835,0.575787858703854,-0.7663152206669593,False,3.960074999999998,5.612200000000002,False,0.2984253179207278,False,False,False,False,False,,16.5,False,23.620676,0.004871361393398709,False,11.936652,0.0033045290523105145,False,4.565149,0.0005163113223181822,False,False,No issues detected.,
C_00895,LOT_022,False,22.5111,24.2339,24.003,25.1179,9.9604,10.2392,10.4556,10.7021,4.5348,4.539,4.596,4.6132,27.478902499999997,10.531810651118793,-0.22417821381446779,False,19.420250000000003,31.68575,False,12.65111,7.7500307168225016,-0.25148416454265227,False,8.901625000000003,13.398749999999998,False,4.874835,0.575787858703854,-0.4543947845461036,False,3.960074999999998,5.612200000000002,False,0.36493487695760507,False,False,False,False,False,,10.5,False,24.603868,0.002569225586785221,False,10.711783,0.0032818292299906394,False,4.691371,0.0010581316947937032,False,False,No issues detected.,
C_00896,LOT_022,False,25.1409,26.4004,26.8136,27.9858,10.183,10.746,10.6534,11.5844,4.4925,4.6395,4.7468,4.6662,27.478902499999997,10.531810651118793,0.048130137997321173,False,19.420250000000003,31.68575,False,12.65111,7.7500307168225016,-0.1376394544713944,False,8.901625000000003,13.398749999999998,False,4.874835,0.575787858703854,-0.36234699437680873,False,3.960074999999998,5.612200000000002,False,0.33125717965610424,False,False,False,False,False,,11.5,False,27.259007,0.005962545140584302,False,11.089681,0.002386671331193709,False,4.7242556,0.0005885802904764814,False,False,No issues detected.,
C_00897,LOT_022,False,25.2026,26.2317,27.6427,28.1937,11.4177,12.0742,12.0372,12.5142,5.0892,5.3684,5.3096,5.2042,27.478902499999997,10.531810651118793,0.06787033338128523,False,19.420250000000003,31.68575,False,12.65111,7.7500307168225016,-0.017665736434155886,False,8.901625000000003,13.398749999999998,False,4.874835,0.575787858703854,0.5720249133794311,False,3.960074999999998,5.612200000000002,False,0.22263263765059638,False,False,False,False,False,,18.6,False,27.272497,0.007227758174472385,False,12.342702,0.0018645966105990982,False,5.376247,5.4492563671533954e-05,False,False,No issues detected.,
C_00898,LOT_022,True,21.9821,30.7996,45.9795,57.6739,9.7591,13.3053,18.4252,22.2809,4.8299,5.4041,6.4393,7.1609,27.478902499999997,10.531810651118793,2.8670281398187116,False,19.420250000000003,31.68575,True,12.65111,7.7500307168225016,1.2425486235941263,False,8.901625000000003,13.398749999999998,True,4.874835,0.575787858703854,3.9703251213843256,True,3.960074999999998,5.612200000000002,True,0.016453041381011113,False,True,True,True,True,"iddq_ua,leakage_ua,prop_delay_ns",57.3,True,56.325134,0.17726065470377603,True,21.83096,0.059205967500474715,True,7.06321,0.011521597295337256,True,True,"[Module B - Iddq (standby current)] The strongest driver was delta_24h_iddq_ua (8.818), which pushed the predicted 168h value up by 19.30uA relative to baseline. [Module B - leakage current] The strongest driver was delta_24h_leakage_ua (3.546), which pushed the predicted 168h value up by 7.60uA relative to baseline. [Module A - propagation delay] Flagged because 168h propagation delay is 4.0sigma from its lot's mean (7.16ns vs lot mean 4.87ns); and 168h propagation delay (7.16ns) falls outside the lot's normal IQR range [3.96, 5.61]ns. [Module B - propagation delay] The strongest driver was Value_24h_prop_delay_ns (5.404), which pushed the predicted 168h value up by 1.53ns relative to baseline. [Module A - Iddq (standby current)] Flagged because 168h Iddq (standby current) (57.67uA) falls outside the lot's normal IQR range [19.42, 31.69]uA. [Module A - leakage current] Flagged because 168h leakage current (22.28uA) falls outside the lot's normal IQR range [8.90, 13.40]uA.","Iddq (standby current), leakage current, propagation delay"
C_00899,LOT_022,False,21.7467,21.4852,21.2972,22.5225,10.4186,11.0949,10.7114,11.9716,4.4402,4.6126,4.5581,4.7794,27.478902499999997,10.531810651118793,-0.4706125721576164,False,19.420250000000003,31.68575,False,12.65111,7.7500307168225016,-0.08767836216765301,False,8.901625000000003,13.398749999999998,False,4.874835,0.575787858703854,-0.1657468085812581,False,3.960074999999998,5.612200000000002,False,0.3042934040064977,False,False,False,False,False,,13.7,False,22.505417,0.00708483937581381,False,11.392809,0.00206881190405951,False,4.7129188,0.000696658044391211,False,False,No issues detected.,
C_00900,LOT_022,False,21.4605,21.4063,21.4962,22.9618,10.7991,11.1597,11.3551,11.3309,4.5916,4.6765,4.6552,4.7071,27.478902499999997,10.531810651118793,-0.4289008461731265,False,19.420250000000003,31.68575,False,12.65111,7.7500307168225016,-0.17034900224773342,False,8.901625000000003,13.398749999999998,False,4.874835,0.575787858703854,-0.2913138883782401,False,3.960074999999998,5.612200000000002,False,0.3263567417776599,False,False,False,False,False,,12.3,False,22.505417,0.007632756042480458,False,11.516508,0.00247783404456244,False,4.7708254,0.0006550374031066903,False,False,No issues detected.,
C_00901,LOT_022,False,27.6444,26.0206,28.3419,27.8818,10.195,10.172,10.6051,10.268,4.4862,4.3926,4.5507,4.6996,27.478902499999997,10.531810651118793,0.03825529278360145,False,19.420250000000003,31.68575,False,12.65111,7.7500307168225016,-0.3074968457643829,False,8.901625000000003,13.398749999999998,False,4.874835,0.575787858703854,-0.3043395190625733,False,3.960074999999998,5.612200000000002,False,0.2654937564100923,False,False,False,False,False,,14.3,False,27.504948,0.010307969877454958,False,10.561962,0.0027080703311496267,False,4.589637,0.0013683111296759723,False,False,No issues detected.,
C_00902,LOT_022,False,24.5788,23.8739,24.9629,25.1387,10.1688,10.4455,10.9843,11.1191,4.8847,4.8727,4.8355,4.812,27.478902499999997,10.531810651118793,-0.22220324477172376,False,19.420250000000003,31.68575,False,12.65111,7.7500307168225016,-0.19767792618867464,False,8.901625000000003,13.398749999999998,False,4.874835,0.575787858703854,-0.10912873387335142,False,3.960074999999998,5.612200000000002,False,0.3661072107569676,False,False,False,False,False,,8.5,False,25.22581,0.009388257620069722,False,10.789993,0.002392314487033426,False,4.9814324,0.0007550863742828367,False,False,No issues detected.,
C_00903,LOT_022,False,23.8086,24.7593,26.8693,26.7148,9.9292,10.157,10.2854,10.6703,4.6251,4.4735,4.7221,4.5476,27.478902499999997,10.531810651118793,-0.07255186456650034,False,19.420250000000003,31.68575,False,12.65111,7.7500307168225016,-0.2555873740861931,False,8.901625000000003,13.398749999999998,False,4.874835,0.575787858703854,-0.5683256342650798,False,3.960074999999998,5.612200000000002,False,0.3390712251371636,False,False,False,False,False,,12.8,False,25.109638,0.0024329042646620033,False,10.574901,0.0029020876884460448,False,4.6244316,0.0010481361813015437,False,False,No issues detected.,
C_00904,LOT_022,False,24.1287,24.3777,25.6615,25.1018,10.7084,11.0851,11.4499,11.7621,4.9031,4.7019,4.8044,4.7901,27.478902499999997,10.531810651118793,-0.22570691581389915,False,19.420250000000003,31.68575,False,12.65111,7.7500307168225016,-0.1147105130912941,False,8.901625000000003,13.398749999999998,False,4.874835,0.575787858703854,-0.14716357547160808,False,3.960074999999998,5.612200000000002,False,0.36298193857470284,False,False,False,False,False,,8.7,False,25.470783,0.007590855789184565,False,11.483354,0.00276565010282728,False,4.813167,0.0007726881610022637,False,False,No issues detected.,
C_00905,LOT_022,False,23.2576,23.3088,23.7491,24.6998,10.7024,10.7974,11.1118,11.2067,4.2289,4.0283,4.0877,4.2703,27.478902499999997,10.531810651118793,-0.26387699058231484,False,19.420250000000003,31.68575,False,12.65111,7.7500307168225016,-0.18637474518193975,False,8.901625000000003,13.398749999999998,False,4.874835,0.575787858703854,-1.0499266194338632,False,3.960074999999998,5.612200000000002,False,0.28219674358711083,False,False,False,False,False,,19.6,False,24.348114,0.0072174584282769,False,11.268182,0.0032693180614047604,False,4.2351837,0.0014366924709743939,False,False,No issues detected.,
C_00906,LOT_022,False,23.0403,23.6553,23.9757,24.3658,10.4647,11.0199,10.9415,11.1143,5.2542,5.4062,5.2456,5.4592,27.478902499999997,10.531810651118793,-0.29559043578791383,False,19.420250000000003,31.68575,False,12.65111,7.7500307168225016,-0.19829727857260523,False,8.901625000000003,13.398749999999998,False,4.874835,0.575787858703854,1.0148963566467935,False,3.960074999999998,5.612200000000002,False,0.2875390043999895,False,False,False,False,False,,19.1,False,24.56186,0.006295549519856768,False,11.298989,0.0019381201108296725,False,5.4247375,0.00012873231569925862,False,False,No issues detected.,
C_00907,LOT_022,False,25.8462,26.4785,25.5265,27.2146,11.0755,11.3989,11.4092,11.5754,4.6773,4.6754,4.6408,4.5827,27.478902499999997,10.531810651118793,-0.025095637279798518,False,19.420250000000003,31.68575,False,12.65111,7.7500307168225016,-0.13880074019126445,False,8.901625000000003,13.398749999999998,False,4.874835,0.575787858703854,-0.5073656826623959,False,3.960074999999998,5.612200000000002,False,0.3126964998435248,False,False,False,False,False,,13.6,False,27.335913,0.005954254892137313,False,11.88587,0.0033817359712388826,False,4.775251,0.0006934091091156022,False,False,No issues detected.,
C_00908,LOT_022,False,21.9257,21.863,23.9472,22.7014,11.6405,11.2522,11.4678,11.1834,4.7566,4.6503,4.7545,4.9476,27.478902499999997,10.531810651118793,-0.4536259393813241,False,19.420250000000003,31.68575,False,12.65111,7.7500307168225016,-0.18938118487893646,False,8.901625000000003,13.398749999999998,False,4.874835,0.575787858703854,0.12637466889941104,False,3.960074999999998,5.612200000000002,False,0.2972931130588894,False,False,False,False,False,,13.9,False,22.797453,0.006489256434970435,False,11.727244,0.003298919285668266,False,4.858071,0.0014428531275855194,False,False,No issues detected.,
C_00909,LOT_022,False,22.4525,22.6195,22.7327,23.6688,9.7238,9.9211,10.2781,9.9621,4.7485,4.6188,4.6433,4.8364,27.478902499999997,10.531810651118793,-0.3617708888067836,False,19.420250000000003,31.68575,False,12.65111,7.7500307168225016,-0.3469676570652986,False,8.901625000000003,13.398749999999998,False,4.874835,0.575787858703854,-0.06675201538031757,False,3.960074999999998,5.612200000000002,False,0.30210917274517957,False,False,False,False,False,,12.9,False,23.655258,0.007192765129937075,False,10.290938,0.0025683220651414717,False,4.7783585,0.0011080448574490001,False,False,No issues detected.,
C_00910,LOT_022,False,21.447,22.8982,22.7986,23.5608,9.9721,10.0658,10.5146,10.6862,4.3522,4.1294,4.2562,4.1639,27.478902499999997,10.531810651118793,-0.3720255357594923,False,19.420250000000003,31.68575,False,12.65111,7.7500307168225016,-0.2535357693144227,False,8.901625000000003,13.398749999999998,False,4.874835,0.575787858703854,-1.2347169000756173,False,3.960074999999998,5.612200000000002,False,0.27126782808943967,False,False,False,False,False,,21.7,False,23.676544,0.005405167982313374,False,10.597919,0.0036952740563286715,False,4.318881,0.0013158405197991236,False,False,No issues detected.,
C_00911,LOT_022,False,24.2866,24.2322,24.6142,24.7343,10.409,10.4159,11.1095,11.2757,4.6275,4.7476,4.6734,4.9052,27.478902499999997,10.531810651118793,-0.2606012005835328,False,19.420250000000003,31.68575,False,12.65111,7.7500307168225016,-0.17747155466293613,False,8.901625000000003,13.398749999999998,False,4.874835,0.575787858703854,0.05273643676397394,False,3.960074999999998,5.612200000000002,False,0.3735338067330518,False,False,False,False,False,,8.5,False,24.999126,0.005325878016153979,False,10.934217,0.0035994267569647853,False,4.7839427,0.00025237985716925545,False,False,No issues detected.,
C_00912,LOT_022,True,26.2999,41.1116,64.6412,83.1859,11.6518,24.4799,44.1595,59.0066,5.0803,5.4686,6.3616,6.6779,27.478902499999997,10.531810651118793,5.289403631091892,True,19.420250000000003,31.68575,True,12.65111,7.7500307168225016,5.981329841619734,True,8.901625000000003,13.398749999999998,True,4.874835,0.575787858703854,3.131474505313204,True,3.960074999999998,5.612200000000002,True,-0.058333510350857765,True,True,True,True,True,"iddq_ua,leakage_ua,prop_delay_ns",77.8,True,82.52512,0.2875939138624403,True,58.931824,0.23924947035047742,True,6.6038013,0.0078833420170678,True,True,"[Module B - leakage current] The strongest driver was delta_24h_leakage_ua (12.828), which pushed the predicted 168h value up by 31.50uA relative to baseline. [Module B - Iddq (standby current)] The strongest driver was delta_24h_iddq_ua (14.812), which pushed the predicted 168h value up by 30.72uA relative to baseline. [Module A - leakage current] Flagged because 168h leakage current is 6.0sigma from its lot's mean (59.01uA vs lot mean 12.65uA); and 168h leakage current (59.01uA) falls outside the lot's normal IQR range [8.90, 13.40]uA. [Module A - Iddq (standby current)] Flagged because 168h Iddq (standby current) is 5.3sigma from its lot's mean (83.19uA vs lot mean 27.48uA); and 168h Iddq (standby current) (83.19uA) falls outside the lot's normal IQR range [19.42, 31.69]uA. [Module A - propagation delay] Flagged because 168h propagation delay is 3.1sigma from its lot's mean (6.68ns vs lot mean 4.87ns); and 168h propagation delay (6.68ns) falls outside the lot's normal IQR range [3.96, 5.61]ns. [Module B - propagation delay] The strongest driver was Value_24h_prop_delay_ns (5.469), which pushed the predicted 168h value up by 1.53ns relative to baseline.","Iddq (standby current), leakage current, propagation delay"
C_00913,LOT_022,False,25.5542,26.0987,27.9849,28.5941,10.3464,11.2665,11.161,11.2216,5.0409,5.0563,4.9587,5.0777,27.478902499999997,10.531810651118793,0.10588848745410524,False,19.420250000000003,31.68575,False,12.65111,7.7500307168225016,-0.1844521721568215,False,8.901625000000003,13.398749999999998,False,4.874835,0.575787858703854,0.3523259425036609,False,3.960074999999998,5.612200000000002,False,0.28728995744924174,False,False,False,False,False,,13.6,False,26.983377,0.006143593449062765,False,11.83569,0.003952705171373151,False,5.1597285,0.0007182536602020247,False,False,No issues detected.,
C_00914,LOT_022,False,24.9377,26.9013,26.8646,26.9958,10.3347,10.3761,10.4597,10.4512,4.4045,4.5017,4.5585,4.8398,27.478902499999997,10.531810651118793,-0.04587079240250846,False,19.420250000000003,31.68575,False,12.65111,7.7500307168225016,-0.2838582297776954,False,8.901625000000003,13.398749999999998,False,4.874835,0.575787858703854,-0.060847062803419276,False,3.960074999999998,5.612200000000002,False,0.32280814141747116,False,False,False,False,False,,11.2,False,27.567215,0.004624409484863288,False,10.731603,0.0024687685330708874,False,4.6297855,0.0008894829008314373,False,False,No issues detected.,
C_00915,LOT_022,False,24.2834,23.9497,25.4715,26.8523,11.0476,11.2371,12.1789,12.7431,4.56,4.5358,4.6463,4.7014,27.478902499999997,10.531810651118793,-0.059496179788746315,False,19.420250000000003,31.68575,False,12.65111,7.7500307168225016,0.011869630374538262,False,8.901625000000003,13.398749999999998,False,4.874835,0.575787858703854,-0.3012133676983342,False,3.960074999999998,5.612200000000002,False,0.3208654029844799,False,False,False,False,False,,11.5,False,25.031218,0.007510538715786404,False,11.701144,0.0032225292947557246,False,4.7363024,0.0013923776096767845,False,False,No issues detected.,
C_00916,LOT_022,False,24.4977,24.3412,25.68,26.6493,10.2581,10.3033,10.3677,10.8471,4.8974,4.8838,5.0502,5.0993,27.478902499999997,10.531810651118793,-0.07877111804244866,False,19.420250000000003,31.68575,False,12.65111,7.7500307168225016,-0.23277456127807977,False,8.901625000000003,13.398749999999998,False,4.874835,0.575787858703854,0.38983975887454386,False,3.960074999999998,5.612200000000002,False,0.33910674597516616,False,False,False,False,False,,11.3,False,25.546251,0.008368411784701872,False,10.731603,0.002974324088626437,False,5.009448,0.0008725559128655333,False,False,No issues detected.,
C_00917,LOT_022,False,21.8912,21.9648,23.1159,23.2559,10.906,10.6717,11.2327,10.9862,5.0543,4.8173,4.8989,4.7527,27.478902499999997,10.531810651118793,-0.4009759233139448,False,19.420250000000003,31.68575,False,12.65111,7.7500307168225016,-0.21482624531875522,False,8.901625000000003,13.398749999999998,False,4.874835,0.575787858703854,-0.21211805381748772,False,3.960074999999998,5.612200000000002,False,0.3268187922769092,False,False,False,False,False,,12.0,False,23.026608,0.007373663287692598,False,11.284804,0.0042576690567864344,False,4.9302897,0.0007846510092417374,False,False,No issues detected.,
C_00918,LOT_022,False,21.6215,22.5137,23.1476,23.8558,10.9544,10.7163,11.4331,11.0989,5.056,5.127,5.0453,5.0463,27.478902499999997,10.531810651118793,-0.3440151575090382,False,19.420250000000003,31.68575,False,12.65111,7.7500307168225016,-0.20028436747104947,False,8.901625000000003,13.398749999999998,False,4.874835,0.575787858703854,0.2977919687052475,False,3.960074999999998,5.612200000000002,False,0.3048755495586898,False,False,False,False,False,,12.6,False,23.25517,0.005149102931552463,False,11.284804,0.003947946834564207,False,5.1759233,0.00033974546856350524,False,False,No issues detected.,
C_00919,LOT_022,False,23.1552,23.7261,24.4866,24.7061,9.8492,9.74,10.0496,9.7826,4.7241,4.6985,4.9737,4.9626,27.478902499999997,10.531810651118793,-0.2632788028434069,False,19.420250000000003,31.68575,False,12.65111,7.7500307168225016,-0.37012885558937275,False,8.901625000000003,13.398749999999998,False,4.874835,0.575787858703854,0.15242593026807888,False,3.960074999999998,5.612200000000002,False,0.29880369377382415,False,False,False,False,False,,13.1,False,24.536205,0.005625731192694778,False,10.225864,0.0033740584055582667,False,4.8245697,0.0008754840426974818,False,False,No issues detected.,
C_00920,LOT_022,False,23.1949,23.2388,24.7727,24.4465,9.7956,10.3007,10.9492,10.9835,4.5682,4.6715,4.7491,4.7926,27.478902499999997,10.531810651118793,-0.28792793570380654,False,19.420250000000003,31.68575,False,12.65111,7.7500307168225016,-0.21517463103471632,False,8.901625000000003,13.398749999999998,False,4.874835,0.575787858703854,-0.14282169857682936,False,3.960074999999998,5.612200000000002,False,0.3680590998969613,False,False,False,False,False,,9.0,False,24.255308,0.007059084383646639,False,10.7298155,0.0029799686325920893,False,4.7836967,0.0007791434129079184,False,False,No issues detected.,
C_00921,LOT_023,False,24.5412,23.7218,23.553,24.9287,8.7067,8.7165,8.7362,8.6354,3.8151,3.8475,3.8085,3.8827,28.5253625,11.672657891133,-0.308127123534749,False,19.694649999999996,32.3629,False,9.179314999999999,4.152747539762079,-0.13097714098728008,False,6.8392,9.855825,False,4.322185,0.42238494324733145,-1.0404845320034426,False,3.3267750000000005,5.189024999999999,False,0.23357940320923265,False,False,False,False,False,,22.0,False,25.22581,0.010444507620069703,False,8.899608,0.0012715809610154899,False,3.9544694,0.0007428433497746775,False,False,No issues detected.,
C_00922,LOT_023,False,24.0483,24.2982,25.1369,24.6877,8.0064,7.8597,8.3099,8.2815,4.3712,4.4063,4.4989,4.4086,28.5253625,11.672657891133,-0.3287736637013269,False,19.694649999999996,32.3629,False,9.179314999999999,4.152747539762079,-0.21619782840240695,False,6.8392,9.855825,False,4.322185,0.42238494324733145,0.20458825860513352,False,3.3267750000000005,5.189024999999999,False,0.347788621889714,False,False,False,False,False,,10.4,False,25.04846,0.0052101389355129575,False,8.147606,0.0019993464999728725,False,4.4973617,0.000632372638914321,False,False,No issues detected.,
C_00923,LOT_023,False,25.0826,25.8458,26.2236,26.3459,7.6726,7.9122,7.9066,8.1475,4.1228,3.9932,4.2554,4.2408,28.5253625,11.672657891133,-0.18671518692033315,False,19.694649999999996,32.3629,False,9.179314999999999,4.152747539762079,-0.24846562188538754,False,6.8392,9.855825,False,4.322185,0.42238494324733145,-0.19267969017622935,False,3.3267750000000005,5.189024999999999,False,0.3605085302790007,False,False,False,False,False,,9.0,False,26.762857,0.006368454424540198,False,8.148975,0.0016442734188503666,False,4.1708593,0.0012337453948126909,False,False,No issues detected.,
C_00924,LOT_023,False,22.6874,23.7037,24.2632,24.5632,7.3191,7.4432,7.5696,7.7035,4.2115,4.2133,4.4033,4.5135,28.5253625,11.672657891133,-0.33943961494920644,False,19.694649999999996,32.3629,False,9.179314999999999,4.152747539762079,-0.3553827883513843,False,6.8392,9.855825,False,4.322185,0.42238494324733145,0.4529399143093346,False,3.3267750000000005,5.189024999999999,False,0.2930629449930444,False,False,False,False,False,,14.1,False,24.371922,0.004640427356296106,False,7.6841598,0.001673331636852688,False,4.3288803,0.0008026410420735659,False,False,No issues detected.,
C_00925,LOT_023,False,26.6423,27.4061,28.238,29.0979,7.1844,7.1418,7.4228,7.6014,4.5081,4.4233,4.4373,4.4073,28.5253625,11.672657891133,0.04904945431793395,False,19.694649999999996,32.3629,False,9.179314999999999,4.152747539762079,-0.379968920549984,False,6.8392,9.855825,False,4.322185,0.42238494324733145,0.2015104973809641,False,3.3267750000000005,5.189024999999999,False,0.21314491027310345,False,False,False,False,False,,17.5,False,27.94419,0.003736729664272742,False,7.592185,0.003127673753102621,False,4.5279794,0.0007269400967491982,False,False,No issues detected.,
C_00926,LOT_023,False,23.5696,24.5718,25.9005,26.0447,7.9113,7.8986,7.9381,7.9917,4.0356,3.9968,4.2667,4.2356,28.5253625,11.672657891133,-0.21251907861399827,False,19.694649999999996,32.3629,False,9.179314999999999,4.152747539762079,-0.2859829519200776,False,6.8392,9.855825,False,4.322185,0.42238494324733145,-0.2049907350729112,False,3.3267750000000005,5.189024999999999,False,0.36389799222084407,False,False,False,False,False,,9.2,False,25.076181,0.003502648692660864,False,8.113996,0.0014958024448818625,False,4.1408057,0.0010000397311316603,False,False,No issues detected.,
C_00927,LOT_023,False,24.0577,25.2772,26.5067,27.7095,7.9608,8.0675,8.7429,8.6512,4.1244,3.9444,4.0617,3.9745,28.5253625,11.672657891133,-0.06989517791143027,False,19.694649999999996,32.3629,False,9.179314999999999,4.152747539762079,-0.12717243100943637,False,6.8392,9.855825,False,4.322185,0.42238494324733145,-0.8231472394043413,False,3.3267750000000005,5.189024999999999,False,0.32530130091854376,False,False,False,False,False,,15.6,False,26.227497,0.006599285422431094,False,8.585949,0.0036003398895263616,False,4.1167555,0.0011969130939907505,False,False,No issues detected.,
C_00928,LOT_023,False,24.6849,24.8173,24.4783,25.2875,8.2035,8.361,8.3146,8.5019,4.168,4.3509,4.2641,4.4979,28.5253625,11.672657891133,-0.27738862307098056,False,19.694649999999996,32.3629,False,9.179314999999999,4.152747539762079,-0.16312453225577267,False,6.8392,9.855825,False,4.322185,0.42238494324733145,0.4160067796192911,False,3.3267750000000005,5.189024999999999,False,0.3333506766410269,False,False,False,False,False,,11.8,False,25.760672,0.006551191775004073,False,8.585949,0.0015621454450819182,False,4.357168,4.352915022108143e-05,False,False,No issues detected.,
C_00929,LOT_023,False,25.2679,25.7268,26.2216,27.6845,7.2909,7.5577,7.6365,7.8049,4.4813,4.2772,4.5572,4.6271,28.5253625,11.672657891133,-0.0720369351901208,False,19.694649999999996,32.3629,False,9.179314999999999,4.152747539762079,-0.33096521925306893,False,6.8392,9.855825,False,4.322185,0.42238494324733145,0.7218888951291392,False,3.3267750000000005,5.189024999999999,False,0.29179930503607426,False,False,False,False,False,,16.4,False,26.92804,0.008341941324869786,False,7.808452,0.0017413342316945418,False,4.432341,0.0010773687415652827,False,False,No issues detected.,
C_00930,LOT_023,False,25.3334,26.4002,28.0023,27.6827,8.3034,8.088,8.2151,8.6578,3.8993,3.7683,3.7192,4.0182,28.5253625,11.672657891133,-0.07219114171418647,False,19.694649999999996,32.3629,False,9.179314999999999,4.152747539762079,-0.12558312177818493,False,6.8392,9.855825,False,4.322185,0.42238494324733145,-0.7196871120995397,False,3.3267750000000005,5.189024999999999,False,0.278712423953379,False,False,False,False,False,,17.1,False,27.258171,0.005958132510715049,False,8.626443,0.003739186869727246,False,3.9252474,0.0010899127138985529,False,False,No issues detected.,
C_00931,LOT_023,False,22.9211,23.4606,24.3355,23.6044,7.6383,7.6823,7.7568,7.4547,4.0767,4.1596,4.1698,4.2607,28.5253625,11.672657891133,-0.4215802901015504,False,19.694649999999996,32.3629,False,9.179314999999999,4.152747539762079,-0.41529493028097886,False,6.8392,9.855825,False,4.322185,0.42238494324733145,-0.1455662683600848,False,3.3267750000000005,5.189024999999999,False,0.32297699374243244,False,False,False,False,False,,12.4,False,24.456194,0.006913846694098582,False,7.735687,0.00037074152098761883,False,4.187035,0.00019052141507466504,False,False,No issues detected.,
C_00932,LOT_023,False,22.7342,24.7474,24.0818,24.2758,7.7414,7.6449,7.9972,8.1847,3.9277,3.7426,3.7535,3.9387,28.5253625,11.672657891133,-0.364061256625034,False,19.694649999999996,32.3629,False,9.179314999999999,4.152747539762079,-0.239507697127426,False,6.8392,9.855825,False,4.322185,0.42238494324733145,-0.9079040485007229,False,3.3267750000000005,5.189024999999999,False,0.292658257469291,False,False,False,False,False,,17.9,False,25.173626,0.0029599024030897425,False,8.085351,0.0030586874326070162,False,3.9155252,0.0012008694304360289,False,False,No issues detected.,
C_00933,LOT_023,True,22.6956,35.0725,56.4916,73.5937,7.7607,11.819,18.2188,23.1839,3.9888,4.5279,5.0449,5.5777,28.5253625,11.672657891133,3.8610175951644776,True,19.694649999999996,32.3629,True,9.179314999999999,4.152747539762079,3.3723660939914395,True,6.8392,9.855825,True,4.322185,0.42238494324733145,2.9724426025878046,False,3.3267750000000005,5.189024999999999,True,0.010568944939807978,False,True,True,True,True,"iddq_ua,leakage_ua,prop_delay_ns",56.6,True,72.98878,0.2633074802822537,True,22.996479,0.0776213821834988,True,5.5763135,0.007280649275249906,True,True,"[Module B - Iddq (standby current)] The strongest driver was delta_24h_iddq_ua (12.377), which pushed the predicted 168h value up by 26.07uA relative to baseline. [Module B - leakage current] The strongest driver was delta_24h_leakage_ua (4.058), which pushed the predicted 168h value up by 7.61uA relative to baseline. [Module A - Iddq (standby current)] Flagged because 168h Iddq (standby current) is 3.9sigma from its lot's mean (73.59uA vs lot mean 28.53uA); and 168h Iddq (standby current) (73.59uA) falls outside the lot's normal IQR range [19.69, 32.36]uA. [Module A - leakage current] Flagged because 168h leakage current is 3.4sigma from its lot's mean (23.18uA vs lot mean 9.18uA); and 168h leakage current (23.18uA) falls outside the lot's normal IQR range [6.84, 9.86]uA. [Module B - propagation delay] The strongest driver was delta_24h_prop_delay_ns (0.539), which pushed the predicted 168h value up by 0.48ns relative to baseline. [Module A - propagation delay] Flagged because 168h propagation delay (5.58ns) falls outside the lot's normal IQR range [3.33, 5.19]ns.","Iddq (standby current), leakage current, propagation delay"
C_00934,LOT_023,False,22.5234,22.8585,24.5363,24.7883,8.2269,8.2491,8.3996,8.1285,4.4373,4.3567,4.3674,4.3728,28.5253625,11.672657891133,-0.3201552324118757,False,19.694649999999996,32.3629,False,9.179314999999999,4.152747539762079,-0.2530409060359595,False,6.8392,9.855825,False,4.322185,0.42238494324733145,0.1198314495087519,False,3.3267750000000005,5.189024999999999,False,0.3119890293209223,False,False,False,False,False,,12.1,False,23.955812,0.00762022537655301,False,8.585949,0.0023392287784152537,False,4.4206877,0.0004443588574727375,False,False,No issues detected.,
C_00935,LOT_023,False,24.7075,24.4594,25.0409,25.3089,8.1693,8.317,8.4259,8.487,3.9343,3.8346,4.0509,4.0488,28.5253625,11.672657891133,-0.27555527884042136,False,19.694649999999996,32.3629,False,9.179314999999999,4.152747539762079,-0.16671251824753675,False,6.8392,9.855825,False,4.322185,0.42238494324733145,-0.64724134789984,False,3.3267750000000005,5.189024999999999,False,0.327352978997707,False,False,False,False,False,,14.0,False,25.649567,0.008265046183268239,False,8.585949,0.001867701000637477,False,3.9637773,0.0008970646089977688,False,False,No issues detected.,
C_00936,LOT_023,False,26.3432,26.0703,26.2106,26.6509,8.4791,8.2465,8.3466,8.5581,4.2175,4.2377,4.3102,4.4262,28.5253625,11.672657891133,-0.16058574812030718,False,19.694649999999996,32.3629,False,9.179314999999999,4.152747539762079,-0.14959132334723876,False,6.8392,9.855825,False,4.322185,0.42238494324733145,0.24625641056313072,False,3.3267750000000005,5.189024999999999,False,0.3147262937696795,False,False,False,False,False,,11.3,False,27.1235,0.00731389461093479,False,8.675136,0.0029766361978319006,False,4.3336086,0.0006660321341620534,False,False,No issues detected.,
C_00937,LOT_023,False,25.3337,25.5218,26.4089,27.8929,7.3564,7.551,7.3925,7.6431,4.065,4.0301,4.1214,4.2398,28.5253625,11.672657891133,-0.05418324651495542,False,19.694649999999996,32.3629,False,9.179314999999999,4.152747539762079,-0.3699273758616236,False,6.8392,9.855825,False,4.322185,0.42238494324733145,-0.19504719881020727,False,3.3267750000000005,5.189024999999999,False,0.30664070418319667,False,False,False,False,False,,12.8,False,26.782934,0.008757876311408156,False,7.762962,0.0014719573921627457,False,4.161729,0.000914089298248291,False,False,No issues detected.,
C_00938,LOT_023,False,26.6753,25.9855,26.9241,26.9856,7.9254,7.8253,8.2498,8.1317,4.3444,4.4684,4.4919,4.5929,28.5253625,11.672657891133,-0.13191190167319658,False,19.694649999999996,32.3629,False,9.179314999999999,4.152747539762079,-0.25227033186323167,False,6.8392,9.855825,False,4.322185,0.42238494324733145,0.6409200998471206,False,3.3267750000000005,5.189024999999999,False,0.32127561268315374,False,False,False,False,False,,14.3,False,27.021183,0.007192243152194565,False,8.154785,0.0022880913628472196,False,4.485494,0.00011870928340488061,False,False,No issues detected.,
C_00939,LOT_023,False,23.7103,24.146,24.0285,24.7867,7.8858,8.0811,7.9906,8.2976,3.947,4.0222,4.0565,4.1772,28.5253625,11.672657891133,-0.3202923048777119,False,19.694649999999996,32.3629,False,9.179314999999999,4.152747539762079,-0.21232087709586972,False,6.8392,9.855825,False,4.322185,0.42238494324733145,-0.3432532392971755,False,3.3267750000000005,5.189024999999999,False,0.3495289266808929,False,False,False,False,False,,10.4,False,24.700989,0.0038540886773003416,False,8.585949,0.0035058954450819277,False,4.064038,0.0002905402766333702,False,False,No issues detected.,
C_00940,LOT_023,False,22.8581,23.3891,22.4607,24.1318,7.6765,7.9663,7.8654,8.1635,4.3087,4.2734,4.3713,4.348,28.5253625,11.672657891133,-0.3763977785502924,False,19.694649999999996,32.3629,False,9.179314999999999,4.152747539762079,-0.24461275102174804,False,6.8392,9.855825,False,4.322185,0.42238494324733145,0.061117235386119066,False,3.3267750000000005,5.189024999999999,False,0.32374200954130744,False,False,False,False,False,,11.9,False,24.354279,0.006702628919813374,False,8.148975,0.0012685789744059219,False,4.3516426,0.0005433514489067951,False,False,No issues detected.,
C_00941,LOT_023,False,25.3556,26.872,27.9583,29.1313,8.6072,8.4937,8.5063,8.9427,4.475,4.4602,4.6383,4.6707,28.5253625,11.672657891133,0.05191084204226469,False,19.694649999999996,32.3629,False,9.179314999999999,4.152747539762079,-0.0569779399625037,False,6.8392,9.855825,False,4.322185,0.42238494324733145,0.8251122715705416,False,3.3267750000000005,5.189024999999999,False,0.24510941128418146,False,False,False,False,False,,19.6,False,27.646341,0.005377370304531522,False,8.83837,0.0023935439109802215,False,4.562794,0.0007124597814347982,False,False,No issues detected.,
C_00942,LOT_023,False,24.1351,23.7175,25.2491,25.7497,7.3901,7.6354,7.7375,8.1764,4.0286,3.9944,4.0175,4.086,28.5253625,11.672657891133,-0.23779181450254783,False,19.694649999999996,32.3629,False,9.179314999999999,4.152747539762079,-0.24150637388793905,False,6.8392,9.855825,False,4.322185,0.42238494324733145,-0.5591700267158897,False,3.3267750000000005,5.189024999999999,False,0.32962089190133453,False,False,False,False,False,,13.2,False,25.031218,0.009123038715786395,False,7.808452,0.0012017508983612078,False,4.1408057,0.0010167063977983251,False,False,No issues detected.,
C_00943,LOT_023,False,23.6179,24.1485,25.1409,26.5174,7.9867,7.9266,8.1374,8.2015,4.2086,4.3614,4.3393,4.3238,28.5253625,11.672657891133,-0.17202273198851542,False,19.694649999999996,32.3629,False,9.179314999999999,4.152747539762079,-0.23546218272060454,False,6.8392,9.855825,False,4.322185,0.42238494324733145,0.0038235264438734166,False,3.3267750000000005,5.189024999999999,False,0.36257664435260706,False,False,False,False,False,,8.8,False,24.691967,0.0037740764617920025,False,8.113996,0.001301358000437421,False,4.3906026,0.00020279575453864397,False,False,No issues detected.,
C_00944,LOT_023,True,25.7072,40.0874,64.0443,82.6594,8.603,14.6699,23.3033,30.0352,4.2722,4.6718,5.4641,6.0321,28.5253625,11.672657891133,4.637678753621513,True,19.694649999999996,32.3629,True,9.179314999999999,4.152747539762079,5.022189478244778,True,6.8392,9.855825,True,4.322185,0.42238494324733145,4.048238525867014,True,3.3267750000000005,5.189024999999999,True,-0.03747171387750092,True,True,True,True,True,"iddq_ua,leakage_ua,prop_delay_ns",68.7,True,83.2224,0.29954858924018013,True,30.09758,0.10713666636149088,True,5.833441,0.008066949865553112,True,True,"[Module B - Iddq (standby current)] The strongest driver was delta_24h_iddq_ua (14.380), which pushed the predicted 168h value up by 31.11uA relative to baseline. [Module B - leakage current] The strongest driver was delta_24h_leakage_ua (6.067), which pushed the predicted 168h value up by 13.02uA relative to baseline. [Module A - leakage current] Flagged because 168h leakage current is 5.0sigma from its lot's mean (30.04uA vs lot mean 9.18uA); and 168h leakage current (30.04uA) falls outside the lot's normal IQR range [6.84, 9.86]uA. [Module A - Iddq (standby current)] Flagged because 168h Iddq (standby current) is 4.6sigma from its lot's mean (82.66uA vs lot mean 28.53uA); and 168h Iddq (standby current) (82.66uA) falls outside the lot's normal IQR range [19.69, 32.36]uA. [Module A - propagation delay] Flagged because 168h propagation delay is 4.0sigma from its lot's mean (6.03ns vs lot mean 4.32ns); and 168h propagation delay (6.03ns) falls outside the lot's normal IQR range [3.33, 5.19]ns. [Module B - propagation delay] The strongest driver was Value_24h_prop_delay_ns (4.672), which pushed the predicted 168h value up by 0.43ns relative to baseline.","Iddq (standby current), leakage current, propagation delay"
C_00945,LOT_023,False,25.4538,26.4299,27.5076,27.05,7.9173,7.8101,8.1845,8.1501,4.5855,4.616,4.616,4.6989,28.5253625,11.672657891133,-0.12639473492328954,False,19.694649999999996,32.3629,False,9.179314999999999,4.152747539762079,-0.2478395303700463,False,6.8392,9.855825,False,4.322185,0.42238494324733145,0.8918760150486967,False,3.3267750000000005,5.189024999999999,False,0.28007341110885897,False,False,False,False,False,,18.4,False,27.118134,0.004779399617513021,False,8.154785,0.002393646918402776,False,4.648319,0.00022443588574727613,False,False,No issues detected.,
C_00946,LOT_023,False,23.127,23.3977,23.6926,23.976,7.5109,7.3521,7.548,7.6411,3.9241,4.0305,4.019,4.1133,28.5253625,11.672657891133,-0.38974520991109246,False,19.694649999999996,32.3629,False,9.179314999999999,4.152747539762079,-0.3704089847195785,False,6.8392,9.855825,False,4.322185,0.42238494324733145,-0.4945370410083152,False,3.3267750000000005,5.189024999999999,False,0.2970640254681082,False,False,False,False,False,,14.3,False,24.42861,0.007159096166822643,False,7.7408,0.0026993048879835335,False,4.0413494,7.534313201904317e-05,False,False,No issues detected.,
C_00947,LOT_023,False,23.9532,24.6102,25.2672,25.5846,8.4613,8.4691,9.148,9.4664,4.2993,4.1803,4.4367,4.5336,28.5253625,11.672657891133,-0.2519359795710211,False,19.694649999999996,32.3629,False,9.179314999999999,4.152747539762079,0.06913133949299718,False,6.8392,9.855825,False,4.322185,0.42238494324733145,0.5005268378522756,False,3.3267750000000005,5.189024999999999,False,0.27869106513148517,False,False,False,False,False,,15.2,False,25.401598,0.005495819282531745,False,8.809539,0.002364158619774718,False,4.3692856,0.0013123998853895407,False,False,No issues detected.,
C_00948,LOT_023,False,25.3786,25.7253,27.2498,27.1047,7.9732,7.9078,8.1395,8.1414,4.3389,4.3655,4.4356,4.3642,28.5253625,11.672657891133,-0.12170856999751434,False,19.694649999999996,32.3629,False,9.179314999999999,4.152747539762079,-0.24993452890215012,False,6.8392,9.855825,False,4.322185,0.42238494324733145,0.09947087525654971,False,3.3267750000000005,5.189024999999999,False,0.3552162730491964,False,False,False,False,False,,9.3,False,26.916704,0.008273640124003088,False,8.113996,0.0014319135559929747,False,4.4239283,0.0004057518111334911,False,False,No issues detected.,
C_00949,LOT_023,False,22.385,22.3191,23.4418,23.7602,8.3821,8.9107,8.5975,8.6485,3.6094,3.6295,3.7691,3.8626,28.5253625,11.672657891133,-0.40823285874075005,False,19.694649999999996,32.3629,False,9.179314999999999,4.152747539762079,-0.1278226029676753,False,6.8392,9.855825,False,4.322185,0.42238494324733145,-1.0880714555463826,False,3.3267750000000005,5.189024999999999,False,0.18906516812280794,False,False,False,False,False,,24.6,False,23.595852,0.00886633262634278,False,9.047894,0.0009527328067355666,False,3.6815526,0.00036147672600216215,False,False,No issues detected.,
C_00950,LOT_023,False,24.1238,24.7231,26.1868,27.4387,7.2411,7.4335,7.8105,7.3498,4.3591,4.0751,4.2622,4.032,28.5253625,11.672657891133,-0.09309469275420724,False,19.694649999999996,32.3629,False,9.179314999999999,4.152747539762079,-0.44055531488071537,False,6.8392,9.855825,False,4.322185,0.42238494324733145,-0.6870154929506557,False,3.3267750000000005,5.189024999999999,False,0.2927195584409064,False,False,False,False,False,,16.1,False,25.5814,0.005960416094462085,False,7.568475,0.0009373247888353106,False,4.1954107,0.0008354911698235409,False,False,No issues detected.,
C_00951,LOT_023,False,22.8827,22.925,23.2897,23.9946,8.1572,8.086,8.7205,8.6993,4.1644,4.2095,4.2233,4.1291,28.5253625,11.672657891133,-0.3881517424957467,False,19.694649999999996,32.3629,False,9.179314999999999,4.152747539762079,-0.11558973797562012,False,6.8392,9.855825,False,4.322185,0.42238494324733145,-0.4571304045914753,False,3.3267750000000005,5.189024999999999,False,0.31379766539681125,False,False,False,False,False,,13.1,False,24.054216,0.00784178045060899,False,8.585949,0.003471867667304143,False,4.2288423,0.00013432123925950624,False,False,No issues detected.,
C_00952,LOT_023,False,26.4096,26.3097,27.3202,27.2479,8.2032,8.4129,8.0428,8.7107,3.6818,3.7061,3.7161,3.8071,28.5253625,11.672657891133,-0.10944058430517425,False,19.694649999999996,32.3629,False,9.179314999999999,4.152747539762079,-0.11284456748527695,False,6.8392,9.855825,False,4.322185,0.42238494324733145,-1.2194681847321134,False,3.3267750000000005,5.189024999999999,False,0.23552213836707803,False,False,False,False,False,,23.4,False,27.47639,0.008102019712660051,False,8.642944,0.00159753011067708,False,3.765375,0.00041163124243418257,False,False,No issues detected.,
C_00953,LOT_023,False,23.3373,25.1566,25.7,26.3675,7.8097,7.9268,8.104,8.0639,4.4791,4.1982,4.3705,4.2467,28.5253625,11.672657891133,-0.18486470863154447,False,19.694649999999996,32.3629,False,9.179314999999999,4.152747539762079,-0.2685968721479042,False,6.8392,9.855825,False,4.322185,0.42238494324733145,-0.17871138923576527,False,3.3267750000000005,5.189024999999999,False,0.34633760788985773,False,False,False,False,False,,9.9,False,25.789015,0.004391769557529019,False,8.113996,0.0012999691115485293,False,4.334429,0.0009460332446628152,False,False,No issues detected.,
C_00954,LOT_023,False,23.7673,25.0816,25.0357,24.814,7.775,7.6504,7.6914,8.1339,4.2441,4.2392,4.2045,4.2657,28.5253625,11.672657891133,-0.31795350592938165,False,19.694649999999996,32.3629,False,9.179314999999999,4.152747539762079,-0.2517405621194812,False,6.8392,9.855825,False,4.322185,0.42238494324733145,-0.13372872519019935,False,3.3267750000000005,5.189024999999999,False,0.3543502495030017,False,False,False,False,False,,9.9,False,25.306728,0.0015633914099799145,False,8.040875,0.002711634964413111,False,4.3288803,0.0006227799309624545,False,False,No issues detected.,
C_00955,LOT_023,False,26.9768,27.298,28.8501,27.9559,8.0529,8.1101,8.5418,8.5837,4.0613,4.1301,4.2308,4.3005,28.5253625,11.672657891133,-0.04878601817265508,False,19.694649999999996,32.3629,False,9.179314999999999,4.152747539762079,-0.14342672996541536,False,6.8392,9.855825,False,4.322185,0.42238494324733145,-0.05133942472779357,False,3.3267750000000005,5.189024999999999,False,0.28175645828832235,False,False,False,False,False,,12.1,False,28.096258,0.00554345946841771,False,8.585949,0.0033045065561930396,False,4.182542,0.0003641794946458628,False,False,No issues detected.,
C_00956,LOT_023,False,21.5389,21.3718,21.9991,22.7705,7.7561,7.8938,8.2241,8.3343,4.0947,4.0495,4.1548,4.1261,28.5253625,11.672657891133,-0.49302074588955586,False,19.694649999999996,32.3629,False,9.179314999999999,4.152747539762079,-0.20348335455239622,False,6.8392,9.855825,False,4.322185,0.42238494324733145,-0.46423293049340697,False,3.3267750000000005,5.189024999999999,False,0.25799426450002105,False,False,False,False,False,,16.2,False,22.505417,0.0078723393758138,False,8.120523,0.0015744684219360372,False,4.1713657,0.000846289846632215,False,False,No issues detected.,
C_00957,LOT_023,False,26.1073,25.6305,25.9263,25.8165,8.0177,8.0649,8.2682,8.7956,4.0334,3.9492,4.0903,4.0793,28.5253625,11.672657891133,-0.23206903905388634,False,19.694649999999996,32.3629,False,9.179314999999999,4.152747539762079,-0.0924002714650895,False,6.8392,9.855825,False,4.322185,0.42238494324733145,-0.5750323345635374,False,3.3267750000000005,5.189024999999999,False,0.33772077078313967,False,False,False,False,False,,12.9,False,26.736012,0.007677163230048276,False,8.585949,0.0036183954450819244,False,4.11002,0.001116806671354507,False,False,No issues detected.,
C_00958,LOT_023,False,22.2935,22.9636,23.9919,25.1633,7.2017,7.1463,7.4669,7.3905,3.8755,3.9398,3.8537,3.9379,28.5253625,11.672657891133,-0.2880288732315159,False,19.694649999999996,32.3629,False,9.179314999999999,4.152747539762079,-0.4307545746213323,False,6.8392,9.855825,False,4.322185,0.42238494324733145,-0.9097980554079044,False,3.3267750000000005,5.189024999999999,False,0.24235247515286373,False,False,False,False,False,,20.5,False,24.00359,0.007222150209214955,False,7.592185,0.00309642375310262,False,3.9886153,0.0003389949613147314,False,False,No issues detected.,
C_00959,LOT_023,False,24.2051,24.493,24.7474,24.6747,8.2707,8.5762,8.9193,9.5621,4.4482,4.4691,4.5369,4.5962,28.5253625,11.672657891133,-0.32988737748624586,False,19.694649999999996,32.3629,False,9.179314999999999,4.152747539762079,0.09217632334614081,False,6.8392,9.855825,False,4.322185,0.42238494324733145,0.6487328783392438,False,3.3267750000000005,5.189024999999999,False,0.2696764612920356,False,False,False,False,False,,16.9,False,25.504011,0.007020910792880598,False,8.923573,0.0024123093075222434,False,4.549261,0.0005566742579142248,False,False,No issues detected.,
C_00960,LOT_023,False,26.3594,26.2501,27.7147,27.1863,7.1463,7.5734,7.8357,7.9359,3.641,3.7407,3.8216,3.8926,28.5253625,11.672657891133,-0.1147178742398682,False,19.694649999999996,32.3629,False,9.179314999999999,4.152747539762079,-0.2994198390570203,False,6.8392,9.855825,False,4.322185,0.42238494324733145,-1.017046196527069,False,3.3267750000000005,5.189024999999999,False,0.23186207392490743,False,False,False,False,False,,21.9,False,27.47639,0.008515908601548938,False,7.6838527,0.0007670324484507218,False,3.7841737,0.0003019008821911288,False,False,No issues detected.,
C_00961,LOT_024,False,21.3205,23.1965,24.0574,24.7635,11.0166,11.0442,11.4035,11.4853,4.6518,4.7019,4.7257,4.7825,22.969862499999998,1.5960174569586225,1.1238207277619416,False,17.702424999999995,27.80505000000001,False,11.082967499999999,0.8256283190542578,0.48730462693051313,False,8.685174999999997,13.622175000000002,False,4.903025,0.3271249684753519,-0.3684371772712358,False,3.7910249999999994,5.974150000000001,False,0.15176669771075196,False,False,False,False,False,,26.8,False,23.651697,0.0031610913806491402,False,11.537846,0.0034280945248074002,False,4.7548327,0.0003675885041554756,False,False,No issues detected.,
C_00962,LOT_024,False,20.329,20.4684,21.4837,21.534,10.4248,10.6387,10.3682,10.8922,5.324,5.5436,5.4581,5.4453,22.969862499999998,1.5960174569586225,-0.8996533801930866,False,17.702424999999995,27.80505000000001,False,11.082967499999999,0.8256283190542578,-0.2310573603125904,False,8.685174999999997,13.622175000000002,False,4.903025,0.3271249684753519,1.6576998158453269,False,3.7910249999999994,5.974150000000001,False,0.07089631428915089,False,False,False,False,False,,35.3,False,21.192474,0.0050282942030164994,False,11.199652,0.003895498042636447,False,5.478438,-0.0004525145795610191,False,False,No issues detected.,
C_00963,LOT_024,False,21.4055,22.106,22.8343,23.0657,9.5563,9.9269,10.3676,10.6968,4.6834,4.6431,4.604,4.6645,22.969862499999998,1.5960174569586225,0.06004790209665384,False,17.702424999999995,27.80505000000001,False,11.082967499999999,0.8256283190542578,-0.4677255989018726,False,8.685174999999997,13.622175000000002,False,4.903025,0.3271249684753519,-0.7291555918574659,False,3.7910249999999994,5.974150000000001,False,0.14178196392486553,False,False,False,False,False,,24.0,False,22.631208,0.003647280693054188,False,10.329187,0.002793662452697755,False,4.7819414,0.0009641764852735762,False,False,No issues detected.,
C_00964,LOT_024,False,20.5234,20.0621,21.1069,20.669,10.3608,10.5515,11.4643,11.219,5.216,5.2812,5.2519,5.3315,22.969862499999998,1.5960174569586225,-1.4416274019862731,False,17.702424999999995,27.80505000000001,False,11.082967499999999,0.8256283190542578,0.16476239593601077,False,8.685174999999997,13.622175000000002,False,4.903025,0.3271249684753519,1.309820531269793,False,3.7910249999999994,5.974150000000001,False,0.09018844345955984,False,False,False,False,False,,32.5,False,20.830553,0.005336479547288676,False,10.972382,0.0029227888319227377,False,5.3050227,0.0001654355314042825,False,False,No issues detected.,
C_00965,LOT_024,False,21.8741,20.7836,21.667,22.3592,9.3046,9.6117,9.6854,9.5964,4.4544,4.4333,4.3504,4.6716,22.969862499999998,1.5960174569586225,-0.38261642899801207,False,17.702424999999995,27.80505000000001,False,11.082967499999999,0.8256283190542578,-1.8005287193913546,False,8.685174999999997,13.622175000000002,False,4.903025,0.3271249684753519,-0.7074513482679571,False,3.7910249999999994,5.974150000000001,False,0.06911617746641041,False,False,False,False,False,,36.5,False,21.992638,0.008396094682481555,False,10.101633,0.003402312999301481,False,4.617989,0.0012825629393259682,False,False,No issues detected.,
C_00966,LOT_024,False,21.7294,21.9223,21.7664,23.1073,11.5649,11.5233,11.9668,12.1676,4.5406,4.6645,4.674,4.6636,22.969862499999998,1.5960174569586225,0.08611277990774753,False,17.702424999999995,27.80505000000001,False,11.082967499999999,0.8256283190542578,1.3137055439697467,False,8.685174999999997,13.622175000000002,False,4.903025,0.3271249684753519,-0.7319068340026169,False,3.7910249999999994,5.974150000000001,False,0.10986008237163908,False,False,False,False,False,,30.5,False,22.617043,0.004824600982666016,False,12.029286,0.0035137943373786027,False,4.740262,0.000526125219133163,False,False,No issues detected.,
C_00967,LOT_024,False,24.4562,24.7453,24.745,24.968,10.8919,10.9397,10.954,11.621,4.3495,4.2045,4.3809,4.4906,22.969862499999998,1.5960174569586225,1.2519521583477295,False,17.702424999999995,27.80505000000001,False,11.082967499999999,0.8256283190542578,0.6516642992773166,False,8.685174999999997,13.622175000000002,False,4.903025,0.3271249684753519,-1.2607567130146349,False,3.7910249999999994,5.974150000000001,False,0.04295893253892924,False,False,False,False,False,,33.4,False,25.434141,0.004783619160122339,False,11.402136,0.003211360062493217,False,4.4108515,0.001432996379004582,False,False,No issues detected.,
C_00968,LOT_024,False,21.6301,23.2488,23.8202,23.8903,10.7253,10.4929,10.9554,11.2343,4.36,4.2733,4.2122,4.1351,22.969862499999998,1.5960174569586225,0.5767089175540671,False,17.702424999999995,27.80505000000001,False,11.082967499999999,0.8256283190542578,0.18329373703332894,False,8.685174999999997,13.622175000000002,False,4.903025,0.3271249684753519,-2.347497360348577,False,3.7910249999999994,5.974150000000001,False,0.04305061341619121,False,False,False,False,False,,42.4,False,23.42081,0.001194518746270079,False,11.074623,0.004039743804931637,False,4.322832,0.00034397296905517666,False,False,No issues detected.,
C_00969,LOT_024,False,19.5039,19.9066,21.3832,21.4069,10.6224,11.1031,11.393,11.0708,4.8967,4.99,4.8098,4.7793,22.969862499999998,1.5960174569586225,-0.9792891006207322,False,17.702424999999995,27.80505000000001,False,11.082967499999999,0.8256283190542578,-0.014737260967424426,False,8.685174999999997,13.622175000000002,False,4.903025,0.3271249684753519,-0.37821937156509866,False,3.7910249999999994,5.974150000000001,False,0.11780678719760213,False,False,False,False,False,,27.3,False,20.774366,0.006026155408223464,False,11.404123,0.0020904396269056567,False,4.986204,-2.63600879245349e-05,False,False,No issues detected.,
C_00970,LOT_024,False,21.5158,21.1527,22.4201,22.9973,11.0844,11.461,11.509,12.0213,4.9542,4.9576,4.9354,4.8738,22.969862499999998,1.5960174569586225,0.017191228003411912,False,17.702424999999995,27.80505000000001,False,11.082967499999999,0.8256283190542578,1.1365071647189187,False,8.685174999999997,13.622175000000002,False,4.903025,0.3271249684753519,-0.08933894632442987,False,3.7910249999999994,5.974150000000001,False,0.14873504100250673,False,False,False,False,False,,27.0,False,22.122269,0.006733115810818147,False,12.01498,0.003847085528903535,False,4.964096,4.511159261067549e-05,False,False,No issues detected.,
C_00971,LOT_024,False,21.4852,22.155,22.1592,22.1991,10.3893,10.4047,10.5683,10.9745,4.9978,5.0746,5.059,5.142,22.969862499999998,1.5960174569586225,-0.48292861499695916,False,17.702424999999995,27.80505000000001,False,11.082967499999999,0.8256283190542578,-0.13137570199172127,False,8.685174999999997,13.622175000000002,False,4.903025,0.3271249684753519,0.7305312129300401,False,3.7910249999999994,5.974150000000001,False,0.16015342347416994,False,False,False,False,False,,23.1,False,22.631208,0.0033070029152764135,False,10.846879,0.003070687537723117,False,5.147301,0.0005048694239722343,False,False,No issues detected.,
C_00972,LOT_024,False,20.609,21.5084,21.7507,21.1453,9.2592,9.6867,9.6707,9.7203,4.4579,4.7027,4.524,4.7168,22.969862499999998,1.5960174569586225,-1.1431970822404993,False,17.702424999999995,27.80505000000001,False,11.082967499999999,0.8256283190542578,-1.6504611924660113,False,8.685174999999997,13.622175000000002,False,4.903025,0.3271249684753519,-0.5692778538671283,False,3.7910249999999994,5.974150000000001,False,0.08740012313560097,False,False,False,False,False,,34.4,False,21.427498,-0.0005618203904893784,False,9.982366,0.0020532333903842495,False,4.7789807,0.000529727305306328,False,False,No issues detected.,
C_00973,LOT_024,False,20.9026,21.2799,21.8067,21.8655,11.9978,12.3335,12.4908,12.6934,4.5105,4.7995,4.7901,4.6584,22.969862499999998,1.5960174569586225,-0.6919488851359276,False,17.702424999999995,27.80505000000001,False,11.082967499999999,0.8256283190542578,1.950553854359941,False,8.685174999999997,13.622175000000002,False,4.903025,0.3271249684753519,-0.747802899730144,False,3.7910249999999994,5.974150000000001,False,0.030476212426948646,False,False,False,False,False,,39.7,False,21.654234,0.0025995411978827487,False,12.684093,0.002434676912095806,False,4.700952,-0.0006843607425689705,False,False,No issues detected.,
C_00974,LOT_024,False,23.1472,22.9368,23.9189,24.7586,9.7658,9.9416,10.0306,10.8639,4.6302,4.9896,4.8734,5.0225,22.969862499999998,1.5960174569586225,1.1207505859043854,False,17.702424999999995,27.80505000000001,False,11.082967499999999,0.8256283190542578,-0.2653342853488085,False,8.685174999999997,13.622175000000002,False,4.903025,0.3271249684753519,0.36522739476855837,False,3.7910249999999994,5.974150000000001,False,0.11282395071307905,False,False,False,False,False,,28.7,False,23.681227,0.005169630071851931,False,10.364272,0.002935223038991297,False,5.373419,0.0026654083887735986,False,False,No issues detected.,
C_00975,LOT_024,False,24.5693,24.8589,24.908,26.48,9.5886,9.5922,9.7195,10.0514,4.896,4.8259,4.9603,5.1967,22.969862499999998,1.5960174569586225,2.199310217250966,False,17.702424999999995,27.80505000000001,False,11.082967499999999,0.8256283190542578,-1.2494332815299278,False,8.685174999999997,13.622175000000002,False,4.903025,0.3271249684753519,0.8977455966407749,False,3.7910249999999994,5.974150000000001,False,0.0418640363031092,False,False,False,False,False,,41.2,False,25.477028,0.004292554812961165,False,10.015332,0.0029384182082282167,False,4.92193,0.0006668738630082882,False,False,No issues detected.,
C_00976,LOT_024,False,24.2883,24.2766,25.2178,25.4126,10.3489,10.894,11.1378,11.1139,4.7962,4.8671,4.8159,4.5968,22.969862499999998,1.5960174569586225,1.530520539953801,False,17.702424999999995,27.80505000000001,False,11.082967499999999,0.8256283190542578,0.037465405783843615,False,8.685174999999997,13.622175000000002,False,4.903025,0.3271249684753519,-0.9361101398870254,False,3.7910249999999994,5.974150000000001,False,0.10803239538312093,False,False,False,False,False,,32.4,False,24.662233,0.0026780093934801,False,11.170434,0.0019196805424160418,False,4.877331,7.104708353678552e-05,False,False,No issues detected.,
C_00977,LOT_024,False,21.2061,21.5651,22.2148,23.255,8.9515,9.3848,9.9163,9.8026,5.4349,5.4146,5.6032,5.5515,22.969862499999998,1.5960174569586225,0.17865562732838797,False,17.702424999999995,27.80505000000001,False,11.082967499999999,0.8256283190542578,-1.5507795341451422,False,8.685174999999997,13.622175000000002,False,4.903025,0.3271249684753519,1.9823463889729365,False,3.7910249999999994,5.974150000000001,False,0.016738523172059372,False,False,False,False,False,,40.7,False,22.31528,0.005209589682684997,False,9.750382,0.0025387668291727682,False,5.4854994,0.0004923568195766867,False,False,No issues detected.,
C_00978,LOT_024,False,20.5495,20.9966,20.5554,21.6033,10.7695,11.1195,12.1388,12.0871,4.3812,4.3135,4.5493,4.4861,22.969862499999998,1.5960174569586225,-0.8562328024933538,False,17.702424999999995,27.80505000000001,False,11.082967499999999,0.8256283190542578,1.216204043425032,False,8.685174999999997,13.622175000000002,False,4.903025,0.3271249684753519,-1.274512923740379,False,3.7910249999999994,5.974150000000001,False,0.049166586654069366,False,False,False,False,False,,33.2,False,21.457212,0.003198697556389697,False,11.551752,0.0030017506281534803,False,4.4259334,0.0007807872295379616,False,False,No issues detected.,
C_00979,LOT_024,False,21.3004,21.4876,22.2148,22.454,11.0777,10.5274,11.5285,11.4552,4.745,4.7366,4.8522,5.0573,22.969862499999998,1.5960174569586225,-0.3232185824477302,False,17.702424999999995,27.80505000000001,False,11.082967499999999,0.8256283190542578,0.4508475441181407,False,8.685174999999997,13.622175000000002,False,4.903025,0.3271249684753519,0.4716087577143276,False,3.7910249999999994,5.974150000000001,False,0.17106301545407487,False,False,False,False,False,,20.4,False,22.101372,0.004262303924560544,False,11.334795,0.005606909709506564,False,4.786347,0.00034546466933356294,False,False,No issues detected.,
C_00980,LOT_024,False,23.013,23.7455,23.4331,23.2282,10.8866,10.7483,11.3062,10.7432,4.8654,4.8826,4.6588,4.8342,22.969862499999998,1.5960174569586225,0.16186383104624197,False,17.702424999999995,27.80505000000001,False,11.082967499999999,0.8256283190542578,-0.41152597622765213,False,8.685174999999997,13.622175000000002,False,4.903025,0.3271249684753519,-0.21039360071099605,False,3.7910249999999994,5.974150000000001,False,0.1477658188434386,False,False,False,False,False,,21.0,False,24.10614,0.0025044453938802094,False,11.339614,0.004106346628401012,False,4.9596405,0.0005350034925672739,False,False,No issues detected.,
C_00981,LOT_024,False,21.2338,21.6716,21.8338,21.4997,9.9613,10.2659,10.2325,10.6721,4.4833,4.3769,4.747,4.6394,22.969862499999998,1.5960174569586225,-0.9211443731959831,False,17.702424999999995,27.80505000000001,False,11.082967499999999,0.8256283190542578,-0.4976422083857778,False,8.685174999999997,13.622175000000002,False,4.903025,0.3271249684753519,-0.8058846783499614,False,3.7910249999999994,5.974150000000001,False,0.12738879255093732,False,False,False,False,False,,26.3,False,22.31528,0.004470006349351661,False,10.827126,0.0038973996480305972,False,4.6679626,0.002021267716089884,False,False,No issues detected.,
C_00982,LOT_024,False,23.4562,24.5984,24.8789,25.3945,9.6446,9.5924,10.0104,10.139,4.5248,4.7949,4.6522,4.5167,22.969862499999998,1.5960174569586225,1.5191798118677236,False,17.702424999999995,27.80505000000001,False,11.082967499999999,0.8256283190542578,-1.1433322697570463,False,8.685174999999997,13.622175000000002,False,4.903025,0.3271249684753519,-1.180970690805306,False,3.7910249999999994,5.974150000000001,False,0.04832175522177917,False,False,False,False,False,,35.2,False,24.781189,0.0012693678114149194,False,10.130483,0.003736685233645972,False,4.7000713,-0.0006585323969523124,False,False,No issues detected.,
C_00983,LOT_024,False,21.8172,22.6034,23.0348,23.7219,10.5726,10.2399,10.6891,10.9556,4.9354,5.0547,4.9573,5.0578,22.969862499999998,1.5960174569586225,0.4711962871841574,False,17.702424999999995,27.80505000000001,False,11.082967499999999,0.8256283190542578,-0.1542673586413502,False,8.685174999999997,13.622175000000002,False,4.903025,0.3271249684753519,0.4731372255727457,False,3.7910249999999994,5.974150000000001,False,0.16077799663169728,False,False,False,False,False,,20.9,False,23.05557,0.003140073627895775,False,10.933358,0.0048156818919711615,False,4.9967895,-0.00040215655962626425,False,False,No issues detected.,
C_00984,LOT_024,False,22.5322,22.8503,22.8559,22.7012,10.3513,10.7971,10.9898,11.1912,4.6429,4.6537,4.8386,4.8007,22.969862499999998,1.5960174569586225,-0.16833305853180464,False,17.702424999999995,27.80505000000001,False,11.082967499999999,0.8256283190542578,0.1310910702820609,False,8.685174999999997,13.622175000000002,False,4.903025,0.3271249684753519,-0.31280094722488416,False,3.7910249999999994,5.974150000000001,False,0.17128229802960715,False,False,False,False,False,,19.0,False,23.455875,0.004205384699503576,False,11.123196,0.002264553112453882,False,4.7868724,0.0009248082425859258,False,False,No issues detected.,
C_00985,LOT_024,False,20.7001,21.0003,20.958,21.7902,10.8397,11.0489,10.8295,11.3381,5.3373,5.4478,5.4255,5.3289,22.969862499999998,1.5960174569586225,-0.7391288202122607,False,17.702424999999995,27.80505000000001,False,11.082967499999999,0.8256283190542578,0.3090161687916078,False,8.685174999999997,13.622175000000002,False,4.903025,0.3271249684753519,1.3018724984060281,False,3.7910249999999994,5.974150000000001,False,0.09709648103664603,False,False,False,False,False,,31.0,False,21.587156,0.004075390942891444,False,11.493639,0.003088465224372018,False,5.422664,-0.0001745544062720403,False,False,No issues detected.,
C_00986,LOT_024,False,20.6094,20.0502,19.9091,20.6681,10.9459,11.0083,11.6926,11.9067,4.6823,4.8378,4.9307,5.0375,22.969862499999998,1.5960174569586225,-1.442191305592764,False,17.702424999999995,27.80505000000001,False,11.082967499999999,0.8256283190542578,0.9977037863037117,False,8.685174999999997,13.622175000000002,False,4.903025,0.3271249684753519,0.4110814305210445,False,3.7910249999999994,5.974150000000001,False,0.09470586348119864,False,False,False,False,False,,32.3,False,20.993917,0.006553593508402505,False,11.402136,0.002734971173604328,False,4.83172,-4.2223087946571506e-05,False,False,No issues detected.,
C_00987,LOT_024,False,21.611,22.2821,22.5806,22.4586,11.2048,10.7852,11.2956,11.8652,5.1158,5.3265,5.188,5.5204,22.969862499999998,1.5960174569586225,-0.32033640845900346,False,17.702424999999995,27.80505000000001,False,11.082967499999999,0.8256283190542578,0.9474390375756903,False,8.685174999999997,13.622175000000002,False,4.903025,0.3271249684753519,1.8872756881794481,False,3.7910249999999994,5.974150000000001,False,0.09991599880070268,False,False,False,False,False,,35.7,False,23.020414,0.00512718300289578,False,11.411344,0.004348219267527265,False,5.3122535,-9.893420007493924e-05,False,False,No issues detected.,
C_00988,LOT_024,False,20.864,21.6799,21.7824,22.0902,8.507,8.7702,9.4642,9.6417,5.2431,5.1846,5.3033,5.2827,22.969862499999998,1.5960174569586225,-0.5511609513822531,False,17.702424999999995,27.80505000000001,False,11.082967499999999,0.8256283190542578,-1.745661415358117,False,8.685174999999997,13.622175000000002,False,4.903025,0.3271249684753519,1.1606420682883685,False,3.7910249999999994,5.974150000000001,False,0.037196013148159124,False,False,False,False,False,,37.7,False,21.801949,0.0008475593566894535,False,9.225723,0.0031633560180664,False,5.2550197,0.00048902544975281,False,False,No issues detected.,
C_00989,LOT_024,False,19.9994,20.2528,21.0219,21.5323,8.8036,8.8395,8.6318,9.1945,4.6251,4.6566,4.7103,4.9494,22.969862499999998,1.5960174569586225,-0.9007185314497897,False,17.702424999999995,27.80505000000001,False,11.082967499999999,0.8256283190542578,-2.2873095028562056,False,8.685174999999997,13.622175000000002,False,4.903025,0.3271249684753519,0.14176539386810408,False,3.7910249999999994,5.974150000000001,False,0.00239796981601359,False,False,False,False,False,,43.9,False,20.99072,0.005124449645148379,False,9.32368,0.003362360583411328,False,4.7600074,0.0007181068155500619,False,False,No issues detected.,
C_00990,LOT_024,False,21.9252,22.4721,23.3089,24.1053,9.5968,9.7606,9.7619,10.2529,5.211,5.104,5.2269,5.2757,22.969862499999998,1.5960174569586225,0.7114192235489054,False,17.702424999999995,27.80505000000001,False,11.082967499999999,0.8256283190542578,-1.0053767304770087,False,8.685174999999997,13.622175000000002,False,4.903025,0.3271249684753519,1.1392435182705396,False,3.7910249999999994,5.974150000000001,False,0.09152544651808447,False,False,False,False,False,,29.9,False,23.06332,0.004105695554945197,False,10.197852,0.0030364731576707615,False,5.256535,0.0010592712031470399,False,False,No issues detected.,
C_00991,LOT_024,False,23.0139,22.6288,23.7901,23.0261,10.8659,10.8906,11.5295,11.7265,4.8347,4.8472,5.1195,5.0411,22.969862499999998,1.5960174569586225,0.03523614341109284,False,17.702424999999995,27.80505000000001,False,11.082967499999999,0.8256283190542578,0.7794457689352948,False,8.685174999999997,13.622175000000002,False,4.903025,0.3271249684753519,0.4220863991016429,False,3.7910249999999994,5.974150000000001,False,0.1554814224007589,False,False,False,False,False,,23.7,False,23.366844,0.005125306786431218,False,11.352527,0.003207824060651997,False,4.9654374,0.000821093140708076,False,False,No issues detected.,
C_00992,LOT_024,False,21.4208,21.2344,21.1941,21.6022,9.9091,9.8617,10.5885,10.6064,4.8098,4.953,4.8199,5.0872,22.969862499999998,1.5960174569586225,-0.8569220180123978,False,17.702424999999995,27.80505000000001,False,11.082967499999999,0.8256283190542578,-0.5772179672154383,False,8.685174999999997,13.622175000000002,False,4.903025,0.3271249684753519,0.56301113564762,False,3.7910249999999994,5.974150000000001,False,0.15359713219880017,False,False,False,False,False,,24.5,False,22.12301,0.006170907190110942,False,10.419064,0.0038705803341335665,False,4.9275026,-0.00017706505457560425,False,False,No issues detected.,
C_00993,LOT_024,False,21.2942,21.6972,22.1209,21.9089,10.6331,10.8018,11.2553,11.4231,4.749,4.84,5.0653,5.0116,22.969862499999998,1.5960174569586225,-0.6647562001118542,False,17.702424999999995,27.80505000000001,False,11.082967499999999,0.8256283190542578,0.4119680637767084,False,8.685174999999997,13.622175000000002,False,4.903025,0.3271249684753519,0.33190679545508334,False,3.7910249999999994,5.974150000000001,False,0.1839042289581107,False,False,False,False,False,,21.3,False,22.397186,0.00486101582845053,False,11.239909,0.0030424248059590653,False,4.8385825,-9.843640857271691e-06,False,False,No issues detected.,
C_00994,LOT_024,False,21.4716,22.2342,22.2766,23.2959,10.5667,10.5442,11.2539,11.2843,4.4522,4.6096,4.8135,4.665,22.969862499999998,1.5960174569586225,0.204281913445546,False,17.702424999999995,27.80505000000001,False,11.082967499999999,0.8256283190542578,0.2438536752598602,False,8.685174999999997,13.622175000000002,False,4.903025,0.3271249684753519,-0.7276271239990506,False,3.7910249999999994,5.974150000000001,False,0.1723664213011062,False,False,False,False,False,,22.4,False,22.631208,0.0027570029152764125,False,11.094213,0.003819531472524007,False,4.6935225,0.0005827948146396188,False,False,No issues detected.,
C_00995,LOT_024,False,25.652,25.7112,25.9385,26.3401,10.2178,10.7689,11.1739,11.3999,4.8386,4.7116,4.8694,5.0402,22.969862499999998,1.5960174569586225,2.111654534419906,False,17.702424999999995,27.80505000000001,False,11.082967499999999,0.8256283190542578,0.38386825243959927,False,8.685174999999997,13.622175000000002,False,4.903025,0.3271249684753519,0.41933515695649193,False,3.7910249999999994,5.974150000000001,False,0.05728627803288133,False,False,False,False,False,,39.7,False,26.711082,0.00694362818400064,False,11.1351385,0.0025433229976230174,False,4.9089575,0.0013705380651685942,False,False,No issues detected.,
C_00996,LOT_024,False,24.6198,25.6687,25.6393,26.2052,11.4301,11.5389,11.5133,12.4452,4.5034,4.5293,4.345,4.3834,22.969862499999998,1.5960174569586225,2.0271316494026803,False,17.702424999999995,27.80505000000001,False,11.082967499999999,0.8256283190542578,1.6499343210034432,False,8.685174999999997,13.622175000000002,False,4.903025,0.3271249684753519,-1.5884602218590753,False,3.7910249999999994,5.974150000000001,False,-0.008501892984048354,True,False,False,False,True,multivariate (cross-parameter),42.3,False,26.324093,0.004551339340209953,False,12.029286,0.003405461004045275,False,4.683417,0.0010702558570437953,False,True,"[Module A - cross-parameter] The combination of readings across parameters and checkpoints is unusual relative to this lot, even though no single parameter individually crossed its threshold (multivariate outlier).",cross-parameter
C_00997,LOT_024,False,19.6482,19.3792,20.1901,20.3541,9.7887,10.0511,10.5818,10.6236,5.2618,5.3082,5.4022,5.2236,22.969862499999998,1.5960174569586225,-1.638931008301505,False,17.702424999999995,27.80505000000001,False,11.082967499999999,0.8256283190542578,-0.556385348465513,False,8.685174999999997,13.622175000000002,False,4.903025,0.3271249684753519,0.9799771674235696,False,3.7910249999999994,5.974150000000001,False,0.040104892117691415,False,False,False,False,False,,36.7,False,20.31471,0.006496601507398812,False,10.65776,0.004212914350297716,False,5.327357,0.00013303343984815634,False,False,No issues detected.,
C_00998,LOT_024,False,21.6204,21.5729,22.062,22.4011,11.2148,10.7559,11.5705,11.7741,4.7962,4.7644,4.6818,4.8621,22.969862499999998,1.5960174569586225,-0.3563635833180888,False,17.702424999999995,27.80505000000001,False,11.082967499999999,0.8256283190542578,0.837098830126953,False,8.685174999999997,13.622175000000002,False,4.903025,0.3271249684753519,-0.12510509421137062,False,3.7910249999999994,5.974150000000001,False,0.17358930248142146,False,False,False,False,False,,23.3,False,22.321457,0.005198311869303381,False,11.513392,0.005260364225175642,False,4.8435297,0.0005495118141174303,False,False,No issues detected.,
C_00999,LOT_024,False,22.4413,22.4096,22.0379,23.0028,11.3594,11.0575,11.4313,12.0171,4.5784,4.5662,4.4929,4.5953,22.969862499999998,1.5960174569586225,0.02063730559862958,False,17.702424999999995,27.80505000000001,False,11.082967499999999,0.8256283190542578,1.131420129907889,False,8.685174999999997,13.622175000000002,False,4.903025,0.3271249684753519,-0.9406955434622742,False,3.7910249999999994,5.974150000000001,False,0.13624676601053698,False,False,False,False,False,,27.6,False,23.153454,0.005165651575724277,False,11.597878,0.0037526281674703016,False,4.69426,0.0008893063916100378,False,False,No issues detected.,
C_01000,LOT_024,False,22.5902,22.6186,22.8599,23.5333,11.4036,11.1053,11.3548,11.3513,4.5688,4.556,4.5606,4.7022,22.969862499999998,1.5960174569586225,0.35302715364635895,False,17.702424999999995,27.80505000000001,False,11.082967499999999,0.8256283190542578,0.32500399248341116,False,8.685174999999997,13.622175000000002,False,4.903025,0.3271249684753519,-0.6139091153328815,False,3.7910249999999994,5.974150000000001,False,0.1378562402886226,False,False,False,False,False,,23.2,False,23.281782,0.00460543159908718,False,11.597878,0.0034206837230258535,False,4.699536,0.0009967767132653127,False,False,No issues detected.,
